person_id,on_time_flag,declared_turnover,gstr1_due_date,gstr1_filed_date,gstr3b_due_date,gstr3b_filed_date
USR_6531D56D,TRUE,700967.58,2025-12-11,2025-12-11,2025-12-20,2025-12-20
USR_6531D56D,TRUE,736903.04,2025-12-11,2025-12-11,2025-12-20,2025-12-20
USR_6531D56D,TRUE,421269.05,2025-11-11,2025-11-11,2025-11-20,2025-11-20
USR_6531D56D,TRUE,507072.63,2025-10-11,2025-10-11,2025-10-20,2025-10-20
USR_6531D56D,TRUE,528986.23,2025-09-11,2025-09-11,2025-09-20,2025-09-20
USR_6531D56D,TRUE,531267.28,2025-08-11,2025-08-11,2025-08-20,2025-08-20
USR_84B0D8F2,TRUE,355057.34,2025-12-11,2025-12-11,2025-12-20,2025-12-20
USR_84B0D8F2,TRUE,618787.53,2025-12-11,2025-12-11,2025-12-20,2025-12-20
USR_84B0D8F2,TRUE,932466.72,2025-11-11,2025-11-11,2025-11-20,2025-11-20
USR_84B0D8F2,TRUE,635573.9,2025-10-11,2025-10-11,2025-10-20,2025-10-20
USR_84B0D8F2,TRUE,227194.06,2025-09-11,2025-09-11,2025-09-20,2025-09-20
USR_84B0D8F2,TRUE,922519.4,2025-08-11,2025-08-11,2025-08-20,2025-08-20
USR_335D72A3,FALSE,942700.52,2025-12-11,2026-01-04,2025-12-20,2026-01-13
USR_335D72A3,FALSE,693210.08,2025-12-11,2026-01-07,2025-12-20,2025-12-24
USR_335D72A3,FALSE,407962.3,2025-11-11,2025-11-12,2025-11-20,2025-11-25
USR_335D72A3,FALSE,671114.81,2025-10-11,2025-10-27,2025-10-20,2025-11-14
USR_335D72A3,FALSE,933855.99,2025-09-11,2025-09-13,2025-09-20,2025-09-23
USR_335D72A3,FALSE,262601.76,2025-08-11,2025-08-29,2025-08-20,2025-08-23
USR_410C2E86,TRUE,737984.23,2025-12-11,2025-12-11,2025-12-20,2025-12-20
USR_410C2E86,TRUE,662793.57,2025-12-11,2025-12-11,2025-12-20,2025-12-20
USR_410C2E86,TRUE,203320.8,2025-11-11,2025-11-11,2025-11-20,2025-11-20
USR_410C2E86,TRUE,452867.19,2025-10-11,2025-10-11,2025-10-20,2025-10-20
USR_410C2E86,TRUE,152627.25,2025-09-11,2025-09-11,2025-09-20,2025-09-20
USR_410C2E86,TRUE,783965.07,2025-08-11,2025-08-11,2025-08-20,2025-08-20
USR_BC5C4F5D,FALSE,930379.25,2025-12-11,2025-12-18,2025-12-20,2026-01-12
USR_BC5C4F5D,FALSE,607965.28,2025-12-11,2025-12-25,2025-12-20,2026-01-04
USR_BC5C4F5D,FALSE,992510.79,2025-11-11,2025-12-05,2025-11-20,2025-12-15
USR_BC5C4F5D,FALSE,716774.67,2025-10-11,2025-10-20,2025-10-20,2025-10-22
USR_BC5C4F5D,FALSE,699789.59,2025-09-11,2025-10-04,2025-09-20,2025-10-13
USR_BC5C4F5D,FALSE,257390.98,2025-08-11,2025-08-27,2025-08-20,2025-08-28
USR_C7FAC327,TRUE,553187.51,2025-12-11,2025-12-11,2025-12-20,2025-12-20
USR_C7FAC327,TRUE,620706.34,2025-12-11,2025-12-11,2025-12-20,2025-12-20
USR_C7FAC327,TRUE,875600.03,2025-11-11,2025-11-11,2025-11-20,2025-11-20
USR_C7FAC327,TRUE,179930.53,2025-10-11,2025-10-11,2025-10-20,2025-10-20
USR_C7FAC327,TRUE,415735.58,2025-09-11,2025-09-11,2025-09-20,2025-09-20
USR_C7FAC327,TRUE,338357.08,2025-08-11,2025-08-11,2025-08-20,2025-08-20
USR_9D211AF5,TRUE,941049.64,2025-12-11,2025-12-11,2025-12-20,2025-12-20
USR_9D211AF5,TRUE,554918.48,2025-12-11,2025-12-11,2025-12-20,2025-12-20
USR_9D211AF5,TRUE,853712.57,2025-11-11,2025-11-11,2025-11-20,2025-11-20
USR_9D211AF5,TRUE,566531.28,2025-10-11,2025-10-11,2025-10-20,2025-10-20
USR_9D211AF5,TRUE,890294.65,2025-09-11,2025-09-11,2025-09-20,2025-09-20
USR_9D211AF5,TRUE,613172.53,2025-08-11,2025-08-11,2025-08-20,2025-08-20
USR_F1374429,TRUE,339468.44,2025-12-11,2025-12-11,2025-12-20,2025-12-20
USR_F1374429,TRUE,872308.6,2025-12-11,2025-12-11,2025-12-20,2025-12-20
USR_F1374429,TRUE,788347.25,2025-11-11,2025-11-11,2025-11-20,2025-11-20
USR_F1374429,TRUE,358940.81,2025-10-11,2025-10-11,2025-10-20,2025-10-20
USR_F1374429,TRUE,383613.42,2025-09-11,2025-09-11,2025-09-20,2025-09-20
USR_F1374429,TRUE,215172.73,2025-08-11,2025-08-11,2025-08-20,2025-08-20
USR_A9280717,TRUE,998909.5,2025-12-11,2025-12-11,2025-12-20,2025-12-20
USR_A9280717,TRUE,246215.1,2025-12-11,2025-12-11,2025-12-20,2025-12-20
USR_A9280717,TRUE,547492.79,2025-11-11,2025-11-11,2025-11-20,2025-11-20
USR_A9280717,TRUE,179489.18,2025-10-11,2025-10-11,2025-10-20,2025-10-20
USR_A9280717,TRUE,593871.1,2025-09-11,2025-09-11,2025-09-20,2025-09-20
USR_A9280717,TRUE,154390.95,2025-08-11,2025-08-11,2025-08-20,2025-08-20
USR_4BCB1944,TRUE,815946.86,2025-12-11,2025-12-11,2025-12-20,2025-12-20
USR_4BCB1944,TRUE,533799.28,2025-12-11,2025-12-11,2025-12-20,2025-12-20
USR_4BCB1944,TRUE,409355.38,2025-11-11,2025-11-11,2025-11-20,2025-11-20
USR_4BCB1944,TRUE,488241.1,2025-10-11,2025-10-11,2025-10-20,2025-10-20
USR_4BCB1944,TRUE,124664.73,2025-09-11,2025-09-11,2025-09-20,2025-09-20
USR_4BCB1944,TRUE,113394.26,2025-08-11,2025-08-11,2025-08-20,2025-08-20
USR_176D24A4,TRUE,345118.83,2025-12-11,2025-12-11,2025-12-20,2025-12-20
USR_176D24A4,TRUE,193944.72,2025-12-11,2025-12-11,2025-12-20,2025-12-20
USR_176D24A4,TRUE,745254.97,2025-11-11,2025-11-11,2025-11-20,2025-11-20
USR_176D24A4,TRUE,780026.84,2025-10-11,2025-10-11,2025-10-20,2025-10-20
USR_176D24A4,TRUE,678329.31,2025-09-11,2025-09-11,2025-09-20,2025-09-20
USR_176D24A4,TRUE,730876.35,2025-08-11,2025-08-11,2025-08-20,2025-08-20
USR_0924668B,TRUE,661668.15,2025-12-11,2025-12-11,2025-12-20,2025-12-20
USR_0924668B,TRUE,951330.76,2025-12-11,2025-12-11,2025-12-20,2025-12-20
USR_0924668B,TRUE,663108.03,2025-11-11,2025-11-11,2025-11-20,2025-11-20
USR_0924668B,TRUE,534912.97,2025-10-11,2025-10-11,2025-10-20,2025-10-20
USR_0924668B,TRUE,977306.3,2025-09-11,2025-09-11,2025-09-20,2025-09-20
USR_0924668B,TRUE,575601.11,2025-08-11,2025-08-11,2025-08-20,2025-08-20
USR_9DD92780,TRUE,709078.08,2025-12-11,2025-12-11,2025-12-20,2025-12-20
USR_9DD92780,TRUE,319650.47,2025-12-11,2025-12-11,2025-12-20,2025-12-20
USR_9DD92780,TRUE,631831.64,2025-11-11,2025-11-11,2025-11-20,2025-11-20
USR_9DD92780,TRUE,842148.98,2025-10-11,2025-10-11,2025-10-20,2025-10-20
USR_9DD92780,TRUE,410556.78,2025-09-11,2025-09-11,2025-09-20,2025-09-20
USR_9DD92780,TRUE,844887.43,2025-08-11,2025-08-11,2025-08-20,2025-08-20
USR_B0372D80,TRUE,828649.88,2025-12-11,2025-12-11,2025-12-20,2025-12-20
USR_B0372D80,TRUE,199558.81,2025-12-11,2025-12-11,2025-12-20,2025-12-20
USR_B0372D80,TRUE,193732.2,2025-11-11,2025-11-11,2025-11-20,2025-11-20
USR_B0372D80,TRUE,417806.25,2025-10-11,2025-10-11,2025-10-20,2025-10-20
USR_B0372D80,TRUE,986896.84,2025-09-11,2025-09-11,2025-09-20,2025-09-20
USR_B0372D80,TRUE,503636.88,2025-08-11,2025-08-11,2025-08-20,2025-08-20
USR_C277F95C,TRUE,823966.43,2025-12-11,2025-12-11,2025-12-20,2025-12-20
USR_C277F95C,TRUE,536037.43,2025-12-11,2025-12-11,2025-12-20,2025-12-20
USR_C277F95C,TRUE,618139.22,2025-11-11,2025-11-11,2025-11-20,2025-11-20
USR_C277F95C,TRUE,315847.24,2025-10-11,2025-10-11,2025-10-20,2025-10-20
USR_C277F95C,TRUE,296044.56,2025-09-11,2025-09-11,2025-09-20,2025-09-20
USR_C277F95C,TRUE,471047.92,2025-08-11,2025-08-11,2025-08-20,2025-08-20
USR_536D8DBC,TRUE,444564.11,2025-12-11,2025-12-11,2025-12-20,2025-12-20
USR_536D8DBC,TRUE,122367.35,2025-12-11,2025-12-11,2025-12-20,2025-12-20
USR_536D8DBC,TRUE,628440.31,2025-11-11,2025-11-11,2025-11-20,2025-11-20
USR_536D8DBC,TRUE,162928.83,2025-10-11,2025-10-11,2025-10-20,2025-10-20
USR_536D8DBC,TRUE,451103.03,2025-09-11,2025-09-11,2025-09-20,2025-09-20
USR_536D8DBC,TRUE,711972.93,2025-08-11,2025-08-11,2025-08-20,2025-08-20
USR_144D97CC,FALSE,607691.28,2025-12-11,2025-12-20,2025-12-20,2025-12-30
USR_144D97CC,FALSE,324081.76,2025-12-11,2025-12-27,2025-12-20,2026-01-19
USR_144D97CC,FALSE,461090.08,2025-11-11,2025-12-07,2025-11-20,2025-12-20
USR_144D97CC,FALSE,550220.85,2025-10-11,2025-10-17,2025-10-20,2025-10-27
USR_144D97CC,FALSE,752789.97,2025-09-11,2025-09-22,2025-09-20,2025-10-07
USR_144D97CC,FALSE,423392.06,2025-08-11,2025-08-14,2025-08-20,2025-08-26
USR_7D1D64FB,TRUE,417636.38,2025-12-11,2025-12-11,2025-12-20,2025-12-20
USR_7D1D64FB,TRUE,907206.12,2025-12-11,2025-12-11,2025-12-20,2025-12-20
USR_7D1D64FB,TRUE,579320.5,2025-11-11,2025-11-11,2025-11-20,2025-11-20
USR_7D1D64FB,TRUE,237899.38,2025-10-11,2025-10-11,2025-10-20,2025-10-20
USR_7D1D64FB,TRUE,166100.5,2025-09-11,2025-09-11,2025-09-20,2025-09-20
USR_7D1D64FB,TRUE,853007.74,2025-08-11,2025-08-11,2025-08-20,2025-08-20
USR_50B8873A,FALSE,369193.84,2025-12-11,2025-12-22,2025-12-20,2026-01-05
USR_50B8873A,FALSE,834836.71,2025-12-11,2025-12-26,2025-12-20,2026-01-01
USR_50B8873A,FALSE,502098.06,2025-11-11,2025-11-14,2025-11-20,2025-12-13
USR_50B8873A,FALSE,155790.77,2025-10-11,2025-11-07,2025-10-20,2025-11-12
USR_50B8873A,FALSE,534739.38,2025-09-11,2025-10-05,2025-09-20,2025-10-14
USR_50B8873A,FALSE,278710.68,2025-08-11,2025-08-17,2025-08-20,2025-09-11
USR_71C56D1A,FALSE,414671.66,2025-12-11,2025-12-19,2025-12-20,2026-01-15
USR_71C56D1A,FALSE,393697.48,2025-12-11,2026-01-08,2025-12-20,2026-01-18
USR_71C56D1A,FALSE,525355.0,2025-11-11,2025-12-07,2025-11-20,2025-12-13
USR_71C56D1A,FALSE,792718.84,2025-10-11,2025-10-30,2025-10-20,2025-11-09
USR_71C56D1A,FALSE,381806.49,2025-09-11,2025-09-21,2025-09-20,2025-09-30
USR_71C56D1A,FALSE,142171.22,2025-08-11,2025-08-30,2025-08-20,2025-08-31
USR_797D7C17,TRUE,451549.74,2025-12-11,2025-12-11,2025-12-20,2025-12-20
USR_797D7C17,TRUE,329637.11,2025-12-11,2025-12-11,2025-12-20,2025-12-20
USR_797D7C17,TRUE,294556.53,2025-11-11,2025-11-11,2025-11-20,2025-11-20
USR_797D7C17,TRUE,510681.09,2025-10-11,2025-10-11,2025-10-20,2025-10-20
USR_797D7C17,TRUE,864674.41,2025-09-11,2025-09-11,2025-09-20,2025-09-20
USR_797D7C17,TRUE,163920.06,2025-08-11,2025-08-11,2025-08-20,2025-08-20
USR_63FEA3D7,FALSE,381745.58,2025-12-11,2025-12-25,2025-12-20,2025-12-31
USR_63FEA3D7,FALSE,931546.39,2025-12-11,2025-12-24,2025-12-20,2026-01-19
USR_63FEA3D7,FALSE,718783.76,2025-11-11,2025-12-01,2025-11-20,2025-12-03
USR_63FEA3D7,FALSE,223883.83,2025-10-11,2025-11-10,2025-10-20,2025-11-14
USR_63FEA3D7,FALSE,187095.25,2025-09-11,2025-09-20,2025-09-20,2025-10-11
USR_63FEA3D7,FALSE,185879.78,2025-08-11,2025-08-22,2025-08-20,2025-08-25
USR_DD8D717A,TRUE,903993.48,2025-12-11,2025-12-11,2025-12-20,2025-12-20
USR_DD8D717A,TRUE,923753.39,2025-12-11,2025-12-11,2025-12-20,2025-12-20
USR_DD8D717A,TRUE,552778.96,2025-11-11,2025-11-11,2025-11-20,2025-11-20
USR_DD8D717A,TRUE,387191.59,2025-10-11,2025-10-11,2025-10-20,2025-10-20
USR_DD8D717A,TRUE,283059.4,2025-09-11,2025-09-11,2025-09-20,2025-09-20
USR_DD8D717A,TRUE,950426.15,2025-08-11,2025-08-11,2025-08-20,2025-08-20
USR_AFC2D29C,TRUE,262380.94,2025-12-11,2025-12-11,2025-12-20,2025-12-20
USR_AFC2D29C,TRUE,736273.14,2025-12-11,2025-12-11,2025-12-20,2025-12-20
USR_AFC2D29C,TRUE,384311.12,2025-11-11,2025-11-11,2025-11-20,2025-11-20
USR_AFC2D29C,TRUE,370360.77,2025-10-11,2025-10-11,2025-10-20,2025-10-20
USR_AFC2D29C,TRUE,440480.41,2025-09-11,2025-09-11,2025-09-20,2025-09-20
USR_AFC2D29C,TRUE,846413.77,2025-08-11,2025-08-11,2025-08-20,2025-08-20
USR_21BFAD9E,TRUE,593995.07,2025-12-11,2025-12-11,2025-12-20,2025-12-20
USR_21BFAD9E,TRUE,944751.64,2025-12-11,2025-12-11,2025-12-20,2025-12-20
USR_21BFAD9E,TRUE,233993.15,2025-11-11,2025-11-11,2025-11-20,2025-11-20
USR_21BFAD9E,TRUE,365369.43,2025-10-11,2025-10-11,2025-10-20,2025-10-20
USR_21BFAD9E,TRUE,825684.17,2025-09-11,2025-09-11,2025-09-20,2025-09-20
USR_21BFAD9E,TRUE,137903.99,2025-08-11,2025-08-11,2025-08-20,2025-08-20
USR_5B908408,TRUE,619935.98,2025-12-11,2025-12-11,2025-12-20,2025-12-20
USR_5B908408,TRUE,238338.27,2025-12-11,2025-12-11,2025-12-20,2025-12-20
USR_5B908408,TRUE,216801.46,2025-11-11,2025-11-11,2025-11-20,2025-11-20
USR_5B908408,TRUE,759674.47,2025-10-11,2025-10-11,2025-10-20,2025-10-20
USR_5B908408,TRUE,804444.45,2025-09-11,2025-09-11,2025-09-20,2025-09-20
USR_5B908408,TRUE,129271.52,2025-08-11,2025-08-11,2025-08-20,2025-08-20
USR_A2F9D7FE,TRUE,665118.22,2025-12-11,2025-12-11,2025-12-20,2025-12-20
USR_A2F9D7FE,TRUE,722925.7,2025-12-11,2025-12-11,2025-12-20,2025-12-20
USR_A2F9D7FE,TRUE,709446.47,2025-11-11,2025-11-11,2025-11-20,2025-11-20
USR_A2F9D7FE,TRUE,541289.49,2025-10-11,2025-10-11,2025-10-20,2025-10-20
USR_A2F9D7FE,TRUE,344706.72,2025-09-11,2025-09-11,2025-09-20,2025-09-20
USR_A2F9D7FE,TRUE,889633.35,2025-08-11,2025-08-11,2025-08-20,2025-08-20
USR_97505443,TRUE,569834.01,2025-12-11,2025-12-11,2025-12-20,2025-12-20
USR_97505443,TRUE,282796.84,2025-12-11,2025-12-11,2025-12-20,2025-12-20
USR_97505443,TRUE,547780.36,2025-11-11,2025-11-11,2025-11-20,2025-11-20
USR_97505443,TRUE,412909.37,2025-10-11,2025-10-11,2025-10-20,2025-10-20
USR_97505443,TRUE,619826.0,2025-09-11,2025-09-11,2025-09-20,2025-09-20
USR_97505443,TRUE,896219.25,2025-08-11,2025-08-11,2025-08-20,2025-08-20
USR_528DE5D0,TRUE,349403.94,2025-12-11,2025-12-11,2025-12-20,2025-12-20
USR_528DE5D0,TRUE,473935.46,2025-12-11,2025-12-11,2025-12-20,2025-12-20
USR_528DE5D0,TRUE,697474.26,2025-11-11,2025-11-11,2025-11-20,2025-11-20
USR_528DE5D0,TRUE,526041.91,2025-10-11,2025-10-11,2025-10-20,2025-10-20
USR_528DE5D0,TRUE,706731.31,2025-09-11,2025-09-11,2025-09-20,2025-09-20
USR_528DE5D0,TRUE,544062.49,2025-08-11,2025-08-11,2025-08-20,2025-08-20
USR_47D0FF5B,TRUE,225880.34,2025-12-11,2025-12-11,2025-12-20,2025-12-20
USR_47D0FF5B,TRUE,242172.82,2025-12-11,2025-12-11,2025-12-20,2025-12-20
USR_47D0FF5B,TRUE,664415.17,2025-11-11,2025-11-11,2025-11-20,2025-11-20
USR_47D0FF5B,TRUE,410110.73,2025-10-11,2025-10-11,2025-10-20,2025-10-20
USR_47D0FF5B,TRUE,588509.62,2025-09-11,2025-09-11,2025-09-20,2025-09-20
USR_47D0FF5B,TRUE,250108.88,2025-08-11,2025-08-11,2025-08-20,2025-08-20
USR_86269C65,FALSE,190682.84,2025-12-11,2025-12-15,2025-12-20,2026-01-16
USR_86269C65,FALSE,777399.54,2025-12-11,2025-12-23,2025-12-20,2026-01-09
USR_86269C65,FALSE,528002.03,2025-11-11,2025-11-17,2025-11-20,2025-11-24
USR_86269C65,FALSE,557101.28,2025-10-11,2025-10-12,2025-10-20,2025-10-21
USR_86269C65,FALSE,757925.48,2025-09-11,2025-10-05,2025-09-20,2025-10-19
USR_86269C65,FALSE,784321.53,2025-08-11,2025-09-07,2025-08-20,2025-08-27
USR_EC25A69C,TRUE,965975.68,2025-12-11,2025-12-11,2025-12-20,2025-12-20
USR_EC25A69C,TRUE,415620.72,2025-12-11,2025-12-11,2025-12-20,2025-12-20
USR_EC25A69C,TRUE,946772.1,2025-11-11,2025-11-11,2025-11-20,2025-11-20
USR_EC25A69C,TRUE,264833.53,2025-10-11,2025-10-11,2025-10-20,2025-10-20
USR_EC25A69C,TRUE,937480.81,2025-09-11,2025-09-11,2025-09-20,2025-09-20
USR_EC25A69C,TRUE,177654.87,2025-08-11,2025-08-11,2025-08-20,2025-08-20
USR_DFD4FA0F,TRUE,665634.66,2025-12-11,2025-12-11,2025-12-20,2025-12-20
USR_DFD4FA0F,TRUE,490726.85,2025-12-11,2025-12-11,2025-12-20,2025-12-20
USR_DFD4FA0F,TRUE,627045.71,2025-11-11,2025-11-11,2025-11-20,2025-11-20
USR_DFD4FA0F,TRUE,216494.01,2025-10-11,2025-10-11,2025-10-20,2025-10-20
USR_DFD4FA0F,TRUE,200989.88,2025-09-11,2025-09-11,2025-09-20,2025-09-20
USR_DFD4FA0F,TRUE,831746.3,2025-08-11,2025-08-11,2025-08-20,2025-08-20
USR_76866BCF,FALSE,813286.58,2025-12-11,2025-12-15,2025-12-20,2025-12-29
USR_76866BCF,FALSE,123810.98,2025-12-11,2025-12-24,2025-12-20,2026-01-09
USR_76866BCF,FALSE,105114.58,2025-11-11,2025-11-24,2025-11-20,2025-11-27
USR_76866BCF,FALSE,103275.25,2025-10-11,2025-10-21,2025-10-20,2025-10-29
USR_76866BCF,FALSE,200493.17,2025-09-11,2025-09-30,2025-09-20,2025-10-13
USR_76866BCF,FALSE,786698.03,2025-08-11,2025-08-27,2025-08-20,2025-09-04
USR_89B08D42,TRUE,535506.7,2025-12-11,2025-12-11,2025-12-20,2025-12-20
USR_89B08D42,TRUE,875157.86,2025-12-11,2025-12-11,2025-12-20,2025-12-20
USR_89B08D42,TRUE,281714.08,2025-11-11,2025-11-11,2025-11-20,2025-11-20
USR_89B08D42,TRUE,387850.49,2025-10-11,2025-10-11,2025-10-20,2025-10-20
USR_89B08D42,TRUE,118812.25,2025-09-11,2025-09-11,2025-09-20,2025-09-20
USR_89B08D42,TRUE,863385.52,2025-08-11,2025-08-11,2025-08-20,2025-08-20
USR_56F4EF6F,TRUE,597799.34,2025-12-11,2025-12-11,2025-12-20,2025-12-20
USR_56F4EF6F,TRUE,843294.91,2025-12-11,2025-12-11,2025-12-20,2025-12-20
USR_56F4EF6F,TRUE,904461.23,2025-11-11,2025-11-11,2025-11-20,2025-11-20
USR_56F4EF6F,TRUE,323334.83,2025-10-11,2025-10-11,2025-10-20,2025-10-20
USR_56F4EF6F,TRUE,714005.69,2025-09-11,2025-09-11,2025-09-20,2025-09-20
USR_56F4EF6F,TRUE,301228.16,2025-08-11,2025-08-11,2025-08-20,2025-08-20
USR_3D4283C2,TRUE,145190.85,2025-12-11,2025-12-11,2025-12-20,2025-12-20
USR_3D4283C2,TRUE,931733.14,2025-12-11,2025-12-11,2025-12-20,2025-12-20
USR_3D4283C2,TRUE,988022.94,2025-11-11,2025-11-11,2025-11-20,2025-11-20
USR_3D4283C2,TRUE,537804.49,2025-10-11,2025-10-11,2025-10-20,2025-10-20
USR_3D4283C2,TRUE,220329.3,2025-09-11,2025-09-11,2025-09-20,2025-09-20
USR_3D4283C2,TRUE,868455.49,2025-08-11,2025-08-11,2025-08-20,2025-08-20
USR_642692A8,TRUE,476195.0,2025-12-11,2025-12-11,2025-12-20,2025-12-20
USR_642692A8,TRUE,575669.48,2025-12-11,2025-12-11,2025-12-20,2025-12-20
USR_642692A8,TRUE,608071.88,2025-11-11,2025-11-11,2025-11-20,2025-11-20
USR_642692A8,TRUE,364045.16,2025-10-11,2025-10-11,2025-10-20,2025-10-20
USR_642692A8,TRUE,161354.66,2025-09-11,2025-09-11,2025-09-20,2025-09-20
USR_642692A8,TRUE,702882.27,2025-08-11,2025-08-11,2025-08-20,2025-08-20
USR_A0998620,FALSE,227093.37,2025-12-11,2025-12-19,2025-12-20,2025-12-29
USR_A0998620,FALSE,666165.33,2025-12-11,2025-12-13,2025-12-20,2026-01-07
USR_A0998620,FALSE,497596.86,2025-11-11,2025-12-05,2025-11-20,2025-12-10
USR_A0998620,FALSE,709653.78,2025-10-11,2025-11-09,2025-10-20,2025-11-15
USR_A0998620,FALSE,495941.28,2025-09-11,2025-10-04,2025-09-20,2025-10-04
USR_A0998620,FALSE,140107.93,2025-08-11,2025-09-02,2025-08-20,2025-08-30
USR_09A26730,TRUE,104259.31,2025-12-11,2025-12-11,2025-12-20,2025-12-20
USR_09A26730,TRUE,557543.49,2025-12-11,2025-12-11,2025-12-20,2025-12-20
USR_09A26730,TRUE,865609.15,2025-11-11,2025-11-11,2025-11-20,2025-11-20
USR_09A26730,TRUE,321151.68,2025-10-11,2025-10-11,2025-10-20,2025-10-20
USR_09A26730,TRUE,453181.48,2025-09-11,2025-09-11,2025-09-20,2025-09-20
USR_09A26730,TRUE,510828.87,2025-08-11,2025-08-11,2025-08-20,2025-08-20
USR_F7ECCD31,TRUE,115781.61,2025-12-11,2025-12-11,2025-12-20,2025-12-20
USR_F7ECCD31,TRUE,290971.73,2025-12-11,2025-12-11,2025-12-20,2025-12-20
USR_F7ECCD31,TRUE,755595.02,2025-11-11,2025-11-11,2025-11-20,2025-11-20
USR_F7ECCD31,TRUE,661692.47,2025-10-11,2025-10-11,2025-10-20,2025-10-20
USR_F7ECCD31,TRUE,900757.53,2025-09-11,2025-09-11,2025-09-20,2025-09-20
USR_F7ECCD31,TRUE,501247.25,2025-08-11,2025-08-11,2025-08-20,2025-08-20
USR_ABF6842D,FALSE,910345.12,2025-12-11,2025-12-14,2025-12-20,2025-12-21
USR_ABF6842D,FALSE,164849.72,2025-12-11,2026-01-10,2025-12-20,2025-12-30
USR_ABF6842D,FALSE,141815.73,2025-11-11,2025-11-12,2025-11-20,2025-12-14
USR_ABF6842D,FALSE,639692.67,2025-10-11,2025-11-06,2025-10-20,2025-11-16
USR_ABF6842D,FALSE,834281.58,2025-09-11,2025-09-24,2025-09-20,2025-10-02
USR_ABF6842D,FALSE,862419.45,2025-08-11,2025-08-22,2025-08-20,2025-09-11
USR_11E05C5D,TRUE,681273.11,2025-12-11,2025-12-11,2025-12-20,2025-12-20
USR_11E05C5D,TRUE,386427.97,2025-12-11,2025-12-11,2025-12-20,2025-12-20
USR_11E05C5D,TRUE,686248.51,2025-11-11,2025-11-11,2025-11-20,2025-11-20
USR_11E05C5D,TRUE,558933.97,2025-10-11,2025-10-11,2025-10-20,2025-10-20
USR_11E05C5D,TRUE,794045.35,2025-09-11,2025-09-11,2025-09-20,2025-09-20
USR_11E05C5D,TRUE,794410.19,2025-08-11,2025-08-11,2025-08-20,2025-08-20
USR_FEF4222C,TRUE,868941.37,2025-12-11,2025-12-11,2025-12-20,2025-12-20
USR_FEF4222C,TRUE,526393.79,2025-12-11,2025-12-11,2025-12-20,2025-12-20
USR_FEF4222C,TRUE,985834.08,2025-11-11,2025-11-11,2025-11-20,2025-11-20
USR_FEF4222C,TRUE,867065.0,2025-10-11,2025-10-11,2025-10-20,2025-10-20
USR_FEF4222C,TRUE,100879.47,2025-09-11,2025-09-11,2025-09-20,2025-09-20
USR_FEF4222C,TRUE,426479.69,2025-08-11,2025-08-11,2025-08-20,2025-08-20
USR_FFCCF85F,TRUE,665479.49,2025-12-11,2025-12-11,2025-12-20,2025-12-20
USR_FFCCF85F,TRUE,416256.65,2025-12-11,2025-12-11,2025-12-20,2025-12-20
USR_FFCCF85F,TRUE,523492.91,2025-11-11,2025-11-11,2025-11-20,2025-11-20
USR_FFCCF85F,TRUE,739864.94,2025-10-11,2025-10-11,2025-10-20,2025-10-20
USR_FFCCF85F,TRUE,749979.25,2025-09-11,2025-09-11,2025-09-20,2025-09-20
USR_FFCCF85F,TRUE,577101.95,2025-08-11,2025-08-11,2025-08-20,2025-08-20
USR_6758B795,TRUE,255974.01,2025-12-11,2025-12-11,2025-12-20,2025-12-20
USR_6758B795,TRUE,673715.75,2025-12-11,2025-12-11,2025-12-20,2025-12-20
USR_6758B795,TRUE,548521.0,2025-11-11,2025-11-11,2025-11-20,2025-11-20
USR_6758B795,TRUE,683237.65,2025-10-11,2025-10-11,2025-10-20,2025-10-20
USR_6758B795,TRUE,297169.49,2025-09-11,2025-09-11,2025-09-20,2025-09-20
USR_6758B795,TRUE,794550.59,2025-08-11,2025-08-11,2025-08-20,2025-08-20
USR_E58906B6,TRUE,513909.29,2025-12-11,2025-12-11,2025-12-20,2025-12-20
USR_E58906B6,TRUE,444548.6,2025-12-11,2025-12-11,2025-12-20,2025-12-20
USR_E58906B6,TRUE,699861.51,2025-11-11,2025-11-11,2025-11-20,2025-11-20
USR_E58906B6,TRUE,619791.8,2025-10-11,2025-10-11,2025-10-20,2025-10-20
USR_E58906B6,TRUE,389644.01,2025-09-11,2025-09-11,2025-09-20,2025-09-20
USR_E58906B6,TRUE,554951.98,2025-08-11,2025-08-11,2025-08-20,2025-08-20
USR_C731EBC5,TRUE,958499.85,2025-12-11,2025-12-11,2025-12-20,2025-12-20
USR_C731EBC5,TRUE,464853.26,2025-12-11,2025-12-11,2025-12-20,2025-12-20
USR_C731EBC5,TRUE,788797.81,2025-11-11,2025-11-11,2025-11-20,2025-11-20
USR_C731EBC5,TRUE,184311.68,2025-10-11,2025-10-11,2025-10-20,2025-10-20
USR_C731EBC5,TRUE,748909.22,2025-09-11,2025-09-11,2025-09-20,2025-09-20
USR_C731EBC5,TRUE,111727.28,2025-08-11,2025-08-11,2025-08-20,2025-08-20
USR_F75C7C25,TRUE,696713.11,2025-12-11,2025-12-11,2025-12-20,2025-12-20
USR_F75C7C25,TRUE,419130.88,2025-12-11,2025-12-11,2025-12-20,2025-12-20
USR_F75C7C25,TRUE,230109.32,2025-11-11,2025-11-11,2025-11-20,2025-11-20
USR_F75C7C25,TRUE,611490.05,2025-10-11,2025-10-11,2025-10-20,2025-10-20
USR_F75C7C25,TRUE,780189.77,2025-09-11,2025-09-11,2025-09-20,2025-09-20
USR_F75C7C25,TRUE,810125.07,2025-08-11,2025-08-11,2025-08-20,2025-08-20
USR_0315D0D7,FALSE,809795.36,2025-12-11,2026-01-09,2025-12-20,2026-01-12
USR_0315D0D7,FALSE,434718.31,2025-12-11,2025-12-17,2025-12-20,2026-01-05
USR_0315D0D7,FALSE,221966.29,2025-11-11,2025-11-30,2025-11-20,2025-12-17
USR_0315D0D7,FALSE,357848.8,2025-10-11,2025-10-24,2025-10-20,2025-10-27
USR_0315D0D7,FALSE,884289.93,2025-09-11,2025-10-01,2025-09-20,2025-10-18
USR_0315D0D7,FALSE,691866.14,2025-08-11,2025-08-14,2025-08-20,2025-08-27
USR_B66B4363,FALSE,576148.66,2025-12-11,2025-12-29,2025-12-20,2025-12-26
USR_B66B4363,FALSE,234374.57,2025-12-11,2026-01-09,2025-12-20,2026-01-19
USR_B66B4363,FALSE,948682.19,2025-11-11,2025-12-09,2025-11-20,2025-11-28
USR_B66B4363,FALSE,488693.13,2025-10-11,2025-10-25,2025-10-20,2025-11-01
USR_B66B4363,FALSE,167262.43,2025-09-11,2025-10-06,2025-09-20,2025-10-15
USR_B66B4363,FALSE,582492.14,2025-08-11,2025-08-31,2025-08-20,2025-09-11
USR_7BA3EE43,TRUE,885311.61,2025-12-11,2025-12-11,2025-12-20,2025-12-20
USR_7BA3EE43,TRUE,972449.23,2025-12-11,2025-12-11,2025-12-20,2025-12-20
USR_7BA3EE43,TRUE,649837.26,2025-11-11,2025-11-11,2025-11-20,2025-11-20
USR_7BA3EE43,TRUE,419571.53,2025-10-11,2025-10-11,2025-10-20,2025-10-20
USR_7BA3EE43,TRUE,967838.98,2025-09-11,2025-09-11,2025-09-20,2025-09-20
USR_7BA3EE43,TRUE,117893.44,2025-08-11,2025-08-11,2025-08-20,2025-08-20
USR_443186C4,TRUE,475600.2,2025-12-11,2025-12-11,2025-12-20,2025-12-20
USR_443186C4,TRUE,646398.24,2025-12-11,2025-12-11,2025-12-20,2025-12-20
USR_443186C4,TRUE,597795.53,2025-11-11,2025-11-11,2025-11-20,2025-11-20
USR_443186C4,TRUE,406721.92,2025-10-11,2025-10-11,2025-10-20,2025-10-20
USR_443186C4,TRUE,521675.84,2025-09-11,2025-09-11,2025-09-20,2025-09-20
USR_443186C4,TRUE,196423.34,2025-08-11,2025-08-11,2025-08-20,2025-08-20
USR_1C5A5C48,TRUE,308533.07,2025-12-11,2025-12-11,2025-12-20,2025-12-20
USR_1C5A5C48,TRUE,326028.55,2025-12-11,2025-12-11,2025-12-20,2025-12-20
USR_1C5A5C48,TRUE,221809.95,2025-11-11,2025-11-11,2025-11-20,2025-11-20
USR_1C5A5C48,TRUE,820049.43,2025-10-11,2025-10-11,2025-10-20,2025-10-20
USR_1C5A5C48,TRUE,909799.06,2025-09-11,2025-09-11,2025-09-20,2025-09-20
USR_1C5A5C48,TRUE,938653.53,2025-08-11,2025-08-11,2025-08-20,2025-08-20
USR_F6358773,FALSE,377817.02,2025-12-11,2025-12-24,2025-12-20,2025-12-25
USR_F6358773,FALSE,897395.98,2025-12-11,2025-12-20,2025-12-20,2026-01-09
USR_F6358773,FALSE,580151.14,2025-11-11,2025-11-21,2025-11-20,2025-12-03
USR_F6358773,FALSE,382427.46,2025-10-11,2025-10-13,2025-10-20,2025-10-30
USR_F6358773,FALSE,256214.01,2025-09-11,2025-09-24,2025-09-20,2025-10-08
USR_F6358773,FALSE,599755.34,2025-08-11,2025-08-31,2025-08-20,2025-08-25
USR_EA50885D,FALSE,225260.98,2025-12-11,2025-12-23,2025-12-20,2026-01-17
USR_EA50885D,FALSE,717861.79,2025-12-11,2025-12-20,2025-12-20,2025-12-23
USR_EA50885D,FALSE,558646.01,2025-11-11,2025-11-24,2025-11-20,2025-12-09
USR_EA50885D,FALSE,272944.7,2025-10-11,2025-10-16,2025-10-20,2025-10-24
USR_EA50885D,FALSE,506170.27,2025-09-11,2025-09-30,2025-09-20,2025-10-17
USR_EA50885D,FALSE,868231.73,2025-08-11,2025-09-10,2025-08-20,2025-08-21
USR_2F5566F0,TRUE,554312.54,2025-12-11,2025-12-11,2025-12-20,2025-12-20
USR_2F5566F0,TRUE,336725.4,2025-12-11,2025-12-11,2025-12-20,2025-12-20
USR_2F5566F0,TRUE,185413.08,2025-11-11,2025-11-11,2025-11-20,2025-11-20
USR_2F5566F0,TRUE,784005.94,2025-10-11,2025-10-11,2025-10-20,2025-10-20
USR_2F5566F0,TRUE,872697.12,2025-09-11,2025-09-11,2025-09-20,2025-09-20
USR_2F5566F0,TRUE,216041.64,2025-08-11,2025-08-11,2025-08-20,2025-08-20
USR_1105CFF8,TRUE,570155.42,2025-12-11,2025-12-11,2025-12-20,2025-12-20
USR_1105CFF8,TRUE,155701.8,2025-12-11,2025-12-11,2025-12-20,2025-12-20
USR_1105CFF8,TRUE,103973.93,2025-11-11,2025-11-11,2025-11-20,2025-11-20
USR_1105CFF8,TRUE,321603.4,2025-10-11,2025-10-11,2025-10-20,2025-10-20
USR_1105CFF8,TRUE,817380.22,2025-09-11,2025-09-11,2025-09-20,2025-09-20
USR_1105CFF8,TRUE,251645.5,2025-08-11,2025-08-11,2025-08-20,2025-08-20
USR_C3FFDD3F,TRUE,153109.45,2025-12-11,2025-12-11,2025-12-20,2025-12-20
USR_C3FFDD3F,TRUE,613564.48,2025-12-11,2025-12-11,2025-12-20,2025-12-20
USR_C3FFDD3F,TRUE,206063.58,2025-11-11,2025-11-11,2025-11-20,2025-11-20
USR_C3FFDD3F,TRUE,882266.64,2025-10-11,2025-10-11,2025-10-20,2025-10-20
USR_C3FFDD3F,TRUE,658904.4,2025-09-11,2025-09-11,2025-09-20,2025-09-20
USR_C3FFDD3F,TRUE,947806.06,2025-08-11,2025-08-11,2025-08-20,2025-08-20
USR_AF2D5723,FALSE,533053.7,2025-12-11,2026-01-04,2025-12-20,2026-01-12
USR_AF2D5723,FALSE,863280.6,2025-12-11,2025-12-23,2025-12-20,2025-12-27
USR_AF2D5723,FALSE,935912.56,2025-11-11,2025-12-02,2025-11-20,2025-12-08
USR_AF2D5723,FALSE,970001.19,2025-10-11,2025-10-13,2025-10-20,2025-10-27
USR_AF2D5723,FALSE,482323.79,2025-09-11,2025-09-26,2025-09-20,2025-10-15
USR_AF2D5723,FALSE,743750.62,2025-08-11,2025-08-20,2025-08-20,2025-09-05
USR_BA422DCB,FALSE,699958.87,2025-12-11,2025-12-22,2025-12-20,2026-01-19
USR_BA422DCB,FALSE,269795.36,2025-12-11,2026-01-04,2025-12-20,2025-12-31
USR_BA422DCB,FALSE,741614.55,2025-11-11,2025-12-08,2025-11-20,2025-12-16
USR_BA422DCB,FALSE,512794.27,2025-10-11,2025-10-17,2025-10-20,2025-11-04
USR_BA422DCB,FALSE,831464.86,2025-09-11,2025-09-22,2025-09-20,2025-09-23
USR_BA422DCB,FALSE,855266.79,2025-08-11,2025-08-13,2025-08-20,2025-08-27
USR_7AB89A47,FALSE,540925.43,2025-12-11,2026-01-04,2025-12-20,2026-01-04
USR_7AB89A47,FALSE,867120.79,2025-12-11,2025-12-23,2025-12-20,2025-12-24
USR_7AB89A47,FALSE,228488.6,2025-11-11,2025-11-29,2025-11-20,2025-12-18
USR_7AB89A47,FALSE,321668.86,2025-10-11,2025-10-25,2025-10-20,2025-11-09
USR_7AB89A47,FALSE,108313.91,2025-09-11,2025-10-05,2025-09-20,2025-10-06
USR_7AB89A47,FALSE,683967.61,2025-08-11,2025-08-23,2025-08-20,2025-08-31
USR_86E22EBE,FALSE,843076.86,2025-12-11,2025-12-28,2025-12-20,2025-12-24
USR_86E22EBE,FALSE,642232.68,2025-12-11,2026-01-08,2025-12-20,2026-01-18
USR_86E22EBE,FALSE,213600.79,2025-11-11,2025-12-09,2025-11-20,2025-12-15
USR_86E22EBE,FALSE,994134.52,2025-10-11,2025-10-26,2025-10-20,2025-10-28
USR_86E22EBE,FALSE,417964.0,2025-09-11,2025-10-03,2025-09-20,2025-09-30
USR_86E22EBE,FALSE,301908.38,2025-08-11,2025-09-06,2025-08-20,2025-09-06
USR_DFEE3D1D,TRUE,305993.67,2025-12-11,2025-12-11,2025-12-20,2025-12-20
USR_DFEE3D1D,TRUE,415087.54,2025-12-11,2025-12-11,2025-12-20,2025-12-20
USR_DFEE3D1D,TRUE,615334.37,2025-11-11,2025-11-11,2025-11-20,2025-11-20
USR_DFEE3D1D,TRUE,557919.81,2025-10-11,2025-10-11,2025-10-20,2025-10-20
USR_DFEE3D1D,TRUE,603506.91,2025-09-11,2025-09-11,2025-09-20,2025-09-20
USR_DFEE3D1D,TRUE,159207.22,2025-08-11,2025-08-11,2025-08-20,2025-08-20
USR_AA23F8D9,TRUE,833433.4,2025-12-11,2025-12-11,2025-12-20,2025-12-20
USR_AA23F8D9,TRUE,172490.06,2025-12-11,2025-12-11,2025-12-20,2025-12-20
USR_AA23F8D9,TRUE,985115.79,2025-11-11,2025-11-11,2025-11-20,2025-11-20
USR_AA23F8D9,TRUE,345092.03,2025-10-11,2025-10-11,2025-10-20,2025-10-20
USR_AA23F8D9,TRUE,158711.52,2025-09-11,2025-09-11,2025-09-20,2025-09-20
USR_AA23F8D9,TRUE,106026.57,2025-08-11,2025-08-11,2025-08-20,2025-08-20
USR_6C0551BE,TRUE,518925.53,2025-12-11,2025-12-11,2025-12-20,2025-12-20
USR_6C0551BE,TRUE,423735.01,2025-12-11,2025-12-11,2025-12-20,2025-12-20
USR_6C0551BE,TRUE,815997.26,2025-11-11,2025-11-11,2025-11-20,2025-11-20
USR_6C0551BE,TRUE,432890.76,2025-10-11,2025-10-11,2025-10-20,2025-10-20
USR_6C0551BE,TRUE,826412.2,2025-09-11,2025-09-11,2025-09-20,2025-09-20
USR_6C0551BE,TRUE,258456.47,2025-08-11,2025-08-11,2025-08-20,2025-08-20
USR_6B58B8E9,TRUE,646297.86,2025-12-11,2025-12-11,2025-12-20,2025-12-20
USR_6B58B8E9,TRUE,295304.31,2025-12-11,2025-12-11,2025-12-20,2025-12-20
USR_6B58B8E9,TRUE,274897.08,2025-11-11,2025-11-11,2025-11-20,2025-11-20
USR_6B58B8E9,TRUE,537299.59,2025-10-11,2025-10-11,2025-10-20,2025-10-20
USR_6B58B8E9,TRUE,744710.94,2025-09-11,2025-09-11,2025-09-20,2025-09-20
USR_6B58B8E9,TRUE,558754.33,2025-08-11,2025-08-11,2025-08-20,2025-08-20
USR_D89F87EF,TRUE,406043.83,2025-12-11,2025-12-11,2025-12-20,2025-12-20
USR_D89F87EF,TRUE,198843.45,2025-12-11,2025-12-11,2025-12-20,2025-12-20
USR_D89F87EF,TRUE,766826.7,2025-11-11,2025-11-11,2025-11-20,2025-11-20
USR_D89F87EF,TRUE,210209.42,2025-10-11,2025-10-11,2025-10-20,2025-10-20
USR_D89F87EF,TRUE,316834.6,2025-09-11,2025-09-11,2025-09-20,2025-09-20
USR_D89F87EF,TRUE,901858.45,2025-08-11,2025-08-11,2025-08-20,2025-08-20
USR_2B1D4A5D,TRUE,876200.37,2025-12-11,2025-12-11,2025-12-20,2025-12-20
USR_2B1D4A5D,TRUE,470732.73,2025-12-11,2025-12-11,2025-12-20,2025-12-20
USR_2B1D4A5D,TRUE,749089.97,2025-11-11,2025-11-11,2025-11-20,2025-11-20
USR_2B1D4A5D,TRUE,802784.33,2025-10-11,2025-10-11,2025-10-20,2025-10-20
USR_2B1D4A5D,TRUE,516199.81,2025-09-11,2025-09-11,2025-09-20,2025-09-20
USR_2B1D4A5D,TRUE,164310.7,2025-08-11,2025-08-11,2025-08-20,2025-08-20
USR_11FBDBD3,FALSE,805583.97,2025-12-11,2025-12-13,2025-12-20,2026-01-12
USR_11FBDBD3,FALSE,705168.23,2025-12-11,2025-12-29,2025-12-20,2026-01-01
USR_11FBDBD3,FALSE,138238.48,2025-11-11,2025-11-23,2025-11-20,2025-12-06
USR_11FBDBD3,FALSE,247385.21,2025-10-11,2025-10-24,2025-10-20,2025-11-01
USR_11FBDBD3,FALSE,288329.7,2025-09-11,2025-09-13,2025-09-20,2025-10-19
USR_11FBDBD3,FALSE,785474.31,2025-08-11,2025-08-29,2025-08-20,2025-09-10
USR_3AFF4FB0,TRUE,318636.34,2025-12-11,2025-12-11,2025-12-20,2025-12-20
USR_3AFF4FB0,TRUE,103679.78,2025-12-11,2025-12-11,2025-12-20,2025-12-20
USR_3AFF4FB0,TRUE,195413.64,2025-11-11,2025-11-11,2025-11-20,2025-11-20
USR_3AFF4FB0,TRUE,928908.67,2025-10-11,2025-10-11,2025-10-20,2025-10-20
USR_3AFF4FB0,TRUE,375361.17,2025-09-11,2025-09-11,2025-09-20,2025-09-20
USR_3AFF4FB0,TRUE,530216.93,2025-08-11,2025-08-11,2025-08-20,2025-08-20
USR_6DE3C0C9,TRUE,577893.95,2025-12-11,2025-12-11,2025-12-20,2025-12-20
USR_6DE3C0C9,TRUE,813740.32,2025-12-11,2025-12-11,2025-12-20,2025-12-20
USR_6DE3C0C9,TRUE,548799.66,2025-11-11,2025-11-11,2025-11-20,2025-11-20
USR_6DE3C0C9,TRUE,239199.49,2025-10-11,2025-10-11,2025-10-20,2025-10-20
USR_6DE3C0C9,TRUE,840995.99,2025-09-11,2025-09-11,2025-09-20,2025-09-20
USR_6DE3C0C9,TRUE,528020.09,2025-08-11,2025-08-11,2025-08-20,2025-08-20
USR_FC3EC19F,TRUE,627825.16,2025-12-11,2025-12-11,2025-12-20,2025-12-20
USR_FC3EC19F,TRUE,403662.7,2025-12-11,2025-12-11,2025-12-20,2025-12-20
USR_FC3EC19F,TRUE,774512.24,2025-11-11,2025-11-11,2025-11-20,2025-11-20
USR_FC3EC19F,TRUE,735364.79,2025-10-11,2025-10-11,2025-10-20,2025-10-20
USR_FC3EC19F,TRUE,208175.89,2025-09-11,2025-09-11,2025-09-20,2025-09-20
USR_FC3EC19F,TRUE,302617.99,2025-08-11,2025-08-11,2025-08-20,2025-08-20
USR_463A5892,TRUE,370997.79,2025-12-11,2025-12-11,2025-12-20,2025-12-20
USR_463A5892,TRUE,823034.01,2025-12-11,2025-12-11,2025-12-20,2025-12-20
USR_463A5892,TRUE,642317.46,2025-11-11,2025-11-11,2025-11-20,2025-11-20
USR_463A5892,TRUE,771306.26,2025-10-11,2025-10-11,2025-10-20,2025-10-20
USR_463A5892,TRUE,666100.65,2025-09-11,2025-09-11,2025-09-20,2025-09-20
USR_463A5892,TRUE,265477.76,2025-08-11,2025-08-11,2025-08-20,2025-08-20
USR_4523E1D9,TRUE,169870.29,2025-12-11,2025-12-11,2025-12-20,2025-12-20
USR_4523E1D9,TRUE,631400.08,2025-12-11,2025-12-11,2025-12-20,2025-12-20
USR_4523E1D9,TRUE,937905.81,2025-11-11,2025-11-11,2025-11-20,2025-11-20
USR_4523E1D9,TRUE,813606.35,2025-10-11,2025-10-11,2025-10-20,2025-10-20
USR_4523E1D9,TRUE,412761.21,2025-09-11,2025-09-11,2025-09-20,2025-09-20
USR_4523E1D9,TRUE,229075.97,2025-08-11,2025-08-11,2025-08-20,2025-08-20
USR_BAD39E77,TRUE,786207.98,2025-12-11,2025-12-11,2025-12-20,2025-12-20
USR_BAD39E77,TRUE,481463.71,2025-12-11,2025-12-11,2025-12-20,2025-12-20
USR_BAD39E77,TRUE,857067.19,2025-11-11,2025-11-11,2025-11-20,2025-11-20
USR_BAD39E77,TRUE,516092.74,2025-10-11,2025-10-11,2025-10-20,2025-10-20
USR_BAD39E77,TRUE,263819.17,2025-09-11,2025-09-11,2025-09-20,2025-09-20
USR_BAD39E77,TRUE,775497.23,2025-08-11,2025-08-11,2025-08-20,2025-08-20
USR_177133F0,TRUE,945953.9,2025-12-11,2025-12-11,2025-12-20,2025-12-20
USR_177133F0,TRUE,437270.05,2025-12-11,2025-12-11,2025-12-20,2025-12-20
USR_177133F0,TRUE,165603.17,2025-11-11,2025-11-11,2025-11-20,2025-11-20
USR_177133F0,TRUE,426822.5,2025-10-11,2025-10-11,2025-10-20,2025-10-20
USR_177133F0,TRUE,422789.86,2025-09-11,2025-09-11,2025-09-20,2025-09-20
USR_177133F0,TRUE,844267.64,2025-08-11,2025-08-11,2025-08-20,2025-08-20
USR_C718B7B0,TRUE,750554.76,2025-12-11,2025-12-11,2025-12-20,2025-12-20
USR_C718B7B0,TRUE,429192.46,2025-12-11,2025-12-11,2025-12-20,2025-12-20
USR_C718B7B0,TRUE,768834.62,2025-11-11,2025-11-11,2025-11-20,2025-11-20
USR_C718B7B0,TRUE,765475.33,2025-10-11,2025-10-11,2025-10-20,2025-10-20
USR_C718B7B0,TRUE,392539.86,2025-09-11,2025-09-11,2025-09-20,2025-09-20
USR_C718B7B0,TRUE,759512.82,2025-08-11,2025-08-11,2025-08-20,2025-08-20
USR_5B5F3788,TRUE,544485.12,2025-12-11,2025-12-11,2025-12-20,2025-12-20
USR_5B5F3788,TRUE,602499.74,2025-12-11,2025-12-11,2025-12-20,2025-12-20
USR_5B5F3788,TRUE,981147.59,2025-11-11,2025-11-11,2025-11-20,2025-11-20
USR_5B5F3788,TRUE,551185.71,2025-10-11,2025-10-11,2025-10-20,2025-10-20
USR_5B5F3788,TRUE,997662.04,2025-09-11,2025-09-11,2025-09-20,2025-09-20
USR_5B5F3788,TRUE,609402.8,2025-08-11,2025-08-11,2025-08-20,2025-08-20
USR_C55EF80D,FALSE,246609.98,2025-12-11,2026-01-06,2025-12-20,2025-12-29
USR_C55EF80D,FALSE,453685.84,2025-12-11,2025-12-23,2025-12-20,2026-01-10
USR_C55EF80D,FALSE,695370.42,2025-11-11,2025-11-25,2025-11-20,2025-11-22
USR_C55EF80D,FALSE,307166.06,2025-10-11,2025-11-03,2025-10-20,2025-10-30
USR_C55EF80D,FALSE,848924.82,2025-09-11,2025-10-06,2025-09-20,2025-09-29
USR_C55EF80D,FALSE,942969.39,2025-08-11,2025-08-23,2025-08-20,2025-09-16
USR_EC465F14,TRUE,640313.9,2025-12-11,2025-12-11,2025-12-20,2025-12-20
USR_EC465F14,TRUE,719080.0,2025-12-11,2025-12-11,2025-12-20,2025-12-20
USR_EC465F14,TRUE,200839.93,2025-11-11,2025-11-11,2025-11-20,2025-11-20
USR_EC465F14,TRUE,330966.12,2025-10-11,2025-10-11,2025-10-20,2025-10-20
USR_EC465F14,TRUE,945725.69,2025-09-11,2025-09-11,2025-09-20,2025-09-20
USR_EC465F14,TRUE,858892.88,2025-08-11,2025-08-11,2025-08-20,2025-08-20
USR_48DC4A4A,TRUE,288963.52,2025-12-11,2025-12-11,2025-12-20,2025-12-20
USR_48DC4A4A,TRUE,307121.33,2025-12-11,2025-12-11,2025-12-20,2025-12-20
USR_48DC4A4A,TRUE,289195.02,2025-11-11,2025-11-11,2025-11-20,2025-11-20
USR_48DC4A4A,TRUE,268081.2,2025-10-11,2025-10-11,2025-10-20,2025-10-20
USR_48DC4A4A,TRUE,339347.82,2025-09-11,2025-09-11,2025-09-20,2025-09-20
USR_48DC4A4A,TRUE,616534.23,2025-08-11,2025-08-11,2025-08-20,2025-08-20
USR_04A09EB8,TRUE,649737.21,2025-12-11,2025-12-11,2025-12-20,2025-12-20
USR_04A09EB8,TRUE,898461.79,2025-12-11,2025-12-11,2025-12-20,2025-12-20
USR_04A09EB8,TRUE,132271.15,2025-11-11,2025-11-11,2025-11-20,2025-11-20
USR_04A09EB8,TRUE,791524.75,2025-10-11,2025-10-11,2025-10-20,2025-10-20
USR_04A09EB8,TRUE,245226.0,2025-09-11,2025-09-11,2025-09-20,2025-09-20
USR_04A09EB8,TRUE,900839.37,2025-08-11,2025-08-11,2025-08-20,2025-08-20
USR_07EB7B5C,TRUE,119105.76,2025-12-11,2025-12-11,2025-12-20,2025-12-20
USR_07EB7B5C,TRUE,834421.7,2025-12-11,2025-12-11,2025-12-20,2025-12-20
USR_07EB7B5C,TRUE,197952.87,2025-11-11,2025-11-11,2025-11-20,2025-11-20
USR_07EB7B5C,TRUE,586517.24,2025-10-11,2025-10-11,2025-10-20,2025-10-20
USR_07EB7B5C,TRUE,618777.61,2025-09-11,2025-09-11,2025-09-20,2025-09-20
USR_07EB7B5C,TRUE,520156.07,2025-08-11,2025-08-11,2025-08-20,2025-08-20
USR_52C6CE77,TRUE,759116.52,2025-12-11,2025-12-11,2025-12-20,2025-12-20
USR_52C6CE77,TRUE,893887.03,2025-12-11,2025-12-11,2025-12-20,2025-12-20
USR_52C6CE77,TRUE,948235.21,2025-11-11,2025-11-11,2025-11-20,2025-11-20
USR_52C6CE77,TRUE,880489.23,2025-10-11,2025-10-11,2025-10-20,2025-10-20
USR_52C6CE77,TRUE,790774.07,2025-09-11,2025-09-11,2025-09-20,2025-09-20
USR_52C6CE77,TRUE,980717.23,2025-08-11,2025-08-11,2025-08-20,2025-08-20
USR_9E52203B,TRUE,170542.95,2025-12-11,2025-12-11,2025-12-20,2025-12-20
USR_9E52203B,TRUE,702381.35,2025-12-11,2025-12-11,2025-12-20,2025-12-20
USR_9E52203B,TRUE,459601.83,2025-11-11,2025-11-11,2025-11-20,2025-11-20
USR_9E52203B,TRUE,167531.03,2025-10-11,2025-10-11,2025-10-20,2025-10-20
USR_9E52203B,TRUE,568162.59,2025-09-11,2025-09-11,2025-09-20,2025-09-20
USR_9E52203B,TRUE,214019.34,2025-08-11,2025-08-11,2025-08-20,2025-08-20
USR_5B929DD8,TRUE,722845.16,2025-12-11,2025-12-11,2025-12-20,2025-12-20
USR_5B929DD8,TRUE,774104.57,2025-12-11,2025-12-11,2025-12-20,2025-12-20
USR_5B929DD8,TRUE,190809.7,2025-11-11,2025-11-11,2025-11-20,2025-11-20
USR_5B929DD8,TRUE,832691.11,2025-10-11,2025-10-11,2025-10-20,2025-10-20
USR_5B929DD8,TRUE,531737.05,2025-09-11,2025-09-11,2025-09-20,2025-09-20
USR_5B929DD8,TRUE,563138.67,2025-08-11,2025-08-11,2025-08-20,2025-08-20
USR_79289ED8,TRUE,634644.67,2025-12-11,2025-12-11,2025-12-20,2025-12-20
USR_79289ED8,TRUE,893131.87,2025-12-11,2025-12-11,2025-12-20,2025-12-20
USR_79289ED8,TRUE,264287.6,2025-11-11,2025-11-11,2025-11-20,2025-11-20
USR_79289ED8,TRUE,257508.27,2025-10-11,2025-10-11,2025-10-20,2025-10-20
USR_79289ED8,TRUE,928702.33,2025-09-11,2025-09-11,2025-09-20,2025-09-20
USR_79289ED8,TRUE,362529.16,2025-08-11,2025-08-11,2025-08-20,2025-08-20
USR_11A9F25E,TRUE,909524.32,2025-12-11,2025-12-11,2025-12-20,2025-12-20
USR_11A9F25E,TRUE,403617.42,2025-12-11,2025-12-11,2025-12-20,2025-12-20
USR_11A9F25E,TRUE,677500.5,2025-11-11,2025-11-11,2025-11-20,2025-11-20
USR_11A9F25E,TRUE,393173.58,2025-10-11,2025-10-11,2025-10-20,2025-10-20
USR_11A9F25E,TRUE,497647.53,2025-09-11,2025-09-11,2025-09-20,2025-09-20
USR_11A9F25E,TRUE,869748.45,2025-08-11,2025-08-11,2025-08-20,2025-08-20
USR_BCC6215D,TRUE,113813.54,2025-12-11,2025-12-11,2025-12-20,2025-12-20
USR_BCC6215D,TRUE,907077.23,2025-12-11,2025-12-11,2025-12-20,2025-12-20
USR_BCC6215D,TRUE,782380.3,2025-11-11,2025-11-11,2025-11-20,2025-11-20
USR_BCC6215D,TRUE,739986.86,2025-10-11,2025-10-11,2025-10-20,2025-10-20
USR_BCC6215D,TRUE,557731.96,2025-09-11,2025-09-11,2025-09-20,2025-09-20
USR_BCC6215D,TRUE,451807.12,2025-08-11,2025-08-11,2025-08-20,2025-08-20
USR_426224DA,FALSE,700660.47,2025-12-11,2026-01-05,2025-12-20,2026-01-03
USR_426224DA,FALSE,115238.18,2025-12-11,2026-01-01,2025-12-20,2026-01-12
USR_426224DA,FALSE,887820.55,2025-11-11,2025-11-14,2025-11-20,2025-12-18
USR_426224DA,FALSE,719591.18,2025-10-11,2025-10-17,2025-10-20,2025-11-09
USR_426224DA,FALSE,691859.57,2025-09-11,2025-10-07,2025-09-20,2025-10-13
USR_426224DA,FALSE,660552.63,2025-08-11,2025-08-27,2025-08-20,2025-09-16
USR_60C04CF4,TRUE,461153.45,2025-12-11,2025-12-11,2025-12-20,2025-12-20
USR_60C04CF4,TRUE,243726.33,2025-12-11,2025-12-11,2025-12-20,2025-12-20
USR_60C04CF4,TRUE,359295.06,2025-11-11,2025-11-11,2025-11-20,2025-11-20
USR_60C04CF4,TRUE,298057.45,2025-10-11,2025-10-11,2025-10-20,2025-10-20
USR_60C04CF4,TRUE,999094.41,2025-09-11,2025-09-11,2025-09-20,2025-09-20
USR_60C04CF4,TRUE,500326.59,2025-08-11,2025-08-11,2025-08-20,2025-08-20
USR_7CC39AB2,TRUE,730341.18,2025-12-11,2025-12-11,2025-12-20,2025-12-20
USR_7CC39AB2,TRUE,839349.44,2025-12-11,2025-12-11,2025-12-20,2025-12-20
USR_7CC39AB2,TRUE,995952.94,2025-11-11,2025-11-11,2025-11-20,2025-11-20
USR_7CC39AB2,TRUE,295059.57,2025-10-11,2025-10-11,2025-10-20,2025-10-20
USR_7CC39AB2,TRUE,216805.82,2025-09-11,2025-09-11,2025-09-20,2025-09-20
USR_7CC39AB2,TRUE,960776.29,2025-08-11,2025-08-11,2025-08-20,2025-08-20
USR_C62E7D19,TRUE,626133.12,2025-12-11,2025-12-11,2025-12-20,2025-12-20
USR_C62E7D19,TRUE,722744.04,2025-12-11,2025-12-11,2025-12-20,2025-12-20
USR_C62E7D19,TRUE,831300.15,2025-11-11,2025-11-11,2025-11-20,2025-11-20
USR_C62E7D19,TRUE,605799.52,2025-10-11,2025-10-11,2025-10-20,2025-10-20
USR_C62E7D19,TRUE,916843.81,2025-09-11,2025-09-11,2025-09-20,2025-09-20
USR_C62E7D19,TRUE,714114.45,2025-08-11,2025-08-11,2025-08-20,2025-08-20
USR_DAC8EAB6,FALSE,896487.41,2025-12-11,2025-12-29,2025-12-20,2026-01-08
USR_DAC8EAB6,FALSE,430569.52,2025-12-11,2025-12-29,2025-12-20,2026-01-06
USR_DAC8EAB6,FALSE,907020.12,2025-11-11,2025-12-11,2025-11-20,2025-11-30
USR_DAC8EAB6,FALSE,367661.57,2025-10-11,2025-10-25,2025-10-20,2025-11-07
USR_DAC8EAB6,FALSE,318090.98,2025-09-11,2025-09-15,2025-09-20,2025-10-16
USR_DAC8EAB6,FALSE,436506.2,2025-08-11,2025-08-27,2025-08-20,2025-08-28
USR_BC3BA6B6,TRUE,491264.75,2025-12-11,2025-12-11,2025-12-20,2025-12-20
USR_BC3BA6B6,TRUE,772640.02,2025-12-11,2025-12-11,2025-12-20,2025-12-20
USR_BC3BA6B6,TRUE,202864.54,2025-11-11,2025-11-11,2025-11-20,2025-11-20
USR_BC3BA6B6,TRUE,596544.67,2025-10-11,2025-10-11,2025-10-20,2025-10-20
USR_BC3BA6B6,TRUE,513861.38,2025-09-11,2025-09-11,2025-09-20,2025-09-20
USR_BC3BA6B6,TRUE,145517.8,2025-08-11,2025-08-11,2025-08-20,2025-08-20
USR_5E93E25A,TRUE,198694.85,2025-12-11,2025-12-11,2025-12-20,2025-12-20
USR_5E93E25A,TRUE,349151.49,2025-12-11,2025-12-11,2025-12-20,2025-12-20
USR_5E93E25A,TRUE,513973.42,2025-11-11,2025-11-11,2025-11-20,2025-11-20
USR_5E93E25A,TRUE,862179.77,2025-10-11,2025-10-11,2025-10-20,2025-10-20
USR_5E93E25A,TRUE,783699.37,2025-09-11,2025-09-11,2025-09-20,2025-09-20
USR_5E93E25A,TRUE,839932.73,2025-08-11,2025-08-11,2025-08-20,2025-08-20
USR_AA5B8438,TRUE,304963.64,2025-12-11,2025-12-11,2025-12-20,2025-12-20
USR_AA5B8438,TRUE,429830.45,2025-12-11,2025-12-11,2025-12-20,2025-12-20
USR_AA5B8438,TRUE,483030.77,2025-11-11,2025-11-11,2025-11-20,2025-11-20
USR_AA5B8438,TRUE,541774.14,2025-10-11,2025-10-11,2025-10-20,2025-10-20
USR_AA5B8438,TRUE,401520.59,2025-09-11,2025-09-11,2025-09-20,2025-09-20
USR_AA5B8438,TRUE,440590.57,2025-08-11,2025-08-11,2025-08-20,2025-08-20
USR_2DA4FF26,FALSE,368760.82,2025-12-11,2026-01-02,2025-12-20,2025-12-22
USR_2DA4FF26,FALSE,441324.22,2025-12-11,2025-12-30,2025-12-20,2026-01-18
USR_2DA4FF26,FALSE,969218.97,2025-11-11,2025-12-07,2025-11-20,2025-11-22
USR_2DA4FF26,FALSE,942964.64,2025-10-11,2025-10-13,2025-10-20,2025-10-21
USR_2DA4FF26,FALSE,825991.84,2025-09-11,2025-09-18,2025-09-20,2025-10-20
USR_2DA4FF26,FALSE,439832.44,2025-08-11,2025-09-04,2025-08-20,2025-09-05
USR_398D7318,TRUE,531279.07,2025-12-11,2025-12-11,2025-12-20,2025-12-20
USR_398D7318,TRUE,654472.31,2025-12-11,2025-12-11,2025-12-20,2025-12-20
USR_398D7318,TRUE,956359.1,2025-11-11,2025-11-11,2025-11-20,2025-11-20
USR_398D7318,TRUE,626197.42,2025-10-11,2025-10-11,2025-10-20,2025-10-20
USR_398D7318,TRUE,195727.09,2025-09-11,2025-09-11,2025-09-20,2025-09-20
USR_398D7318,TRUE,110706.25,2025-08-11,2025-08-11,2025-08-20,2025-08-20
USR_CD6D7BB0,TRUE,984854.42,2025-12-11,2025-12-11,2025-12-20,2025-12-20
USR_CD6D7BB0,TRUE,848472.54,2025-12-11,2025-12-11,2025-12-20,2025-12-20
USR_CD6D7BB0,TRUE,563159.38,2025-11-11,2025-11-11,2025-11-20,2025-11-20
USR_CD6D7BB0,TRUE,467582.81,2025-10-11,2025-10-11,2025-10-20,2025-10-20
USR_CD6D7BB0,TRUE,923744.75,2025-09-11,2025-09-11,2025-09-20,2025-09-20
USR_CD6D7BB0,TRUE,181321.0,2025-08-11,2025-08-11,2025-08-20,2025-08-20
USR_C4E947A1,TRUE,250600.57,2025-12-11,2025-12-11,2025-12-20,2025-12-20
USR_C4E947A1,TRUE,368678.55,2025-12-11,2025-12-11,2025-12-20,2025-12-20
USR_C4E947A1,TRUE,727755.0,2025-11-11,2025-11-11,2025-11-20,2025-11-20
USR_C4E947A1,TRUE,741802.18,2025-10-11,2025-10-11,2025-10-20,2025-10-20
USR_C4E947A1,TRUE,723068.01,2025-09-11,2025-09-11,2025-09-20,2025-09-20
USR_C4E947A1,TRUE,743063.89,2025-08-11,2025-08-11,2025-08-20,2025-08-20
USR_FD1E82CE,FALSE,206850.78,2025-12-11,2025-12-31,2025-12-20,2026-01-03
USR_FD1E82CE,FALSE,127504.52,2025-12-11,2025-12-16,2025-12-20,2026-01-04
USR_FD1E82CE,FALSE,724484.97,2025-11-11,2025-11-18,2025-11-20,2025-12-17
USR_FD1E82CE,FALSE,414797.97,2025-10-11,2025-10-31,2025-10-20,2025-11-05
USR_FD1E82CE,FALSE,709548.39,2025-09-11,2025-09-27,2025-09-20,2025-09-23
USR_FD1E82CE,FALSE,573942.48,2025-08-11,2025-08-23,2025-08-20,2025-09-08
USR_886296FC,TRUE,143796.11,2025-12-11,2025-12-11,2025-12-20,2025-12-20
USR_886296FC,TRUE,768806.61,2025-12-11,2025-12-11,2025-12-20,2025-12-20
USR_886296FC,TRUE,661218.99,2025-11-11,2025-11-11,2025-11-20,2025-11-20
USR_886296FC,TRUE,263785.08,2025-10-11,2025-10-11,2025-10-20,2025-10-20
USR_886296FC,TRUE,540475.82,2025-09-11,2025-09-11,2025-09-20,2025-09-20
USR_886296FC,TRUE,460963.27,2025-08-11,2025-08-11,2025-08-20,2025-08-20
USR_650F6799,TRUE,297304.43,2025-12-11,2025-12-11,2025-12-20,2025-12-20
USR_650F6799,TRUE,185614.08,2025-12-11,2025-12-11,2025-12-20,2025-12-20
USR_650F6799,TRUE,688448.52,2025-11-11,2025-11-11,2025-11-20,2025-11-20
USR_650F6799,TRUE,275783.57,2025-10-11,2025-10-11,2025-10-20,2025-10-20
USR_650F6799,TRUE,507353.6,2025-09-11,2025-09-11,2025-09-20,2025-09-20
USR_650F6799,TRUE,519347.04,2025-08-11,2025-08-11,2025-08-20,2025-08-20
USR_A8B6ED8B,TRUE,671513.72,2025-12-11,2025-12-11,2025-12-20,2025-12-20
USR_A8B6ED8B,TRUE,432177.12,2025-12-11,2025-12-11,2025-12-20,2025-12-20
USR_A8B6ED8B,TRUE,174446.29,2025-11-11,2025-11-11,2025-11-20,2025-11-20
USR_A8B6ED8B,TRUE,200599.31,2025-10-11,2025-10-11,2025-10-20,2025-10-20
USR_A8B6ED8B,TRUE,197738.25,2025-09-11,2025-09-11,2025-09-20,2025-09-20
USR_A8B6ED8B,TRUE,899497.06,2025-08-11,2025-08-11,2025-08-20,2025-08-20
USR_7DB26DD5,FALSE,268048.54,2025-12-11,2025-12-31,2025-12-20,2025-12-24
USR_7DB26DD5,FALSE,540012.93,2025-12-11,2025-12-20,2025-12-20,2026-01-16
USR_7DB26DD5,FALSE,289641.15,2025-11-11,2025-12-08,2025-11-20,2025-12-10
USR_7DB26DD5,FALSE,710327.33,2025-10-11,2025-11-08,2025-10-20,2025-11-06
USR_7DB26DD5,FALSE,791825.65,2025-09-11,2025-10-04,2025-09-20,2025-10-20
USR_7DB26DD5,FALSE,468457.22,2025-08-11,2025-08-19,2025-08-20,2025-08-31
USR_3089EA07,TRUE,937403.11,2025-12-11,2025-12-11,2025-12-20,2025-12-20
USR_3089EA07,TRUE,167025.95,2025-12-11,2025-12-11,2025-12-20,2025-12-20
USR_3089EA07,TRUE,930519.11,2025-11-11,2025-11-11,2025-11-20,2025-11-20
USR_3089EA07,TRUE,964114.04,2025-10-11,2025-10-11,2025-10-20,2025-10-20
USR_3089EA07,TRUE,305931.03,2025-09-11,2025-09-11,2025-09-20,2025-09-20
USR_3089EA07,TRUE,693494.94,2025-08-11,2025-08-11,2025-08-20,2025-08-20
USR_4369C10D,TRUE,605401.41,2025-12-11,2025-12-11,2025-12-20,2025-12-20
USR_4369C10D,TRUE,947963.44,2025-12-11,2025-12-11,2025-12-20,2025-12-20
USR_4369C10D,TRUE,301788.09,2025-11-11,2025-11-11,2025-11-20,2025-11-20
USR_4369C10D,TRUE,674516.94,2025-10-11,2025-10-11,2025-10-20,2025-10-20
USR_4369C10D,TRUE,868237.59,2025-09-11,2025-09-11,2025-09-20,2025-09-20
USR_4369C10D,TRUE,795966.61,2025-08-11,2025-08-11,2025-08-20,2025-08-20
USR_7CFBA1D4,TRUE,979913.86,2025-12-11,2025-12-11,2025-12-20,2025-12-20
USR_7CFBA1D4,TRUE,423872.07,2025-12-11,2025-12-11,2025-12-20,2025-12-20
USR_7CFBA1D4,TRUE,480269.74,2025-11-11,2025-11-11,2025-11-20,2025-11-20
USR_7CFBA1D4,TRUE,679659.58,2025-10-11,2025-10-11,2025-10-20,2025-10-20
USR_7CFBA1D4,TRUE,490750.11,2025-09-11,2025-09-11,2025-09-20,2025-09-20
USR_7CFBA1D4,TRUE,856349.16,2025-08-11,2025-08-11,2025-08-20,2025-08-20
USR_FCFB48A1,TRUE,920978.95,2025-12-11,2025-12-11,2025-12-20,2025-12-20
USR_FCFB48A1,TRUE,201131.52,2025-12-11,2025-12-11,2025-12-20,2025-12-20
USR_FCFB48A1,TRUE,800641.91,2025-11-11,2025-11-11,2025-11-20,2025-11-20
USR_FCFB48A1,TRUE,536187.04,2025-10-11,2025-10-11,2025-10-20,2025-10-20
USR_FCFB48A1,TRUE,808174.44,2025-09-11,2025-09-11,2025-09-20,2025-09-20
USR_FCFB48A1,TRUE,632398.81,2025-08-11,2025-08-11,2025-08-20,2025-08-20
USR_39BA610F,FALSE,615401.58,2025-12-11,2026-01-01,2025-12-20,2026-01-05
USR_39BA610F,FALSE,220903.59,2025-12-11,2026-01-04,2025-12-20,2026-01-09
USR_39BA610F,FALSE,301592.51,2025-11-11,2025-11-15,2025-11-20,2025-11-25
USR_39BA610F,FALSE,660711.65,2025-10-11,2025-10-16,2025-10-20,2025-11-05
USR_39BA610F,FALSE,353946.4,2025-09-11,2025-09-29,2025-09-20,2025-09-29
USR_39BA610F,FALSE,944367.95,2025-08-11,2025-08-22,2025-08-20,2025-09-08
USR_719A3299,TRUE,896090.28,2025-12-11,2025-12-11,2025-12-20,2025-12-20
USR_719A3299,TRUE,823786.37,2025-12-11,2025-12-11,2025-12-20,2025-12-20
USR_719A3299,TRUE,315023.85,2025-11-11,2025-11-11,2025-11-20,2025-11-20
USR_719A3299,TRUE,419811.77,2025-10-11,2025-10-11,2025-10-20,2025-10-20
USR_719A3299,TRUE,536102.44,2025-09-11,2025-09-11,2025-09-20,2025-09-20
USR_719A3299,TRUE,999353.56,2025-08-11,2025-08-11,2025-08-20,2025-08-20
USR_66C5A8B7,TRUE,825420.6,2025-12-11,2025-12-11,2025-12-20,2025-12-20
USR_66C5A8B7,TRUE,153678.47,2025-12-11,2025-12-11,2025-12-20,2025-12-20
USR_66C5A8B7,TRUE,863824.35,2025-11-11,2025-11-11,2025-11-20,2025-11-20
USR_66C5A8B7,TRUE,617150.84,2025-10-11,2025-10-11,2025-10-20,2025-10-20
USR_66C5A8B7,TRUE,299235.62,2025-09-11,2025-09-11,2025-09-20,2025-09-20
USR_66C5A8B7,TRUE,651710.88,2025-08-11,2025-08-11,2025-08-20,2025-08-20
USR_F4BD1897,TRUE,724799.44,2025-12-11,2025-12-11,2025-12-20,2025-12-20
USR_F4BD1897,TRUE,507949.56,2025-12-11,2025-12-11,2025-12-20,2025-12-20
USR_F4BD1897,TRUE,217385.6,2025-11-11,2025-11-11,2025-11-20,2025-11-20
USR_F4BD1897,TRUE,908983.15,2025-10-11,2025-10-11,2025-10-20,2025-10-20
USR_F4BD1897,TRUE,856530.22,2025-09-11,2025-09-11,2025-09-20,2025-09-20
USR_F4BD1897,TRUE,109474.82,2025-08-11,2025-08-11,2025-08-20,2025-08-20
USR_F8586AD4,TRUE,821451.26,2025-12-11,2025-12-11,2025-12-20,2025-12-20
USR_F8586AD4,TRUE,556118.1,2025-12-11,2025-12-11,2025-12-20,2025-12-20
USR_F8586AD4,TRUE,990635.46,2025-11-11,2025-11-11,2025-11-20,2025-11-20
USR_F8586AD4,TRUE,279431.5,2025-10-11,2025-10-11,2025-10-20,2025-10-20
USR_F8586AD4,TRUE,272648.75,2025-09-11,2025-09-11,2025-09-20,2025-09-20
USR_F8586AD4,TRUE,502409.15,2025-08-11,2025-08-11,2025-08-20,2025-08-20
USR_2970C1FA,TRUE,388763.8,2025-12-11,2025-12-11,2025-12-20,2025-12-20
USR_2970C1FA,TRUE,338433.33,2025-12-11,2025-12-11,2025-12-20,2025-12-20
USR_2970C1FA,TRUE,493706.81,2025-11-11,2025-11-11,2025-11-20,2025-11-20
USR_2970C1FA,TRUE,631927.86,2025-10-11,2025-10-11,2025-10-20,2025-10-20
USR_2970C1FA,TRUE,345739.95,2025-09-11,2025-09-11,2025-09-20,2025-09-20
USR_2970C1FA,TRUE,839009.72,2025-08-11,2025-08-11,2025-08-20,2025-08-20
USR_D125FA42,TRUE,816353.0,2025-12-11,2025-12-11,2025-12-20,2025-12-20
USR_D125FA42,TRUE,799340.03,2025-12-11,2025-12-11,2025-12-20,2025-12-20
USR_D125FA42,TRUE,938837.66,2025-11-11,2025-11-11,2025-11-20,2025-11-20
USR_D125FA42,TRUE,842700.16,2025-10-11,2025-10-11,2025-10-20,2025-10-20
USR_D125FA42,TRUE,992672.11,2025-09-11,2025-09-11,2025-09-20,2025-09-20
USR_D125FA42,TRUE,961060.21,2025-08-11,2025-08-11,2025-08-20,2025-08-20
USR_F3A604B0,TRUE,187926.59,2025-12-11,2025-12-11,2025-12-20,2025-12-20
USR_F3A604B0,TRUE,109307.9,2025-12-11,2025-12-11,2025-12-20,2025-12-20
USR_F3A604B0,TRUE,761330.02,2025-11-11,2025-11-11,2025-11-20,2025-11-20
USR_F3A604B0,TRUE,255447.4,2025-10-11,2025-10-11,2025-10-20,2025-10-20
USR_F3A604B0,TRUE,800713.97,2025-09-11,2025-09-11,2025-09-20,2025-09-20
USR_F3A604B0,TRUE,167217.89,2025-08-11,2025-08-11,2025-08-20,2025-08-20
USR_7D73412B,TRUE,205151.74,2025-12-11,2025-12-11,2025-12-20,2025-12-20
USR_7D73412B,TRUE,522302.42,2025-12-11,2025-12-11,2025-12-20,2025-12-20
USR_7D73412B,TRUE,802671.73,2025-11-11,2025-11-11,2025-11-20,2025-11-20
USR_7D73412B,TRUE,449333.66,2025-10-11,2025-10-11,2025-10-20,2025-10-20
USR_7D73412B,TRUE,964347.47,2025-09-11,2025-09-11,2025-09-20,2025-09-20
USR_7D73412B,TRUE,544707.64,2025-08-11,2025-08-11,2025-08-20,2025-08-20
USR_DFE2EF6F,TRUE,191497.32,2025-12-11,2025-12-11,2025-12-20,2025-12-20
USR_DFE2EF6F,TRUE,689972.49,2025-12-11,2025-12-11,2025-12-20,2025-12-20
USR_DFE2EF6F,TRUE,114009.24,2025-11-11,2025-11-11,2025-11-20,2025-11-20
USR_DFE2EF6F,TRUE,277257.77,2025-10-11,2025-10-11,2025-10-20,2025-10-20
USR_DFE2EF6F,TRUE,992568.49,2025-09-11,2025-09-11,2025-09-20,2025-09-20
USR_DFE2EF6F,TRUE,897324.2,2025-08-11,2025-08-11,2025-08-20,2025-08-20
USR_5361BC71,TRUE,776728.27,2025-12-11,2025-12-11,2025-12-20,2025-12-20
USR_5361BC71,TRUE,809434.42,2025-12-11,2025-12-11,2025-12-20,2025-12-20
USR_5361BC71,TRUE,468541.94,2025-11-11,2025-11-11,2025-11-20,2025-11-20
USR_5361BC71,TRUE,184781.12,2025-10-11,2025-10-11,2025-10-20,2025-10-20
USR_5361BC71,TRUE,950197.71,2025-09-11,2025-09-11,2025-09-20,2025-09-20
USR_5361BC71,TRUE,537922.24,2025-08-11,2025-08-11,2025-08-20,2025-08-20
USR_DF75E57B,FALSE,365024.33,2025-12-11,2025-12-24,2025-12-20,2025-12-29
USR_DF75E57B,FALSE,689105.4,2025-12-11,2026-01-02,2025-12-20,2026-01-01
USR_DF75E57B,FALSE,648151.43,2025-11-11,2025-12-03,2025-11-20,2025-12-15
USR_DF75E57B,FALSE,846276.92,2025-10-11,2025-10-17,2025-10-20,2025-11-04
USR_DF75E57B,FALSE,547345.48,2025-09-11,2025-09-13,2025-09-20,2025-10-02
USR_DF75E57B,FALSE,254311.26,2025-08-11,2025-08-30,2025-08-20,2025-09-07
USR_DCFA5D58,TRUE,878264.05,2025-12-11,2025-12-11,2025-12-20,2025-12-20
USR_DCFA5D58,TRUE,853749.37,2025-12-11,2025-12-11,2025-12-20,2025-12-20
USR_DCFA5D58,TRUE,561572.79,2025-11-11,2025-11-11,2025-11-20,2025-11-20
USR_DCFA5D58,TRUE,412449.37,2025-10-11,2025-10-11,2025-10-20,2025-10-20
USR_DCFA5D58,TRUE,426665.82,2025-09-11,2025-09-11,2025-09-20,2025-09-20
USR_DCFA5D58,TRUE,317130.79,2025-08-11,2025-08-11,2025-08-20,2025-08-20
USR_F5A99DBB,TRUE,650360.46,2025-12-11,2025-12-11,2025-12-20,2025-12-20
USR_F5A99DBB,TRUE,874202.6,2025-12-11,2025-12-11,2025-12-20,2025-12-20
USR_F5A99DBB,TRUE,896333.42,2025-11-11,2025-11-11,2025-11-20,2025-11-20
USR_F5A99DBB,TRUE,392910.96,2025-10-11,2025-10-11,2025-10-20,2025-10-20
USR_F5A99DBB,TRUE,302162.97,2025-09-11,2025-09-11,2025-09-20,2025-09-20
USR_F5A99DBB,TRUE,809328.49,2025-08-11,2025-08-11,2025-08-20,2025-08-20
USR_453FC8F4,TRUE,646655.87,2025-12-11,2025-12-11,2025-12-20,2025-12-20
USR_453FC8F4,TRUE,554213.21,2025-12-11,2025-12-11,2025-12-20,2025-12-20
USR_453FC8F4,TRUE,306540.67,2025-11-11,2025-11-11,2025-11-20,2025-11-20
USR_453FC8F4,TRUE,593397.97,2025-10-11,2025-10-11,2025-10-20,2025-10-20
USR_453FC8F4,TRUE,767701.08,2025-09-11,2025-09-11,2025-09-20,2025-09-20
USR_453FC8F4,TRUE,433072.46,2025-08-11,2025-08-11,2025-08-20,2025-08-20
USR_6BB4A8C1,TRUE,586460.16,2025-12-11,2025-12-11,2025-12-20,2025-12-20
USR_6BB4A8C1,TRUE,657076.98,2025-12-11,2025-12-11,2025-12-20,2025-12-20
USR_6BB4A8C1,TRUE,121038.73,2025-11-11,2025-11-11,2025-11-20,2025-11-20
USR_6BB4A8C1,TRUE,312457.21,2025-10-11,2025-10-11,2025-10-20,2025-10-20
USR_6BB4A8C1,TRUE,776145.26,2025-09-11,2025-09-11,2025-09-20,2025-09-20
USR_6BB4A8C1,TRUE,701133.54,2025-08-11,2025-08-11,2025-08-20,2025-08-20
USR_0BDB3B47,FALSE,712863.79,2025-12-11,2026-01-02,2025-12-20,2026-01-03
USR_0BDB3B47,FALSE,244311.73,2025-12-11,2026-01-06,2025-12-20,2026-01-14
USR_0BDB3B47,FALSE,350863.09,2025-11-11,2025-12-06,2025-11-20,2025-12-15
USR_0BDB3B47,FALSE,973816.07,2025-10-11,2025-10-18,2025-10-20,2025-11-08
USR_0BDB3B47,FALSE,233237.56,2025-09-11,2025-09-28,2025-09-20,2025-10-12
USR_0BDB3B47,FALSE,711746.18,2025-08-11,2025-08-23,2025-08-20,2025-08-29
USR_95D3B1C0,TRUE,964944.87,2025-12-11,2025-12-11,2025-12-20,2025-12-20
USR_95D3B1C0,TRUE,269818.63,2025-12-11,2025-12-11,2025-12-20,2025-12-20
USR_95D3B1C0,TRUE,762541.94,2025-11-11,2025-11-11,2025-11-20,2025-11-20
USR_95D3B1C0,TRUE,313399.37,2025-10-11,2025-10-11,2025-10-20,2025-10-20
USR_95D3B1C0,TRUE,184664.95,2025-09-11,2025-09-11,2025-09-20,2025-09-20
USR_95D3B1C0,TRUE,814741.81,2025-08-11,2025-08-11,2025-08-20,2025-08-20
USR_BFE3EE96,TRUE,628322.39,2025-12-11,2025-12-11,2025-12-20,2025-12-20
USR_BFE3EE96,TRUE,652783.8,2025-12-11,2025-12-11,2025-12-20,2025-12-20
USR_BFE3EE96,TRUE,749246.19,2025-11-11,2025-11-11,2025-11-20,2025-11-20
USR_BFE3EE96,TRUE,723581.59,2025-10-11,2025-10-11,2025-10-20,2025-10-20
USR_BFE3EE96,TRUE,582741.22,2025-09-11,2025-09-11,2025-09-20,2025-09-20
USR_BFE3EE96,TRUE,868513.7,2025-08-11,2025-08-11,2025-08-20,2025-08-20
USR_B3A50082,FALSE,201153.32,2025-12-11,2025-12-14,2025-12-20,2026-01-13
USR_B3A50082,FALSE,134867.84,2025-12-11,2026-01-05,2025-12-20,2026-01-09
USR_B3A50082,FALSE,368916.46,2025-11-11,2025-12-03,2025-11-20,2025-11-24
USR_B3A50082,FALSE,794991.73,2025-10-11,2025-11-10,2025-10-20,2025-11-02
USR_B3A50082,FALSE,399492.22,2025-09-11,2025-10-02,2025-09-20,2025-10-02
USR_B3A50082,FALSE,754372.94,2025-08-11,2025-08-28,2025-08-20,2025-08-29
USR_957A7DEA,TRUE,837325.94,2025-12-11,2025-12-11,2025-12-20,2025-12-20
USR_957A7DEA,TRUE,562418.95,2025-12-11,2025-12-11,2025-12-20,2025-12-20
USR_957A7DEA,TRUE,126533.09,2025-11-11,2025-11-11,2025-11-20,2025-11-20
USR_957A7DEA,TRUE,456473.14,2025-10-11,2025-10-11,2025-10-20,2025-10-20
USR_957A7DEA,TRUE,386516.34,2025-09-11,2025-09-11,2025-09-20,2025-09-20
USR_957A7DEA,TRUE,820656.89,2025-08-11,2025-08-11,2025-08-20,2025-08-20
USR_D7B16238,FALSE,137102.6,2025-12-11,2026-01-04,2025-12-20,2025-12-30
USR_D7B16238,FALSE,324371.92,2025-12-11,2025-12-30,2025-12-20,2025-12-23
USR_D7B16238,FALSE,555956.69,2025-11-11,2025-12-11,2025-11-20,2025-12-11
USR_D7B16238,FALSE,568427.64,2025-10-11,2025-11-10,2025-10-20,2025-11-10
USR_D7B16238,FALSE,480825.83,2025-09-11,2025-09-14,2025-09-20,2025-10-19
USR_D7B16238,FALSE,941876.26,2025-08-11,2025-08-19,2025-08-20,2025-08-26
USR_67BC39D8,TRUE,864971.0,2025-12-11,2025-12-11,2025-12-20,2025-12-20
USR_67BC39D8,TRUE,233552.04,2025-12-11,2025-12-11,2025-12-20,2025-12-20
USR_67BC39D8,TRUE,892191.06,2025-11-11,2025-11-11,2025-11-20,2025-11-20
USR_67BC39D8,TRUE,942212.91,2025-10-11,2025-10-11,2025-10-20,2025-10-20
USR_67BC39D8,TRUE,423040.56,2025-09-11,2025-09-11,2025-09-20,2025-09-20
USR_67BC39D8,TRUE,449291.88,2025-08-11,2025-08-11,2025-08-20,2025-08-20
USR_9BF405CF,TRUE,538383.18,2025-12-11,2025-12-11,2025-12-20,2025-12-20
USR_9BF405CF,TRUE,694962.35,2025-12-11,2025-12-11,2025-12-20,2025-12-20
USR_9BF405CF,TRUE,363173.57,2025-11-11,2025-11-11,2025-11-20,2025-11-20
USR_9BF405CF,TRUE,356760.09,2025-10-11,2025-10-11,2025-10-20,2025-10-20
USR_9BF405CF,TRUE,397547.43,2025-09-11,2025-09-11,2025-09-20,2025-09-20
USR_9BF405CF,TRUE,451615.17,2025-08-11,2025-08-11,2025-08-20,2025-08-20
USR_B431AF39,TRUE,723064.96,2025-12-11,2025-12-11,2025-12-20,2025-12-20
USR_B431AF39,TRUE,231881.25,2025-12-11,2025-12-11,2025-12-20,2025-12-20
USR_B431AF39,TRUE,760047.13,2025-11-11,2025-11-11,2025-11-20,2025-11-20
USR_B431AF39,TRUE,641697.14,2025-10-11,2025-10-11,2025-10-20,2025-10-20
USR_B431AF39,TRUE,735120.29,2025-09-11,2025-09-11,2025-09-20,2025-09-20
USR_B431AF39,TRUE,405097.46,2025-08-11,2025-08-11,2025-08-20,2025-08-20
USR_B3F287AC,TRUE,329825.3,2025-12-11,2025-12-11,2025-12-20,2025-12-20
USR_B3F287AC,TRUE,665112.34,2025-12-11,2025-12-11,2025-12-20,2025-12-20
USR_B3F287AC,TRUE,438725.4,2025-11-11,2025-11-11,2025-11-20,2025-11-20
USR_B3F287AC,TRUE,544278.22,2025-10-11,2025-10-11,2025-10-20,2025-10-20
USR_B3F287AC,TRUE,866965.26,2025-09-11,2025-09-11,2025-09-20,2025-09-20
USR_B3F287AC,TRUE,193774.45,2025-08-11,2025-08-11,2025-08-20,2025-08-20
USR_62A8DF29,TRUE,480730.2,2025-12-11,2025-12-11,2025-12-20,2025-12-20
USR_62A8DF29,TRUE,422916.83,2025-12-11,2025-12-11,2025-12-20,2025-12-20
USR_62A8DF29,TRUE,600023.62,2025-11-11,2025-11-11,2025-11-20,2025-11-20
USR_62A8DF29,TRUE,232596.36,2025-10-11,2025-10-11,2025-10-20,2025-10-20
USR_62A8DF29,TRUE,490156.19,2025-09-11,2025-09-11,2025-09-20,2025-09-20
USR_62A8DF29,TRUE,637239.47,2025-08-11,2025-08-11,2025-08-20,2025-08-20
USR_55296A43,TRUE,453727.18,2025-12-11,2025-12-11,2025-12-20,2025-12-20
USR_55296A43,TRUE,207197.62,2025-12-11,2025-12-11,2025-12-20,2025-12-20
USR_55296A43,TRUE,404565.5,2025-11-11,2025-11-11,2025-11-20,2025-11-20
USR_55296A43,TRUE,638542.76,2025-10-11,2025-10-11,2025-10-20,2025-10-20
USR_55296A43,TRUE,218326.74,2025-09-11,2025-09-11,2025-09-20,2025-09-20
USR_55296A43,TRUE,338908.15,2025-08-11,2025-08-11,2025-08-20,2025-08-20
USR_5A1ACCA4,FALSE,717674.53,2025-12-11,2025-12-12,2025-12-20,2025-12-22
USR_5A1ACCA4,FALSE,746316.14,2025-12-11,2026-01-09,2025-12-20,2025-12-31
USR_5A1ACCA4,FALSE,109692.36,2025-11-11,2025-11-20,2025-11-20,2025-11-25
USR_5A1ACCA4,FALSE,475633.0,2025-10-11,2025-10-12,2025-10-20,2025-10-23
USR_5A1ACCA4,FALSE,203007.21,2025-09-11,2025-09-24,2025-09-20,2025-10-08
USR_5A1ACCA4,FALSE,553505.66,2025-08-11,2025-08-18,2025-08-20,2025-09-19
USR_29EDEA5A,TRUE,582839.03,2025-12-11,2025-12-11,2025-12-20,2025-12-20
USR_29EDEA5A,TRUE,908470.54,2025-12-11,2025-12-11,2025-12-20,2025-12-20
USR_29EDEA5A,TRUE,670544.88,2025-11-11,2025-11-11,2025-11-20,2025-11-20
USR_29EDEA5A,TRUE,730839.58,2025-10-11,2025-10-11,2025-10-20,2025-10-20
USR_29EDEA5A,TRUE,423183.02,2025-09-11,2025-09-11,2025-09-20,2025-09-20
USR_29EDEA5A,TRUE,660605.84,2025-08-11,2025-08-11,2025-08-20,2025-08-20
USR_4ED7BA37,TRUE,643397.46,2025-12-11,2025-12-11,2025-12-20,2025-12-20
USR_4ED7BA37,TRUE,771704.51,2025-12-11,2025-12-11,2025-12-20,2025-12-20
USR_4ED7BA37,TRUE,739161.93,2025-11-11,2025-11-11,2025-11-20,2025-11-20
USR_4ED7BA37,TRUE,867175.13,2025-10-11,2025-10-11,2025-10-20,2025-10-20
USR_4ED7BA37,TRUE,990034.26,2025-09-11,2025-09-11,2025-09-20,2025-09-20
USR_4ED7BA37,TRUE,338721.75,2025-08-11,2025-08-11,2025-08-20,2025-08-20
USR_1A877B02,FALSE,112438.89,2025-12-11,2025-12-21,2025-12-20,2025-12-22
USR_1A877B02,FALSE,921850.0,2025-12-11,2026-01-02,2025-12-20,2025-12-29
USR_1A877B02,FALSE,327834.47,2025-11-11,2025-11-23,2025-11-20,2025-11-28
USR_1A877B02,FALSE,806708.61,2025-10-11,2025-10-18,2025-10-20,2025-10-21
USR_1A877B02,FALSE,560779.58,2025-09-11,2025-10-03,2025-09-20,2025-10-02
USR_1A877B02,FALSE,584238.43,2025-08-11,2025-09-02,2025-08-20,2025-09-11
USR_4BC82F85,FALSE,367988.49,2025-12-11,2026-01-03,2025-12-20,2026-01-19
USR_4BC82F85,FALSE,407857.65,2025-12-11,2025-12-24,2025-12-20,2026-01-01
USR_4BC82F85,FALSE,701883.87,2025-11-11,2025-12-03,2025-11-20,2025-11-21
USR_4BC82F85,FALSE,298065.46,2025-10-11,2025-10-21,2025-10-20,2025-11-16
USR_4BC82F85,FALSE,852943.39,2025-09-11,2025-10-05,2025-09-20,2025-09-24
USR_4BC82F85,FALSE,230573.89,2025-08-11,2025-08-25,2025-08-20,2025-08-27
USR_997884D8,TRUE,287621.72,2025-12-11,2025-12-11,2025-12-20,2025-12-20
USR_997884D8,TRUE,887874.66,2025-12-11,2025-12-11,2025-12-20,2025-12-20
USR_997884D8,TRUE,984384.22,2025-11-11,2025-11-11,2025-11-20,2025-11-20
USR_997884D8,TRUE,132674.45,2025-10-11,2025-10-11,2025-10-20,2025-10-20
USR_997884D8,TRUE,684353.54,2025-09-11,2025-09-11,2025-09-20,2025-09-20
USR_997884D8,TRUE,637108.89,2025-08-11,2025-08-11,2025-08-20,2025-08-20
USR_E1DC3B14,TRUE,375492.83,2025-12-11,2025-12-11,2025-12-20,2025-12-20
USR_E1DC3B14,TRUE,559451.3,2025-12-11,2025-12-11,2025-12-20,2025-12-20
USR_E1DC3B14,TRUE,902398.73,2025-11-11,2025-11-11,2025-11-20,2025-11-20
USR_E1DC3B14,TRUE,240366.11,2025-10-11,2025-10-11,2025-10-20,2025-10-20
USR_E1DC3B14,TRUE,614065.06,2025-09-11,2025-09-11,2025-09-20,2025-09-20
USR_E1DC3B14,TRUE,657393.06,2025-08-11,2025-08-11,2025-08-20,2025-08-20
USR_FD2A04A7,TRUE,557084.5,2025-12-11,2025-12-11,2025-12-20,2025-12-20
USR_FD2A04A7,TRUE,354650.65,2025-12-11,2025-12-11,2025-12-20,2025-12-20
USR_FD2A04A7,TRUE,847564.3,2025-11-11,2025-11-11,2025-11-20,2025-11-20
USR_FD2A04A7,TRUE,928251.78,2025-10-11,2025-10-11,2025-10-20,2025-10-20
USR_FD2A04A7,TRUE,970914.01,2025-09-11,2025-09-11,2025-09-20,2025-09-20
USR_FD2A04A7,TRUE,613109.96,2025-08-11,2025-08-11,2025-08-20,2025-08-20
USR_15609282,TRUE,552637.16,2025-12-11,2025-12-11,2025-12-20,2025-12-20
USR_15609282,TRUE,541067.78,2025-12-11,2025-12-11,2025-12-20,2025-12-20
USR_15609282,TRUE,919176.4,2025-11-11,2025-11-11,2025-11-20,2025-11-20
USR_15609282,TRUE,361908.19,2025-10-11,2025-10-11,2025-10-20,2025-10-20
USR_15609282,TRUE,922013.43,2025-09-11,2025-09-11,2025-09-20,2025-09-20
USR_15609282,TRUE,547513.8,2025-08-11,2025-08-11,2025-08-20,2025-08-20
USR_CA20DA35,TRUE,992277.27,2025-12-11,2025-12-11,2025-12-20,2025-12-20
USR_CA20DA35,TRUE,688821.21,2025-12-11,2025-12-11,2025-12-20,2025-12-20
USR_CA20DA35,TRUE,537443.62,2025-11-11,2025-11-11,2025-11-20,2025-11-20
USR_CA20DA35,TRUE,764354.05,2025-10-11,2025-10-11,2025-10-20,2025-10-20
USR_CA20DA35,TRUE,474337.15,2025-09-11,2025-09-11,2025-09-20,2025-09-20
USR_CA20DA35,TRUE,224188.79,2025-08-11,2025-08-11,2025-08-20,2025-08-20
USR_4D148E83,FALSE,473450.29,2025-12-11,2026-01-08,2025-12-20,2026-01-15
USR_4D148E83,FALSE,332030.83,2025-12-11,2026-01-10,2025-12-20,2026-01-19
USR_4D148E83,FALSE,572295.89,2025-11-11,2025-12-01,2025-11-20,2025-12-07
USR_4D148E83,FALSE,946773.59,2025-10-11,2025-10-25,2025-10-20,2025-10-21
USR_4D148E83,FALSE,437504.41,2025-09-11,2025-10-04,2025-09-20,2025-10-12
USR_4D148E83,FALSE,642503.09,2025-08-11,2025-09-06,2025-08-20,2025-09-07
USR_FBAFD591,FALSE,307457.79,2025-12-11,2025-12-18,2025-12-20,2026-01-10
USR_FBAFD591,FALSE,326504.66,2025-12-11,2025-12-14,2025-12-20,2026-01-11
USR_FBAFD591,FALSE,975513.78,2025-11-11,2025-12-07,2025-11-20,2025-12-17
USR_FBAFD591,FALSE,272771.8,2025-10-11,2025-10-24,2025-10-20,2025-10-26
USR_FBAFD591,FALSE,435407.92,2025-09-11,2025-09-24,2025-09-20,2025-09-29
USR_FBAFD591,FALSE,814125.72,2025-08-11,2025-08-28,2025-08-20,2025-09-04
USR_549142B5,TRUE,805054.87,2025-12-11,2025-12-11,2025-12-20,2025-12-20
USR_549142B5,TRUE,981808.21,2025-12-11,2025-12-11,2025-12-20,2025-12-20
USR_549142B5,TRUE,458064.66,2025-11-11,2025-11-11,2025-11-20,2025-11-20
USR_549142B5,TRUE,429252.55,2025-10-11,2025-10-11,2025-10-20,2025-10-20
USR_549142B5,TRUE,406287.8,2025-09-11,2025-09-11,2025-09-20,2025-09-20
USR_549142B5,TRUE,394607.0,2025-08-11,2025-08-11,2025-08-20,2025-08-20
USR_283729C2,TRUE,872418.26,2025-12-11,2025-12-11,2025-12-20,2025-12-20
USR_283729C2,TRUE,653044.12,2025-12-11,2025-12-11,2025-12-20,2025-12-20
USR_283729C2,TRUE,355527.89,2025-11-11,2025-11-11,2025-11-20,2025-11-20
USR_283729C2,TRUE,220460.8,2025-10-11,2025-10-11,2025-10-20,2025-10-20
USR_283729C2,TRUE,543677.02,2025-09-11,2025-09-11,2025-09-20,2025-09-20
USR_283729C2,TRUE,975545.38,2025-08-11,2025-08-11,2025-08-20,2025-08-20
USR_211BE1CB,FALSE,666743.69,2025-12-11,2026-01-04,2025-12-20,2026-01-18
USR_211BE1CB,FALSE,227924.4,2025-12-11,2025-12-13,2025-12-20,2026-01-16
USR_211BE1CB,FALSE,503385.83,2025-11-11,2025-11-13,2025-11-20,2025-12-05
USR_211BE1CB,FALSE,808939.99,2025-10-11,2025-11-04,2025-10-20,2025-11-08
USR_211BE1CB,FALSE,920994.5,2025-09-11,2025-09-15,2025-09-20,2025-09-25
USR_211BE1CB,FALSE,604805.29,2025-08-11,2025-08-12,2025-08-20,2025-09-01
USR_D0E1FA21,TRUE,383730.38,2025-12-11,2025-12-11,2025-12-20,2025-12-20
USR_D0E1FA21,TRUE,194776.48,2025-12-11,2025-12-11,2025-12-20,2025-12-20
USR_D0E1FA21,TRUE,490346.23,2025-11-11,2025-11-11,2025-11-20,2025-11-20
USR_D0E1FA21,TRUE,970757.48,2025-10-11,2025-10-11,2025-10-20,2025-10-20
USR_D0E1FA21,TRUE,279588.36,2025-09-11,2025-09-11,2025-09-20,2025-09-20
USR_D0E1FA21,TRUE,587025.37,2025-08-11,2025-08-11,2025-08-20,2025-08-20
USR_03869EDB,TRUE,414020.37,2025-12-11,2025-12-11,2025-12-20,2025-12-20
USR_03869EDB,TRUE,659292.05,2025-12-11,2025-12-11,2025-12-20,2025-12-20
USR_03869EDB,TRUE,570006.98,2025-11-11,2025-11-11,2025-11-20,2025-11-20
USR_03869EDB,TRUE,332903.04,2025-10-11,2025-10-11,2025-10-20,2025-10-20
USR_03869EDB,TRUE,800159.47,2025-09-11,2025-09-11,2025-09-20,2025-09-20
USR_03869EDB,TRUE,216671.63,2025-08-11,2025-08-11,2025-08-20,2025-08-20
USR_47543929,TRUE,580582.74,2025-12-11,2025-12-11,2025-12-20,2025-12-20
USR_47543929,TRUE,934791.55,2025-12-11,2025-12-11,2025-12-20,2025-12-20
USR_47543929,TRUE,465406.42,2025-11-11,2025-11-11,2025-11-20,2025-11-20
USR_47543929,TRUE,573668.71,2025-10-11,2025-10-11,2025-10-20,2025-10-20
USR_47543929,TRUE,704625.58,2025-09-11,2025-09-11,2025-09-20,2025-09-20
USR_47543929,TRUE,200547.99,2025-08-11,2025-08-11,2025-08-20,2025-08-20
USR_4873C022,TRUE,327148.48,2025-12-11,2025-12-11,2025-12-20,2025-12-20
USR_4873C022,TRUE,785295.02,2025-12-11,2025-12-11,2025-12-20,2025-12-20
USR_4873C022,TRUE,104196.96,2025-11-11,2025-11-11,2025-11-20,2025-11-20
USR_4873C022,TRUE,894744.48,2025-10-11,2025-10-11,2025-10-20,2025-10-20
USR_4873C022,TRUE,466002.9,2025-09-11,2025-09-11,2025-09-20,2025-09-20
USR_4873C022,TRUE,428867.93,2025-08-11,2025-08-11,2025-08-20,2025-08-20
USR_02094391,TRUE,630094.57,2025-12-11,2025-12-11,2025-12-20,2025-12-20
USR_02094391,TRUE,153109.39,2025-12-11,2025-12-11,2025-12-20,2025-12-20
USR_02094391,TRUE,652570.01,2025-11-11,2025-11-11,2025-11-20,2025-11-20
USR_02094391,TRUE,424812.19,2025-10-11,2025-10-11,2025-10-20,2025-10-20
USR_02094391,TRUE,391760.74,2025-09-11,2025-09-11,2025-09-20,2025-09-20
USR_02094391,TRUE,898433.76,2025-08-11,2025-08-11,2025-08-20,2025-08-20
USR_8A64F683,TRUE,947034.88,2025-12-11,2025-12-11,2025-12-20,2025-12-20
USR_8A64F683,TRUE,168892.92,2025-12-11,2025-12-11,2025-12-20,2025-12-20
USR_8A64F683,TRUE,962041.19,2025-11-11,2025-11-11,2025-11-20,2025-11-20
USR_8A64F683,TRUE,262347.49,2025-10-11,2025-10-11,2025-10-20,2025-10-20
USR_8A64F683,TRUE,605518.97,2025-09-11,2025-09-11,2025-09-20,2025-09-20
USR_8A64F683,TRUE,929975.02,2025-08-11,2025-08-11,2025-08-20,2025-08-20
USR_8AD6AD60,TRUE,434892.1,2025-12-11,2025-12-11,2025-12-20,2025-12-20
USR_8AD6AD60,TRUE,614915.49,2025-12-11,2025-12-11,2025-12-20,2025-12-20
USR_8AD6AD60,TRUE,354847.96,2025-11-11,2025-11-11,2025-11-20,2025-11-20
USR_8AD6AD60,TRUE,659297.58,2025-10-11,2025-10-11,2025-10-20,2025-10-20
USR_8AD6AD60,TRUE,223140.58,2025-09-11,2025-09-11,2025-09-20,2025-09-20
USR_8AD6AD60,TRUE,992641.46,2025-08-11,2025-08-11,2025-08-20,2025-08-20
USR_E6D4C059,TRUE,560350.01,2025-12-11,2025-12-11,2025-12-20,2025-12-20
USR_E6D4C059,TRUE,991973.78,2025-12-11,2025-12-11,2025-12-20,2025-12-20
USR_E6D4C059,TRUE,617495.25,2025-11-11,2025-11-11,2025-11-20,2025-11-20
USR_E6D4C059,TRUE,926394.83,2025-10-11,2025-10-11,2025-10-20,2025-10-20
USR_E6D4C059,TRUE,402247.72,2025-09-11,2025-09-11,2025-09-20,2025-09-20
USR_E6D4C059,TRUE,989489.07,2025-08-11,2025-08-11,2025-08-20,2025-08-20
USR_98982072,TRUE,375535.37,2025-12-11,2025-12-11,2025-12-20,2025-12-20
USR_98982072,TRUE,193549.47,2025-12-11,2025-12-11,2025-12-20,2025-12-20
USR_98982072,TRUE,357503.58,2025-11-11,2025-11-11,2025-11-20,2025-11-20
USR_98982072,TRUE,907972.2,2025-10-11,2025-10-11,2025-10-20,2025-10-20
USR_98982072,TRUE,274030.8,2025-09-11,2025-09-11,2025-09-20,2025-09-20
USR_98982072,TRUE,553630.27,2025-08-11,2025-08-11,2025-08-20,2025-08-20
USR_1769C92B,TRUE,362527.13,2025-12-11,2025-12-11,2025-12-20,2025-12-20
USR_1769C92B,TRUE,716473.69,2025-12-11,2025-12-11,2025-12-20,2025-12-20
USR_1769C92B,TRUE,716929.99,2025-11-11,2025-11-11,2025-11-20,2025-11-20
USR_1769C92B,TRUE,974307.61,2025-10-11,2025-10-11,2025-10-20,2025-10-20
USR_1769C92B,TRUE,327447.04,2025-09-11,2025-09-11,2025-09-20,2025-09-20
USR_1769C92B,TRUE,153196.26,2025-08-11,2025-08-11,2025-08-20,2025-08-20
USR_5688BF9C,TRUE,411460.11,2025-12-11,2025-12-11,2025-12-20,2025-12-20
USR_5688BF9C,TRUE,345903.35,2025-12-11,2025-12-11,2025-12-20,2025-12-20
USR_5688BF9C,TRUE,553544.05,2025-11-11,2025-11-11,2025-11-20,2025-11-20
USR_5688BF9C,TRUE,463253.45,2025-10-11,2025-10-11,2025-10-20,2025-10-20
USR_5688BF9C,TRUE,839969.6,2025-09-11,2025-09-11,2025-09-20,2025-09-20
USR_5688BF9C,TRUE,862865.12,2025-08-11,2025-08-11,2025-08-20,2025-08-20
USR_BF858D1F,TRUE,443337.92,2025-12-11,2025-12-11,2025-12-20,2025-12-20
USR_BF858D1F,TRUE,623064.29,2025-12-11,2025-12-11,2025-12-20,2025-12-20
USR_BF858D1F,TRUE,124031.71,2025-11-11,2025-11-11,2025-11-20,2025-11-20
USR_BF858D1F,TRUE,999110.8,2025-10-11,2025-10-11,2025-10-20,2025-10-20
USR_BF858D1F,TRUE,839112.45,2025-09-11,2025-09-11,2025-09-20,2025-09-20
USR_BF858D1F,TRUE,139818.23,2025-08-11,2025-08-11,2025-08-20,2025-08-20
USR_CC8B6DCA,TRUE,526278.31,2025-12-11,2025-12-11,2025-12-20,2025-12-20
USR_CC8B6DCA,TRUE,701211.81,2025-12-11,2025-12-11,2025-12-20,2025-12-20
USR_CC8B6DCA,TRUE,847738.33,2025-11-11,2025-11-11,2025-11-20,2025-11-20
USR_CC8B6DCA,TRUE,833133.68,2025-10-11,2025-10-11,2025-10-20,2025-10-20
USR_CC8B6DCA,TRUE,666629.9,2025-09-11,2025-09-11,2025-09-20,2025-09-20
USR_CC8B6DCA,TRUE,317746.49,2025-08-11,2025-08-11,2025-08-20,2025-08-20
USR_1F6CBF7A,TRUE,432932.88,2025-12-11,2025-12-11,2025-12-20,2025-12-20
USR_1F6CBF7A,TRUE,961796.38,2025-12-11,2025-12-11,2025-12-20,2025-12-20
USR_1F6CBF7A,TRUE,214405.11,2025-11-11,2025-11-11,2025-11-20,2025-11-20
USR_1F6CBF7A,TRUE,846336.05,2025-10-11,2025-10-11,2025-10-20,2025-10-20
USR_1F6CBF7A,TRUE,166437.63,2025-09-11,2025-09-11,2025-09-20,2025-09-20
USR_1F6CBF7A,TRUE,659352.23,2025-08-11,2025-08-11,2025-08-20,2025-08-20
USR_417EDE73,TRUE,916378.03,2025-12-11,2025-12-11,2025-12-20,2025-12-20
USR_417EDE73,TRUE,749145.23,2025-12-11,2025-12-11,2025-12-20,2025-12-20
USR_417EDE73,TRUE,998868.05,2025-11-11,2025-11-11,2025-11-20,2025-11-20
USR_417EDE73,TRUE,908896.85,2025-10-11,2025-10-11,2025-10-20,2025-10-20
USR_417EDE73,TRUE,838861.12,2025-09-11,2025-09-11,2025-09-20,2025-09-20
USR_417EDE73,TRUE,663895.18,2025-08-11,2025-08-11,2025-08-20,2025-08-20
USR_3EAE775F,TRUE,825271.92,2025-12-11,2025-12-11,2025-12-20,2025-12-20
USR_3EAE775F,TRUE,896294.31,2025-12-11,2025-12-11,2025-12-20,2025-12-20
USR_3EAE775F,TRUE,223500.87,2025-11-11,2025-11-11,2025-11-20,2025-11-20
USR_3EAE775F,TRUE,223115.94,2025-10-11,2025-10-11,2025-10-20,2025-10-20
USR_3EAE775F,TRUE,564825.56,2025-09-11,2025-09-11,2025-09-20,2025-09-20
USR_3EAE775F,TRUE,997909.8,2025-08-11,2025-08-11,2025-08-20,2025-08-20
USR_47960124,FALSE,118990.72,2025-12-11,2025-12-16,2025-12-20,2026-01-09
USR_47960124,FALSE,430434.01,2025-12-11,2025-12-20,2025-12-20,2025-12-30
USR_47960124,FALSE,257337.86,2025-11-11,2025-11-18,2025-11-20,2025-11-28
USR_47960124,FALSE,735423.39,2025-10-11,2025-10-12,2025-10-20,2025-11-15
USR_47960124,FALSE,221929.37,2025-09-11,2025-09-29,2025-09-20,2025-10-07
USR_47960124,FALSE,230888.95,2025-08-11,2025-08-17,2025-08-20,2025-08-29
USR_53635766,TRUE,190390.33,2025-12-11,2025-12-11,2025-12-20,2025-12-20
USR_53635766,TRUE,948914.99,2025-12-11,2025-12-11,2025-12-20,2025-12-20
USR_53635766,TRUE,337830.06,2025-11-11,2025-11-11,2025-11-20,2025-11-20
USR_53635766,TRUE,269070.4,2025-10-11,2025-10-11,2025-10-20,2025-10-20
USR_53635766,TRUE,936751.51,2025-09-11,2025-09-11,2025-09-20,2025-09-20
USR_53635766,TRUE,186058.31,2025-08-11,2025-08-11,2025-08-20,2025-08-20
USR_92A9F4B9,TRUE,247758.16,2025-12-11,2025-12-11,2025-12-20,2025-12-20
USR_92A9F4B9,TRUE,669547.99,2025-12-11,2025-12-11,2025-12-20,2025-12-20
USR_92A9F4B9,TRUE,284326.64,2025-11-11,2025-11-11,2025-11-20,2025-11-20
USR_92A9F4B9,TRUE,490318.49,2025-10-11,2025-10-11,2025-10-20,2025-10-20
USR_92A9F4B9,TRUE,462197.0,2025-09-11,2025-09-11,2025-09-20,2025-09-20
USR_92A9F4B9,TRUE,318300.07,2025-08-11,2025-08-11,2025-08-20,2025-08-20
USR_F6A89DF1,FALSE,161946.68,2025-12-11,2025-12-16,2025-12-20,2025-12-31
USR_F6A89DF1,FALSE,589688.12,2025-12-11,2025-12-27,2025-12-20,2025-12-21
USR_F6A89DF1,FALSE,741869.85,2025-11-11,2025-11-12,2025-11-20,2025-11-29
USR_F6A89DF1,FALSE,299079.08,2025-10-11,2025-10-12,2025-10-20,2025-11-14
USR_F6A89DF1,FALSE,393262.11,2025-09-11,2025-10-05,2025-09-20,2025-10-19
USR_F6A89DF1,FALSE,304873.31,2025-08-11,2025-09-02,2025-08-20,2025-09-06
USR_B9519848,TRUE,611987.38,2025-12-11,2025-12-11,2025-12-20,2025-12-20
USR_B9519848,TRUE,591842.9,2025-12-11,2025-12-11,2025-12-20,2025-12-20
USR_B9519848,TRUE,963809.54,2025-11-11,2025-11-11,2025-11-20,2025-11-20
USR_B9519848,TRUE,914507.35,2025-10-11,2025-10-11,2025-10-20,2025-10-20
USR_B9519848,TRUE,577017.31,2025-09-11,2025-09-11,2025-09-20,2025-09-20
USR_B9519848,TRUE,787797.3,2025-08-11,2025-08-11,2025-08-20,2025-08-20
USR_CE11E437,FALSE,413630.32,2025-12-11,2026-01-09,2025-12-20,2026-01-09
USR_CE11E437,FALSE,210010.2,2025-12-11,2025-12-15,2025-12-20,2025-12-28
USR_CE11E437,FALSE,786990.89,2025-11-11,2025-11-30,2025-11-20,2025-12-03
USR_CE11E437,FALSE,317031.19,2025-10-11,2025-11-04,2025-10-20,2025-10-21
USR_CE11E437,FALSE,950554.66,2025-09-11,2025-09-26,2025-09-20,2025-09-24
USR_CE11E437,FALSE,246111.28,2025-08-11,2025-08-29,2025-08-20,2025-08-27
USR_5EE8775F,FALSE,685848.91,2025-12-11,2026-01-05,2025-12-20,2026-01-11
USR_5EE8775F,FALSE,113052.07,2025-12-11,2025-12-22,2025-12-20,2026-01-06
USR_5EE8775F,FALSE,696314.58,2025-11-11,2025-11-30,2025-11-20,2025-12-05
USR_5EE8775F,FALSE,468750.24,2025-10-11,2025-10-31,2025-10-20,2025-10-26
USR_5EE8775F,FALSE,885803.7,2025-09-11,2025-09-22,2025-09-20,2025-10-10
USR_5EE8775F,FALSE,601197.39,2025-08-11,2025-08-29,2025-08-20,2025-08-29
USR_4A71A9F5,TRUE,576600.07,2025-12-11,2025-12-11,2025-12-20,2025-12-20
USR_4A71A9F5,TRUE,537201.16,2025-12-11,2025-12-11,2025-12-20,2025-12-20
USR_4A71A9F5,TRUE,759727.92,2025-11-11,2025-11-11,2025-11-20,2025-11-20
USR_4A71A9F5,TRUE,590890.5,2025-10-11,2025-10-11,2025-10-20,2025-10-20
USR_4A71A9F5,TRUE,815216.97,2025-09-11,2025-09-11,2025-09-20,2025-09-20
USR_4A71A9F5,TRUE,487891.64,2025-08-11,2025-08-11,2025-08-20,2025-08-20
USR_2CB25F50,TRUE,326926.65,2025-12-11,2025-12-11,2025-12-20,2025-12-20
USR_2CB25F50,TRUE,553652.56,2025-12-11,2025-12-11,2025-12-20,2025-12-20
USR_2CB25F50,TRUE,749035.0,2025-11-11,2025-11-11,2025-11-20,2025-11-20
USR_2CB25F50,TRUE,997414.17,2025-10-11,2025-10-11,2025-10-20,2025-10-20
USR_2CB25F50,TRUE,566412.78,2025-09-11,2025-09-11,2025-09-20,2025-09-20
USR_2CB25F50,TRUE,220210.98,2025-08-11,2025-08-11,2025-08-20,2025-08-20
USR_945B8DB0,FALSE,843485.6,2025-12-11,2025-12-25,2025-12-20,2026-01-11
USR_945B8DB0,FALSE,709857.23,2025-12-11,2025-12-12,2025-12-20,2026-01-04
USR_945B8DB0,FALSE,715450.64,2025-11-11,2025-11-24,2025-11-20,2025-12-03
USR_945B8DB0,FALSE,918857.64,2025-10-11,2025-10-16,2025-10-20,2025-10-26
USR_945B8DB0,FALSE,292340.94,2025-09-11,2025-10-08,2025-09-20,2025-10-02
USR_945B8DB0,FALSE,255406.22,2025-08-11,2025-09-09,2025-08-20,2025-08-23
USR_E47C351A,TRUE,643614.43,2025-12-11,2025-12-11,2025-12-20,2025-12-20
USR_E47C351A,TRUE,115706.71,2025-12-11,2025-12-11,2025-12-20,2025-12-20
USR_E47C351A,TRUE,439181.15,2025-11-11,2025-11-11,2025-11-20,2025-11-20
USR_E47C351A,TRUE,528115.49,2025-10-11,2025-10-11,2025-10-20,2025-10-20
USR_E47C351A,TRUE,875185.3,2025-09-11,2025-09-11,2025-09-20,2025-09-20
USR_E47C351A,TRUE,828882.85,2025-08-11,2025-08-11,2025-08-20,2025-08-20
USR_48EF0B35,TRUE,541620.7,2025-12-11,2025-12-11,2025-12-20,2025-12-20
USR_48EF0B35,TRUE,352218.08,2025-12-11,2025-12-11,2025-12-20,2025-12-20
USR_48EF0B35,TRUE,319808.39,2025-11-11,2025-11-11,2025-11-20,2025-11-20
USR_48EF0B35,TRUE,252720.69,2025-10-11,2025-10-11,2025-10-20,2025-10-20
USR_48EF0B35,TRUE,102558.39,2025-09-11,2025-09-11,2025-09-20,2025-09-20
USR_48EF0B35,TRUE,183174.27,2025-08-11,2025-08-11,2025-08-20,2025-08-20
USR_582A2C96,TRUE,307077.67,2025-12-11,2025-12-11,2025-12-20,2025-12-20
USR_582A2C96,TRUE,674513.0,2025-12-11,2025-12-11,2025-12-20,2025-12-20
USR_582A2C96,TRUE,980662.66,2025-11-11,2025-11-11,2025-11-20,2025-11-20
USR_582A2C96,TRUE,233703.23,2025-10-11,2025-10-11,2025-10-20,2025-10-20
USR_582A2C96,TRUE,573558.88,2025-09-11,2025-09-11,2025-09-20,2025-09-20
USR_582A2C96,TRUE,703445.26,2025-08-11,2025-08-11,2025-08-20,2025-08-20
USR_0B7EDFBE,TRUE,589798.25,2025-12-11,2025-12-11,2025-12-20,2025-12-20
USR_0B7EDFBE,TRUE,861518.41,2025-12-11,2025-12-11,2025-12-20,2025-12-20
USR_0B7EDFBE,TRUE,367808.99,2025-11-11,2025-11-11,2025-11-20,2025-11-20
USR_0B7EDFBE,TRUE,908586.21,2025-10-11,2025-10-11,2025-10-20,2025-10-20
USR_0B7EDFBE,TRUE,225871.01,2025-09-11,2025-09-11,2025-09-20,2025-09-20
USR_0B7EDFBE,TRUE,225640.25,2025-08-11,2025-08-11,2025-08-20,2025-08-20
USR_FA1B29AE,TRUE,404504.82,2025-12-11,2025-12-11,2025-12-20,2025-12-20
USR_FA1B29AE,TRUE,791484.47,2025-12-11,2025-12-11,2025-12-20,2025-12-20
USR_FA1B29AE,TRUE,371496.94,2025-11-11,2025-11-11,2025-11-20,2025-11-20
USR_FA1B29AE,TRUE,887946.81,2025-10-11,2025-10-11,2025-10-20,2025-10-20
USR_FA1B29AE,TRUE,752990.89,2025-09-11,2025-09-11,2025-09-20,2025-09-20
USR_FA1B29AE,TRUE,593445.82,2025-08-11,2025-08-11,2025-08-20,2025-08-20
USR_79311196,TRUE,404457.16,2025-12-11,2025-12-11,2025-12-20,2025-12-20
USR_79311196,TRUE,791078.56,2025-12-11,2025-12-11,2025-12-20,2025-12-20
USR_79311196,TRUE,153151.06,2025-11-11,2025-11-11,2025-11-20,2025-11-20
USR_79311196,TRUE,265147.1,2025-10-11,2025-10-11,2025-10-20,2025-10-20
USR_79311196,TRUE,275148.58,2025-09-11,2025-09-11,2025-09-20,2025-09-20
USR_79311196,TRUE,524115.56,2025-08-11,2025-08-11,2025-08-20,2025-08-20
USR_F0107889,TRUE,948112.59,2025-12-11,2025-12-11,2025-12-20,2025-12-20
USR_F0107889,TRUE,857340.28,2025-12-11,2025-12-11,2025-12-20,2025-12-20
USR_F0107889,TRUE,190227.31,2025-11-11,2025-11-11,2025-11-20,2025-11-20
USR_F0107889,TRUE,984065.37,2025-10-11,2025-10-11,2025-10-20,2025-10-20
USR_F0107889,TRUE,168588.56,2025-09-11,2025-09-11,2025-09-20,2025-09-20
USR_F0107889,TRUE,419609.28,2025-08-11,2025-08-11,2025-08-20,2025-08-20
USR_FB2EE62B,FALSE,222342.26,2025-12-11,2025-12-20,2025-12-20,2025-12-26
USR_FB2EE62B,FALSE,506414.21,2025-12-11,2025-12-26,2025-12-20,2026-01-04
USR_FB2EE62B,FALSE,519930.41,2025-11-11,2025-11-12,2025-11-20,2025-12-06
USR_FB2EE62B,FALSE,625709.11,2025-10-11,2025-10-25,2025-10-20,2025-10-30
USR_FB2EE62B,FALSE,170715.95,2025-09-11,2025-10-01,2025-09-20,2025-10-10
USR_FB2EE62B,FALSE,754097.74,2025-08-11,2025-08-13,2025-08-20,2025-09-17
USR_7684ABAD,TRUE,194496.4,2025-12-11,2025-12-11,2025-12-20,2025-12-20
USR_7684ABAD,TRUE,867956.43,2025-12-11,2025-12-11,2025-12-20,2025-12-20
USR_7684ABAD,TRUE,547661.56,2025-11-11,2025-11-11,2025-11-20,2025-11-20
USR_7684ABAD,TRUE,404355.94,2025-10-11,2025-10-11,2025-10-20,2025-10-20
USR_7684ABAD,TRUE,293082.89,2025-09-11,2025-09-11,2025-09-20,2025-09-20
USR_7684ABAD,TRUE,691804.75,2025-08-11,2025-08-11,2025-08-20,2025-08-20
USR_541BA8AE,TRUE,297318.68,2025-12-11,2025-12-11,2025-12-20,2025-12-20
USR_541BA8AE,TRUE,939224.04,2025-12-11,2025-12-11,2025-12-20,2025-12-20
USR_541BA8AE,TRUE,535386.54,2025-11-11,2025-11-11,2025-11-20,2025-11-20
USR_541BA8AE,TRUE,159311.03,2025-10-11,2025-10-11,2025-10-20,2025-10-20
USR_541BA8AE,TRUE,537767.08,2025-09-11,2025-09-11,2025-09-20,2025-09-20
USR_541BA8AE,TRUE,869382.04,2025-08-11,2025-08-11,2025-08-20,2025-08-20
USR_D61D75F9,TRUE,261382.18,2025-12-11,2025-12-11,2025-12-20,2025-12-20
USR_D61D75F9,TRUE,689552.4,2025-12-11,2025-12-11,2025-12-20,2025-12-20
USR_D61D75F9,TRUE,747161.88,2025-11-11,2025-11-11,2025-11-20,2025-11-20
USR_D61D75F9,TRUE,842418.18,2025-10-11,2025-10-11,2025-10-20,2025-10-20
USR_D61D75F9,TRUE,320648.1,2025-09-11,2025-09-11,2025-09-20,2025-09-20
USR_D61D75F9,TRUE,816460.58,2025-08-11,2025-08-11,2025-08-20,2025-08-20
USR_42BFAA16,TRUE,958697.02,2025-12-11,2025-12-11,2025-12-20,2025-12-20
USR_42BFAA16,TRUE,308638.54,2025-12-11,2025-12-11,2025-12-20,2025-12-20
USR_42BFAA16,TRUE,919615.22,2025-11-11,2025-11-11,2025-11-20,2025-11-20
USR_42BFAA16,TRUE,642995.98,2025-10-11,2025-10-11,2025-10-20,2025-10-20
USR_42BFAA16,TRUE,198490.76,2025-09-11,2025-09-11,2025-09-20,2025-09-20
USR_42BFAA16,TRUE,653015.94,2025-08-11,2025-08-11,2025-08-20,2025-08-20
USR_728EF88D,TRUE,731073.16,2025-12-11,2025-12-11,2025-12-20,2025-12-20
USR_728EF88D,TRUE,525898.64,2025-12-11,2025-12-11,2025-12-20,2025-12-20
USR_728EF88D,TRUE,746602.28,2025-11-11,2025-11-11,2025-11-20,2025-11-20
USR_728EF88D,TRUE,289581.84,2025-10-11,2025-10-11,2025-10-20,2025-10-20
USR_728EF88D,TRUE,608658.39,2025-09-11,2025-09-11,2025-09-20,2025-09-20
USR_728EF88D,TRUE,318416.85,2025-08-11,2025-08-11,2025-08-20,2025-08-20
USR_6F1558BC,TRUE,439189.52,2025-12-11,2025-12-11,2025-12-20,2025-12-20
USR_6F1558BC,TRUE,841663.53,2025-12-11,2025-12-11,2025-12-20,2025-12-20
USR_6F1558BC,TRUE,662867.25,2025-11-11,2025-11-11,2025-11-20,2025-11-20
USR_6F1558BC,TRUE,381928.96,2025-10-11,2025-10-11,2025-10-20,2025-10-20
USR_6F1558BC,TRUE,999532.29,2025-09-11,2025-09-11,2025-09-20,2025-09-20
USR_6F1558BC,TRUE,685369.51,2025-08-11,2025-08-11,2025-08-20,2025-08-20
USR_3872DE80,FALSE,202042.26,2025-12-11,2025-12-19,2025-12-20,2025-12-22
USR_3872DE80,FALSE,710418.15,2025-12-11,2026-01-02,2025-12-20,2025-12-27
USR_3872DE80,FALSE,503576.29,2025-11-11,2025-11-14,2025-11-20,2025-11-25
USR_3872DE80,FALSE,891114.43,2025-10-11,2025-11-05,2025-10-20,2025-11-01
USR_3872DE80,FALSE,445900.37,2025-09-11,2025-10-07,2025-09-20,2025-09-30
USR_3872DE80,FALSE,173630.98,2025-08-11,2025-08-29,2025-08-20,2025-09-04
USR_3C152C62,TRUE,770358.62,2025-12-11,2025-12-11,2025-12-20,2025-12-20
USR_3C152C62,TRUE,222361.1,2025-12-11,2025-12-11,2025-12-20,2025-12-20
USR_3C152C62,TRUE,524115.29,2025-11-11,2025-11-11,2025-11-20,2025-11-20
USR_3C152C62,TRUE,459984.11,2025-10-11,2025-10-11,2025-10-20,2025-10-20
USR_3C152C62,TRUE,499496.96,2025-09-11,2025-09-11,2025-09-20,2025-09-20
USR_3C152C62,TRUE,787248.02,2025-08-11,2025-08-11,2025-08-20,2025-08-20
USR_C5786C5D,TRUE,242056.1,2025-12-11,2025-12-11,2025-12-20,2025-12-20
USR_C5786C5D,TRUE,578824.86,2025-12-11,2025-12-11,2025-12-20,2025-12-20
USR_C5786C5D,TRUE,732105.69,2025-11-11,2025-11-11,2025-11-20,2025-11-20
USR_C5786C5D,TRUE,295340.06,2025-10-11,2025-10-11,2025-10-20,2025-10-20
USR_C5786C5D,TRUE,356267.59,2025-09-11,2025-09-11,2025-09-20,2025-09-20
USR_C5786C5D,TRUE,320392.56,2025-08-11,2025-08-11,2025-08-20,2025-08-20
USR_B32D5C01,TRUE,336087.54,2025-12-11,2025-12-11,2025-12-20,2025-12-20
USR_B32D5C01,TRUE,165897.79,2025-12-11,2025-12-11,2025-12-20,2025-12-20
USR_B32D5C01,TRUE,746501.31,2025-11-11,2025-11-11,2025-11-20,2025-11-20
USR_B32D5C01,TRUE,431018.12,2025-10-11,2025-10-11,2025-10-20,2025-10-20
USR_B32D5C01,TRUE,129437.18,2025-09-11,2025-09-11,2025-09-20,2025-09-20
USR_B32D5C01,TRUE,556211.33,2025-08-11,2025-08-11,2025-08-20,2025-08-20
USR_5564C115,FALSE,474853.76,2025-12-11,2025-12-30,2025-12-20,2025-12-29
USR_5564C115,FALSE,884427.38,2025-12-11,2026-01-10,2025-12-20,2026-01-08
USR_5564C115,FALSE,749060.27,2025-11-11,2025-11-30,2025-11-20,2025-11-24
USR_5564C115,FALSE,633457.31,2025-10-11,2025-11-04,2025-10-20,2025-11-03
USR_5564C115,FALSE,733947.34,2025-09-11,2025-09-18,2025-09-20,2025-10-19
USR_5564C115,FALSE,328524.91,2025-08-11,2025-09-01,2025-08-20,2025-08-23
USR_698E5806,TRUE,392998.88,2025-12-11,2025-12-11,2025-12-20,2025-12-20
USR_698E5806,TRUE,191760.16,2025-12-11,2025-12-11,2025-12-20,2025-12-20
USR_698E5806,TRUE,873550.45,2025-11-11,2025-11-11,2025-11-20,2025-11-20
USR_698E5806,TRUE,229623.97,2025-10-11,2025-10-11,2025-10-20,2025-10-20
USR_698E5806,TRUE,689681.04,2025-09-11,2025-09-11,2025-09-20,2025-09-20
USR_698E5806,TRUE,770489.68,2025-08-11,2025-08-11,2025-08-20,2025-08-20
USR_AC0C6C1E,TRUE,635471.45,2025-12-11,2025-12-11,2025-12-20,2025-12-20
USR_AC0C6C1E,TRUE,762765.86,2025-12-11,2025-12-11,2025-12-20,2025-12-20
USR_AC0C6C1E,TRUE,900556.33,2025-11-11,2025-11-11,2025-11-20,2025-11-20
USR_AC0C6C1E,TRUE,424895.48,2025-10-11,2025-10-11,2025-10-20,2025-10-20
USR_AC0C6C1E,TRUE,281329.74,2025-09-11,2025-09-11,2025-09-20,2025-09-20
USR_AC0C6C1E,TRUE,753740.27,2025-08-11,2025-08-11,2025-08-20,2025-08-20
USR_25ECE0C0,TRUE,438004.42,2025-12-11,2025-12-11,2025-12-20,2025-12-20
USR_25ECE0C0,TRUE,595227.62,2025-12-11,2025-12-11,2025-12-20,2025-12-20
USR_25ECE0C0,TRUE,142765.15,2025-11-11,2025-11-11,2025-11-20,2025-11-20
USR_25ECE0C0,TRUE,335859.95,2025-10-11,2025-10-11,2025-10-20,2025-10-20
USR_25ECE0C0,TRUE,692873.73,2025-09-11,2025-09-11,2025-09-20,2025-09-20
USR_25ECE0C0,TRUE,482646.14,2025-08-11,2025-08-11,2025-08-20,2025-08-20
USR_08FC767F,TRUE,528414.43,2025-12-11,2025-12-11,2025-12-20,2025-12-20
USR_08FC767F,TRUE,657779.38,2025-12-11,2025-12-11,2025-12-20,2025-12-20
USR_08FC767F,TRUE,495486.03,2025-11-11,2025-11-11,2025-11-20,2025-11-20
USR_08FC767F,TRUE,829531.75,2025-10-11,2025-10-11,2025-10-20,2025-10-20
USR_08FC767F,TRUE,846443.53,2025-09-11,2025-09-11,2025-09-20,2025-09-20
USR_08FC767F,TRUE,840451.02,2025-08-11,2025-08-11,2025-08-20,2025-08-20
USR_333683C6,TRUE,352190.9,2025-12-11,2025-12-11,2025-12-20,2025-12-20
USR_333683C6,TRUE,742482.13,2025-12-11,2025-12-11,2025-12-20,2025-12-20
USR_333683C6,TRUE,331713.23,2025-11-11,2025-11-11,2025-11-20,2025-11-20
USR_333683C6,TRUE,508878.8,2025-10-11,2025-10-11,2025-10-20,2025-10-20
USR_333683C6,TRUE,431436.22,2025-09-11,2025-09-11,2025-09-20,2025-09-20
USR_333683C6,TRUE,628886.04,2025-08-11,2025-08-11,2025-08-20,2025-08-20
USR_9968A9D3,TRUE,360199.29,2025-12-11,2025-12-11,2025-12-20,2025-12-20
USR_9968A9D3,TRUE,550130.13,2025-12-11,2025-12-11,2025-12-20,2025-12-20
USR_9968A9D3,TRUE,924597.35,2025-11-11,2025-11-11,2025-11-20,2025-11-20
USR_9968A9D3,TRUE,113289.58,2025-10-11,2025-10-11,2025-10-20,2025-10-20
USR_9968A9D3,TRUE,332926.78,2025-09-11,2025-09-11,2025-09-20,2025-09-20
USR_9968A9D3,TRUE,178003.84,2025-08-11,2025-08-11,2025-08-20,2025-08-20
USR_5ED3AE3D,TRUE,341272.28,2025-12-11,2025-12-11,2025-12-20,2025-12-20
USR_5ED3AE3D,TRUE,214833.39,2025-12-11,2025-12-11,2025-12-20,2025-12-20
USR_5ED3AE3D,TRUE,864970.19,2025-11-11,2025-11-11,2025-11-20,2025-11-20
USR_5ED3AE3D,TRUE,468180.18,2025-10-11,2025-10-11,2025-10-20,2025-10-20
USR_5ED3AE3D,TRUE,286119.79,2025-09-11,2025-09-11,2025-09-20,2025-09-20
USR_5ED3AE3D,TRUE,438790.04,2025-08-11,2025-08-11,2025-08-20,2025-08-20
USR_35161D3A,TRUE,839116.53,2025-12-11,2025-12-11,2025-12-20,2025-12-20
USR_35161D3A,TRUE,605423.49,2025-12-11,2025-12-11,2025-12-20,2025-12-20
USR_35161D3A,TRUE,823207.52,2025-11-11,2025-11-11,2025-11-20,2025-11-20
USR_35161D3A,TRUE,840060.38,2025-10-11,2025-10-11,2025-10-20,2025-10-20
USR_35161D3A,TRUE,826978.39,2025-09-11,2025-09-11,2025-09-20,2025-09-20
USR_35161D3A,TRUE,589978.66,2025-08-11,2025-08-11,2025-08-20,2025-08-20
USR_F45C0B1B,TRUE,765193.66,2025-12-11,2025-12-11,2025-12-20,2025-12-20
USR_F45C0B1B,TRUE,810397.52,2025-12-11,2025-12-11,2025-12-20,2025-12-20
USR_F45C0B1B,TRUE,737533.5,2025-11-11,2025-11-11,2025-11-20,2025-11-20
USR_F45C0B1B,TRUE,921756.73,2025-10-11,2025-10-11,2025-10-20,2025-10-20
USR_F45C0B1B,TRUE,427371.1,2025-09-11,2025-09-11,2025-09-20,2025-09-20
USR_F45C0B1B,TRUE,210673.89,2025-08-11,2025-08-11,2025-08-20,2025-08-20
USR_AA64AF9C,TRUE,468140.22,2025-12-11,2025-12-11,2025-12-20,2025-12-20
USR_AA64AF9C,TRUE,674738.19,2025-12-11,2025-12-11,2025-12-20,2025-12-20
USR_AA64AF9C,TRUE,704950.91,2025-11-11,2025-11-11,2025-11-20,2025-11-20
USR_AA64AF9C,TRUE,294825.92,2025-10-11,2025-10-11,2025-10-20,2025-10-20
USR_AA64AF9C,TRUE,716853.93,2025-09-11,2025-09-11,2025-09-20,2025-09-20
USR_AA64AF9C,TRUE,487757.32,2025-08-11,2025-08-11,2025-08-20,2025-08-20
USR_D1757623,TRUE,234416.04,2025-12-11,2025-12-11,2025-12-20,2025-12-20
USR_D1757623,TRUE,982426.13,2025-12-11,2025-12-11,2025-12-20,2025-12-20
USR_D1757623,TRUE,742122.1,2025-11-11,2025-11-11,2025-11-20,2025-11-20
USR_D1757623,TRUE,641329.93,2025-10-11,2025-10-11,2025-10-20,2025-10-20
USR_D1757623,TRUE,142447.9,2025-09-11,2025-09-11,2025-09-20,2025-09-20
USR_D1757623,TRUE,847462.76,2025-08-11,2025-08-11,2025-08-20,2025-08-20
USR_F6F03D1E,TRUE,436253.66,2025-12-11,2025-12-11,2025-12-20,2025-12-20
USR_F6F03D1E,TRUE,369581.26,2025-12-11,2025-12-11,2025-12-20,2025-12-20
USR_F6F03D1E,TRUE,142369.41,2025-11-11,2025-11-11,2025-11-20,2025-11-20
USR_F6F03D1E,TRUE,155787.37,2025-10-11,2025-10-11,2025-10-20,2025-10-20
USR_F6F03D1E,TRUE,208823.05,2025-09-11,2025-09-11,2025-09-20,2025-09-20
USR_F6F03D1E,TRUE,569554.96,2025-08-11,2025-08-11,2025-08-20,2025-08-20
USR_15809569,TRUE,797817.46,2025-12-11,2025-12-11,2025-12-20,2025-12-20
USR_15809569,TRUE,653194.59,2025-12-11,2025-12-11,2025-12-20,2025-12-20
USR_15809569,TRUE,870093.1,2025-11-11,2025-11-11,2025-11-20,2025-11-20
USR_15809569,TRUE,844758.93,2025-10-11,2025-10-11,2025-10-20,2025-10-20
USR_15809569,TRUE,651401.62,2025-09-11,2025-09-11,2025-09-20,2025-09-20
USR_15809569,TRUE,887905.42,2025-08-11,2025-08-11,2025-08-20,2025-08-20
USR_6E59CEA0,TRUE,639494.5,2025-12-11,2025-12-11,2025-12-20,2025-12-20
USR_6E59CEA0,TRUE,577195.73,2025-12-11,2025-12-11,2025-12-20,2025-12-20
USR_6E59CEA0,TRUE,636090.55,2025-11-11,2025-11-11,2025-11-20,2025-11-20
USR_6E59CEA0,TRUE,746389.48,2025-10-11,2025-10-11,2025-10-20,2025-10-20
USR_6E59CEA0,TRUE,276367.23,2025-09-11,2025-09-11,2025-09-20,2025-09-20
USR_6E59CEA0,TRUE,526040.17,2025-08-11,2025-08-11,2025-08-20,2025-08-20
USR_FA041A5E,TRUE,299188.71,2025-12-11,2025-12-11,2025-12-20,2025-12-20
USR_FA041A5E,TRUE,132432.72,2025-12-11,2025-12-11,2025-12-20,2025-12-20
USR_FA041A5E,TRUE,238095.21,2025-11-11,2025-11-11,2025-11-20,2025-11-20
USR_FA041A5E,TRUE,733982.38,2025-10-11,2025-10-11,2025-10-20,2025-10-20
USR_FA041A5E,TRUE,347822.42,2025-09-11,2025-09-11,2025-09-20,2025-09-20
USR_FA041A5E,TRUE,529483.08,2025-08-11,2025-08-11,2025-08-20,2025-08-20
USR_3061E970,TRUE,323642.98,2025-12-11,2025-12-11,2025-12-20,2025-12-20
USR_3061E970,TRUE,581481.33,2025-12-11,2025-12-11,2025-12-20,2025-12-20
USR_3061E970,TRUE,393833.03,2025-11-11,2025-11-11,2025-11-20,2025-11-20
USR_3061E970,TRUE,766411.06,2025-10-11,2025-10-11,2025-10-20,2025-10-20
USR_3061E970,TRUE,974737.89,2025-09-11,2025-09-11,2025-09-20,2025-09-20
USR_3061E970,TRUE,453903.34,2025-08-11,2025-08-11,2025-08-20,2025-08-20
USR_48AEDE96,TRUE,749077.02,2025-12-11,2025-12-11,2025-12-20,2025-12-20
USR_48AEDE96,TRUE,935701.23,2025-12-11,2025-12-11,2025-12-20,2025-12-20
USR_48AEDE96,TRUE,998473.13,2025-11-11,2025-11-11,2025-11-20,2025-11-20
USR_48AEDE96,TRUE,200088.24,2025-10-11,2025-10-11,2025-10-20,2025-10-20
USR_48AEDE96,TRUE,501840.92,2025-09-11,2025-09-11,2025-09-20,2025-09-20
USR_48AEDE96,TRUE,954068.71,2025-08-11,2025-08-11,2025-08-20,2025-08-20
USR_33BB6B04,TRUE,398997.34,2025-12-11,2025-12-11,2025-12-20,2025-12-20
USR_33BB6B04,TRUE,127202.42,2025-12-11,2025-12-11,2025-12-20,2025-12-20
USR_33BB6B04,TRUE,589105.11,2025-11-11,2025-11-11,2025-11-20,2025-11-20
USR_33BB6B04,TRUE,210813.99,2025-10-11,2025-10-11,2025-10-20,2025-10-20
USR_33BB6B04,TRUE,648729.19,2025-09-11,2025-09-11,2025-09-20,2025-09-20
USR_33BB6B04,TRUE,825494.39,2025-08-11,2025-08-11,2025-08-20,2025-08-20
USR_0F923CD9,FALSE,156320.25,2025-12-11,2025-12-21,2025-12-20,2025-12-24
USR_0F923CD9,FALSE,634171.48,2025-12-11,2026-01-06,2025-12-20,2026-01-09
USR_0F923CD9,FALSE,626945.89,2025-11-11,2025-12-11,2025-11-20,2025-11-30
USR_0F923CD9,FALSE,348205.85,2025-10-11,2025-10-19,2025-10-20,2025-11-13
USR_0F923CD9,FALSE,243434.77,2025-09-11,2025-09-20,2025-09-20,2025-10-06
USR_0F923CD9,FALSE,143660.18,2025-08-11,2025-08-19,2025-08-20,2025-09-01
USR_FF95B4F5,TRUE,799697.56,2025-12-11,2025-12-11,2025-12-20,2025-12-20
USR_FF95B4F5,TRUE,137240.1,2025-12-11,2025-12-11,2025-12-20,2025-12-20
USR_FF95B4F5,TRUE,412241.42,2025-11-11,2025-11-11,2025-11-20,2025-11-20
USR_FF95B4F5,TRUE,334355.56,2025-10-11,2025-10-11,2025-10-20,2025-10-20
USR_FF95B4F5,TRUE,993294.62,2025-09-11,2025-09-11,2025-09-20,2025-09-20
USR_FF95B4F5,TRUE,339136.28,2025-08-11,2025-08-11,2025-08-20,2025-08-20
USR_E6F9F421,FALSE,350800.46,2025-12-11,2025-12-17,2025-12-20,2026-01-06
USR_E6F9F421,FALSE,471794.3,2025-12-11,2026-01-07,2025-12-20,2025-12-28
USR_E6F9F421,FALSE,483225.19,2025-11-11,2025-12-06,2025-11-20,2025-12-08
USR_E6F9F421,FALSE,786703.54,2025-10-11,2025-10-24,2025-10-20,2025-10-22
USR_E6F9F421,FALSE,590031.61,2025-09-11,2025-09-14,2025-09-20,2025-09-25
USR_E6F9F421,FALSE,280213.5,2025-08-11,2025-08-24,2025-08-20,2025-09-12
USR_D9B541D6,TRUE,387274.77,2025-12-11,2025-12-11,2025-12-20,2025-12-20
USR_D9B541D6,TRUE,421266.95,2025-12-11,2025-12-11,2025-12-20,2025-12-20
USR_D9B541D6,TRUE,515432.51,2025-11-11,2025-11-11,2025-11-20,2025-11-20
USR_D9B541D6,TRUE,658403.71,2025-10-11,2025-10-11,2025-10-20,2025-10-20
USR_D9B541D6,TRUE,818712.03,2025-09-11,2025-09-11,2025-09-20,2025-09-20
USR_D9B541D6,TRUE,678057.68,2025-08-11,2025-08-11,2025-08-20,2025-08-20
USR_3F7239F5,TRUE,100734.32,2025-12-11,2025-12-11,2025-12-20,2025-12-20
USR_3F7239F5,TRUE,274086.28,2025-12-11,2025-12-11,2025-12-20,2025-12-20
USR_3F7239F5,TRUE,794219.29,2025-11-11,2025-11-11,2025-11-20,2025-11-20
USR_3F7239F5,TRUE,294624.65,2025-10-11,2025-10-11,2025-10-20,2025-10-20
USR_3F7239F5,TRUE,771644.63,2025-09-11,2025-09-11,2025-09-20,2025-09-20
USR_3F7239F5,TRUE,970263.61,2025-08-11,2025-08-11,2025-08-20,2025-08-20
USR_BE2B0BBD,FALSE,739217.69,2025-12-11,2025-12-22,2025-12-20,2026-01-16
USR_BE2B0BBD,FALSE,341093.34,2025-12-11,2025-12-23,2025-12-20,2025-12-23
USR_BE2B0BBD,FALSE,778797.98,2025-11-11,2025-12-03,2025-11-20,2025-12-06
USR_BE2B0BBD,FALSE,621625.22,2025-10-11,2025-10-21,2025-10-20,2025-11-10
USR_BE2B0BBD,FALSE,214056.08,2025-09-11,2025-09-25,2025-09-20,2025-10-04
USR_BE2B0BBD,FALSE,833144.33,2025-08-11,2025-08-20,2025-08-20,2025-08-25
USR_67CF973F,FALSE,117699.34,2025-12-11,2026-01-09,2025-12-20,2026-01-14
USR_67CF973F,FALSE,735191.66,2025-12-11,2026-01-01,2025-12-20,2026-01-14
USR_67CF973F,FALSE,278106.9,2025-11-11,2025-11-21,2025-11-20,2025-12-15
USR_67CF973F,FALSE,204853.41,2025-10-11,2025-11-09,2025-10-20,2025-11-03
USR_67CF973F,FALSE,380190.12,2025-09-11,2025-10-06,2025-09-20,2025-10-11
USR_67CF973F,FALSE,920305.94,2025-08-11,2025-08-30,2025-08-20,2025-08-26
USR_746AD07E,TRUE,952802.06,2025-12-11,2025-12-11,2025-12-20,2025-12-20
USR_746AD07E,TRUE,849839.58,2025-12-11,2025-12-11,2025-12-20,2025-12-20
USR_746AD07E,TRUE,964327.2,2025-11-11,2025-11-11,2025-11-20,2025-11-20
USR_746AD07E,TRUE,228472.34,2025-10-11,2025-10-11,2025-10-20,2025-10-20
USR_746AD07E,TRUE,894533.15,2025-09-11,2025-09-11,2025-09-20,2025-09-20
USR_746AD07E,TRUE,277671.0,2025-08-11,2025-08-11,2025-08-20,2025-08-20
USR_A07C4AE5,TRUE,163151.67,2025-12-11,2025-12-11,2025-12-20,2025-12-20
USR_A07C4AE5,TRUE,915328.91,2025-12-11,2025-12-11,2025-12-20,2025-12-20
USR_A07C4AE5,TRUE,947671.31,2025-11-11,2025-11-11,2025-11-20,2025-11-20
USR_A07C4AE5,TRUE,228206.8,2025-10-11,2025-10-11,2025-10-20,2025-10-20
USR_A07C4AE5,TRUE,639297.16,2025-09-11,2025-09-11,2025-09-20,2025-09-20
USR_A07C4AE5,TRUE,425839.64,2025-08-11,2025-08-11,2025-08-20,2025-08-20
USR_816D85B0,TRUE,186713.54,2025-12-11,2025-12-11,2025-12-20,2025-12-20
USR_816D85B0,TRUE,492451.68,2025-12-11,2025-12-11,2025-12-20,2025-12-20
USR_816D85B0,TRUE,251673.47,2025-11-11,2025-11-11,2025-11-20,2025-11-20
USR_816D85B0,TRUE,605324.16,2025-10-11,2025-10-11,2025-10-20,2025-10-20
USR_816D85B0,TRUE,277731.76,2025-09-11,2025-09-11,2025-09-20,2025-09-20
USR_816D85B0,TRUE,201552.43,2025-08-11,2025-08-11,2025-08-20,2025-08-20
USR_A5E948E0,TRUE,880483.47,2025-12-11,2025-12-11,2025-12-20,2025-12-20
USR_A5E948E0,TRUE,564419.66,2025-12-11,2025-12-11,2025-12-20,2025-12-20
USR_A5E948E0,TRUE,792203.74,2025-11-11,2025-11-11,2025-11-20,2025-11-20
USR_A5E948E0,TRUE,208999.47,2025-10-11,2025-10-11,2025-10-20,2025-10-20
USR_A5E948E0,TRUE,608180.82,2025-09-11,2025-09-11,2025-09-20,2025-09-20
USR_A5E948E0,TRUE,398799.1,2025-08-11,2025-08-11,2025-08-20,2025-08-20
USR_2BB399B9,TRUE,208232.56,2025-12-11,2025-12-11,2025-12-20,2025-12-20
USR_2BB399B9,TRUE,434850.11,2025-12-11,2025-12-11,2025-12-20,2025-12-20
USR_2BB399B9,TRUE,290048.36,2025-11-11,2025-11-11,2025-11-20,2025-11-20
USR_2BB399B9,TRUE,732383.91,2025-10-11,2025-10-11,2025-10-20,2025-10-20
USR_2BB399B9,TRUE,653214.85,2025-09-11,2025-09-11,2025-09-20,2025-09-20
USR_2BB399B9,TRUE,576837.71,2025-08-11,2025-08-11,2025-08-20,2025-08-20
USR_1356BBEB,FALSE,699685.01,2025-12-11,2025-12-30,2025-12-20,2026-01-05
USR_1356BBEB,FALSE,751498.27,2025-12-11,2026-01-06,2025-12-20,2026-01-08
USR_1356BBEB,FALSE,602567.01,2025-11-11,2025-11-29,2025-11-20,2025-12-16
USR_1356BBEB,FALSE,679653.31,2025-10-11,2025-10-31,2025-10-20,2025-10-31
USR_1356BBEB,FALSE,371492.86,2025-09-11,2025-10-01,2025-09-20,2025-10-14
USR_1356BBEB,FALSE,537348.29,2025-08-11,2025-08-20,2025-08-20,2025-08-23
USR_32E52AE5,TRUE,871719.76,2025-12-11,2025-12-11,2025-12-20,2025-12-20
USR_32E52AE5,TRUE,217347.98,2025-12-11,2025-12-11,2025-12-20,2025-12-20
USR_32E52AE5,TRUE,513866.7,2025-11-11,2025-11-11,2025-11-20,2025-11-20
USR_32E52AE5,TRUE,167950.64,2025-10-11,2025-10-11,2025-10-20,2025-10-20
USR_32E52AE5,TRUE,972858.97,2025-09-11,2025-09-11,2025-09-20,2025-09-20
USR_32E52AE5,TRUE,544645.32,2025-08-11,2025-08-11,2025-08-20,2025-08-20
USR_0DBBF055,TRUE,455066.35,2025-12-11,2025-12-11,2025-12-20,2025-12-20
USR_0DBBF055,TRUE,443702.25,2025-12-11,2025-12-11,2025-12-20,2025-12-20
USR_0DBBF055,TRUE,953252.27,2025-11-11,2025-11-11,2025-11-20,2025-11-20
USR_0DBBF055,TRUE,932026.69,2025-10-11,2025-10-11,2025-10-20,2025-10-20
USR_0DBBF055,TRUE,629138.43,2025-09-11,2025-09-11,2025-09-20,2025-09-20
USR_0DBBF055,TRUE,210035.22,2025-08-11,2025-08-11,2025-08-20,2025-08-20
USR_76CD0A7B,TRUE,324846.9,2025-12-11,2025-12-11,2025-12-20,2025-12-20
USR_76CD0A7B,TRUE,589345.5,2025-12-11,2025-12-11,2025-12-20,2025-12-20
USR_76CD0A7B,TRUE,141511.6,2025-11-11,2025-11-11,2025-11-20,2025-11-20
USR_76CD0A7B,TRUE,791312.73,2025-10-11,2025-10-11,2025-10-20,2025-10-20
USR_76CD0A7B,TRUE,401744.3,2025-09-11,2025-09-11,2025-09-20,2025-09-20
USR_76CD0A7B,TRUE,555227.93,2025-08-11,2025-08-11,2025-08-20,2025-08-20
USR_36291E78,TRUE,113485.77,2025-12-11,2025-12-11,2025-12-20,2025-12-20
USR_36291E78,TRUE,912975.06,2025-12-11,2025-12-11,2025-12-20,2025-12-20
USR_36291E78,TRUE,722729.21,2025-11-11,2025-11-11,2025-11-20,2025-11-20
USR_36291E78,TRUE,533722.59,2025-10-11,2025-10-11,2025-10-20,2025-10-20
USR_36291E78,TRUE,250955.96,2025-09-11,2025-09-11,2025-09-20,2025-09-20
USR_36291E78,TRUE,386033.92,2025-08-11,2025-08-11,2025-08-20,2025-08-20
USR_5D8B2409,FALSE,733587.46,2025-12-11,2025-12-14,2025-12-20,2026-01-01
USR_5D8B2409,FALSE,820397.55,2025-12-11,2026-01-08,2025-12-20,2026-01-05
USR_5D8B2409,FALSE,981382.97,2025-11-11,2025-11-28,2025-11-20,2025-12-15
USR_5D8B2409,FALSE,844140.39,2025-10-11,2025-10-21,2025-10-20,2025-11-07
USR_5D8B2409,FALSE,457229.88,2025-09-11,2025-10-03,2025-09-20,2025-10-20
USR_5D8B2409,FALSE,440718.19,2025-08-11,2025-08-21,2025-08-20,2025-08-22
USR_49F68EF6,TRUE,176380.52,2025-12-11,2025-12-11,2025-12-20,2025-12-20
USR_49F68EF6,TRUE,604485.92,2025-12-11,2025-12-11,2025-12-20,2025-12-20
USR_49F68EF6,TRUE,298698.33,2025-11-11,2025-11-11,2025-11-20,2025-11-20
USR_49F68EF6,TRUE,282745.08,2025-10-11,2025-10-11,2025-10-20,2025-10-20
USR_49F68EF6,TRUE,984741.68,2025-09-11,2025-09-11,2025-09-20,2025-09-20
USR_49F68EF6,TRUE,248675.0,2025-08-11,2025-08-11,2025-08-20,2025-08-20
USR_EFC3C116,TRUE,998436.4,2025-12-11,2025-12-11,2025-12-20,2025-12-20
USR_EFC3C116,TRUE,428438.47,2025-12-11,2025-12-11,2025-12-20,2025-12-20
USR_EFC3C116,TRUE,460348.53,2025-11-11,2025-11-11,2025-11-20,2025-11-20
USR_EFC3C116,TRUE,685845.78,2025-10-11,2025-10-11,2025-10-20,2025-10-20
USR_EFC3C116,TRUE,799802.06,2025-09-11,2025-09-11,2025-09-20,2025-09-20
USR_EFC3C116,TRUE,348925.76,2025-08-11,2025-08-11,2025-08-20,2025-08-20
USR_8D585680,TRUE,477936.22,2025-12-11,2025-12-11,2025-12-20,2025-12-20
USR_8D585680,TRUE,708187.85,2025-12-11,2025-12-11,2025-12-20,2025-12-20
USR_8D585680,TRUE,315721.11,2025-11-11,2025-11-11,2025-11-20,2025-11-20
USR_8D585680,TRUE,194163.17,2025-10-11,2025-10-11,2025-10-20,2025-10-20
USR_8D585680,TRUE,754335.37,2025-09-11,2025-09-11,2025-09-20,2025-09-20
USR_8D585680,TRUE,908601.54,2025-08-11,2025-08-11,2025-08-20,2025-08-20
USR_474884C6,TRUE,358377.62,2025-12-11,2025-12-11,2025-12-20,2025-12-20
USR_474884C6,TRUE,539432.41,2025-12-11,2025-12-11,2025-12-20,2025-12-20
USR_474884C6,TRUE,979795.57,2025-11-11,2025-11-11,2025-11-20,2025-11-20
USR_474884C6,TRUE,890713.66,2025-10-11,2025-10-11,2025-10-20,2025-10-20
USR_474884C6,TRUE,680304.35,2025-09-11,2025-09-11,2025-09-20,2025-09-20
USR_474884C6,TRUE,580597.59,2025-08-11,2025-08-11,2025-08-20,2025-08-20
USR_166C95BE,TRUE,514750.79,2025-12-11,2025-12-11,2025-12-20,2025-12-20
USR_166C95BE,TRUE,433788.72,2025-12-11,2025-12-11,2025-12-20,2025-12-20
USR_166C95BE,TRUE,301055.3,2025-11-11,2025-11-11,2025-11-20,2025-11-20
USR_166C95BE,TRUE,403857.72,2025-10-11,2025-10-11,2025-10-20,2025-10-20
USR_166C95BE,TRUE,791345.15,2025-09-11,2025-09-11,2025-09-20,2025-09-20
USR_166C95BE,TRUE,906663.99,2025-08-11,2025-08-11,2025-08-20,2025-08-20
USR_A04ABD1C,TRUE,691125.9,2025-12-11,2025-12-11,2025-12-20,2025-12-20
USR_A04ABD1C,TRUE,527044.34,2025-12-11,2025-12-11,2025-12-20,2025-12-20
USR_A04ABD1C,TRUE,633379.3,2025-11-11,2025-11-11,2025-11-20,2025-11-20
USR_A04ABD1C,TRUE,495632.15,2025-10-11,2025-10-11,2025-10-20,2025-10-20
USR_A04ABD1C,TRUE,632829.29,2025-09-11,2025-09-11,2025-09-20,2025-09-20
USR_A04ABD1C,TRUE,846423.13,2025-08-11,2025-08-11,2025-08-20,2025-08-20
USR_1269A80A,FALSE,391406.95,2025-12-11,2025-12-18,2025-12-20,2026-01-09
USR_1269A80A,FALSE,298989.07,2025-12-11,2026-01-05,2025-12-20,2026-01-17
USR_1269A80A,FALSE,866846.98,2025-11-11,2025-11-19,2025-11-20,2025-12-05
USR_1269A80A,FALSE,469740.68,2025-10-11,2025-10-20,2025-10-20,2025-10-22
USR_1269A80A,FALSE,297641.42,2025-09-11,2025-09-16,2025-09-20,2025-10-04
USR_1269A80A,FALSE,639824.77,2025-08-11,2025-08-21,2025-08-20,2025-08-22
USR_D694DCA8,TRUE,705067.4,2025-12-11,2025-12-11,2025-12-20,2025-12-20
USR_D694DCA8,TRUE,165219.02,2025-12-11,2025-12-11,2025-12-20,2025-12-20
USR_D694DCA8,TRUE,820935.47,2025-11-11,2025-11-11,2025-11-20,2025-11-20
USR_D694DCA8,TRUE,721870.85,2025-10-11,2025-10-11,2025-10-20,2025-10-20
USR_D694DCA8,TRUE,422640.76,2025-09-11,2025-09-11,2025-09-20,2025-09-20
USR_D694DCA8,TRUE,262917.13,2025-08-11,2025-08-11,2025-08-20,2025-08-20
USR_04A40DBB,TRUE,525691.39,2025-12-11,2025-12-11,2025-12-20,2025-12-20
USR_04A40DBB,TRUE,684375.21,2025-12-11,2025-12-11,2025-12-20,2025-12-20
USR_04A40DBB,TRUE,445179.77,2025-11-11,2025-11-11,2025-11-20,2025-11-20
USR_04A40DBB,TRUE,707821.02,2025-10-11,2025-10-11,2025-10-20,2025-10-20
USR_04A40DBB,TRUE,640892.59,2025-09-11,2025-09-11,2025-09-20,2025-09-20
USR_04A40DBB,TRUE,982171.26,2025-08-11,2025-08-11,2025-08-20,2025-08-20
USR_77033603,FALSE,932265.47,2025-12-11,2025-12-29,2025-12-20,2026-01-14
USR_77033603,FALSE,303534.94,2025-12-11,2026-01-04,2025-12-20,2025-12-21
USR_77033603,FALSE,247132.4,2025-11-11,2025-11-24,2025-11-20,2025-12-09
USR_77033603,FALSE,268798.09,2025-10-11,2025-10-19,2025-10-20,2025-10-21
USR_77033603,FALSE,406627.44,2025-09-11,2025-09-29,2025-09-20,2025-09-28
USR_77033603,FALSE,807951.15,2025-08-11,2025-09-08,2025-08-20,2025-09-07
USR_4C7FFA19,TRUE,380909.04,2025-12-11,2025-12-11,2025-12-20,2025-12-20
USR_4C7FFA19,TRUE,681772.82,2025-12-11,2025-12-11,2025-12-20,2025-12-20
USR_4C7FFA19,TRUE,298774.44,2025-11-11,2025-11-11,2025-11-20,2025-11-20
USR_4C7FFA19,TRUE,213752.92,2025-10-11,2025-10-11,2025-10-20,2025-10-20
USR_4C7FFA19,TRUE,769737.15,2025-09-11,2025-09-11,2025-09-20,2025-09-20
USR_4C7FFA19,TRUE,504129.79,2025-08-11,2025-08-11,2025-08-20,2025-08-20
USR_E8721927,TRUE,431970.73,2025-12-11,2025-12-11,2025-12-20,2025-12-20
USR_E8721927,TRUE,862354.25,2025-12-11,2025-12-11,2025-12-20,2025-12-20
USR_E8721927,TRUE,154992.98,2025-11-11,2025-11-11,2025-11-20,2025-11-20
USR_E8721927,TRUE,298171.32,2025-10-11,2025-10-11,2025-10-20,2025-10-20
USR_E8721927,TRUE,280926.49,2025-09-11,2025-09-11,2025-09-20,2025-09-20
USR_E8721927,TRUE,922733.96,2025-08-11,2025-08-11,2025-08-20,2025-08-20
USR_2DB44BD4,FALSE,448440.62,2025-12-11,2025-12-20,2025-12-20,2026-01-16
USR_2DB44BD4,FALSE,267286.47,2025-12-11,2026-01-04,2025-12-20,2026-01-16
USR_2DB44BD4,FALSE,158427.47,2025-11-11,2025-12-04,2025-11-20,2025-11-24
USR_2DB44BD4,FALSE,910760.08,2025-10-11,2025-10-16,2025-10-20,2025-11-11
USR_2DB44BD4,FALSE,787715.25,2025-09-11,2025-10-02,2025-09-20,2025-10-18
USR_2DB44BD4,FALSE,127325.1,2025-08-11,2025-09-08,2025-08-20,2025-08-28
USR_8780453F,FALSE,469947.87,2025-12-11,2025-12-26,2025-12-20,2025-12-31
USR_8780453F,FALSE,557503.11,2025-12-11,2026-01-04,2025-12-20,2026-01-09
USR_8780453F,FALSE,109302.48,2025-11-11,2025-12-02,2025-11-20,2025-11-28
USR_8780453F,FALSE,125963.11,2025-10-11,2025-10-21,2025-10-20,2025-11-16
USR_8780453F,FALSE,174913.44,2025-09-11,2025-09-17,2025-09-20,2025-09-23
USR_8780453F,FALSE,616939.28,2025-08-11,2025-08-15,2025-08-20,2025-08-27
USR_7B33DD76,TRUE,779952.39,2025-12-11,2025-12-11,2025-12-20,2025-12-20
USR_7B33DD76,TRUE,618008.2,2025-12-11,2025-12-11,2025-12-20,2025-12-20
USR_7B33DD76,TRUE,179573.28,2025-11-11,2025-11-11,2025-11-20,2025-11-20
USR_7B33DD76,TRUE,975755.68,2025-10-11,2025-10-11,2025-10-20,2025-10-20
USR_7B33DD76,TRUE,521778.35,2025-09-11,2025-09-11,2025-09-20,2025-09-20
USR_7B33DD76,TRUE,108131.47,2025-08-11,2025-08-11,2025-08-20,2025-08-20
USR_E023C548,FALSE,148883.18,2025-12-11,2025-12-26,2025-12-20,2026-01-18
USR_E023C548,FALSE,294911.11,2025-12-11,2025-12-20,2025-12-20,2026-01-01
USR_E023C548,FALSE,861128.87,2025-11-11,2025-11-19,2025-11-20,2025-12-17
USR_E023C548,FALSE,101572.06,2025-10-11,2025-11-05,2025-10-20,2025-11-17
USR_E023C548,FALSE,883021.07,2025-09-11,2025-10-02,2025-09-20,2025-09-22
USR_E023C548,FALSE,759038.31,2025-08-11,2025-08-21,2025-08-20,2025-08-31
USR_FE1CD6FF,TRUE,452705.22,2025-12-11,2025-12-11,2025-12-20,2025-12-20
USR_FE1CD6FF,TRUE,355486.06,2025-12-11,2025-12-11,2025-12-20,2025-12-20
USR_FE1CD6FF,TRUE,332367.97,2025-11-11,2025-11-11,2025-11-20,2025-11-20
USR_FE1CD6FF,TRUE,560193.2,2025-10-11,2025-10-11,2025-10-20,2025-10-20
USR_FE1CD6FF,TRUE,265975.5,2025-09-11,2025-09-11,2025-09-20,2025-09-20
USR_FE1CD6FF,TRUE,120797.7,2025-08-11,2025-08-11,2025-08-20,2025-08-20
USR_CD5B461E,TRUE,590066.46,2025-12-11,2025-12-11,2025-12-20,2025-12-20
USR_CD5B461E,TRUE,867596.43,2025-12-11,2025-12-11,2025-12-20,2025-12-20
USR_CD5B461E,TRUE,512321.21,2025-11-11,2025-11-11,2025-11-20,2025-11-20
USR_CD5B461E,TRUE,121331.98,2025-10-11,2025-10-11,2025-10-20,2025-10-20
USR_CD5B461E,TRUE,474253.52,2025-09-11,2025-09-11,2025-09-20,2025-09-20
USR_CD5B461E,TRUE,773310.4,2025-08-11,2025-08-11,2025-08-20,2025-08-20
USR_4E0755AA,TRUE,188283.11,2025-12-11,2025-12-11,2025-12-20,2025-12-20
USR_4E0755AA,TRUE,180198.24,2025-12-11,2025-12-11,2025-12-20,2025-12-20
USR_4E0755AA,TRUE,511608.01,2025-11-11,2025-11-11,2025-11-20,2025-11-20
USR_4E0755AA,TRUE,633447.78,2025-10-11,2025-10-11,2025-10-20,2025-10-20
USR_4E0755AA,TRUE,552507.1,2025-09-11,2025-09-11,2025-09-20,2025-09-20
USR_4E0755AA,TRUE,710051.93,2025-08-11,2025-08-11,2025-08-20,2025-08-20
USR_D1D38648,TRUE,285545.35,2025-12-11,2025-12-11,2025-12-20,2025-12-20
USR_D1D38648,TRUE,591330.57,2025-12-11,2025-12-11,2025-12-20,2025-12-20
USR_D1D38648,TRUE,961519.07,2025-11-11,2025-11-11,2025-11-20,2025-11-20
USR_D1D38648,TRUE,319178.65,2025-10-11,2025-10-11,2025-10-20,2025-10-20
USR_D1D38648,TRUE,223251.37,2025-09-11,2025-09-11,2025-09-20,2025-09-20
USR_D1D38648,TRUE,299994.05,2025-08-11,2025-08-11,2025-08-20,2025-08-20
USR_42F23E6B,TRUE,578393.3,2025-12-11,2025-12-11,2025-12-20,2025-12-20
USR_42F23E6B,TRUE,150926.65,2025-12-11,2025-12-11,2025-12-20,2025-12-20
USR_42F23E6B,TRUE,882725.78,2025-11-11,2025-11-11,2025-11-20,2025-11-20
USR_42F23E6B,TRUE,300064.8,2025-10-11,2025-10-11,2025-10-20,2025-10-20
USR_42F23E6B,TRUE,598341.79,2025-09-11,2025-09-11,2025-09-20,2025-09-20
USR_42F23E6B,TRUE,899855.04,2025-08-11,2025-08-11,2025-08-20,2025-08-20
USR_6CAB636C,FALSE,395361.9,2025-12-11,2025-12-25,2025-12-20,2026-01-12
USR_6CAB636C,FALSE,495817.52,2025-12-11,2025-12-18,2025-12-20,2026-01-03
USR_6CAB636C,FALSE,969544.19,2025-11-11,2025-11-24,2025-11-20,2025-12-16
USR_6CAB636C,FALSE,947659.53,2025-10-11,2025-10-14,2025-10-20,2025-10-27
USR_6CAB636C,FALSE,225162.24,2025-09-11,2025-09-23,2025-09-20,2025-10-20
USR_6CAB636C,FALSE,149404.21,2025-08-11,2025-08-28,2025-08-20,2025-08-25
USR_23790F11,TRUE,846007.79,2025-12-11,2025-12-11,2025-12-20,2025-12-20
USR_23790F11,TRUE,561070.96,2025-12-11,2025-12-11,2025-12-20,2025-12-20
USR_23790F11,TRUE,619853.06,2025-11-11,2025-11-11,2025-11-20,2025-11-20
USR_23790F11,TRUE,446212.43,2025-10-11,2025-10-11,2025-10-20,2025-10-20
USR_23790F11,TRUE,745846.9,2025-09-11,2025-09-11,2025-09-20,2025-09-20
USR_23790F11,TRUE,985790.21,2025-08-11,2025-08-11,2025-08-20,2025-08-20
USR_0C1012CB,FALSE,732686.2,2025-12-11,2025-12-30,2025-12-20,2025-12-22
USR_0C1012CB,FALSE,437010.35,2025-12-11,2026-01-09,2025-12-20,2026-01-07
USR_0C1012CB,FALSE,546438.45,2025-11-11,2025-11-26,2025-11-20,2025-12-11
USR_0C1012CB,FALSE,278523.8,2025-10-11,2025-10-24,2025-10-20,2025-11-18
USR_0C1012CB,FALSE,566353.01,2025-09-11,2025-09-25,2025-09-20,2025-10-16
USR_0C1012CB,FALSE,281070.06,2025-08-11,2025-08-28,2025-08-20,2025-09-17
USR_2349DF7E,TRUE,659791.61,2025-12-11,2025-12-11,2025-12-20,2025-12-20
USR_2349DF7E,TRUE,971137.11,2025-12-11,2025-12-11,2025-12-20,2025-12-20
USR_2349DF7E,TRUE,928544.98,2025-11-11,2025-11-11,2025-11-20,2025-11-20
USR_2349DF7E,TRUE,817501.63,2025-10-11,2025-10-11,2025-10-20,2025-10-20
USR_2349DF7E,TRUE,226615.83,2025-09-11,2025-09-11,2025-09-20,2025-09-20
USR_2349DF7E,TRUE,702949.34,2025-08-11,2025-08-11,2025-08-20,2025-08-20
USR_3E83D8EE,TRUE,898634.11,2025-12-11,2025-12-11,2025-12-20,2025-12-20
USR_3E83D8EE,TRUE,591590.85,2025-12-11,2025-12-11,2025-12-20,2025-12-20
USR_3E83D8EE,TRUE,480626.91,2025-11-11,2025-11-11,2025-11-20,2025-11-20
USR_3E83D8EE,TRUE,918785.66,2025-10-11,2025-10-11,2025-10-20,2025-10-20
USR_3E83D8EE,TRUE,865745.97,2025-09-11,2025-09-11,2025-09-20,2025-09-20
USR_3E83D8EE,TRUE,333716.5,2025-08-11,2025-08-11,2025-08-20,2025-08-20
USR_C3967801,TRUE,210566.38,2025-12-11,2025-12-11,2025-12-20,2025-12-20
USR_C3967801,TRUE,786834.23,2025-12-11,2025-12-11,2025-12-20,2025-12-20
USR_C3967801,TRUE,134918.7,2025-11-11,2025-11-11,2025-11-20,2025-11-20
USR_C3967801,TRUE,649751.69,2025-10-11,2025-10-11,2025-10-20,2025-10-20
USR_C3967801,TRUE,770078.92,2025-09-11,2025-09-11,2025-09-20,2025-09-20
USR_C3967801,TRUE,525569.99,2025-08-11,2025-08-11,2025-08-20,2025-08-20
USR_F89CE6F1,TRUE,582551.2,2025-12-11,2025-12-11,2025-12-20,2025-12-20
USR_F89CE6F1,TRUE,350597.78,2025-12-11,2025-12-11,2025-12-20,2025-12-20
USR_F89CE6F1,TRUE,105983.85,2025-11-11,2025-11-11,2025-11-20,2025-11-20
USR_F89CE6F1,TRUE,569743.85,2025-10-11,2025-10-11,2025-10-20,2025-10-20
USR_F89CE6F1,TRUE,352588.09,2025-09-11,2025-09-11,2025-09-20,2025-09-20
USR_F89CE6F1,TRUE,358044.99,2025-08-11,2025-08-11,2025-08-20,2025-08-20
USR_57FD9251,TRUE,609678.24,2025-12-11,2025-12-11,2025-12-20,2025-12-20
USR_57FD9251,TRUE,100950.48,2025-12-11,2025-12-11,2025-12-20,2025-12-20
USR_57FD9251,TRUE,717510.25,2025-11-11,2025-11-11,2025-11-20,2025-11-20
USR_57FD9251,TRUE,359967.87,2025-10-11,2025-10-11,2025-10-20,2025-10-20
USR_57FD9251,TRUE,195674.21,2025-09-11,2025-09-11,2025-09-20,2025-09-20
USR_57FD9251,TRUE,538153.29,2025-08-11,2025-08-11,2025-08-20,2025-08-20
USR_DDC974F5,FALSE,759776.08,2025-12-11,2025-12-25,2025-12-20,2025-12-25
USR_DDC974F5,FALSE,727934.25,2025-12-11,2025-12-31,2025-12-20,2026-01-16
USR_DDC974F5,FALSE,193448.96,2025-11-11,2025-12-08,2025-11-20,2025-12-10
USR_DDC974F5,FALSE,977656.2,2025-10-11,2025-10-18,2025-10-20,2025-11-17
USR_DDC974F5,FALSE,177428.23,2025-09-11,2025-10-02,2025-09-20,2025-09-29
USR_DDC974F5,FALSE,513223.21,2025-08-11,2025-08-14,2025-08-20,2025-09-07
USR_2A1E1266,TRUE,436838.53,2025-12-11,2025-12-11,2025-12-20,2025-12-20
USR_2A1E1266,TRUE,662962.85,2025-12-11,2025-12-11,2025-12-20,2025-12-20
USR_2A1E1266,TRUE,659934.67,2025-11-11,2025-11-11,2025-11-20,2025-11-20
USR_2A1E1266,TRUE,850253.83,2025-10-11,2025-10-11,2025-10-20,2025-10-20
USR_2A1E1266,TRUE,544169.5,2025-09-11,2025-09-11,2025-09-20,2025-09-20
USR_2A1E1266,TRUE,417769.12,2025-08-11,2025-08-11,2025-08-20,2025-08-20
USR_1A517471,TRUE,719958.08,2025-12-11,2025-12-11,2025-12-20,2025-12-20
USR_1A517471,TRUE,930745.0,2025-12-11,2025-12-11,2025-12-20,2025-12-20
USR_1A517471,TRUE,327450.45,2025-11-11,2025-11-11,2025-11-20,2025-11-20
USR_1A517471,TRUE,258943.61,2025-10-11,2025-10-11,2025-10-20,2025-10-20
USR_1A517471,TRUE,358589.39,2025-09-11,2025-09-11,2025-09-20,2025-09-20
USR_1A517471,TRUE,774094.19,2025-08-11,2025-08-11,2025-08-20,2025-08-20
USR_75595B2A,TRUE,797184.59,2025-12-11,2025-12-11,2025-12-20,2025-12-20
USR_75595B2A,TRUE,273335.58,2025-12-11,2025-12-11,2025-12-20,2025-12-20
USR_75595B2A,TRUE,652071.95,2025-11-11,2025-11-11,2025-11-20,2025-11-20
USR_75595B2A,TRUE,305548.0,2025-10-11,2025-10-11,2025-10-20,2025-10-20
USR_75595B2A,TRUE,627987.39,2025-09-11,2025-09-11,2025-09-20,2025-09-20
USR_75595B2A,TRUE,920486.33,2025-08-11,2025-08-11,2025-08-20,2025-08-20
USR_8A176AB3,FALSE,284408.04,2025-12-11,2026-01-09,2025-12-20,2026-01-13
USR_8A176AB3,FALSE,511535.95,2025-12-11,2025-12-21,2025-12-20,2026-01-02
USR_8A176AB3,FALSE,847254.41,2025-11-11,2025-11-20,2025-11-20,2025-11-25
USR_8A176AB3,FALSE,497242.34,2025-10-11,2025-11-10,2025-10-20,2025-10-29
USR_8A176AB3,FALSE,131947.21,2025-09-11,2025-10-05,2025-09-20,2025-09-25
USR_8A176AB3,FALSE,525623.17,2025-08-11,2025-08-24,2025-08-20,2025-08-24
USR_FF50CD76,TRUE,340698.66,2025-12-11,2025-12-11,2025-12-20,2025-12-20
USR_FF50CD76,TRUE,562736.56,2025-12-11,2025-12-11,2025-12-20,2025-12-20
USR_FF50CD76,TRUE,349021.77,2025-11-11,2025-11-11,2025-11-20,2025-11-20
USR_FF50CD76,TRUE,898014.72,2025-10-11,2025-10-11,2025-10-20,2025-10-20
USR_FF50CD76,TRUE,705160.64,2025-09-11,2025-09-11,2025-09-20,2025-09-20
USR_FF50CD76,TRUE,138753.41,2025-08-11,2025-08-11,2025-08-20,2025-08-20
USR_2A88D0A6,FALSE,381920.19,2025-12-11,2025-12-23,2025-12-20,2025-12-28
USR_2A88D0A6,FALSE,996666.76,2025-12-11,2025-12-12,2025-12-20,2025-12-24
USR_2A88D0A6,FALSE,693090.45,2025-11-11,2025-11-17,2025-11-20,2025-11-24
USR_2A88D0A6,FALSE,167290.84,2025-10-11,2025-11-09,2025-10-20,2025-11-15
USR_2A88D0A6,FALSE,368061.29,2025-09-11,2025-09-21,2025-09-20,2025-09-28
USR_2A88D0A6,FALSE,496515.44,2025-08-11,2025-08-14,2025-08-20,2025-09-15
USR_5F567E8F,TRUE,238061.58,2025-12-11,2025-12-11,2025-12-20,2025-12-20
USR_5F567E8F,TRUE,698852.36,2025-12-11,2025-12-11,2025-12-20,2025-12-20
USR_5F567E8F,TRUE,369643.0,2025-11-11,2025-11-11,2025-11-20,2025-11-20
USR_5F567E8F,TRUE,846727.19,2025-10-11,2025-10-11,2025-10-20,2025-10-20
USR_5F567E8F,TRUE,700573.43,2025-09-11,2025-09-11,2025-09-20,2025-09-20
USR_5F567E8F,TRUE,966496.65,2025-08-11,2025-08-11,2025-08-20,2025-08-20
USR_110D36CE,TRUE,650120.87,2025-12-11,2025-12-11,2025-12-20,2025-12-20
USR_110D36CE,TRUE,322898.41,2025-12-11,2025-12-11,2025-12-20,2025-12-20
USR_110D36CE,TRUE,399245.2,2025-11-11,2025-11-11,2025-11-20,2025-11-20
USR_110D36CE,TRUE,159354.6,2025-10-11,2025-10-11,2025-10-20,2025-10-20
USR_110D36CE,TRUE,418912.21,2025-09-11,2025-09-11,2025-09-20,2025-09-20
USR_110D36CE,TRUE,914802.08,2025-08-11,2025-08-11,2025-08-20,2025-08-20
USR_83F4BC8C,TRUE,649865.64,2025-12-11,2025-12-11,2025-12-20,2025-12-20
USR_83F4BC8C,TRUE,675439.33,2025-12-11,2025-12-11,2025-12-20,2025-12-20
USR_83F4BC8C,TRUE,840622.19,2025-11-11,2025-11-11,2025-11-20,2025-11-20
USR_83F4BC8C,TRUE,977635.27,2025-10-11,2025-10-11,2025-10-20,2025-10-20
USR_83F4BC8C,TRUE,139160.66,2025-09-11,2025-09-11,2025-09-20,2025-09-20
USR_83F4BC8C,TRUE,152622.72,2025-08-11,2025-08-11,2025-08-20,2025-08-20
USR_C544D7D2,TRUE,986660.1,2025-12-11,2025-12-11,2025-12-20,2025-12-20
USR_C544D7D2,TRUE,832330.31,2025-12-11,2025-12-11,2025-12-20,2025-12-20
USR_C544D7D2,TRUE,582872.09,2025-11-11,2025-11-11,2025-11-20,2025-11-20
USR_C544D7D2,TRUE,600846.43,2025-10-11,2025-10-11,2025-10-20,2025-10-20
USR_C544D7D2,TRUE,189841.72,2025-09-11,2025-09-11,2025-09-20,2025-09-20
USR_C544D7D2,TRUE,578218.5,2025-08-11,2025-08-11,2025-08-20,2025-08-20
USR_45E1291A,TRUE,661969.48,2025-12-11,2025-12-11,2025-12-20,2025-12-20
USR_45E1291A,TRUE,563650.67,2025-12-11,2025-12-11,2025-12-20,2025-12-20
USR_45E1291A,TRUE,541285.83,2025-11-11,2025-11-11,2025-11-20,2025-11-20
USR_45E1291A,TRUE,597172.96,2025-10-11,2025-10-11,2025-10-20,2025-10-20
USR_45E1291A,TRUE,585152.21,2025-09-11,2025-09-11,2025-09-20,2025-09-20
USR_45E1291A,TRUE,762861.99,2025-08-11,2025-08-11,2025-08-20,2025-08-20
USR_7E5E22F9,TRUE,799887.29,2025-12-11,2025-12-11,2025-12-20,2025-12-20
USR_7E5E22F9,TRUE,830567.81,2025-12-11,2025-12-11,2025-12-20,2025-12-20
USR_7E5E22F9,TRUE,185735.7,2025-11-11,2025-11-11,2025-11-20,2025-11-20
USR_7E5E22F9,TRUE,949360.07,2025-10-11,2025-10-11,2025-10-20,2025-10-20
USR_7E5E22F9,TRUE,681390.26,2025-09-11,2025-09-11,2025-09-20,2025-09-20
USR_7E5E22F9,TRUE,561866.1,2025-08-11,2025-08-11,2025-08-20,2025-08-20
USR_0905D31C,TRUE,527714.12,2025-12-11,2025-12-11,2025-12-20,2025-12-20
USR_0905D31C,TRUE,921225.2,2025-12-11,2025-12-11,2025-12-20,2025-12-20
USR_0905D31C,TRUE,707306.01,2025-11-11,2025-11-11,2025-11-20,2025-11-20
USR_0905D31C,TRUE,881942.41,2025-10-11,2025-10-11,2025-10-20,2025-10-20
USR_0905D31C,TRUE,117099.1,2025-09-11,2025-09-11,2025-09-20,2025-09-20
USR_0905D31C,TRUE,676834.92,2025-08-11,2025-08-11,2025-08-20,2025-08-20
USR_67AF7317,TRUE,324429.6,2025-12-11,2025-12-11,2025-12-20,2025-12-20
USR_67AF7317,TRUE,214836.66,2025-12-11,2025-12-11,2025-12-20,2025-12-20
USR_67AF7317,TRUE,667794.5,2025-11-11,2025-11-11,2025-11-20,2025-11-20
USR_67AF7317,TRUE,779897.68,2025-10-11,2025-10-11,2025-10-20,2025-10-20
USR_67AF7317,TRUE,863113.11,2025-09-11,2025-09-11,2025-09-20,2025-09-20
USR_67AF7317,TRUE,324732.56,2025-08-11,2025-08-11,2025-08-20,2025-08-20
USR_7D7C48A4,TRUE,706759.1,2025-12-11,2025-12-11,2025-12-20,2025-12-20
USR_7D7C48A4,TRUE,994296.99,2025-12-11,2025-12-11,2025-12-20,2025-12-20
USR_7D7C48A4,TRUE,826287.25,2025-11-11,2025-11-11,2025-11-20,2025-11-20
USR_7D7C48A4,TRUE,631589.87,2025-10-11,2025-10-11,2025-10-20,2025-10-20
USR_7D7C48A4,TRUE,111345.66,2025-09-11,2025-09-11,2025-09-20,2025-09-20
USR_7D7C48A4,TRUE,589852.4,2025-08-11,2025-08-11,2025-08-20,2025-08-20
USR_D5054BC3,TRUE,952318.75,2025-12-11,2025-12-11,2025-12-20,2025-12-20
USR_D5054BC3,TRUE,898288.93,2025-12-11,2025-12-11,2025-12-20,2025-12-20
USR_D5054BC3,TRUE,651802.56,2025-11-11,2025-11-11,2025-11-20,2025-11-20
USR_D5054BC3,TRUE,107545.39,2025-10-11,2025-10-11,2025-10-20,2025-10-20
USR_D5054BC3,TRUE,597765.17,2025-09-11,2025-09-11,2025-09-20,2025-09-20
USR_D5054BC3,TRUE,280695.99,2025-08-11,2025-08-11,2025-08-20,2025-08-20
USR_BDF0D163,FALSE,657075.63,2025-12-11,2026-01-09,2025-12-20,2026-01-18
USR_BDF0D163,FALSE,945485.49,2025-12-11,2025-12-16,2025-12-20,2026-01-04
USR_BDF0D163,FALSE,770245.14,2025-11-11,2025-12-05,2025-11-20,2025-12-12
USR_BDF0D163,FALSE,450864.92,2025-10-11,2025-11-02,2025-10-20,2025-10-25
USR_BDF0D163,FALSE,815507.18,2025-09-11,2025-09-19,2025-09-20,2025-09-25
USR_BDF0D163,FALSE,697900.84,2025-08-11,2025-09-05,2025-08-20,2025-09-06
USR_E83432EC,TRUE,935481.75,2025-12-11,2025-12-11,2025-12-20,2025-12-20
USR_E83432EC,TRUE,906308.82,2025-12-11,2025-12-11,2025-12-20,2025-12-20
USR_E83432EC,TRUE,366108.63,2025-11-11,2025-11-11,2025-11-20,2025-11-20
USR_E83432EC,TRUE,773102.81,2025-10-11,2025-10-11,2025-10-20,2025-10-20
USR_E83432EC,TRUE,842516.13,2025-09-11,2025-09-11,2025-09-20,2025-09-20
USR_E83432EC,TRUE,301155.4,2025-08-11,2025-08-11,2025-08-20,2025-08-20
USR_878ED5C2,FALSE,416789.67,2025-12-11,2025-12-29,2025-12-20,2025-12-31
USR_878ED5C2,FALSE,512518.33,2025-12-11,2025-12-13,2025-12-20,2026-01-14
USR_878ED5C2,FALSE,112836.48,2025-11-11,2025-11-29,2025-11-20,2025-12-09
USR_878ED5C2,FALSE,960353.56,2025-10-11,2025-10-14,2025-10-20,2025-11-09
USR_878ED5C2,FALSE,606721.69,2025-09-11,2025-09-12,2025-09-20,2025-09-26
USR_878ED5C2,FALSE,334864.64,2025-08-11,2025-08-19,2025-08-20,2025-09-06
USR_13B23358,TRUE,509389.63,2025-12-11,2025-12-11,2025-12-20,2025-12-20
USR_13B23358,TRUE,209093.33,2025-12-11,2025-12-11,2025-12-20,2025-12-20
USR_13B23358,TRUE,556186.07,2025-11-11,2025-11-11,2025-11-20,2025-11-20
USR_13B23358,TRUE,330780.02,2025-10-11,2025-10-11,2025-10-20,2025-10-20
USR_13B23358,TRUE,566648.71,2025-09-11,2025-09-11,2025-09-20,2025-09-20
USR_13B23358,TRUE,442282.88,2025-08-11,2025-08-11,2025-08-20,2025-08-20
USR_EE8A7463,TRUE,700821.41,2025-12-11,2025-12-11,2025-12-20,2025-12-20
USR_EE8A7463,TRUE,513523.6,2025-12-11,2025-12-11,2025-12-20,2025-12-20
USR_EE8A7463,TRUE,479472.2,2025-11-11,2025-11-11,2025-11-20,2025-11-20
USR_EE8A7463,TRUE,883933.4,2025-10-11,2025-10-11,2025-10-20,2025-10-20
USR_EE8A7463,TRUE,159932.13,2025-09-11,2025-09-11,2025-09-20,2025-09-20
USR_EE8A7463,TRUE,292461.76,2025-08-11,2025-08-11,2025-08-20,2025-08-20
USR_82205A7D,TRUE,603696.52,2025-12-11,2025-12-11,2025-12-20,2025-12-20
USR_82205A7D,TRUE,192623.56,2025-12-11,2025-12-11,2025-12-20,2025-12-20
USR_82205A7D,TRUE,547648.53,2025-11-11,2025-11-11,2025-11-20,2025-11-20
USR_82205A7D,TRUE,114166.12,2025-10-11,2025-10-11,2025-10-20,2025-10-20
USR_82205A7D,TRUE,443404.63,2025-09-11,2025-09-11,2025-09-20,2025-09-20
USR_82205A7D,TRUE,115744.98,2025-08-11,2025-08-11,2025-08-20,2025-08-20
USR_5F4F2C9E,TRUE,178504.01,2025-12-11,2025-12-11,2025-12-20,2025-12-20
USR_5F4F2C9E,TRUE,412619.79,2025-12-11,2025-12-11,2025-12-20,2025-12-20
USR_5F4F2C9E,TRUE,296748.0,2025-11-11,2025-11-11,2025-11-20,2025-11-20
USR_5F4F2C9E,TRUE,945500.22,2025-10-11,2025-10-11,2025-10-20,2025-10-20
USR_5F4F2C9E,TRUE,929094.78,2025-09-11,2025-09-11,2025-09-20,2025-09-20
USR_5F4F2C9E,TRUE,116144.86,2025-08-11,2025-08-11,2025-08-20,2025-08-20
USR_CA4283B9,TRUE,421452.89,2025-12-11,2025-12-11,2025-12-20,2025-12-20
USR_CA4283B9,TRUE,204188.52,2025-12-11,2025-12-11,2025-12-20,2025-12-20
USR_CA4283B9,TRUE,728006.19,2025-11-11,2025-11-11,2025-11-20,2025-11-20
USR_CA4283B9,TRUE,825712.2,2025-10-11,2025-10-11,2025-10-20,2025-10-20
USR_CA4283B9,TRUE,825752.18,2025-09-11,2025-09-11,2025-09-20,2025-09-20
USR_CA4283B9,TRUE,470583.44,2025-08-11,2025-08-11,2025-08-20,2025-08-20
USR_F8E311A5,TRUE,899931.87,2025-12-11,2025-12-11,2025-12-20,2025-12-20
USR_F8E311A5,TRUE,208550.11,2025-12-11,2025-12-11,2025-12-20,2025-12-20
USR_F8E311A5,TRUE,612921.03,2025-11-11,2025-11-11,2025-11-20,2025-11-20
USR_F8E311A5,TRUE,133267.95,2025-10-11,2025-10-11,2025-10-20,2025-10-20
USR_F8E311A5,TRUE,337091.57,2025-09-11,2025-09-11,2025-09-20,2025-09-20
USR_F8E311A5,TRUE,633254.68,2025-08-11,2025-08-11,2025-08-20,2025-08-20
USR_B05A55FA,TRUE,348761.33,2025-12-11,2025-12-11,2025-12-20,2025-12-20
USR_B05A55FA,TRUE,910915.13,2025-12-11,2025-12-11,2025-12-20,2025-12-20
USR_B05A55FA,TRUE,964506.18,2025-11-11,2025-11-11,2025-11-20,2025-11-20
USR_B05A55FA,TRUE,801105.49,2025-10-11,2025-10-11,2025-10-20,2025-10-20
USR_B05A55FA,TRUE,987113.53,2025-09-11,2025-09-11,2025-09-20,2025-09-20
USR_B05A55FA,TRUE,935011.66,2025-08-11,2025-08-11,2025-08-20,2025-08-20
USR_3F3908E3,FALSE,724674.23,2025-12-11,2026-01-08,2025-12-20,2026-01-15
USR_3F3908E3,FALSE,171347.01,2025-12-11,2025-12-27,2025-12-20,2026-01-17
USR_3F3908E3,FALSE,659484.42,2025-11-11,2025-12-08,2025-11-20,2025-12-08
USR_3F3908E3,FALSE,939565.84,2025-10-11,2025-11-05,2025-10-20,2025-11-10
USR_3F3908E3,FALSE,121854.37,2025-09-11,2025-10-01,2025-09-20,2025-09-26
USR_3F3908E3,FALSE,153168.2,2025-08-11,2025-09-06,2025-08-20,2025-09-19
USR_436D9B11,FALSE,509584.51,2025-12-11,2025-12-23,2025-12-20,2026-01-08
USR_436D9B11,FALSE,192209.4,2025-12-11,2025-12-12,2025-12-20,2026-01-02
USR_436D9B11,FALSE,891549.41,2025-11-11,2025-11-28,2025-11-20,2025-12-06
USR_436D9B11,FALSE,269361.36,2025-10-11,2025-11-07,2025-10-20,2025-11-01
USR_436D9B11,FALSE,559475.62,2025-09-11,2025-09-30,2025-09-20,2025-10-04
USR_436D9B11,FALSE,370613.91,2025-08-11,2025-08-31,2025-08-20,2025-09-14
USR_0EDF3478,TRUE,334811.66,2025-12-11,2025-12-11,2025-12-20,2025-12-20
USR_0EDF3478,TRUE,309532.89,2025-12-11,2025-12-11,2025-12-20,2025-12-20
USR_0EDF3478,TRUE,193903.28,2025-11-11,2025-11-11,2025-11-20,2025-11-20
USR_0EDF3478,TRUE,190594.13,2025-10-11,2025-10-11,2025-10-20,2025-10-20
USR_0EDF3478,TRUE,816958.91,2025-09-11,2025-09-11,2025-09-20,2025-09-20
USR_0EDF3478,TRUE,445124.81,2025-08-11,2025-08-11,2025-08-20,2025-08-20
USR_1B26641A,TRUE,366373.43,2025-12-11,2025-12-11,2025-12-20,2025-12-20
USR_1B26641A,TRUE,389857.07,2025-12-11,2025-12-11,2025-12-20,2025-12-20
USR_1B26641A,TRUE,337620.79,2025-11-11,2025-11-11,2025-11-20,2025-11-20
USR_1B26641A,TRUE,910904.65,2025-10-11,2025-10-11,2025-10-20,2025-10-20
USR_1B26641A,TRUE,708191.5,2025-09-11,2025-09-11,2025-09-20,2025-09-20
USR_1B26641A,TRUE,286678.88,2025-08-11,2025-08-11,2025-08-20,2025-08-20
USR_C8867AC7,TRUE,749360.5,2025-12-11,2025-12-11,2025-12-20,2025-12-20
USR_C8867AC7,TRUE,428696.16,2025-12-11,2025-12-11,2025-12-20,2025-12-20
USR_C8867AC7,TRUE,156854.53,2025-11-11,2025-11-11,2025-11-20,2025-11-20
USR_C8867AC7,TRUE,883966.69,2025-10-11,2025-10-11,2025-10-20,2025-10-20
USR_C8867AC7,TRUE,936176.84,2025-09-11,2025-09-11,2025-09-20,2025-09-20
USR_C8867AC7,TRUE,828458.33,2025-08-11,2025-08-11,2025-08-20,2025-08-20
USR_417B1207,TRUE,215165.44,2025-12-11,2025-12-11,2025-12-20,2025-12-20
USR_417B1207,TRUE,772043.68,2025-12-11,2025-12-11,2025-12-20,2025-12-20
USR_417B1207,TRUE,600358.49,2025-11-11,2025-11-11,2025-11-20,2025-11-20
USR_417B1207,TRUE,613249.55,2025-10-11,2025-10-11,2025-10-20,2025-10-20
USR_417B1207,TRUE,824582.38,2025-09-11,2025-09-11,2025-09-20,2025-09-20
USR_417B1207,TRUE,183973.85,2025-08-11,2025-08-11,2025-08-20,2025-08-20
USR_DB86BFCA,TRUE,503636.74,2025-12-11,2025-12-11,2025-12-20,2025-12-20
USR_DB86BFCA,TRUE,311930.64,2025-12-11,2025-12-11,2025-12-20,2025-12-20
USR_DB86BFCA,TRUE,446944.83,2025-11-11,2025-11-11,2025-11-20,2025-11-20
USR_DB86BFCA,TRUE,872640.73,2025-10-11,2025-10-11,2025-10-20,2025-10-20
USR_DB86BFCA,TRUE,570717.54,2025-09-11,2025-09-11,2025-09-20,2025-09-20
USR_DB86BFCA,TRUE,930277.33,2025-08-11,2025-08-11,2025-08-20,2025-08-20
USR_CE03A389,TRUE,222437.77,2025-12-11,2025-12-11,2025-12-20,2025-12-20
USR_CE03A389,TRUE,503704.86,2025-12-11,2025-12-11,2025-12-20,2025-12-20
USR_CE03A389,TRUE,381011.64,2025-11-11,2025-11-11,2025-11-20,2025-11-20
USR_CE03A389,TRUE,452476.57,2025-10-11,2025-10-11,2025-10-20,2025-10-20
USR_CE03A389,TRUE,879270.02,2025-09-11,2025-09-11,2025-09-20,2025-09-20
USR_CE03A389,TRUE,335642.58,2025-08-11,2025-08-11,2025-08-20,2025-08-20
USR_40B9504B,TRUE,737111.52,2025-12-11,2025-12-11,2025-12-20,2025-12-20
USR_40B9504B,TRUE,514656.07,2025-12-11,2025-12-11,2025-12-20,2025-12-20
USR_40B9504B,TRUE,739556.2,2025-11-11,2025-11-11,2025-11-20,2025-11-20
USR_40B9504B,TRUE,495947.93,2025-10-11,2025-10-11,2025-10-20,2025-10-20
USR_40B9504B,TRUE,423543.98,2025-09-11,2025-09-11,2025-09-20,2025-09-20
USR_40B9504B,TRUE,176661.61,2025-08-11,2025-08-11,2025-08-20,2025-08-20
USR_6A898CE7,TRUE,170250.4,2025-12-11,2025-12-11,2025-12-20,2025-12-20
USR_6A898CE7,TRUE,830903.83,2025-12-11,2025-12-11,2025-12-20,2025-12-20
USR_6A898CE7,TRUE,948965.97,2025-11-11,2025-11-11,2025-11-20,2025-11-20
USR_6A898CE7,TRUE,489828.67,2025-10-11,2025-10-11,2025-10-20,2025-10-20
USR_6A898CE7,TRUE,255258.91,2025-09-11,2025-09-11,2025-09-20,2025-09-20
USR_6A898CE7,TRUE,938759.15,2025-08-11,2025-08-11,2025-08-20,2025-08-20
USR_F41D55E0,FALSE,523386.04,2025-12-11,2025-12-30,2025-12-20,2025-12-24
USR_F41D55E0,FALSE,374965.09,2025-12-11,2025-12-31,2025-12-20,2026-01-12
USR_F41D55E0,FALSE,226085.21,2025-11-11,2025-11-16,2025-11-20,2025-11-22
USR_F41D55E0,FALSE,330612.33,2025-10-11,2025-10-27,2025-10-20,2025-11-01
USR_F41D55E0,FALSE,856124.2,2025-09-11,2025-09-22,2025-09-20,2025-10-08
USR_F41D55E0,FALSE,422913.81,2025-08-11,2025-08-20,2025-08-20,2025-09-18
USR_5AE7DF38,TRUE,273686.51,2025-12-11,2025-12-11,2025-12-20,2025-12-20
USR_5AE7DF38,TRUE,613015.44,2025-12-11,2025-12-11,2025-12-20,2025-12-20
USR_5AE7DF38,TRUE,211584.74,2025-11-11,2025-11-11,2025-11-20,2025-11-20
USR_5AE7DF38,TRUE,329417.81,2025-10-11,2025-10-11,2025-10-20,2025-10-20
USR_5AE7DF38,TRUE,658535.93,2025-09-11,2025-09-11,2025-09-20,2025-09-20
USR_5AE7DF38,TRUE,503322.98,2025-08-11,2025-08-11,2025-08-20,2025-08-20
USR_9AA538A6,TRUE,737083.1,2025-12-11,2025-12-11,2025-12-20,2025-12-20
USR_9AA538A6,TRUE,485906.8,2025-12-11,2025-12-11,2025-12-20,2025-12-20
USR_9AA538A6,TRUE,130743.61,2025-11-11,2025-11-11,2025-11-20,2025-11-20
USR_9AA538A6,TRUE,760166.98,2025-10-11,2025-10-11,2025-10-20,2025-10-20
USR_9AA538A6,TRUE,625110.56,2025-09-11,2025-09-11,2025-09-20,2025-09-20
USR_9AA538A6,TRUE,900000.3,2025-08-11,2025-08-11,2025-08-20,2025-08-20
USR_058F577E,TRUE,192269.91,2025-12-11,2025-12-11,2025-12-20,2025-12-20
USR_058F577E,TRUE,167006.74,2025-12-11,2025-12-11,2025-12-20,2025-12-20
USR_058F577E,TRUE,659211.95,2025-11-11,2025-11-11,2025-11-20,2025-11-20
USR_058F577E,TRUE,551821.71,2025-10-11,2025-10-11,2025-10-20,2025-10-20
USR_058F577E,TRUE,299714.8,2025-09-11,2025-09-11,2025-09-20,2025-09-20
USR_058F577E,TRUE,557057.48,2025-08-11,2025-08-11,2025-08-20,2025-08-20
USR_0C735C1A,TRUE,177999.0,2025-12-11,2025-12-11,2025-12-20,2025-12-20
USR_0C735C1A,TRUE,882958.99,2025-12-11,2025-12-11,2025-12-20,2025-12-20
USR_0C735C1A,TRUE,395481.89,2025-11-11,2025-11-11,2025-11-20,2025-11-20
USR_0C735C1A,TRUE,808419.87,2025-10-11,2025-10-11,2025-10-20,2025-10-20
USR_0C735C1A,TRUE,455668.81,2025-09-11,2025-09-11,2025-09-20,2025-09-20
USR_0C735C1A,TRUE,405949.52,2025-08-11,2025-08-11,2025-08-20,2025-08-20
USR_F1BC09E0,TRUE,785848.75,2025-12-11,2025-12-11,2025-12-20,2025-12-20
USR_F1BC09E0,TRUE,414569.3,2025-12-11,2025-12-11,2025-12-20,2025-12-20
USR_F1BC09E0,TRUE,479430.96,2025-11-11,2025-11-11,2025-11-20,2025-11-20
USR_F1BC09E0,TRUE,298121.58,2025-10-11,2025-10-11,2025-10-20,2025-10-20
USR_F1BC09E0,TRUE,316782.3,2025-09-11,2025-09-11,2025-09-20,2025-09-20
USR_F1BC09E0,TRUE,862065.31,2025-08-11,2025-08-11,2025-08-20,2025-08-20
USR_32782195,FALSE,146981.87,2025-12-11,2025-12-17,2025-12-20,2026-01-06
USR_32782195,FALSE,993904.84,2025-12-11,2025-12-19,2025-12-20,2026-01-16
USR_32782195,FALSE,899570.45,2025-11-11,2025-12-02,2025-11-20,2025-11-26
USR_32782195,FALSE,751617.86,2025-10-11,2025-10-15,2025-10-20,2025-10-31
USR_32782195,FALSE,265766.13,2025-09-11,2025-09-26,2025-09-20,2025-10-10
USR_32782195,FALSE,912100.59,2025-08-11,2025-08-18,2025-08-20,2025-09-12
USR_B8CDC89E,TRUE,507763.87,2025-12-11,2025-12-11,2025-12-20,2025-12-20
USR_B8CDC89E,TRUE,969492.17,2025-12-11,2025-12-11,2025-12-20,2025-12-20
USR_B8CDC89E,TRUE,948039.68,2025-11-11,2025-11-11,2025-11-20,2025-11-20
USR_B8CDC89E,TRUE,335466.46,2025-10-11,2025-10-11,2025-10-20,2025-10-20
USR_B8CDC89E,TRUE,795856.04,2025-09-11,2025-09-11,2025-09-20,2025-09-20
USR_B8CDC89E,TRUE,357117.17,2025-08-11,2025-08-11,2025-08-20,2025-08-20
USR_C73CC8AE,TRUE,117524.48,2025-12-11,2025-12-11,2025-12-20,2025-12-20
USR_C73CC8AE,TRUE,102428.79,2025-12-11,2025-12-11,2025-12-20,2025-12-20
USR_C73CC8AE,TRUE,889267.63,2025-11-11,2025-11-11,2025-11-20,2025-11-20
USR_C73CC8AE,TRUE,727322.23,2025-10-11,2025-10-11,2025-10-20,2025-10-20
USR_C73CC8AE,TRUE,662914.09,2025-09-11,2025-09-11,2025-09-20,2025-09-20
USR_C73CC8AE,TRUE,312280.68,2025-08-11,2025-08-11,2025-08-20,2025-08-20
USR_ABF13E83,FALSE,102611.89,2025-12-11,2025-12-28,2025-12-20,2026-01-07
USR_ABF13E83,FALSE,209887.34,2025-12-11,2025-12-25,2025-12-20,2025-12-26
USR_ABF13E83,FALSE,959087.64,2025-11-11,2025-11-18,2025-11-20,2025-11-22
USR_ABF13E83,FALSE,542396.0,2025-10-11,2025-11-04,2025-10-20,2025-10-27
USR_ABF13E83,FALSE,776508.02,2025-09-11,2025-09-19,2025-09-20,2025-10-18
USR_ABF13E83,FALSE,206356.79,2025-08-11,2025-08-14,2025-08-20,2025-09-05
USR_E2911158,TRUE,198285.0,2025-12-11,2025-12-11,2025-12-20,2025-12-20
USR_E2911158,TRUE,149279.93,2025-12-11,2025-12-11,2025-12-20,2025-12-20
USR_E2911158,TRUE,915306.22,2025-11-11,2025-11-11,2025-11-20,2025-11-20
USR_E2911158,TRUE,780145.65,2025-10-11,2025-10-11,2025-10-20,2025-10-20
USR_E2911158,TRUE,752221.3,2025-09-11,2025-09-11,2025-09-20,2025-09-20
USR_E2911158,TRUE,716517.54,2025-08-11,2025-08-11,2025-08-20,2025-08-20
USR_45ED8F3B,TRUE,808319.43,2025-12-11,2025-12-11,2025-12-20,2025-12-20
USR_45ED8F3B,TRUE,215168.27,2025-12-11,2025-12-11,2025-12-20,2025-12-20
USR_45ED8F3B,TRUE,242914.8,2025-11-11,2025-11-11,2025-11-20,2025-11-20
USR_45ED8F3B,TRUE,464384.23,2025-10-11,2025-10-11,2025-10-20,2025-10-20
USR_45ED8F3B,TRUE,763276.65,2025-09-11,2025-09-11,2025-09-20,2025-09-20
USR_45ED8F3B,TRUE,556571.15,2025-08-11,2025-08-11,2025-08-20,2025-08-20
USR_DB8C2170,TRUE,802898.52,2025-12-11,2025-12-11,2025-12-20,2025-12-20
USR_DB8C2170,TRUE,275731.33,2025-12-11,2025-12-11,2025-12-20,2025-12-20
USR_DB8C2170,TRUE,600948.23,2025-11-11,2025-11-11,2025-11-20,2025-11-20
USR_DB8C2170,TRUE,108329.03,2025-10-11,2025-10-11,2025-10-20,2025-10-20
USR_DB8C2170,TRUE,733430.29,2025-09-11,2025-09-11,2025-09-20,2025-09-20
USR_DB8C2170,TRUE,133995.52,2025-08-11,2025-08-11,2025-08-20,2025-08-20
USR_ED7A56BF,TRUE,685028.61,2025-12-11,2025-12-11,2025-12-20,2025-12-20
USR_ED7A56BF,TRUE,124979.69,2025-12-11,2025-12-11,2025-12-20,2025-12-20
USR_ED7A56BF,TRUE,611369.85,2025-11-11,2025-11-11,2025-11-20,2025-11-20
USR_ED7A56BF,TRUE,135042.55,2025-10-11,2025-10-11,2025-10-20,2025-10-20
USR_ED7A56BF,TRUE,634868.7,2025-09-11,2025-09-11,2025-09-20,2025-09-20
USR_ED7A56BF,TRUE,512059.78,2025-08-11,2025-08-11,2025-08-20,2025-08-20
USR_784DFB83,FALSE,317203.87,2025-12-11,2026-01-06,2025-12-20,2026-01-12
USR_784DFB83,FALSE,570505.8,2025-12-11,2026-01-10,2025-12-20,2026-01-01
USR_784DFB83,FALSE,654208.01,2025-11-11,2025-11-30,2025-11-20,2025-11-25
USR_784DFB83,FALSE,738097.59,2025-10-11,2025-11-06,2025-10-20,2025-11-16
USR_784DFB83,FALSE,534518.05,2025-09-11,2025-09-18,2025-09-20,2025-09-22
USR_784DFB83,FALSE,238068.05,2025-08-11,2025-08-30,2025-08-20,2025-08-22
USR_473F147D,TRUE,543349.44,2025-12-11,2025-12-11,2025-12-20,2025-12-20
USR_473F147D,TRUE,436788.66,2025-12-11,2025-12-11,2025-12-20,2025-12-20
USR_473F147D,TRUE,662267.66,2025-11-11,2025-11-11,2025-11-20,2025-11-20
USR_473F147D,TRUE,246074.32,2025-10-11,2025-10-11,2025-10-20,2025-10-20
USR_473F147D,TRUE,538627.05,2025-09-11,2025-09-11,2025-09-20,2025-09-20
USR_473F147D,TRUE,348461.93,2025-08-11,2025-08-11,2025-08-20,2025-08-20
USR_2E84C4D9,TRUE,623150.94,2025-12-11,2025-12-11,2025-12-20,2025-12-20
USR_2E84C4D9,TRUE,812300.88,2025-12-11,2025-12-11,2025-12-20,2025-12-20
USR_2E84C4D9,TRUE,858023.77,2025-11-11,2025-11-11,2025-11-20,2025-11-20
USR_2E84C4D9,TRUE,760810.06,2025-10-11,2025-10-11,2025-10-20,2025-10-20
USR_2E84C4D9,TRUE,705303.54,2025-09-11,2025-09-11,2025-09-20,2025-09-20
USR_2E84C4D9,TRUE,884585.52,2025-08-11,2025-08-11,2025-08-20,2025-08-20
USR_F8D25617,TRUE,853706.71,2025-12-11,2025-12-11,2025-12-20,2025-12-20
USR_F8D25617,TRUE,423938.44,2025-12-11,2025-12-11,2025-12-20,2025-12-20
USR_F8D25617,TRUE,839635.52,2025-11-11,2025-11-11,2025-11-20,2025-11-20
USR_F8D25617,TRUE,835569.99,2025-10-11,2025-10-11,2025-10-20,2025-10-20
USR_F8D25617,TRUE,424796.29,2025-09-11,2025-09-11,2025-09-20,2025-09-20
USR_F8D25617,TRUE,535157.58,2025-08-11,2025-08-11,2025-08-20,2025-08-20
USR_F6A13786,TRUE,194803.94,2025-12-11,2025-12-11,2025-12-20,2025-12-20
USR_F6A13786,TRUE,509419.44,2025-12-11,2025-12-11,2025-12-20,2025-12-20
USR_F6A13786,TRUE,748729.01,2025-11-11,2025-11-11,2025-11-20,2025-11-20
USR_F6A13786,TRUE,477622.26,2025-10-11,2025-10-11,2025-10-20,2025-10-20
USR_F6A13786,TRUE,278287.19,2025-09-11,2025-09-11,2025-09-20,2025-09-20
USR_F6A13786,TRUE,950357.11,2025-08-11,2025-08-11,2025-08-20,2025-08-20
USR_65D59AAA,TRUE,193654.92,2025-12-11,2025-12-11,2025-12-20,2025-12-20
USR_65D59AAA,TRUE,109517.24,2025-12-11,2025-12-11,2025-12-20,2025-12-20
USR_65D59AAA,TRUE,156169.81,2025-11-11,2025-11-11,2025-11-20,2025-11-20
USR_65D59AAA,TRUE,848750.11,2025-10-11,2025-10-11,2025-10-20,2025-10-20
USR_65D59AAA,TRUE,450714.16,2025-09-11,2025-09-11,2025-09-20,2025-09-20
USR_65D59AAA,TRUE,549355.29,2025-08-11,2025-08-11,2025-08-20,2025-08-20
USR_FA762A09,TRUE,120528.39,2025-12-11,2025-12-11,2025-12-20,2025-12-20
USR_FA762A09,TRUE,436101.04,2025-12-11,2025-12-11,2025-12-20,2025-12-20
USR_FA762A09,TRUE,632701.51,2025-11-11,2025-11-11,2025-11-20,2025-11-20
USR_FA762A09,TRUE,845568.47,2025-10-11,2025-10-11,2025-10-20,2025-10-20
USR_FA762A09,TRUE,738288.39,2025-09-11,2025-09-11,2025-09-20,2025-09-20
USR_FA762A09,TRUE,798014.23,2025-08-11,2025-08-11,2025-08-20,2025-08-20
USR_3A779C66,TRUE,701822.24,2025-12-11,2025-12-11,2025-12-20,2025-12-20
USR_3A779C66,TRUE,832937.33,2025-12-11,2025-12-11,2025-12-20,2025-12-20
USR_3A779C66,TRUE,328043.58,2025-11-11,2025-11-11,2025-11-20,2025-11-20
USR_3A779C66,TRUE,907337.16,2025-10-11,2025-10-11,2025-10-20,2025-10-20
USR_3A779C66,TRUE,174975.11,2025-09-11,2025-09-11,2025-09-20,2025-09-20
USR_3A779C66,TRUE,689003.87,2025-08-11,2025-08-11,2025-08-20,2025-08-20
USR_68745584,TRUE,783603.84,2025-12-11,2025-12-11,2025-12-20,2025-12-20
USR_68745584,TRUE,727418.5,2025-12-11,2025-12-11,2025-12-20,2025-12-20
USR_68745584,TRUE,206180.98,2025-11-11,2025-11-11,2025-11-20,2025-11-20
USR_68745584,TRUE,642679.58,2025-10-11,2025-10-11,2025-10-20,2025-10-20
USR_68745584,TRUE,834962.77,2025-09-11,2025-09-11,2025-09-20,2025-09-20
USR_68745584,TRUE,700242.54,2025-08-11,2025-08-11,2025-08-20,2025-08-20
USR_BCBCFF92,TRUE,362186.61,2025-12-11,2025-12-11,2025-12-20,2025-12-20
USR_BCBCFF92,TRUE,896012.28,2025-12-11,2025-12-11,2025-12-20,2025-12-20
USR_BCBCFF92,TRUE,361472.04,2025-11-11,2025-11-11,2025-11-20,2025-11-20
USR_BCBCFF92,TRUE,754240.17,2025-10-11,2025-10-11,2025-10-20,2025-10-20
USR_BCBCFF92,TRUE,377482.57,2025-09-11,2025-09-11,2025-09-20,2025-09-20
USR_BCBCFF92,TRUE,326330.83,2025-08-11,2025-08-11,2025-08-20,2025-08-20
USR_790C5C6D,TRUE,124745.34,2025-12-11,2025-12-11,2025-12-20,2025-12-20
USR_790C5C6D,TRUE,959477.17,2025-12-11,2025-12-11,2025-12-20,2025-12-20
USR_790C5C6D,TRUE,775741.86,2025-11-11,2025-11-11,2025-11-20,2025-11-20
USR_790C5C6D,TRUE,542740.8,2025-10-11,2025-10-11,2025-10-20,2025-10-20
USR_790C5C6D,TRUE,280779.65,2025-09-11,2025-09-11,2025-09-20,2025-09-20
USR_790C5C6D,TRUE,478009.27,2025-08-11,2025-08-11,2025-08-20,2025-08-20
USR_1D0FF588,FALSE,172170.87,2025-12-11,2025-12-13,2025-12-20,2026-01-08
USR_1D0FF588,FALSE,597233.81,2025-12-11,2025-12-29,2025-12-20,2026-01-08
USR_1D0FF588,FALSE,666737.69,2025-11-11,2025-12-06,2025-11-20,2025-11-28
USR_1D0FF588,FALSE,832995.29,2025-10-11,2025-10-16,2025-10-20,2025-11-01
USR_1D0FF588,FALSE,473843.82,2025-09-11,2025-09-23,2025-09-20,2025-10-08
USR_1D0FF588,FALSE,348781.46,2025-08-11,2025-08-16,2025-08-20,2025-08-23
USR_0E7FED1B,TRUE,120856.02,2025-12-11,2025-12-11,2025-12-20,2025-12-20
USR_0E7FED1B,TRUE,364835.93,2025-12-11,2025-12-11,2025-12-20,2025-12-20
USR_0E7FED1B,TRUE,516875.65,2025-11-11,2025-11-11,2025-11-20,2025-11-20
USR_0E7FED1B,TRUE,496550.7,2025-10-11,2025-10-11,2025-10-20,2025-10-20
USR_0E7FED1B,TRUE,780233.64,2025-09-11,2025-09-11,2025-09-20,2025-09-20
USR_0E7FED1B,TRUE,421789.82,2025-08-11,2025-08-11,2025-08-20,2025-08-20
USR_F4A022DC,TRUE,941946.46,2025-12-11,2025-12-11,2025-12-20,2025-12-20
USR_F4A022DC,TRUE,808107.7,2025-12-11,2025-12-11,2025-12-20,2025-12-20
USR_F4A022DC,TRUE,293362.59,2025-11-11,2025-11-11,2025-11-20,2025-11-20
USR_F4A022DC,TRUE,588399.54,2025-10-11,2025-10-11,2025-10-20,2025-10-20
USR_F4A022DC,TRUE,171866.71,2025-09-11,2025-09-11,2025-09-20,2025-09-20
USR_F4A022DC,TRUE,712836.19,2025-08-11,2025-08-11,2025-08-20,2025-08-20
USR_F65C7589,FALSE,873521.29,2025-12-11,2025-12-21,2025-12-20,2025-12-25
USR_F65C7589,FALSE,706163.14,2025-12-11,2026-01-01,2025-12-20,2026-01-13
USR_F65C7589,FALSE,532782.32,2025-11-11,2025-12-05,2025-11-20,2025-11-22
USR_F65C7589,FALSE,620346.99,2025-10-11,2025-10-28,2025-10-20,2025-10-30
USR_F65C7589,FALSE,798217.89,2025-09-11,2025-10-04,2025-09-20,2025-10-20
USR_F65C7589,FALSE,298508.34,2025-08-11,2025-09-04,2025-08-20,2025-09-12
USR_DB4CBC58,TRUE,597115.24,2025-12-11,2025-12-11,2025-12-20,2025-12-20
USR_DB4CBC58,TRUE,608368.82,2025-12-11,2025-12-11,2025-12-20,2025-12-20
USR_DB4CBC58,TRUE,973909.75,2025-11-11,2025-11-11,2025-11-20,2025-11-20
USR_DB4CBC58,TRUE,815761.96,2025-10-11,2025-10-11,2025-10-20,2025-10-20
USR_DB4CBC58,TRUE,604897.96,2025-09-11,2025-09-11,2025-09-20,2025-09-20
USR_DB4CBC58,TRUE,782283.35,2025-08-11,2025-08-11,2025-08-20,2025-08-20
USR_3F5FD7D4,FALSE,731381.19,2025-12-11,2026-01-01,2025-12-20,2025-12-26
USR_3F5FD7D4,FALSE,774154.98,2025-12-11,2025-12-14,2025-12-20,2025-12-27
USR_3F5FD7D4,FALSE,115645.05,2025-11-11,2025-12-06,2025-11-20,2025-12-04
USR_3F5FD7D4,FALSE,273515.49,2025-10-11,2025-11-10,2025-10-20,2025-11-07
USR_3F5FD7D4,FALSE,724189.42,2025-09-11,2025-09-15,2025-09-20,2025-10-19
USR_3F5FD7D4,FALSE,893054.22,2025-08-11,2025-09-09,2025-08-20,2025-09-06
USR_CAA4BB24,TRUE,900849.37,2025-12-11,2025-12-11,2025-12-20,2025-12-20
USR_CAA4BB24,TRUE,648003.43,2025-12-11,2025-12-11,2025-12-20,2025-12-20
USR_CAA4BB24,TRUE,471228.12,2025-11-11,2025-11-11,2025-11-20,2025-11-20
USR_CAA4BB24,TRUE,833040.1,2025-10-11,2025-10-11,2025-10-20,2025-10-20
USR_CAA4BB24,TRUE,415940.24,2025-09-11,2025-09-11,2025-09-20,2025-09-20
USR_CAA4BB24,TRUE,270493.67,2025-08-11,2025-08-11,2025-08-20,2025-08-20
USR_91FFF7EF,TRUE,541285.09,2025-12-11,2025-12-11,2025-12-20,2025-12-20
USR_91FFF7EF,TRUE,906450.52,2025-12-11,2025-12-11,2025-12-20,2025-12-20
USR_91FFF7EF,TRUE,688232.14,2025-11-11,2025-11-11,2025-11-20,2025-11-20
USR_91FFF7EF,TRUE,707446.29,2025-10-11,2025-10-11,2025-10-20,2025-10-20
USR_91FFF7EF,TRUE,721125.24,2025-09-11,2025-09-11,2025-09-20,2025-09-20
USR_91FFF7EF,TRUE,420014.13,2025-08-11,2025-08-11,2025-08-20,2025-08-20
USR_46611FC6,TRUE,881305.81,2025-12-11,2025-12-11,2025-12-20,2025-12-20
USR_46611FC6,TRUE,577744.79,2025-12-11,2025-12-11,2025-12-20,2025-12-20
USR_46611FC6,TRUE,442680.07,2025-11-11,2025-11-11,2025-11-20,2025-11-20
USR_46611FC6,TRUE,155540.09,2025-10-11,2025-10-11,2025-10-20,2025-10-20
USR_46611FC6,TRUE,617293.18,2025-09-11,2025-09-11,2025-09-20,2025-09-20
USR_46611FC6,TRUE,219223.06,2025-08-11,2025-08-11,2025-08-20,2025-08-20
USR_C96E9FDE,TRUE,950067.71,2025-12-11,2025-12-11,2025-12-20,2025-12-20
USR_C96E9FDE,TRUE,782754.63,2025-12-11,2025-12-11,2025-12-20,2025-12-20
USR_C96E9FDE,TRUE,345999.42,2025-11-11,2025-11-11,2025-11-20,2025-11-20
USR_C96E9FDE,TRUE,168560.27,2025-10-11,2025-10-11,2025-10-20,2025-10-20
USR_C96E9FDE,TRUE,686517.57,2025-09-11,2025-09-11,2025-09-20,2025-09-20
USR_C96E9FDE,TRUE,707612.95,2025-08-11,2025-08-11,2025-08-20,2025-08-20
USR_53127F3B,TRUE,654340.59,2025-12-11,2025-12-11,2025-12-20,2025-12-20
USR_53127F3B,TRUE,794961.84,2025-12-11,2025-12-11,2025-12-20,2025-12-20
USR_53127F3B,TRUE,115532.72,2025-11-11,2025-11-11,2025-11-20,2025-11-20
USR_53127F3B,TRUE,666714.54,2025-10-11,2025-10-11,2025-10-20,2025-10-20
USR_53127F3B,TRUE,484587.21,2025-09-11,2025-09-11,2025-09-20,2025-09-20
USR_53127F3B,TRUE,836426.26,2025-08-11,2025-08-11,2025-08-20,2025-08-20
USR_937403E5,TRUE,962016.54,2025-12-11,2025-12-11,2025-12-20,2025-12-20
USR_937403E5,TRUE,537761.29,2025-12-11,2025-12-11,2025-12-20,2025-12-20
USR_937403E5,TRUE,733646.45,2025-11-11,2025-11-11,2025-11-20,2025-11-20
USR_937403E5,TRUE,199507.35,2025-10-11,2025-10-11,2025-10-20,2025-10-20
USR_937403E5,TRUE,237442.19,2025-09-11,2025-09-11,2025-09-20,2025-09-20
USR_937403E5,TRUE,770326.72,2025-08-11,2025-08-11,2025-08-20,2025-08-20
USR_FF579F41,FALSE,596498.7,2025-12-11,2025-12-14,2025-12-20,2026-01-09
USR_FF579F41,FALSE,985584.18,2025-12-11,2025-12-13,2025-12-20,2025-12-23
USR_FF579F41,FALSE,896605.65,2025-11-11,2025-12-07,2025-11-20,2025-12-06
USR_FF579F41,FALSE,848896.95,2025-10-11,2025-11-09,2025-10-20,2025-10-25
USR_FF579F41,FALSE,848633.17,2025-09-11,2025-09-19,2025-09-20,2025-10-20
USR_FF579F41,FALSE,314268.43,2025-08-11,2025-08-29,2025-08-20,2025-09-05
USR_5C906B05,TRUE,792266.63,2025-12-11,2025-12-11,2025-12-20,2025-12-20
USR_5C906B05,TRUE,168865.95,2025-12-11,2025-12-11,2025-12-20,2025-12-20
USR_5C906B05,TRUE,413840.0,2025-11-11,2025-11-11,2025-11-20,2025-11-20
USR_5C906B05,TRUE,291431.3,2025-10-11,2025-10-11,2025-10-20,2025-10-20
USR_5C906B05,TRUE,181240.14,2025-09-11,2025-09-11,2025-09-20,2025-09-20
USR_5C906B05,TRUE,943653.35,2025-08-11,2025-08-11,2025-08-20,2025-08-20
USR_CAB5FBBA,TRUE,342156.54,2025-12-11,2025-12-11,2025-12-20,2025-12-20
USR_CAB5FBBA,TRUE,163023.78,2025-12-11,2025-12-11,2025-12-20,2025-12-20
USR_CAB5FBBA,TRUE,757799.39,2025-11-11,2025-11-11,2025-11-20,2025-11-20
USR_CAB5FBBA,TRUE,707192.32,2025-10-11,2025-10-11,2025-10-20,2025-10-20
USR_CAB5FBBA,TRUE,418911.32,2025-09-11,2025-09-11,2025-09-20,2025-09-20
USR_CAB5FBBA,TRUE,285748.71,2025-08-11,2025-08-11,2025-08-20,2025-08-20
USR_5FD361FD,TRUE,904409.84,2025-12-11,2025-12-11,2025-12-20,2025-12-20
USR_5FD361FD,TRUE,839783.42,2025-12-11,2025-12-11,2025-12-20,2025-12-20
USR_5FD361FD,TRUE,984797.72,2025-11-11,2025-11-11,2025-11-20,2025-11-20
USR_5FD361FD,TRUE,904838.3,2025-10-11,2025-10-11,2025-10-20,2025-10-20
USR_5FD361FD,TRUE,288076.85,2025-09-11,2025-09-11,2025-09-20,2025-09-20
USR_5FD361FD,TRUE,718836.37,2025-08-11,2025-08-11,2025-08-20,2025-08-20
USR_A54B2185,TRUE,656963.02,2025-12-11,2025-12-11,2025-12-20,2025-12-20
USR_A54B2185,TRUE,541762.98,2025-12-11,2025-12-11,2025-12-20,2025-12-20
USR_A54B2185,TRUE,988854.21,2025-11-11,2025-11-11,2025-11-20,2025-11-20
USR_A54B2185,TRUE,866349.14,2025-10-11,2025-10-11,2025-10-20,2025-10-20
USR_A54B2185,TRUE,382366.07,2025-09-11,2025-09-11,2025-09-20,2025-09-20
USR_A54B2185,TRUE,810086.78,2025-08-11,2025-08-11,2025-08-20,2025-08-20
USR_2770C1A2,FALSE,560012.51,2025-12-11,2025-12-31,2025-12-20,2025-12-23
USR_2770C1A2,FALSE,578998.13,2025-12-11,2026-01-01,2025-12-20,2026-01-14
USR_2770C1A2,FALSE,785480.8,2025-11-11,2025-11-30,2025-11-20,2025-12-08
USR_2770C1A2,FALSE,550577.6,2025-10-11,2025-10-25,2025-10-20,2025-10-27
USR_2770C1A2,FALSE,479627.78,2025-09-11,2025-09-22,2025-09-20,2025-10-04
USR_2770C1A2,FALSE,366646.01,2025-08-11,2025-08-14,2025-08-20,2025-09-14
USR_952EBB8D,TRUE,309293.02,2025-12-11,2025-12-11,2025-12-20,2025-12-20
USR_952EBB8D,TRUE,183679.0,2025-12-11,2025-12-11,2025-12-20,2025-12-20
USR_952EBB8D,TRUE,376700.73,2025-11-11,2025-11-11,2025-11-20,2025-11-20
USR_952EBB8D,TRUE,937954.71,2025-10-11,2025-10-11,2025-10-20,2025-10-20
USR_952EBB8D,TRUE,876364.36,2025-09-11,2025-09-11,2025-09-20,2025-09-20
USR_952EBB8D,TRUE,227237.54,2025-08-11,2025-08-11,2025-08-20,2025-08-20
USR_FEAF6A41,TRUE,570250.17,2025-12-11,2025-12-11,2025-12-20,2025-12-20
USR_FEAF6A41,TRUE,889596.18,2025-12-11,2025-12-11,2025-12-20,2025-12-20
USR_FEAF6A41,TRUE,918791.04,2025-11-11,2025-11-11,2025-11-20,2025-11-20
USR_FEAF6A41,TRUE,298457.71,2025-10-11,2025-10-11,2025-10-20,2025-10-20
USR_FEAF6A41,TRUE,191934.48,2025-09-11,2025-09-11,2025-09-20,2025-09-20
USR_FEAF6A41,TRUE,245331.02,2025-08-11,2025-08-11,2025-08-20,2025-08-20
USR_6CB86C4B,TRUE,849424.84,2025-12-11,2025-12-11,2025-12-20,2025-12-20
USR_6CB86C4B,TRUE,817588.18,2025-12-11,2025-12-11,2025-12-20,2025-12-20
USR_6CB86C4B,TRUE,696345.88,2025-11-11,2025-11-11,2025-11-20,2025-11-20
USR_6CB86C4B,TRUE,997716.09,2025-10-11,2025-10-11,2025-10-20,2025-10-20
USR_6CB86C4B,TRUE,144125.07,2025-09-11,2025-09-11,2025-09-20,2025-09-20
USR_6CB86C4B,TRUE,436608.04,2025-08-11,2025-08-11,2025-08-20,2025-08-20
USR_83CEB245,TRUE,919474.66,2025-12-11,2025-12-11,2025-12-20,2025-12-20
USR_83CEB245,TRUE,161055.51,2025-12-11,2025-12-11,2025-12-20,2025-12-20
USR_83CEB245,TRUE,120205.59,2025-11-11,2025-11-11,2025-11-20,2025-11-20
USR_83CEB245,TRUE,807861.49,2025-10-11,2025-10-11,2025-10-20,2025-10-20
USR_83CEB245,TRUE,247771.27,2025-09-11,2025-09-11,2025-09-20,2025-09-20
USR_83CEB245,TRUE,670138.1,2025-08-11,2025-08-11,2025-08-20,2025-08-20
USR_3972A337,TRUE,471054.43,2025-12-11,2025-12-11,2025-12-20,2025-12-20
USR_3972A337,TRUE,198812.73,2025-12-11,2025-12-11,2025-12-20,2025-12-20
USR_3972A337,TRUE,920767.92,2025-11-11,2025-11-11,2025-11-20,2025-11-20
USR_3972A337,TRUE,833300.83,2025-10-11,2025-10-11,2025-10-20,2025-10-20
USR_3972A337,TRUE,219857.99,2025-09-11,2025-09-11,2025-09-20,2025-09-20
USR_3972A337,TRUE,565852.13,2025-08-11,2025-08-11,2025-08-20,2025-08-20
USR_2FEE61DF,TRUE,154845.39,2025-12-11,2025-12-11,2025-12-20,2025-12-20
USR_2FEE61DF,TRUE,916229.93,2025-12-11,2025-12-11,2025-12-20,2025-12-20
USR_2FEE61DF,TRUE,870776.57,2025-11-11,2025-11-11,2025-11-20,2025-11-20
USR_2FEE61DF,TRUE,324133.57,2025-10-11,2025-10-11,2025-10-20,2025-10-20
USR_2FEE61DF,TRUE,394464.33,2025-09-11,2025-09-11,2025-09-20,2025-09-20
USR_2FEE61DF,TRUE,639122.68,2025-08-11,2025-08-11,2025-08-20,2025-08-20
USR_AA0A7FE5,FALSE,131990.06,2025-12-11,2025-12-19,2025-12-20,2025-12-26
USR_AA0A7FE5,FALSE,936225.84,2025-12-11,2026-01-06,2025-12-20,2026-01-09
USR_AA0A7FE5,FALSE,674210.0,2025-11-11,2025-11-16,2025-11-20,2025-12-03
USR_AA0A7FE5,FALSE,520344.29,2025-10-11,2025-10-21,2025-10-20,2025-11-18
USR_AA0A7FE5,FALSE,601196.85,2025-09-11,2025-09-30,2025-09-20,2025-10-05
USR_AA0A7FE5,FALSE,821551.4,2025-08-11,2025-09-03,2025-08-20,2025-08-30
USR_080FC211,TRUE,612648.99,2025-12-11,2025-12-11,2025-12-20,2025-12-20
USR_080FC211,TRUE,507724.62,2025-12-11,2025-12-11,2025-12-20,2025-12-20
USR_080FC211,TRUE,510309.37,2025-11-11,2025-11-11,2025-11-20,2025-11-20
USR_080FC211,TRUE,252969.15,2025-10-11,2025-10-11,2025-10-20,2025-10-20
USR_080FC211,TRUE,457297.69,2025-09-11,2025-09-11,2025-09-20,2025-09-20
USR_080FC211,TRUE,379755.67,2025-08-11,2025-08-11,2025-08-20,2025-08-20
USR_33C6E802,TRUE,377281.55,2025-12-11,2025-12-11,2025-12-20,2025-12-20
USR_33C6E802,TRUE,170815.77,2025-12-11,2025-12-11,2025-12-20,2025-12-20
USR_33C6E802,TRUE,707128.72,2025-11-11,2025-11-11,2025-11-20,2025-11-20
USR_33C6E802,TRUE,999465.32,2025-10-11,2025-10-11,2025-10-20,2025-10-20
USR_33C6E802,TRUE,302591.67,2025-09-11,2025-09-11,2025-09-20,2025-09-20
USR_33C6E802,TRUE,495057.31,2025-08-11,2025-08-11,2025-08-20,2025-08-20
USR_0BC4D1D0,TRUE,644376.29,2025-12-11,2025-12-11,2025-12-20,2025-12-20
USR_0BC4D1D0,TRUE,918667.53,2025-12-11,2025-12-11,2025-12-20,2025-12-20
USR_0BC4D1D0,TRUE,630345.25,2025-11-11,2025-11-11,2025-11-20,2025-11-20
USR_0BC4D1D0,TRUE,508911.31,2025-10-11,2025-10-11,2025-10-20,2025-10-20
USR_0BC4D1D0,TRUE,930068.82,2025-09-11,2025-09-11,2025-09-20,2025-09-20
USR_0BC4D1D0,TRUE,254537.2,2025-08-11,2025-08-11,2025-08-20,2025-08-20
USR_5889E7B4,TRUE,783767.1,2025-12-11,2025-12-11,2025-12-20,2025-12-20
USR_5889E7B4,TRUE,304578.73,2025-12-11,2025-12-11,2025-12-20,2025-12-20
USR_5889E7B4,TRUE,765358.16,2025-11-11,2025-11-11,2025-11-20,2025-11-20
USR_5889E7B4,TRUE,207153.27,2025-10-11,2025-10-11,2025-10-20,2025-10-20
USR_5889E7B4,TRUE,387083.79,2025-09-11,2025-09-11,2025-09-20,2025-09-20
USR_5889E7B4,TRUE,992563.26,2025-08-11,2025-08-11,2025-08-20,2025-08-20
USR_84E78348,TRUE,285863.53,2025-12-11,2025-12-11,2025-12-20,2025-12-20
USR_84E78348,TRUE,841467.36,2025-12-11,2025-12-11,2025-12-20,2025-12-20
USR_84E78348,TRUE,357135.02,2025-11-11,2025-11-11,2025-11-20,2025-11-20
USR_84E78348,TRUE,153498.79,2025-10-11,2025-10-11,2025-10-20,2025-10-20
USR_84E78348,TRUE,334677.65,2025-09-11,2025-09-11,2025-09-20,2025-09-20
USR_84E78348,TRUE,514768.2,2025-08-11,2025-08-11,2025-08-20,2025-08-20
USR_DC67C73F,TRUE,445670.92,2025-12-11,2025-12-11,2025-12-20,2025-12-20
USR_DC67C73F,TRUE,991287.23,2025-12-11,2025-12-11,2025-12-20,2025-12-20
USR_DC67C73F,TRUE,807800.85,2025-11-11,2025-11-11,2025-11-20,2025-11-20
USR_DC67C73F,TRUE,518415.25,2025-10-11,2025-10-11,2025-10-20,2025-10-20
USR_DC67C73F,TRUE,650245.81,2025-09-11,2025-09-11,2025-09-20,2025-09-20
USR_DC67C73F,TRUE,404642.87,2025-08-11,2025-08-11,2025-08-20,2025-08-20
USR_7327AF6B,TRUE,598583.65,2025-12-11,2025-12-11,2025-12-20,2025-12-20
USR_7327AF6B,TRUE,543192.73,2025-12-11,2025-12-11,2025-12-20,2025-12-20
USR_7327AF6B,TRUE,223123.68,2025-11-11,2025-11-11,2025-11-20,2025-11-20
USR_7327AF6B,TRUE,868574.36,2025-10-11,2025-10-11,2025-10-20,2025-10-20
USR_7327AF6B,TRUE,583125.64,2025-09-11,2025-09-11,2025-09-20,2025-09-20
USR_7327AF6B,TRUE,190792.35,2025-08-11,2025-08-11,2025-08-20,2025-08-20
USR_3AFB73DF,TRUE,865750.9,2025-12-11,2025-12-11,2025-12-20,2025-12-20
USR_3AFB73DF,TRUE,616496.23,2025-12-11,2025-12-11,2025-12-20,2025-12-20
USR_3AFB73DF,TRUE,281365.6,2025-11-11,2025-11-11,2025-11-20,2025-11-20
USR_3AFB73DF,TRUE,657881.04,2025-10-11,2025-10-11,2025-10-20,2025-10-20
USR_3AFB73DF,TRUE,670991.31,2025-09-11,2025-09-11,2025-09-20,2025-09-20
USR_3AFB73DF,TRUE,380943.43,2025-08-11,2025-08-11,2025-08-20,2025-08-20
USR_4FEF7D9C,TRUE,920348.39,2025-12-11,2025-12-11,2025-12-20,2025-12-20
USR_4FEF7D9C,TRUE,207127.28,2025-12-11,2025-12-11,2025-12-20,2025-12-20
USR_4FEF7D9C,TRUE,196502.85,2025-11-11,2025-11-11,2025-11-20,2025-11-20
USR_4FEF7D9C,TRUE,690814.66,2025-10-11,2025-10-11,2025-10-20,2025-10-20
USR_4FEF7D9C,TRUE,585788.59,2025-09-11,2025-09-11,2025-09-20,2025-09-20
USR_4FEF7D9C,TRUE,214677.69,2025-08-11,2025-08-11,2025-08-20,2025-08-20
USR_F1DF9993,FALSE,461501.85,2025-12-11,2026-01-04,2025-12-20,2026-01-15
USR_F1DF9993,FALSE,488318.87,2025-12-11,2026-01-06,2025-12-20,2026-01-04
USR_F1DF9993,FALSE,820888.28,2025-11-11,2025-12-03,2025-11-20,2025-11-25
USR_F1DF9993,FALSE,106464.05,2025-10-11,2025-11-07,2025-10-20,2025-11-02
USR_F1DF9993,FALSE,510168.6,2025-09-11,2025-09-14,2025-09-20,2025-10-16
USR_F1DF9993,FALSE,818155.76,2025-08-11,2025-09-03,2025-08-20,2025-08-30
USR_561EF9D6,TRUE,190268.51,2025-12-11,2025-12-11,2025-12-20,2025-12-20
USR_561EF9D6,TRUE,785735.02,2025-12-11,2025-12-11,2025-12-20,2025-12-20
USR_561EF9D6,TRUE,432591.96,2025-11-11,2025-11-11,2025-11-20,2025-11-20
USR_561EF9D6,TRUE,785235.54,2025-10-11,2025-10-11,2025-10-20,2025-10-20
USR_561EF9D6,TRUE,928663.62,2025-09-11,2025-09-11,2025-09-20,2025-09-20
USR_561EF9D6,TRUE,178445.15,2025-08-11,2025-08-11,2025-08-20,2025-08-20
USR_7A50591F,FALSE,347521.13,2025-12-11,2025-12-21,2025-12-20,2026-01-08
USR_7A50591F,FALSE,574895.83,2025-12-11,2025-12-27,2025-12-20,2025-12-29
USR_7A50591F,FALSE,722411.74,2025-11-11,2025-12-04,2025-11-20,2025-12-15
USR_7A50591F,FALSE,411530.61,2025-10-11,2025-10-15,2025-10-20,2025-11-09
USR_7A50591F,FALSE,601245.39,2025-09-11,2025-09-16,2025-09-20,2025-10-02
USR_7A50591F,FALSE,363302.4,2025-08-11,2025-08-17,2025-08-20,2025-09-09
USR_8805402E,TRUE,972011.7,2025-12-11,2025-12-11,2025-12-20,2025-12-20
USR_8805402E,TRUE,530616.34,2025-12-11,2025-12-11,2025-12-20,2025-12-20
USR_8805402E,TRUE,171253.99,2025-11-11,2025-11-11,2025-11-20,2025-11-20
USR_8805402E,TRUE,232843.26,2025-10-11,2025-10-11,2025-10-20,2025-10-20
USR_8805402E,TRUE,423089.26,2025-09-11,2025-09-11,2025-09-20,2025-09-20
USR_8805402E,TRUE,200654.36,2025-08-11,2025-08-11,2025-08-20,2025-08-20
USR_8D08679E,TRUE,922497.68,2025-12-11,2025-12-11,2025-12-20,2025-12-20
USR_8D08679E,TRUE,120633.23,2025-12-11,2025-12-11,2025-12-20,2025-12-20
USR_8D08679E,TRUE,881450.6,2025-11-11,2025-11-11,2025-11-20,2025-11-20
USR_8D08679E,TRUE,564778.53,2025-10-11,2025-10-11,2025-10-20,2025-10-20
USR_8D08679E,TRUE,366433.89,2025-09-11,2025-09-11,2025-09-20,2025-09-20
USR_8D08679E,TRUE,709117.79,2025-08-11,2025-08-11,2025-08-20,2025-08-20
USR_38474E4F,TRUE,305265.11,2025-12-11,2025-12-11,2025-12-20,2025-12-20
USR_38474E4F,TRUE,733955.21,2025-12-11,2025-12-11,2025-12-20,2025-12-20
USR_38474E4F,TRUE,554215.36,2025-11-11,2025-11-11,2025-11-20,2025-11-20
USR_38474E4F,TRUE,506150.98,2025-10-11,2025-10-11,2025-10-20,2025-10-20
USR_38474E4F,TRUE,947777.5,2025-09-11,2025-09-11,2025-09-20,2025-09-20
USR_38474E4F,TRUE,350887.57,2025-08-11,2025-08-11,2025-08-20,2025-08-20
USR_B5CF3076,TRUE,410189.98,2025-12-11,2025-12-11,2025-12-20,2025-12-20
USR_B5CF3076,TRUE,374735.23,2025-12-11,2025-12-11,2025-12-20,2025-12-20
USR_B5CF3076,TRUE,320610.13,2025-11-11,2025-11-11,2025-11-20,2025-11-20
USR_B5CF3076,TRUE,682078.98,2025-10-11,2025-10-11,2025-10-20,2025-10-20
USR_B5CF3076,TRUE,370749.33,2025-09-11,2025-09-11,2025-09-20,2025-09-20
USR_B5CF3076,TRUE,650349.64,2025-08-11,2025-08-11,2025-08-20,2025-08-20
USR_6898E601,TRUE,124874.21,2025-12-11,2025-12-11,2025-12-20,2025-12-20
USR_6898E601,TRUE,235836.63,2025-12-11,2025-12-11,2025-12-20,2025-12-20
USR_6898E601,TRUE,570281.79,2025-11-11,2025-11-11,2025-11-20,2025-11-20
USR_6898E601,TRUE,452490.55,2025-10-11,2025-10-11,2025-10-20,2025-10-20
USR_6898E601,TRUE,849149.83,2025-09-11,2025-09-11,2025-09-20,2025-09-20
USR_6898E601,TRUE,312880.2,2025-08-11,2025-08-11,2025-08-20,2025-08-20
USR_FFEF0C65,TRUE,890423.72,2025-12-11,2025-12-11,2025-12-20,2025-12-20
USR_FFEF0C65,TRUE,729720.71,2025-12-11,2025-12-11,2025-12-20,2025-12-20
USR_FFEF0C65,TRUE,208835.95,2025-11-11,2025-11-11,2025-11-20,2025-11-20
USR_FFEF0C65,TRUE,559686.88,2025-10-11,2025-10-11,2025-10-20,2025-10-20
USR_FFEF0C65,TRUE,249267.37,2025-09-11,2025-09-11,2025-09-20,2025-09-20
USR_FFEF0C65,TRUE,668927.96,2025-08-11,2025-08-11,2025-08-20,2025-08-20
USR_483A3EF8,TRUE,993556.0,2025-12-11,2025-12-11,2025-12-20,2025-12-20
USR_483A3EF8,TRUE,330346.87,2025-12-11,2025-12-11,2025-12-20,2025-12-20
USR_483A3EF8,TRUE,617357.43,2025-11-11,2025-11-11,2025-11-20,2025-11-20
USR_483A3EF8,TRUE,588774.12,2025-10-11,2025-10-11,2025-10-20,2025-10-20
USR_483A3EF8,TRUE,417808.43,2025-09-11,2025-09-11,2025-09-20,2025-09-20
USR_483A3EF8,TRUE,466260.6,2025-08-11,2025-08-11,2025-08-20,2025-08-20
USR_00E76DDD,TRUE,590464.14,2025-12-11,2025-12-11,2025-12-20,2025-12-20
USR_00E76DDD,TRUE,727667.31,2025-12-11,2025-12-11,2025-12-20,2025-12-20
USR_00E76DDD,TRUE,294294.68,2025-11-11,2025-11-11,2025-11-20,2025-11-20
USR_00E76DDD,TRUE,966825.58,2025-10-11,2025-10-11,2025-10-20,2025-10-20
USR_00E76DDD,TRUE,621548.84,2025-09-11,2025-09-11,2025-09-20,2025-09-20
USR_00E76DDD,TRUE,790331.96,2025-08-11,2025-08-11,2025-08-20,2025-08-20
USR_43323455,FALSE,838991.37,2025-12-11,2026-01-08,2025-12-20,2025-12-21
USR_43323455,FALSE,554837.63,2025-12-11,2026-01-03,2025-12-20,2025-12-30
USR_43323455,FALSE,884699.61,2025-11-11,2025-12-05,2025-11-20,2025-12-17
USR_43323455,FALSE,267077.23,2025-10-11,2025-10-21,2025-10-20,2025-10-28
USR_43323455,FALSE,524473.61,2025-09-11,2025-10-10,2025-09-20,2025-10-03
USR_43323455,FALSE,642910.77,2025-08-11,2025-08-20,2025-08-20,2025-09-14
USR_53DC959C,TRUE,162239.97,2025-12-11,2025-12-11,2025-12-20,2025-12-20
USR_53DC959C,TRUE,347654.16,2025-12-11,2025-12-11,2025-12-20,2025-12-20
USR_53DC959C,TRUE,837213.75,2025-11-11,2025-11-11,2025-11-20,2025-11-20
USR_53DC959C,TRUE,390661.32,2025-10-11,2025-10-11,2025-10-20,2025-10-20
USR_53DC959C,TRUE,176455.46,2025-09-11,2025-09-11,2025-09-20,2025-09-20
USR_53DC959C,TRUE,628457.58,2025-08-11,2025-08-11,2025-08-20,2025-08-20
USR_727213D0,FALSE,556417.52,2025-12-11,2026-01-02,2025-12-20,2026-01-11
USR_727213D0,FALSE,903125.48,2025-12-11,2025-12-19,2025-12-20,2026-01-16
USR_727213D0,FALSE,835770.4,2025-11-11,2025-12-11,2025-11-20,2025-12-18
USR_727213D0,FALSE,535139.5,2025-10-11,2025-11-10,2025-10-20,2025-10-29
USR_727213D0,FALSE,135064.42,2025-09-11,2025-10-05,2025-09-20,2025-10-18
USR_727213D0,FALSE,819647.81,2025-08-11,2025-09-03,2025-08-20,2025-09-18
USR_A1EED3FB,TRUE,974653.47,2025-12-11,2025-12-11,2025-12-20,2025-12-20
USR_A1EED3FB,TRUE,346365.58,2025-12-11,2025-12-11,2025-12-20,2025-12-20
USR_A1EED3FB,TRUE,321999.52,2025-11-11,2025-11-11,2025-11-20,2025-11-20
USR_A1EED3FB,TRUE,924036.28,2025-10-11,2025-10-11,2025-10-20,2025-10-20
USR_A1EED3FB,TRUE,567677.37,2025-09-11,2025-09-11,2025-09-20,2025-09-20
USR_A1EED3FB,TRUE,176753.32,2025-08-11,2025-08-11,2025-08-20,2025-08-20
USR_53D0D042,TRUE,997737.29,2025-12-11,2025-12-11,2025-12-20,2025-12-20
USR_53D0D042,TRUE,267475.58,2025-12-11,2025-12-11,2025-12-20,2025-12-20
USR_53D0D042,TRUE,693814.17,2025-11-11,2025-11-11,2025-11-20,2025-11-20
USR_53D0D042,TRUE,893203.46,2025-10-11,2025-10-11,2025-10-20,2025-10-20
USR_53D0D042,TRUE,911269.46,2025-09-11,2025-09-11,2025-09-20,2025-09-20
USR_53D0D042,TRUE,554055.73,2025-08-11,2025-08-11,2025-08-20,2025-08-20
USR_29B20711,TRUE,452723.35,2025-12-11,2025-12-11,2025-12-20,2025-12-20
USR_29B20711,TRUE,864307.88,2025-12-11,2025-12-11,2025-12-20,2025-12-20
USR_29B20711,TRUE,270018.46,2025-11-11,2025-11-11,2025-11-20,2025-11-20
USR_29B20711,TRUE,544669.62,2025-10-11,2025-10-11,2025-10-20,2025-10-20
USR_29B20711,TRUE,922868.3,2025-09-11,2025-09-11,2025-09-20,2025-09-20
USR_29B20711,TRUE,266927.31,2025-08-11,2025-08-11,2025-08-20,2025-08-20
USR_F061EA4D,TRUE,191120.87,2025-12-11,2025-12-11,2025-12-20,2025-12-20
USR_F061EA4D,TRUE,531808.84,2025-12-11,2025-12-11,2025-12-20,2025-12-20
USR_F061EA4D,TRUE,711767.98,2025-11-11,2025-11-11,2025-11-20,2025-11-20
USR_F061EA4D,TRUE,369324.94,2025-10-11,2025-10-11,2025-10-20,2025-10-20
USR_F061EA4D,TRUE,436272.34,2025-09-11,2025-09-11,2025-09-20,2025-09-20
USR_F061EA4D,TRUE,986897.44,2025-08-11,2025-08-11,2025-08-20,2025-08-20
USR_889C5A8F,TRUE,973125.66,2025-12-11,2025-12-11,2025-12-20,2025-12-20
USR_889C5A8F,TRUE,319320.97,2025-12-11,2025-12-11,2025-12-20,2025-12-20
USR_889C5A8F,TRUE,547508.77,2025-11-11,2025-11-11,2025-11-20,2025-11-20
USR_889C5A8F,TRUE,652686.73,2025-10-11,2025-10-11,2025-10-20,2025-10-20
USR_889C5A8F,TRUE,118670.15,2025-09-11,2025-09-11,2025-09-20,2025-09-20
USR_889C5A8F,TRUE,245184.64,2025-08-11,2025-08-11,2025-08-20,2025-08-20
USR_A8652659,TRUE,564342.81,2025-12-11,2025-12-11,2025-12-20,2025-12-20
USR_A8652659,TRUE,498770.65,2025-12-11,2025-12-11,2025-12-20,2025-12-20
USR_A8652659,TRUE,168000.7,2025-11-11,2025-11-11,2025-11-20,2025-11-20
USR_A8652659,TRUE,686445.31,2025-10-11,2025-10-11,2025-10-20,2025-10-20
USR_A8652659,TRUE,427504.13,2025-09-11,2025-09-11,2025-09-20,2025-09-20
USR_A8652659,TRUE,103689.5,2025-08-11,2025-08-11,2025-08-20,2025-08-20
USR_812B1571,TRUE,716347.53,2025-12-11,2025-12-11,2025-12-20,2025-12-20
USR_812B1571,TRUE,151930.41,2025-12-11,2025-12-11,2025-12-20,2025-12-20
USR_812B1571,TRUE,364364.69,2025-11-11,2025-11-11,2025-11-20,2025-11-20
USR_812B1571,TRUE,347841.78,2025-10-11,2025-10-11,2025-10-20,2025-10-20
USR_812B1571,TRUE,249941.58,2025-09-11,2025-09-11,2025-09-20,2025-09-20
USR_812B1571,TRUE,829756.73,2025-08-11,2025-08-11,2025-08-20,2025-08-20
USR_F10F4940,TRUE,653601.3,2025-12-11,2025-12-11,2025-12-20,2025-12-20
USR_F10F4940,TRUE,613217.13,2025-12-11,2025-12-11,2025-12-20,2025-12-20
USR_F10F4940,TRUE,694122.32,2025-11-11,2025-11-11,2025-11-20,2025-11-20
USR_F10F4940,TRUE,949327.83,2025-10-11,2025-10-11,2025-10-20,2025-10-20
USR_F10F4940,TRUE,902128.14,2025-09-11,2025-09-11,2025-09-20,2025-09-20
USR_F10F4940,TRUE,158076.86,2025-08-11,2025-08-11,2025-08-20,2025-08-20
USR_C92C2707,TRUE,708953.61,2025-12-11,2025-12-11,2025-12-20,2025-12-20
USR_C92C2707,TRUE,511203.32,2025-12-11,2025-12-11,2025-12-20,2025-12-20
USR_C92C2707,TRUE,648449.27,2025-11-11,2025-11-11,2025-11-20,2025-11-20
USR_C92C2707,TRUE,633072.7,2025-10-11,2025-10-11,2025-10-20,2025-10-20
USR_C92C2707,TRUE,611976.03,2025-09-11,2025-09-11,2025-09-20,2025-09-20
USR_C92C2707,TRUE,434443.32,2025-08-11,2025-08-11,2025-08-20,2025-08-20
USR_AE4086C8,TRUE,548473.02,2025-12-11,2025-12-11,2025-12-20,2025-12-20
USR_AE4086C8,TRUE,647796.62,2025-12-11,2025-12-11,2025-12-20,2025-12-20
USR_AE4086C8,TRUE,226464.64,2025-11-11,2025-11-11,2025-11-20,2025-11-20
USR_AE4086C8,TRUE,951935.62,2025-10-11,2025-10-11,2025-10-20,2025-10-20
USR_AE4086C8,TRUE,988867.39,2025-09-11,2025-09-11,2025-09-20,2025-09-20
USR_AE4086C8,TRUE,548056.03,2025-08-11,2025-08-11,2025-08-20,2025-08-20
USR_BC39230F,TRUE,931515.05,2025-12-11,2025-12-11,2025-12-20,2025-12-20
USR_BC39230F,TRUE,932410.55,2025-12-11,2025-12-11,2025-12-20,2025-12-20
USR_BC39230F,TRUE,856727.19,2025-11-11,2025-11-11,2025-11-20,2025-11-20
USR_BC39230F,TRUE,991719.03,2025-10-11,2025-10-11,2025-10-20,2025-10-20
USR_BC39230F,TRUE,729161.11,2025-09-11,2025-09-11,2025-09-20,2025-09-20
USR_BC39230F,TRUE,725512.94,2025-08-11,2025-08-11,2025-08-20,2025-08-20
USR_F4508EE5,TRUE,205631.73,2025-12-11,2025-12-11,2025-12-20,2025-12-20
USR_F4508EE5,TRUE,311601.01,2025-12-11,2025-12-11,2025-12-20,2025-12-20
USR_F4508EE5,TRUE,837781.63,2025-11-11,2025-11-11,2025-11-20,2025-11-20
USR_F4508EE5,TRUE,449516.35,2025-10-11,2025-10-11,2025-10-20,2025-10-20
USR_F4508EE5,TRUE,467045.53,2025-09-11,2025-09-11,2025-09-20,2025-09-20
USR_F4508EE5,TRUE,533949.36,2025-08-11,2025-08-11,2025-08-20,2025-08-20
USR_A0F73E45,TRUE,144146.76,2025-12-11,2025-12-11,2025-12-20,2025-12-20
USR_A0F73E45,TRUE,943238.72,2025-12-11,2025-12-11,2025-12-20,2025-12-20
USR_A0F73E45,TRUE,120441.48,2025-11-11,2025-11-11,2025-11-20,2025-11-20
USR_A0F73E45,TRUE,538782.74,2025-10-11,2025-10-11,2025-10-20,2025-10-20
USR_A0F73E45,TRUE,407961.15,2025-09-11,2025-09-11,2025-09-20,2025-09-20
USR_A0F73E45,TRUE,424584.3,2025-08-11,2025-08-11,2025-08-20,2025-08-20
USR_324DF4A8,TRUE,794504.76,2025-12-11,2025-12-11,2025-12-20,2025-12-20
USR_324DF4A8,TRUE,745878.13,2025-12-11,2025-12-11,2025-12-20,2025-12-20
USR_324DF4A8,TRUE,799984.06,2025-11-11,2025-11-11,2025-11-20,2025-11-20
USR_324DF4A8,TRUE,326178.41,2025-10-11,2025-10-11,2025-10-20,2025-10-20
USR_324DF4A8,TRUE,322481.33,2025-09-11,2025-09-11,2025-09-20,2025-09-20
USR_324DF4A8,TRUE,436809.65,2025-08-11,2025-08-11,2025-08-20,2025-08-20
USR_65DF5A15,TRUE,673836.14,2025-12-11,2025-12-11,2025-12-20,2025-12-20
USR_65DF5A15,TRUE,910186.42,2025-12-11,2025-12-11,2025-12-20,2025-12-20
USR_65DF5A15,TRUE,934748.33,2025-11-11,2025-11-11,2025-11-20,2025-11-20
USR_65DF5A15,TRUE,517109.26,2025-10-11,2025-10-11,2025-10-20,2025-10-20
USR_65DF5A15,TRUE,539845.96,2025-09-11,2025-09-11,2025-09-20,2025-09-20
USR_65DF5A15,TRUE,615336.73,2025-08-11,2025-08-11,2025-08-20,2025-08-20
USR_F6B2DA58,TRUE,935075.44,2025-12-11,2025-12-11,2025-12-20,2025-12-20
USR_F6B2DA58,TRUE,492706.29,2025-12-11,2025-12-11,2025-12-20,2025-12-20
USR_F6B2DA58,TRUE,267486.7,2025-11-11,2025-11-11,2025-11-20,2025-11-20
USR_F6B2DA58,TRUE,241305.28,2025-10-11,2025-10-11,2025-10-20,2025-10-20
USR_F6B2DA58,TRUE,495965.2,2025-09-11,2025-09-11,2025-09-20,2025-09-20
USR_F6B2DA58,TRUE,374838.93,2025-08-11,2025-08-11,2025-08-20,2025-08-20
USR_D27ABB40,TRUE,834881.17,2025-12-11,2025-12-11,2025-12-20,2025-12-20
USR_D27ABB40,TRUE,767306.27,2025-12-11,2025-12-11,2025-12-20,2025-12-20
USR_D27ABB40,TRUE,550667.72,2025-11-11,2025-11-11,2025-11-20,2025-11-20
USR_D27ABB40,TRUE,124994.89,2025-10-11,2025-10-11,2025-10-20,2025-10-20
USR_D27ABB40,TRUE,677290.99,2025-09-11,2025-09-11,2025-09-20,2025-09-20
USR_D27ABB40,TRUE,326657.27,2025-08-11,2025-08-11,2025-08-20,2025-08-20
USR_6AFA73BD,TRUE,419341.0,2025-12-11,2025-12-11,2025-12-20,2025-12-20
USR_6AFA73BD,TRUE,937698.06,2025-12-11,2025-12-11,2025-12-20,2025-12-20
USR_6AFA73BD,TRUE,743655.86,2025-11-11,2025-11-11,2025-11-20,2025-11-20
USR_6AFA73BD,TRUE,582850.1,2025-10-11,2025-10-11,2025-10-20,2025-10-20
USR_6AFA73BD,TRUE,832195.02,2025-09-11,2025-09-11,2025-09-20,2025-09-20
USR_6AFA73BD,TRUE,247679.67,2025-08-11,2025-08-11,2025-08-20,2025-08-20
USR_4FAED723,TRUE,357245.13,2025-12-11,2025-12-11,2025-12-20,2025-12-20
USR_4FAED723,TRUE,931856.87,2025-12-11,2025-12-11,2025-12-20,2025-12-20
USR_4FAED723,TRUE,187625.66,2025-11-11,2025-11-11,2025-11-20,2025-11-20
USR_4FAED723,TRUE,365069.67,2025-10-11,2025-10-11,2025-10-20,2025-10-20
USR_4FAED723,TRUE,490197.24,2025-09-11,2025-09-11,2025-09-20,2025-09-20
USR_4FAED723,TRUE,119210.9,2025-08-11,2025-08-11,2025-08-20,2025-08-20
USR_D04C126A,FALSE,350102.48,2025-12-11,2025-12-14,2025-12-20,2025-12-26
USR_D04C126A,FALSE,923322.59,2025-12-11,2026-01-03,2025-12-20,2025-12-25
USR_D04C126A,FALSE,232197.02,2025-11-11,2025-11-30,2025-11-20,2025-12-11
USR_D04C126A,FALSE,960819.69,2025-10-11,2025-10-31,2025-10-20,2025-10-25
USR_D04C126A,FALSE,911851.43,2025-09-11,2025-10-01,2025-09-20,2025-10-08
USR_D04C126A,FALSE,397003.11,2025-08-11,2025-09-03,2025-08-20,2025-09-13
USR_90BE995C,FALSE,431149.75,2025-12-11,2025-12-15,2025-12-20,2026-01-01
USR_90BE995C,FALSE,945948.2,2025-12-11,2025-12-15,2025-12-20,2026-01-11
USR_90BE995C,FALSE,353572.66,2025-11-11,2025-12-10,2025-11-20,2025-12-07
USR_90BE995C,FALSE,315618.05,2025-10-11,2025-10-15,2025-10-20,2025-10-26
USR_90BE995C,FALSE,702091.12,2025-09-11,2025-09-20,2025-09-20,2025-10-14
USR_90BE995C,FALSE,391324.22,2025-08-11,2025-08-21,2025-08-20,2025-09-05
USR_26DFE3CD,TRUE,379223.32,2025-12-11,2025-12-11,2025-12-20,2025-12-20
USR_26DFE3CD,TRUE,457495.28,2025-12-11,2025-12-11,2025-12-20,2025-12-20
USR_26DFE3CD,TRUE,858248.36,2025-11-11,2025-11-11,2025-11-20,2025-11-20
USR_26DFE3CD,TRUE,261428.31,2025-10-11,2025-10-11,2025-10-20,2025-10-20
USR_26DFE3CD,TRUE,199235.23,2025-09-11,2025-09-11,2025-09-20,2025-09-20
USR_26DFE3CD,TRUE,484692.3,2025-08-11,2025-08-11,2025-08-20,2025-08-20
USR_075E44B5,FALSE,634895.92,2025-12-11,2025-12-23,2025-12-20,2026-01-12
USR_075E44B5,FALSE,898558.31,2025-12-11,2025-12-29,2025-12-20,2026-01-17
USR_075E44B5,FALSE,939265.1,2025-11-11,2025-12-02,2025-11-20,2025-11-23
USR_075E44B5,FALSE,625234.82,2025-10-11,2025-10-31,2025-10-20,2025-11-19
USR_075E44B5,FALSE,863359.39,2025-09-11,2025-09-25,2025-09-20,2025-09-28
USR_075E44B5,FALSE,643909.46,2025-08-11,2025-08-15,2025-08-20,2025-09-15
USR_ABB3037B,FALSE,305345.31,2025-12-11,2025-12-27,2025-12-20,2026-01-19
USR_ABB3037B,FALSE,458172.79,2025-12-11,2025-12-12,2025-12-20,2025-12-27
USR_ABB3037B,FALSE,182142.19,2025-11-11,2025-11-28,2025-11-20,2025-12-11
USR_ABB3037B,FALSE,955939.19,2025-10-11,2025-10-25,2025-10-20,2025-11-08
USR_ABB3037B,FALSE,972440.29,2025-09-11,2025-09-12,2025-09-20,2025-10-14
USR_ABB3037B,FALSE,697714.31,2025-08-11,2025-08-28,2025-08-20,2025-09-14
USR_A1478DB7,FALSE,674115.67,2025-12-11,2025-12-29,2025-12-20,2026-01-17
USR_A1478DB7,FALSE,995280.88,2025-12-11,2025-12-31,2025-12-20,2025-12-27
USR_A1478DB7,FALSE,329316.49,2025-11-11,2025-11-13,2025-11-20,2025-11-29
USR_A1478DB7,FALSE,629165.92,2025-10-11,2025-11-06,2025-10-20,2025-10-27
USR_A1478DB7,FALSE,951753.94,2025-09-11,2025-09-25,2025-09-20,2025-10-12
USR_A1478DB7,FALSE,391141.51,2025-08-11,2025-09-10,2025-08-20,2025-09-12
USR_F87DA8E6,TRUE,424134.12,2025-12-11,2025-12-11,2025-12-20,2025-12-20
USR_F87DA8E6,TRUE,611517.53,2025-12-11,2025-12-11,2025-12-20,2025-12-20
USR_F87DA8E6,TRUE,866065.43,2025-11-11,2025-11-11,2025-11-20,2025-11-20
USR_F87DA8E6,TRUE,809728.19,2025-10-11,2025-10-11,2025-10-20,2025-10-20
USR_F87DA8E6,TRUE,433454.99,2025-09-11,2025-09-11,2025-09-20,2025-09-20
USR_F87DA8E6,TRUE,660492.51,2025-08-11,2025-08-11,2025-08-20,2025-08-20
USR_61B01BF8,TRUE,696187.61,2025-12-11,2025-12-11,2025-12-20,2025-12-20
USR_61B01BF8,TRUE,727266.62,2025-12-11,2025-12-11,2025-12-20,2025-12-20
USR_61B01BF8,TRUE,840949.11,2025-11-11,2025-11-11,2025-11-20,2025-11-20
USR_61B01BF8,TRUE,807721.77,2025-10-11,2025-10-11,2025-10-20,2025-10-20
USR_61B01BF8,TRUE,858288.55,2025-09-11,2025-09-11,2025-09-20,2025-09-20
USR_61B01BF8,TRUE,932395.94,2025-08-11,2025-08-11,2025-08-20,2025-08-20
USR_956E1057,TRUE,368794.78,2025-12-11,2025-12-11,2025-12-20,2025-12-20
USR_956E1057,TRUE,362518.89,2025-12-11,2025-12-11,2025-12-20,2025-12-20
USR_956E1057,TRUE,667881.73,2025-11-11,2025-11-11,2025-11-20,2025-11-20
USR_956E1057,TRUE,315872.69,2025-10-11,2025-10-11,2025-10-20,2025-10-20
USR_956E1057,TRUE,583404.51,2025-09-11,2025-09-11,2025-09-20,2025-09-20
USR_956E1057,TRUE,617823.24,2025-08-11,2025-08-11,2025-08-20,2025-08-20
USR_9341F38D,TRUE,661512.22,2025-12-11,2025-12-11,2025-12-20,2025-12-20
USR_9341F38D,TRUE,291844.63,2025-12-11,2025-12-11,2025-12-20,2025-12-20
USR_9341F38D,TRUE,690114.75,2025-11-11,2025-11-11,2025-11-20,2025-11-20
USR_9341F38D,TRUE,242191.06,2025-10-11,2025-10-11,2025-10-20,2025-10-20
USR_9341F38D,TRUE,856836.74,2025-09-11,2025-09-11,2025-09-20,2025-09-20
USR_9341F38D,TRUE,425148.93,2025-08-11,2025-08-11,2025-08-20,2025-08-20
USR_0D17E1EF,TRUE,636129.78,2025-12-11,2025-12-11,2025-12-20,2025-12-20
USR_0D17E1EF,TRUE,900610.7,2025-12-11,2025-12-11,2025-12-20,2025-12-20
USR_0D17E1EF,TRUE,239597.21,2025-11-11,2025-11-11,2025-11-20,2025-11-20
USR_0D17E1EF,TRUE,524612.92,2025-10-11,2025-10-11,2025-10-20,2025-10-20
USR_0D17E1EF,TRUE,128817.97,2025-09-11,2025-09-11,2025-09-20,2025-09-20
USR_0D17E1EF,TRUE,433791.0,2025-08-11,2025-08-11,2025-08-20,2025-08-20
USR_9C03B60B,TRUE,147711.06,2025-12-11,2025-12-11,2025-12-20,2025-12-20
USR_9C03B60B,TRUE,564163.95,2025-12-11,2025-12-11,2025-12-20,2025-12-20
USR_9C03B60B,TRUE,885838.99,2025-11-11,2025-11-11,2025-11-20,2025-11-20
USR_9C03B60B,TRUE,719022.29,2025-10-11,2025-10-11,2025-10-20,2025-10-20
USR_9C03B60B,TRUE,274119.32,2025-09-11,2025-09-11,2025-09-20,2025-09-20
USR_9C03B60B,TRUE,317070.97,2025-08-11,2025-08-11,2025-08-20,2025-08-20
USR_8CFAC047,FALSE,778454.09,2025-12-11,2025-12-21,2025-12-20,2025-12-23
USR_8CFAC047,FALSE,698162.02,2025-12-11,2025-12-21,2025-12-20,2026-01-01
USR_8CFAC047,FALSE,912138.55,2025-11-11,2025-11-15,2025-11-20,2025-12-03
USR_8CFAC047,FALSE,335280.65,2025-10-11,2025-10-29,2025-10-20,2025-11-10
USR_8CFAC047,FALSE,904575.77,2025-09-11,2025-09-17,2025-09-20,2025-10-02
USR_8CFAC047,FALSE,240405.09,2025-08-11,2025-08-15,2025-08-20,2025-08-22
USR_D2B2006E,TRUE,775990.94,2025-12-11,2025-12-11,2025-12-20,2025-12-20
USR_D2B2006E,TRUE,395846.3,2025-12-11,2025-12-11,2025-12-20,2025-12-20
USR_D2B2006E,TRUE,906715.06,2025-11-11,2025-11-11,2025-11-20,2025-11-20
USR_D2B2006E,TRUE,334912.7,2025-10-11,2025-10-11,2025-10-20,2025-10-20
USR_D2B2006E,TRUE,183107.49,2025-09-11,2025-09-11,2025-09-20,2025-09-20
USR_D2B2006E,TRUE,488303.13,2025-08-11,2025-08-11,2025-08-20,2025-08-20
USR_D26B6563,TRUE,989586.84,2025-12-11,2025-12-11,2025-12-20,2025-12-20
USR_D26B6563,TRUE,897607.03,2025-12-11,2025-12-11,2025-12-20,2025-12-20
USR_D26B6563,TRUE,594982.25,2025-11-11,2025-11-11,2025-11-20,2025-11-20
USR_D26B6563,TRUE,650335.75,2025-10-11,2025-10-11,2025-10-20,2025-10-20
USR_D26B6563,TRUE,121265.19,2025-09-11,2025-09-11,2025-09-20,2025-09-20
USR_D26B6563,TRUE,250869.44,2025-08-11,2025-08-11,2025-08-20,2025-08-20
USR_29D2F87E,TRUE,527560.86,2025-12-11,2025-12-11,2025-12-20,2025-12-20
USR_29D2F87E,TRUE,627518.58,2025-12-11,2025-12-11,2025-12-20,2025-12-20
USR_29D2F87E,TRUE,973591.27,2025-11-11,2025-11-11,2025-11-20,2025-11-20
USR_29D2F87E,TRUE,693757.58,2025-10-11,2025-10-11,2025-10-20,2025-10-20
USR_29D2F87E,TRUE,217829.85,2025-09-11,2025-09-11,2025-09-20,2025-09-20
USR_29D2F87E,TRUE,470753.63,2025-08-11,2025-08-11,2025-08-20,2025-08-20
USR_7F197F6C,TRUE,762134.44,2025-12-11,2025-12-11,2025-12-20,2025-12-20
USR_7F197F6C,TRUE,924620.36,2025-12-11,2025-12-11,2025-12-20,2025-12-20
USR_7F197F6C,TRUE,135523.59,2025-11-11,2025-11-11,2025-11-20,2025-11-20
USR_7F197F6C,TRUE,773396.78,2025-10-11,2025-10-11,2025-10-20,2025-10-20
USR_7F197F6C,TRUE,959293.8,2025-09-11,2025-09-11,2025-09-20,2025-09-20
USR_7F197F6C,TRUE,364645.95,2025-08-11,2025-08-11,2025-08-20,2025-08-20
USR_90551B36,TRUE,725057.47,2025-12-11,2025-12-11,2025-12-20,2025-12-20
USR_90551B36,TRUE,265476.92,2025-12-11,2025-12-11,2025-12-20,2025-12-20
USR_90551B36,TRUE,302265.79,2025-11-11,2025-11-11,2025-11-20,2025-11-20
USR_90551B36,TRUE,658695.14,2025-10-11,2025-10-11,2025-10-20,2025-10-20
USR_90551B36,TRUE,489290.95,2025-09-11,2025-09-11,2025-09-20,2025-09-20
USR_90551B36,TRUE,576339.53,2025-08-11,2025-08-11,2025-08-20,2025-08-20
USR_8D542B8C,TRUE,547281.67,2025-12-11,2025-12-11,2025-12-20,2025-12-20
USR_8D542B8C,TRUE,445671.45,2025-12-11,2025-12-11,2025-12-20,2025-12-20
USR_8D542B8C,TRUE,850635.69,2025-11-11,2025-11-11,2025-11-20,2025-11-20
USR_8D542B8C,TRUE,251725.01,2025-10-11,2025-10-11,2025-10-20,2025-10-20
USR_8D542B8C,TRUE,552972.69,2025-09-11,2025-09-11,2025-09-20,2025-09-20
USR_8D542B8C,TRUE,931441.57,2025-08-11,2025-08-11,2025-08-20,2025-08-20
USR_0BF04456,TRUE,636069.7,2025-12-11,2025-12-11,2025-12-20,2025-12-20
USR_0BF04456,TRUE,928895.79,2025-12-11,2025-12-11,2025-12-20,2025-12-20
USR_0BF04456,TRUE,554400.83,2025-11-11,2025-11-11,2025-11-20,2025-11-20
USR_0BF04456,TRUE,683608.8,2025-10-11,2025-10-11,2025-10-20,2025-10-20
USR_0BF04456,TRUE,975785.71,2025-09-11,2025-09-11,2025-09-20,2025-09-20
USR_0BF04456,TRUE,511797.31,2025-08-11,2025-08-11,2025-08-20,2025-08-20
USR_86228E99,FALSE,891107.6,2025-12-11,2025-12-31,2025-12-20,2026-01-02
USR_86228E99,FALSE,579079.97,2025-12-11,2025-12-28,2025-12-20,2026-01-12
USR_86228E99,FALSE,148488.28,2025-11-11,2025-12-10,2025-11-20,2025-12-07
USR_86228E99,FALSE,364746.64,2025-10-11,2025-10-26,2025-10-20,2025-11-07
USR_86228E99,FALSE,964485.26,2025-09-11,2025-09-12,2025-09-20,2025-10-18
USR_86228E99,FALSE,276481.17,2025-08-11,2025-08-14,2025-08-20,2025-09-09
USR_A7F0C3D2,TRUE,193336.81,2025-12-11,2025-12-11,2025-12-20,2025-12-20
USR_A7F0C3D2,TRUE,906922.69,2025-12-11,2025-12-11,2025-12-20,2025-12-20
USR_A7F0C3D2,TRUE,635701.64,2025-11-11,2025-11-11,2025-11-20,2025-11-20
USR_A7F0C3D2,TRUE,512531.83,2025-10-11,2025-10-11,2025-10-20,2025-10-20
USR_A7F0C3D2,TRUE,131225.5,2025-09-11,2025-09-11,2025-09-20,2025-09-20
USR_A7F0C3D2,TRUE,820587.8,2025-08-11,2025-08-11,2025-08-20,2025-08-20
USR_A4D99020,TRUE,349497.6,2025-12-11,2025-12-11,2025-12-20,2025-12-20
USR_A4D99020,TRUE,404131.87,2025-12-11,2025-12-11,2025-12-20,2025-12-20
USR_A4D99020,TRUE,128482.88,2025-11-11,2025-11-11,2025-11-20,2025-11-20
USR_A4D99020,TRUE,461219.74,2025-10-11,2025-10-11,2025-10-20,2025-10-20
USR_A4D99020,TRUE,461119.94,2025-09-11,2025-09-11,2025-09-20,2025-09-20
USR_A4D99020,TRUE,830621.42,2025-08-11,2025-08-11,2025-08-20,2025-08-20
USR_B163DC86,TRUE,465431.9,2025-12-11,2025-12-11,2025-12-20,2025-12-20
USR_B163DC86,TRUE,223315.92,2025-12-11,2025-12-11,2025-12-20,2025-12-20
USR_B163DC86,TRUE,307712.92,2025-11-11,2025-11-11,2025-11-20,2025-11-20
USR_B163DC86,TRUE,207885.35,2025-10-11,2025-10-11,2025-10-20,2025-10-20
USR_B163DC86,TRUE,502968.7,2025-09-11,2025-09-11,2025-09-20,2025-09-20
USR_B163DC86,TRUE,829041.32,2025-08-11,2025-08-11,2025-08-20,2025-08-20
USR_74BED069,TRUE,232945.26,2025-12-11,2025-12-11,2025-12-20,2025-12-20
USR_74BED069,TRUE,554072.83,2025-12-11,2025-12-11,2025-12-20,2025-12-20
USR_74BED069,TRUE,279763.89,2025-11-11,2025-11-11,2025-11-20,2025-11-20
USR_74BED069,TRUE,566482.12,2025-10-11,2025-10-11,2025-10-20,2025-10-20
USR_74BED069,TRUE,199242.02,2025-09-11,2025-09-11,2025-09-20,2025-09-20
USR_74BED069,TRUE,527475.7,2025-08-11,2025-08-11,2025-08-20,2025-08-20
USR_AD90CDC9,TRUE,234551.88,2025-12-11,2025-12-11,2025-12-20,2025-12-20
USR_AD90CDC9,TRUE,400290.91,2025-12-11,2025-12-11,2025-12-20,2025-12-20
USR_AD90CDC9,TRUE,406074.35,2025-11-11,2025-11-11,2025-11-20,2025-11-20
USR_AD90CDC9,TRUE,371687.34,2025-10-11,2025-10-11,2025-10-20,2025-10-20
USR_AD90CDC9,TRUE,381192.12,2025-09-11,2025-09-11,2025-09-20,2025-09-20
USR_AD90CDC9,TRUE,549422.89,2025-08-11,2025-08-11,2025-08-20,2025-08-20
USR_74F7FA3B,TRUE,913005.12,2025-12-11,2025-12-11,2025-12-20,2025-12-20
USR_74F7FA3B,TRUE,551413.7,2025-12-11,2025-12-11,2025-12-20,2025-12-20
USR_74F7FA3B,TRUE,781601.84,2025-11-11,2025-11-11,2025-11-20,2025-11-20
USR_74F7FA3B,TRUE,933766.67,2025-10-11,2025-10-11,2025-10-20,2025-10-20
USR_74F7FA3B,TRUE,939189.19,2025-09-11,2025-09-11,2025-09-20,2025-09-20
USR_74F7FA3B,TRUE,825329.8,2025-08-11,2025-08-11,2025-08-20,2025-08-20
USR_4FC5219A,TRUE,960117.81,2025-12-11,2025-12-11,2025-12-20,2025-12-20
USR_4FC5219A,TRUE,757219.36,2025-12-11,2025-12-11,2025-12-20,2025-12-20
USR_4FC5219A,TRUE,584464.73,2025-11-11,2025-11-11,2025-11-20,2025-11-20
USR_4FC5219A,TRUE,852445.03,2025-10-11,2025-10-11,2025-10-20,2025-10-20
USR_4FC5219A,TRUE,650055.72,2025-09-11,2025-09-11,2025-09-20,2025-09-20
USR_4FC5219A,TRUE,565324.26,2025-08-11,2025-08-11,2025-08-20,2025-08-20
USR_1CCA3416,TRUE,550791.86,2025-12-11,2025-12-11,2025-12-20,2025-12-20
USR_1CCA3416,TRUE,469543.93,2025-12-11,2025-12-11,2025-12-20,2025-12-20
USR_1CCA3416,TRUE,147113.94,2025-11-11,2025-11-11,2025-11-20,2025-11-20
USR_1CCA3416,TRUE,408491.42,2025-10-11,2025-10-11,2025-10-20,2025-10-20
USR_1CCA3416,TRUE,224087.03,2025-09-11,2025-09-11,2025-09-20,2025-09-20
USR_1CCA3416,TRUE,462542.88,2025-08-11,2025-08-11,2025-08-20,2025-08-20
USR_AD09C206,TRUE,428986.43,2025-12-11,2025-12-11,2025-12-20,2025-12-20
USR_AD09C206,TRUE,749437.26,2025-12-11,2025-12-11,2025-12-20,2025-12-20
USR_AD09C206,TRUE,921172.89,2025-11-11,2025-11-11,2025-11-20,2025-11-20
USR_AD09C206,TRUE,488539.83,2025-10-11,2025-10-11,2025-10-20,2025-10-20
USR_AD09C206,TRUE,708773.72,2025-09-11,2025-09-11,2025-09-20,2025-09-20
USR_AD09C206,TRUE,812708.4,2025-08-11,2025-08-11,2025-08-20,2025-08-20
USR_92A034E3,TRUE,463662.55,2025-12-11,2025-12-11,2025-12-20,2025-12-20
USR_92A034E3,TRUE,341351.65,2025-12-11,2025-12-11,2025-12-20,2025-12-20
USR_92A034E3,TRUE,886775.41,2025-11-11,2025-11-11,2025-11-20,2025-11-20
USR_92A034E3,TRUE,803037.76,2025-10-11,2025-10-11,2025-10-20,2025-10-20
USR_92A034E3,TRUE,828952.5,2025-09-11,2025-09-11,2025-09-20,2025-09-20
USR_92A034E3,TRUE,700689.87,2025-08-11,2025-08-11,2025-08-20,2025-08-20
USR_A3200171,FALSE,601216.08,2025-12-11,2025-12-23,2025-12-20,2026-01-19
USR_A3200171,FALSE,289717.43,2025-12-11,2026-01-10,2025-12-20,2026-01-07
USR_A3200171,FALSE,302913.81,2025-11-11,2025-11-30,2025-11-20,2025-12-02
USR_A3200171,FALSE,978541.06,2025-10-11,2025-10-14,2025-10-20,2025-10-22
USR_A3200171,FALSE,921723.56,2025-09-11,2025-10-05,2025-09-20,2025-10-13
USR_A3200171,FALSE,183458.95,2025-08-11,2025-08-23,2025-08-20,2025-08-27
USR_1966146F,TRUE,614366.33,2025-12-11,2025-12-11,2025-12-20,2025-12-20
USR_1966146F,TRUE,517442.13,2025-12-11,2025-12-11,2025-12-20,2025-12-20
USR_1966146F,TRUE,111568.42,2025-11-11,2025-11-11,2025-11-20,2025-11-20
USR_1966146F,TRUE,420238.23,2025-10-11,2025-10-11,2025-10-20,2025-10-20
USR_1966146F,TRUE,747562.51,2025-09-11,2025-09-11,2025-09-20,2025-09-20
USR_1966146F,TRUE,518834.01,2025-08-11,2025-08-11,2025-08-20,2025-08-20
USR_0442651C,FALSE,922363.7,2025-12-11,2026-01-08,2025-12-20,2026-01-02
USR_0442651C,FALSE,534743.83,2025-12-11,2025-12-30,2025-12-20,2025-12-26
USR_0442651C,FALSE,825162.07,2025-11-11,2025-11-20,2025-11-20,2025-11-30
USR_0442651C,FALSE,361147.46,2025-10-11,2025-11-02,2025-10-20,2025-10-30
USR_0442651C,FALSE,588808.25,2025-09-11,2025-10-11,2025-09-20,2025-09-21
USR_0442651C,FALSE,630045.37,2025-08-11,2025-08-12,2025-08-20,2025-09-11
USR_DFD8EAF8,TRUE,724928.99,2025-12-11,2025-12-11,2025-12-20,2025-12-20
USR_DFD8EAF8,TRUE,933685.85,2025-12-11,2025-12-11,2025-12-20,2025-12-20
USR_DFD8EAF8,TRUE,479435.39,2025-11-11,2025-11-11,2025-11-20,2025-11-20
USR_DFD8EAF8,TRUE,226020.59,2025-10-11,2025-10-11,2025-10-20,2025-10-20
USR_DFD8EAF8,TRUE,828318.73,2025-09-11,2025-09-11,2025-09-20,2025-09-20
USR_DFD8EAF8,TRUE,367052.32,2025-08-11,2025-08-11,2025-08-20,2025-08-20
USR_A07AE87F,TRUE,436081.62,2025-12-11,2025-12-11,2025-12-20,2025-12-20
USR_A07AE87F,TRUE,434428.48,2025-12-11,2025-12-11,2025-12-20,2025-12-20
USR_A07AE87F,TRUE,807780.88,2025-11-11,2025-11-11,2025-11-20,2025-11-20
USR_A07AE87F,TRUE,264376.91,2025-10-11,2025-10-11,2025-10-20,2025-10-20
USR_A07AE87F,TRUE,289750.08,2025-09-11,2025-09-11,2025-09-20,2025-09-20
USR_A07AE87F,TRUE,727434.46,2025-08-11,2025-08-11,2025-08-20,2025-08-20
USR_DF476BB1,FALSE,647976.78,2025-12-11,2025-12-27,2025-12-20,2025-12-28
USR_DF476BB1,FALSE,982128.08,2025-12-11,2026-01-10,2025-12-20,2025-12-23
USR_DF476BB1,FALSE,923523.33,2025-11-11,2025-11-21,2025-11-20,2025-12-15
USR_DF476BB1,FALSE,721697.11,2025-10-11,2025-11-01,2025-10-20,2025-11-18
USR_DF476BB1,FALSE,522378.28,2025-09-11,2025-09-17,2025-09-20,2025-09-23
USR_DF476BB1,FALSE,879119.64,2025-08-11,2025-09-01,2025-08-20,2025-09-19
USR_F8A0E291,TRUE,671033.13,2025-12-11,2025-12-11,2025-12-20,2025-12-20
USR_F8A0E291,TRUE,244797.78,2025-12-11,2025-12-11,2025-12-20,2025-12-20
USR_F8A0E291,TRUE,795102.57,2025-11-11,2025-11-11,2025-11-20,2025-11-20
USR_F8A0E291,TRUE,235886.17,2025-10-11,2025-10-11,2025-10-20,2025-10-20
USR_F8A0E291,TRUE,688138.95,2025-09-11,2025-09-11,2025-09-20,2025-09-20
USR_F8A0E291,TRUE,266252.84,2025-08-11,2025-08-11,2025-08-20,2025-08-20
USR_2FF1355C,TRUE,532027.26,2025-12-11,2025-12-11,2025-12-20,2025-12-20
USR_2FF1355C,TRUE,870504.31,2025-12-11,2025-12-11,2025-12-20,2025-12-20
USR_2FF1355C,TRUE,889952.42,2025-11-11,2025-11-11,2025-11-20,2025-11-20
USR_2FF1355C,TRUE,291048.82,2025-10-11,2025-10-11,2025-10-20,2025-10-20
USR_2FF1355C,TRUE,370091.22,2025-09-11,2025-09-11,2025-09-20,2025-09-20
USR_2FF1355C,TRUE,432550.61,2025-08-11,2025-08-11,2025-08-20,2025-08-20
USR_57D5DFF9,TRUE,936608.72,2025-12-11,2025-12-11,2025-12-20,2025-12-20
USR_57D5DFF9,TRUE,985486.29,2025-12-11,2025-12-11,2025-12-20,2025-12-20
USR_57D5DFF9,TRUE,637557.37,2025-11-11,2025-11-11,2025-11-20,2025-11-20
USR_57D5DFF9,TRUE,440788.79,2025-10-11,2025-10-11,2025-10-20,2025-10-20
USR_57D5DFF9,TRUE,706441.52,2025-09-11,2025-09-11,2025-09-20,2025-09-20
USR_57D5DFF9,TRUE,172177.83,2025-08-11,2025-08-11,2025-08-20,2025-08-20
USR_1EF3B32F,FALSE,172977.52,2025-12-11,2026-01-10,2025-12-20,2025-12-21
USR_1EF3B32F,FALSE,759562.81,2025-12-11,2025-12-13,2025-12-20,2026-01-18
USR_1EF3B32F,FALSE,516888.1,2025-11-11,2025-12-10,2025-11-20,2025-12-02
USR_1EF3B32F,FALSE,294467.8,2025-10-11,2025-10-23,2025-10-20,2025-10-28
USR_1EF3B32F,FALSE,201882.81,2025-09-11,2025-10-04,2025-09-20,2025-09-28
USR_1EF3B32F,FALSE,685822.33,2025-08-11,2025-08-31,2025-08-20,2025-08-22
USR_9EAD71DD,FALSE,772764.35,2025-12-11,2025-12-19,2025-12-20,2025-12-23
USR_9EAD71DD,FALSE,238697.07,2025-12-11,2025-12-21,2025-12-20,2026-01-15
USR_9EAD71DD,FALSE,315775.6,2025-11-11,2025-11-13,2025-11-20,2025-12-07
USR_9EAD71DD,FALSE,163556.13,2025-10-11,2025-10-21,2025-10-20,2025-10-30
USR_9EAD71DD,FALSE,350553.1,2025-09-11,2025-09-22,2025-09-20,2025-10-18
USR_9EAD71DD,FALSE,127180.91,2025-08-11,2025-08-14,2025-08-20,2025-09-04
USR_25EE220F,TRUE,937839.87,2025-12-11,2025-12-11,2025-12-20,2025-12-20
USR_25EE220F,TRUE,345633.29,2025-12-11,2025-12-11,2025-12-20,2025-12-20
USR_25EE220F,TRUE,572541.06,2025-11-11,2025-11-11,2025-11-20,2025-11-20
USR_25EE220F,TRUE,462839.33,2025-10-11,2025-10-11,2025-10-20,2025-10-20
USR_25EE220F,TRUE,268070.02,2025-09-11,2025-09-11,2025-09-20,2025-09-20
USR_25EE220F,TRUE,310232.59,2025-08-11,2025-08-11,2025-08-20,2025-08-20
USR_3E5BA051,TRUE,417511.54,2025-12-11,2025-12-11,2025-12-20,2025-12-20
USR_3E5BA051,TRUE,333876.75,2025-12-11,2025-12-11,2025-12-20,2025-12-20
USR_3E5BA051,TRUE,155847.54,2025-11-11,2025-11-11,2025-11-20,2025-11-20
USR_3E5BA051,TRUE,605468.38,2025-10-11,2025-10-11,2025-10-20,2025-10-20
USR_3E5BA051,TRUE,209665.6,2025-09-11,2025-09-11,2025-09-20,2025-09-20
USR_3E5BA051,TRUE,210185.54,2025-08-11,2025-08-11,2025-08-20,2025-08-20
USR_5AC1349C,TRUE,455805.63,2025-12-11,2025-12-11,2025-12-20,2025-12-20
USR_5AC1349C,TRUE,412639.47,2025-12-11,2025-12-11,2025-12-20,2025-12-20
USR_5AC1349C,TRUE,662936.05,2025-11-11,2025-11-11,2025-11-20,2025-11-20
USR_5AC1349C,TRUE,168716.44,2025-10-11,2025-10-11,2025-10-20,2025-10-20
USR_5AC1349C,TRUE,351838.67,2025-09-11,2025-09-11,2025-09-20,2025-09-20
USR_5AC1349C,TRUE,708705.55,2025-08-11,2025-08-11,2025-08-20,2025-08-20
USR_344B840E,FALSE,130170.29,2025-12-11,2026-01-02,2025-12-20,2025-12-28
USR_344B840E,FALSE,169012.55,2025-12-11,2026-01-07,2025-12-20,2025-12-27
USR_344B840E,FALSE,305296.95,2025-11-11,2025-12-05,2025-11-20,2025-12-17
USR_344B840E,FALSE,395016.31,2025-10-11,2025-10-25,2025-10-20,2025-10-29
USR_344B840E,FALSE,445958.61,2025-09-11,2025-09-17,2025-09-20,2025-10-13
USR_344B840E,FALSE,779501.04,2025-08-11,2025-08-19,2025-08-20,2025-09-16
USR_3BF3E047,TRUE,941568.77,2025-12-11,2025-12-11,2025-12-20,2025-12-20
USR_3BF3E047,TRUE,171821.23,2025-12-11,2025-12-11,2025-12-20,2025-12-20
USR_3BF3E047,TRUE,462506.45,2025-11-11,2025-11-11,2025-11-20,2025-11-20
USR_3BF3E047,TRUE,356269.99,2025-10-11,2025-10-11,2025-10-20,2025-10-20
USR_3BF3E047,TRUE,946279.99,2025-09-11,2025-09-11,2025-09-20,2025-09-20
USR_3BF3E047,TRUE,446272.49,2025-08-11,2025-08-11,2025-08-20,2025-08-20
USR_73C881FE,TRUE,417071.93,2025-12-11,2025-12-11,2025-12-20,2025-12-20
USR_73C881FE,TRUE,761287.26,2025-12-11,2025-12-11,2025-12-20,2025-12-20
USR_73C881FE,TRUE,802404.4,2025-11-11,2025-11-11,2025-11-20,2025-11-20
USR_73C881FE,TRUE,501937.77,2025-10-11,2025-10-11,2025-10-20,2025-10-20
USR_73C881FE,TRUE,409376.6,2025-09-11,2025-09-11,2025-09-20,2025-09-20
USR_73C881FE,TRUE,833989.41,2025-08-11,2025-08-11,2025-08-20,2025-08-20
USR_5C7FAD85,TRUE,993166.26,2025-12-11,2025-12-11,2025-12-20,2025-12-20
USR_5C7FAD85,TRUE,390755.55,2025-12-11,2025-12-11,2025-12-20,2025-12-20
USR_5C7FAD85,TRUE,955169.81,2025-11-11,2025-11-11,2025-11-20,2025-11-20
USR_5C7FAD85,TRUE,290627.19,2025-10-11,2025-10-11,2025-10-20,2025-10-20
USR_5C7FAD85,TRUE,820084.04,2025-09-11,2025-09-11,2025-09-20,2025-09-20
USR_5C7FAD85,TRUE,147909.82,2025-08-11,2025-08-11,2025-08-20,2025-08-20
USR_7C480935,TRUE,384695.33,2025-12-11,2025-12-11,2025-12-20,2025-12-20
USR_7C480935,TRUE,315916.85,2025-12-11,2025-12-11,2025-12-20,2025-12-20
USR_7C480935,TRUE,863475.71,2025-11-11,2025-11-11,2025-11-20,2025-11-20
USR_7C480935,TRUE,596278.72,2025-10-11,2025-10-11,2025-10-20,2025-10-20
USR_7C480935,TRUE,169033.99,2025-09-11,2025-09-11,2025-09-20,2025-09-20
USR_7C480935,TRUE,849493.35,2025-08-11,2025-08-11,2025-08-20,2025-08-20
USR_EDCB2B56,TRUE,321860.16,2025-12-11,2025-12-11,2025-12-20,2025-12-20
USR_EDCB2B56,TRUE,654308.22,2025-12-11,2025-12-11,2025-12-20,2025-12-20
USR_EDCB2B56,TRUE,162375.19,2025-11-11,2025-11-11,2025-11-20,2025-11-20
USR_EDCB2B56,TRUE,561808.76,2025-10-11,2025-10-11,2025-10-20,2025-10-20
USR_EDCB2B56,TRUE,130775.91,2025-09-11,2025-09-11,2025-09-20,2025-09-20
USR_EDCB2B56,TRUE,305686.36,2025-08-11,2025-08-11,2025-08-20,2025-08-20
USR_268548CF,TRUE,597145.37,2025-12-11,2025-12-11,2025-12-20,2025-12-20
USR_268548CF,TRUE,812444.51,2025-12-11,2025-12-11,2025-12-20,2025-12-20
USR_268548CF,TRUE,404928.16,2025-11-11,2025-11-11,2025-11-20,2025-11-20
USR_268548CF,TRUE,219835.75,2025-10-11,2025-10-11,2025-10-20,2025-10-20
USR_268548CF,TRUE,796953.91,2025-09-11,2025-09-11,2025-09-20,2025-09-20
USR_268548CF,TRUE,996403.03,2025-08-11,2025-08-11,2025-08-20,2025-08-20
USR_A41FB33D,TRUE,650531.56,2025-12-11,2025-12-11,2025-12-20,2025-12-20
USR_A41FB33D,TRUE,223545.09,2025-12-11,2025-12-11,2025-12-20,2025-12-20
USR_A41FB33D,TRUE,252326.13,2025-11-11,2025-11-11,2025-11-20,2025-11-20
USR_A41FB33D,TRUE,815888.73,2025-10-11,2025-10-11,2025-10-20,2025-10-20
USR_A41FB33D,TRUE,822716.69,2025-09-11,2025-09-11,2025-09-20,2025-09-20
USR_A41FB33D,TRUE,302678.31,2025-08-11,2025-08-11,2025-08-20,2025-08-20
USR_D81FF62F,TRUE,786586.45,2025-12-11,2025-12-11,2025-12-20,2025-12-20
USR_D81FF62F,TRUE,585812.82,2025-12-11,2025-12-11,2025-12-20,2025-12-20
USR_D81FF62F,TRUE,328913.65,2025-11-11,2025-11-11,2025-11-20,2025-11-20
USR_D81FF62F,TRUE,539319.38,2025-10-11,2025-10-11,2025-10-20,2025-10-20
USR_D81FF62F,TRUE,476858.48,2025-09-11,2025-09-11,2025-09-20,2025-09-20
USR_D81FF62F,TRUE,220701.26,2025-08-11,2025-08-11,2025-08-20,2025-08-20
USR_B096981F,TRUE,898804.11,2025-12-11,2025-12-11,2025-12-20,2025-12-20
USR_B096981F,TRUE,191060.59,2025-12-11,2025-12-11,2025-12-20,2025-12-20
USR_B096981F,TRUE,569903.98,2025-11-11,2025-11-11,2025-11-20,2025-11-20
USR_B096981F,TRUE,442575.98,2025-10-11,2025-10-11,2025-10-20,2025-10-20
USR_B096981F,TRUE,339567.41,2025-09-11,2025-09-11,2025-09-20,2025-09-20
USR_B096981F,TRUE,751747.45,2025-08-11,2025-08-11,2025-08-20,2025-08-20
USR_44234AEB,FALSE,366754.41,2025-12-11,2026-01-02,2025-12-20,2026-01-11
USR_44234AEB,FALSE,885231.03,2025-12-11,2025-12-23,2025-12-20,2025-12-25
USR_44234AEB,FALSE,399673.35,2025-11-11,2025-11-24,2025-11-20,2025-12-11
USR_44234AEB,FALSE,147041.11,2025-10-11,2025-10-24,2025-10-20,2025-11-13
USR_44234AEB,FALSE,252574.0,2025-09-11,2025-09-23,2025-09-20,2025-10-17
USR_44234AEB,FALSE,965921.3,2025-08-11,2025-08-30,2025-08-20,2025-09-13
USR_E156776B,TRUE,617076.0,2025-12-11,2025-12-11,2025-12-20,2025-12-20
USR_E156776B,TRUE,390565.19,2025-12-11,2025-12-11,2025-12-20,2025-12-20
USR_E156776B,TRUE,242430.23,2025-11-11,2025-11-11,2025-11-20,2025-11-20
USR_E156776B,TRUE,357265.06,2025-10-11,2025-10-11,2025-10-20,2025-10-20
USR_E156776B,TRUE,447838.26,2025-09-11,2025-09-11,2025-09-20,2025-09-20
USR_E156776B,TRUE,384524.01,2025-08-11,2025-08-11,2025-08-20,2025-08-20
USR_17F14067,FALSE,102221.43,2025-12-11,2025-12-19,2025-12-20,2025-12-23
USR_17F14067,FALSE,865959.16,2025-12-11,2026-01-01,2025-12-20,2026-01-07
USR_17F14067,FALSE,414002.01,2025-11-11,2025-12-08,2025-11-20,2025-12-14
USR_17F14067,FALSE,130305.62,2025-10-11,2025-10-12,2025-10-20,2025-11-05
USR_17F14067,FALSE,647452.4,2025-09-11,2025-09-18,2025-09-20,2025-10-01
USR_17F14067,FALSE,343240.68,2025-08-11,2025-08-16,2025-08-20,2025-09-12
USR_93DECDF6,TRUE,801189.3,2025-12-11,2025-12-11,2025-12-20,2025-12-20
USR_93DECDF6,TRUE,348227.91,2025-12-11,2025-12-11,2025-12-20,2025-12-20
USR_93DECDF6,TRUE,635249.71,2025-11-11,2025-11-11,2025-11-20,2025-11-20
USR_93DECDF6,TRUE,692012.97,2025-10-11,2025-10-11,2025-10-20,2025-10-20
USR_93DECDF6,TRUE,831600.62,2025-09-11,2025-09-11,2025-09-20,2025-09-20
USR_93DECDF6,TRUE,350135.59,2025-08-11,2025-08-11,2025-08-20,2025-08-20
USR_BBC5CC3E,TRUE,497600.69,2025-12-11,2025-12-11,2025-12-20,2025-12-20
USR_BBC5CC3E,TRUE,380238.54,2025-12-11,2025-12-11,2025-12-20,2025-12-20
USR_BBC5CC3E,TRUE,992041.83,2025-11-11,2025-11-11,2025-11-20,2025-11-20
USR_BBC5CC3E,TRUE,492999.17,2025-10-11,2025-10-11,2025-10-20,2025-10-20
USR_BBC5CC3E,TRUE,585051.32,2025-09-11,2025-09-11,2025-09-20,2025-09-20
USR_BBC5CC3E,TRUE,854047.51,2025-08-11,2025-08-11,2025-08-20,2025-08-20
USR_AD494F83,TRUE,273915.8,2025-12-11,2025-12-11,2025-12-20,2025-12-20
USR_AD494F83,TRUE,439144.56,2025-12-11,2025-12-11,2025-12-20,2025-12-20
USR_AD494F83,TRUE,618390.2,2025-11-11,2025-11-11,2025-11-20,2025-11-20
USR_AD494F83,TRUE,471288.17,2025-10-11,2025-10-11,2025-10-20,2025-10-20
USR_AD494F83,TRUE,297273.24,2025-09-11,2025-09-11,2025-09-20,2025-09-20
USR_AD494F83,TRUE,965525.53,2025-08-11,2025-08-11,2025-08-20,2025-08-20
USR_85B09B69,TRUE,756687.71,2025-12-11,2025-12-11,2025-12-20,2025-12-20
USR_85B09B69,TRUE,754080.21,2025-12-11,2025-12-11,2025-12-20,2025-12-20
USR_85B09B69,TRUE,435725.82,2025-11-11,2025-11-11,2025-11-20,2025-11-20
USR_85B09B69,TRUE,960751.7,2025-10-11,2025-10-11,2025-10-20,2025-10-20
USR_85B09B69,TRUE,484430.46,2025-09-11,2025-09-11,2025-09-20,2025-09-20
USR_85B09B69,TRUE,507287.0,2025-08-11,2025-08-11,2025-08-20,2025-08-20
USR_689F89CF,TRUE,601142.04,2025-12-11,2025-12-11,2025-12-20,2025-12-20
USR_689F89CF,TRUE,443198.93,2025-12-11,2025-12-11,2025-12-20,2025-12-20
USR_689F89CF,TRUE,335488.76,2025-11-11,2025-11-11,2025-11-20,2025-11-20
USR_689F89CF,TRUE,648184.29,2025-10-11,2025-10-11,2025-10-20,2025-10-20
USR_689F89CF,TRUE,249524.15,2025-09-11,2025-09-11,2025-09-20,2025-09-20
USR_689F89CF,TRUE,550769.92,2025-08-11,2025-08-11,2025-08-20,2025-08-20
USR_C7043DEF,TRUE,925658.97,2025-12-11,2025-12-11,2025-12-20,2025-12-20
USR_C7043DEF,TRUE,559284.67,2025-12-11,2025-12-11,2025-12-20,2025-12-20
USR_C7043DEF,TRUE,800043.28,2025-11-11,2025-11-11,2025-11-20,2025-11-20
USR_C7043DEF,TRUE,981522.23,2025-10-11,2025-10-11,2025-10-20,2025-10-20
USR_C7043DEF,TRUE,385518.05,2025-09-11,2025-09-11,2025-09-20,2025-09-20
USR_C7043DEF,TRUE,581523.37,2025-08-11,2025-08-11,2025-08-20,2025-08-20
USR_DBD163DF,TRUE,821383.2,2025-12-11,2025-12-11,2025-12-20,2025-12-20
USR_DBD163DF,TRUE,659649.43,2025-12-11,2025-12-11,2025-12-20,2025-12-20
USR_DBD163DF,TRUE,355037.41,2025-11-11,2025-11-11,2025-11-20,2025-11-20
USR_DBD163DF,TRUE,616957.43,2025-10-11,2025-10-11,2025-10-20,2025-10-20
USR_DBD163DF,TRUE,340825.85,2025-09-11,2025-09-11,2025-09-20,2025-09-20
USR_DBD163DF,TRUE,562470.25,2025-08-11,2025-08-11,2025-08-20,2025-08-20
USR_55F2EA6D,TRUE,451602.68,2025-12-11,2025-12-11,2025-12-20,2025-12-20
USR_55F2EA6D,TRUE,803010.2,2025-12-11,2025-12-11,2025-12-20,2025-12-20
USR_55F2EA6D,TRUE,631719.25,2025-11-11,2025-11-11,2025-11-20,2025-11-20
USR_55F2EA6D,TRUE,716721.02,2025-10-11,2025-10-11,2025-10-20,2025-10-20
USR_55F2EA6D,TRUE,805325.45,2025-09-11,2025-09-11,2025-09-20,2025-09-20
USR_55F2EA6D,TRUE,235127.34,2025-08-11,2025-08-11,2025-08-20,2025-08-20
USR_A5DD28EF,TRUE,194802.36,2025-12-11,2025-12-11,2025-12-20,2025-12-20
USR_A5DD28EF,TRUE,480657.07,2025-12-11,2025-12-11,2025-12-20,2025-12-20
USR_A5DD28EF,TRUE,781818.89,2025-11-11,2025-11-11,2025-11-20,2025-11-20
USR_A5DD28EF,TRUE,276795.6,2025-10-11,2025-10-11,2025-10-20,2025-10-20
USR_A5DD28EF,TRUE,433428.71,2025-09-11,2025-09-11,2025-09-20,2025-09-20
USR_A5DD28EF,TRUE,349769.08,2025-08-11,2025-08-11,2025-08-20,2025-08-20
USR_A01F90D7,TRUE,176996.14,2025-12-11,2025-12-11,2025-12-20,2025-12-20
USR_A01F90D7,TRUE,897541.75,2025-12-11,2025-12-11,2025-12-20,2025-12-20
USR_A01F90D7,TRUE,571865.45,2025-11-11,2025-11-11,2025-11-20,2025-11-20
USR_A01F90D7,TRUE,136488.64,2025-10-11,2025-10-11,2025-10-20,2025-10-20
USR_A01F90D7,TRUE,455711.49,2025-09-11,2025-09-11,2025-09-20,2025-09-20
USR_A01F90D7,TRUE,685565.03,2025-08-11,2025-08-11,2025-08-20,2025-08-20
USR_40416B4C,TRUE,846241.02,2025-12-11,2025-12-11,2025-12-20,2025-12-20
USR_40416B4C,TRUE,357017.34,2025-12-11,2025-12-11,2025-12-20,2025-12-20
USR_40416B4C,TRUE,855339.05,2025-11-11,2025-11-11,2025-11-20,2025-11-20
USR_40416B4C,TRUE,746521.93,2025-10-11,2025-10-11,2025-10-20,2025-10-20
USR_40416B4C,TRUE,744533.73,2025-09-11,2025-09-11,2025-09-20,2025-09-20
USR_40416B4C,TRUE,797138.32,2025-08-11,2025-08-11,2025-08-20,2025-08-20
USR_09586D2B,FALSE,466856.34,2025-12-11,2025-12-16,2025-12-20,2025-12-28
USR_09586D2B,FALSE,245795.94,2025-12-11,2026-01-04,2025-12-20,2026-01-05
USR_09586D2B,FALSE,306656.87,2025-11-11,2025-11-14,2025-11-20,2025-12-18
USR_09586D2B,FALSE,124189.83,2025-10-11,2025-10-30,2025-10-20,2025-11-02
USR_09586D2B,FALSE,679458.42,2025-09-11,2025-09-28,2025-09-20,2025-10-18
USR_09586D2B,FALSE,165283.69,2025-08-11,2025-08-26,2025-08-20,2025-08-27
USR_85B86F9A,FALSE,473332.38,2025-12-11,2025-12-30,2025-12-20,2026-01-15
USR_85B86F9A,FALSE,685122.63,2025-12-11,2025-12-31,2025-12-20,2026-01-12
USR_85B86F9A,FALSE,354917.05,2025-11-11,2025-11-16,2025-11-20,2025-12-17
USR_85B86F9A,FALSE,836767.0,2025-10-11,2025-10-30,2025-10-20,2025-11-06
USR_85B86F9A,FALSE,462874.2,2025-09-11,2025-10-05,2025-09-20,2025-09-22
USR_85B86F9A,FALSE,442563.0,2025-08-11,2025-09-05,2025-08-20,2025-09-08
USR_E7031B89,TRUE,986589.6,2025-12-11,2025-12-11,2025-12-20,2025-12-20
USR_E7031B89,TRUE,135440.53,2025-12-11,2025-12-11,2025-12-20,2025-12-20
USR_E7031B89,TRUE,106529.94,2025-11-11,2025-11-11,2025-11-20,2025-11-20
USR_E7031B89,TRUE,963456.49,2025-10-11,2025-10-11,2025-10-20,2025-10-20
USR_E7031B89,TRUE,538388.22,2025-09-11,2025-09-11,2025-09-20,2025-09-20
USR_E7031B89,TRUE,362759.1,2025-08-11,2025-08-11,2025-08-20,2025-08-20
USR_B030334F,TRUE,523331.16,2025-12-11,2025-12-11,2025-12-20,2025-12-20
USR_B030334F,TRUE,444605.1,2025-12-11,2025-12-11,2025-12-20,2025-12-20
USR_B030334F,TRUE,240311.15,2025-11-11,2025-11-11,2025-11-20,2025-11-20
USR_B030334F,TRUE,662729.34,2025-10-11,2025-10-11,2025-10-20,2025-10-20
USR_B030334F,TRUE,136506.54,2025-09-11,2025-09-11,2025-09-20,2025-09-20
USR_B030334F,TRUE,841565.0,2025-08-11,2025-08-11,2025-08-20,2025-08-20
USR_572BD204,FALSE,161631.43,2025-12-11,2025-12-22,2025-12-20,2025-12-30
USR_572BD204,FALSE,992151.18,2025-12-11,2025-12-16,2025-12-20,2026-01-07
USR_572BD204,FALSE,278464.15,2025-11-11,2025-11-28,2025-11-20,2025-12-19
USR_572BD204,FALSE,240812.14,2025-10-11,2025-10-30,2025-10-20,2025-11-14
USR_572BD204,FALSE,408332.57,2025-09-11,2025-09-14,2025-09-20,2025-10-10
USR_572BD204,FALSE,213728.43,2025-08-11,2025-08-24,2025-08-20,2025-09-13
USR_86EC3727,FALSE,286214.96,2025-12-11,2025-12-29,2025-12-20,2026-01-18
USR_86EC3727,FALSE,404697.01,2025-12-11,2025-12-25,2025-12-20,2025-12-23
USR_86EC3727,FALSE,281658.77,2025-11-11,2025-11-24,2025-11-20,2025-12-13
USR_86EC3727,FALSE,874244.44,2025-10-11,2025-10-19,2025-10-20,2025-10-29
USR_86EC3727,FALSE,882576.65,2025-09-11,2025-09-20,2025-09-20,2025-09-30
USR_86EC3727,FALSE,220833.08,2025-08-11,2025-08-12,2025-08-20,2025-08-31
USR_715A243C,FALSE,326597.5,2025-12-11,2026-01-05,2025-12-20,2026-01-12
USR_715A243C,FALSE,103950.98,2025-12-11,2025-12-24,2025-12-20,2026-01-03
USR_715A243C,FALSE,835193.51,2025-11-11,2025-11-21,2025-11-20,2025-12-04
USR_715A243C,FALSE,816446.39,2025-10-11,2025-10-18,2025-10-20,2025-11-07
USR_715A243C,FALSE,791673.04,2025-09-11,2025-09-12,2025-09-20,2025-10-03
USR_715A243C,FALSE,499698.86,2025-08-11,2025-09-05,2025-08-20,2025-09-17
USR_382E0DF8,TRUE,355040.92,2025-12-11,2025-12-11,2025-12-20,2025-12-20
USR_382E0DF8,TRUE,809604.26,2025-12-11,2025-12-11,2025-12-20,2025-12-20
USR_382E0DF8,TRUE,363117.27,2025-11-11,2025-11-11,2025-11-20,2025-11-20
USR_382E0DF8,TRUE,221841.6,2025-10-11,2025-10-11,2025-10-20,2025-10-20
USR_382E0DF8,TRUE,312304.97,2025-09-11,2025-09-11,2025-09-20,2025-09-20
USR_382E0DF8,TRUE,641542.99,2025-08-11,2025-08-11,2025-08-20,2025-08-20
USR_5970C79D,TRUE,178989.28,2025-12-11,2025-12-11,2025-12-20,2025-12-20
USR_5970C79D,TRUE,185823.0,2025-12-11,2025-12-11,2025-12-20,2025-12-20
USR_5970C79D,TRUE,495174.54,2025-11-11,2025-11-11,2025-11-20,2025-11-20
USR_5970C79D,TRUE,681313.96,2025-10-11,2025-10-11,2025-10-20,2025-10-20
USR_5970C79D,TRUE,145949.46,2025-09-11,2025-09-11,2025-09-20,2025-09-20
USR_5970C79D,TRUE,699730.31,2025-08-11,2025-08-11,2025-08-20,2025-08-20
USR_F5229F60,FALSE,813945.04,2025-12-11,2025-12-31,2025-12-20,2026-01-10
USR_F5229F60,FALSE,512303.96,2025-12-11,2026-01-05,2025-12-20,2026-01-16
USR_F5229F60,FALSE,422110.99,2025-11-11,2025-12-03,2025-11-20,2025-11-22
USR_F5229F60,FALSE,289519.41,2025-10-11,2025-10-28,2025-10-20,2025-11-06
USR_F5229F60,FALSE,727785.62,2025-09-11,2025-09-29,2025-09-20,2025-10-04
USR_F5229F60,FALSE,969358.46,2025-08-11,2025-08-19,2025-08-20,2025-08-30
USR_6728E125,TRUE,133027.2,2025-12-11,2025-12-11,2025-12-20,2025-12-20
USR_6728E125,TRUE,443285.12,2025-12-11,2025-12-11,2025-12-20,2025-12-20
USR_6728E125,TRUE,722398.74,2025-11-11,2025-11-11,2025-11-20,2025-11-20
USR_6728E125,TRUE,790390.21,2025-10-11,2025-10-11,2025-10-20,2025-10-20
USR_6728E125,TRUE,143404.07,2025-09-11,2025-09-11,2025-09-20,2025-09-20
USR_6728E125,TRUE,377142.08,2025-08-11,2025-08-11,2025-08-20,2025-08-20
USR_66B4A87A,TRUE,610265.31,2025-12-11,2025-12-11,2025-12-20,2025-12-20
USR_66B4A87A,TRUE,947668.91,2025-12-11,2025-12-11,2025-12-20,2025-12-20
USR_66B4A87A,TRUE,225582.06,2025-11-11,2025-11-11,2025-11-20,2025-11-20
USR_66B4A87A,TRUE,654856.02,2025-10-11,2025-10-11,2025-10-20,2025-10-20
USR_66B4A87A,TRUE,522729.85,2025-09-11,2025-09-11,2025-09-20,2025-09-20
USR_66B4A87A,TRUE,639191.43,2025-08-11,2025-08-11,2025-08-20,2025-08-20
USR_E70802DC,FALSE,754546.35,2025-12-11,2025-12-14,2025-12-20,2025-12-24
USR_E70802DC,FALSE,632889.45,2025-12-11,2025-12-24,2025-12-20,2025-12-25
USR_E70802DC,FALSE,199634.94,2025-11-11,2025-12-08,2025-11-20,2025-12-05
USR_E70802DC,FALSE,114916.63,2025-10-11,2025-10-13,2025-10-20,2025-11-15
USR_E70802DC,FALSE,142885.58,2025-09-11,2025-09-14,2025-09-20,2025-09-29
USR_E70802DC,FALSE,279081.19,2025-08-11,2025-08-20,2025-08-20,2025-09-06
USR_F9EB8633,TRUE,195520.14,2025-12-11,2025-12-11,2025-12-20,2025-12-20
USR_F9EB8633,TRUE,803039.98,2025-12-11,2025-12-11,2025-12-20,2025-12-20
USR_F9EB8633,TRUE,604872.67,2025-11-11,2025-11-11,2025-11-20,2025-11-20
USR_F9EB8633,TRUE,235740.2,2025-10-11,2025-10-11,2025-10-20,2025-10-20
USR_F9EB8633,TRUE,175487.26,2025-09-11,2025-09-11,2025-09-20,2025-09-20
USR_F9EB8633,TRUE,468902.97,2025-08-11,2025-08-11,2025-08-20,2025-08-20
USR_5A80F231,TRUE,366090.37,2025-12-11,2025-12-11,2025-12-20,2025-12-20
USR_5A80F231,TRUE,580690.89,2025-12-11,2025-12-11,2025-12-20,2025-12-20
USR_5A80F231,TRUE,529835.23,2025-11-11,2025-11-11,2025-11-20,2025-11-20
USR_5A80F231,TRUE,876321.08,2025-10-11,2025-10-11,2025-10-20,2025-10-20
USR_5A80F231,TRUE,816919.61,2025-09-11,2025-09-11,2025-09-20,2025-09-20
USR_5A80F231,TRUE,510501.66,2025-08-11,2025-08-11,2025-08-20,2025-08-20
USR_E1BCE258,TRUE,975587.24,2025-12-11,2025-12-11,2025-12-20,2025-12-20
USR_E1BCE258,TRUE,305068.66,2025-12-11,2025-12-11,2025-12-20,2025-12-20
USR_E1BCE258,TRUE,655193.79,2025-11-11,2025-11-11,2025-11-20,2025-11-20
USR_E1BCE258,TRUE,912778.25,2025-10-11,2025-10-11,2025-10-20,2025-10-20
USR_E1BCE258,TRUE,378173.52,2025-09-11,2025-09-11,2025-09-20,2025-09-20
USR_E1BCE258,TRUE,397729.86,2025-08-11,2025-08-11,2025-08-20,2025-08-20
USR_9F1F05D5,TRUE,958727.98,2025-12-11,2025-12-11,2025-12-20,2025-12-20
USR_9F1F05D5,TRUE,393296.13,2025-12-11,2025-12-11,2025-12-20,2025-12-20
USR_9F1F05D5,TRUE,851142.08,2025-11-11,2025-11-11,2025-11-20,2025-11-20
USR_9F1F05D5,TRUE,526592.01,2025-10-11,2025-10-11,2025-10-20,2025-10-20
USR_9F1F05D5,TRUE,541913.3,2025-09-11,2025-09-11,2025-09-20,2025-09-20
USR_9F1F05D5,TRUE,929412.68,2025-08-11,2025-08-11,2025-08-20,2025-08-20
USR_9798C783,TRUE,317291.42,2025-12-11,2025-12-11,2025-12-20,2025-12-20
USR_9798C783,TRUE,637062.11,2025-12-11,2025-12-11,2025-12-20,2025-12-20
USR_9798C783,TRUE,767870.69,2025-11-11,2025-11-11,2025-11-20,2025-11-20
USR_9798C783,TRUE,826717.66,2025-10-11,2025-10-11,2025-10-20,2025-10-20
USR_9798C783,TRUE,941272.59,2025-09-11,2025-09-11,2025-09-20,2025-09-20
USR_9798C783,TRUE,863067.19,2025-08-11,2025-08-11,2025-08-20,2025-08-20
USR_FA06A0F8,TRUE,749238.83,2025-12-11,2025-12-11,2025-12-20,2025-12-20
USR_FA06A0F8,TRUE,539571.28,2025-12-11,2025-12-11,2025-12-20,2025-12-20
USR_FA06A0F8,TRUE,819983.11,2025-11-11,2025-11-11,2025-11-20,2025-11-20
USR_FA06A0F8,TRUE,293840.17,2025-10-11,2025-10-11,2025-10-20,2025-10-20
USR_FA06A0F8,TRUE,191819.94,2025-09-11,2025-09-11,2025-09-20,2025-09-20
USR_FA06A0F8,TRUE,966730.42,2025-08-11,2025-08-11,2025-08-20,2025-08-20
USR_5FF4C327,TRUE,637608.01,2025-12-11,2025-12-11,2025-12-20,2025-12-20
USR_5FF4C327,TRUE,806585.92,2025-12-11,2025-12-11,2025-12-20,2025-12-20
USR_5FF4C327,TRUE,911061.91,2025-11-11,2025-11-11,2025-11-20,2025-11-20
USR_5FF4C327,TRUE,795329.45,2025-10-11,2025-10-11,2025-10-20,2025-10-20
USR_5FF4C327,TRUE,369215.06,2025-09-11,2025-09-11,2025-09-20,2025-09-20
USR_5FF4C327,TRUE,978114.34,2025-08-11,2025-08-11,2025-08-20,2025-08-20
USR_F176D1F7,TRUE,700108.4,2025-12-11,2025-12-11,2025-12-20,2025-12-20
USR_F176D1F7,TRUE,913892.15,2025-12-11,2025-12-11,2025-12-20,2025-12-20
USR_F176D1F7,TRUE,739504.89,2025-11-11,2025-11-11,2025-11-20,2025-11-20
USR_F176D1F7,TRUE,220223.92,2025-10-11,2025-10-11,2025-10-20,2025-10-20
USR_F176D1F7,TRUE,188258.49,2025-09-11,2025-09-11,2025-09-20,2025-09-20
USR_F176D1F7,TRUE,285671.0,2025-08-11,2025-08-11,2025-08-20,2025-08-20
USR_76B18708,TRUE,998071.1,2025-12-11,2025-12-11,2025-12-20,2025-12-20
USR_76B18708,TRUE,508457.19,2025-12-11,2025-12-11,2025-12-20,2025-12-20
USR_76B18708,TRUE,947832.17,2025-11-11,2025-11-11,2025-11-20,2025-11-20
USR_76B18708,TRUE,906913.75,2025-10-11,2025-10-11,2025-10-20,2025-10-20
USR_76B18708,TRUE,205380.48,2025-09-11,2025-09-11,2025-09-20,2025-09-20
USR_76B18708,TRUE,287923.05,2025-08-11,2025-08-11,2025-08-20,2025-08-20
USR_34872BD4,TRUE,676013.44,2025-12-11,2025-12-11,2025-12-20,2025-12-20
USR_34872BD4,TRUE,565985.06,2025-12-11,2025-12-11,2025-12-20,2025-12-20
USR_34872BD4,TRUE,783560.52,2025-11-11,2025-11-11,2025-11-20,2025-11-20
USR_34872BD4,TRUE,987200.63,2025-10-11,2025-10-11,2025-10-20,2025-10-20
USR_34872BD4,TRUE,484372.36,2025-09-11,2025-09-11,2025-09-20,2025-09-20
USR_34872BD4,TRUE,719650.0,2025-08-11,2025-08-11,2025-08-20,2025-08-20
USR_73BC8A3E,FALSE,111214.4,2025-12-11,2025-12-15,2025-12-20,2025-12-24
USR_73BC8A3E,FALSE,874579.61,2025-12-11,2025-12-19,2025-12-20,2026-01-15
USR_73BC8A3E,FALSE,401290.09,2025-11-11,2025-12-10,2025-11-20,2025-12-03
USR_73BC8A3E,FALSE,798633.74,2025-10-11,2025-10-15,2025-10-20,2025-10-21
USR_73BC8A3E,FALSE,887665.31,2025-09-11,2025-09-16,2025-09-20,2025-10-07
USR_73BC8A3E,FALSE,568786.31,2025-08-11,2025-08-15,2025-08-20,2025-08-25
USR_2F70A4D9,TRUE,162122.88,2025-12-11,2025-12-11,2025-12-20,2025-12-20
USR_2F70A4D9,TRUE,729513.67,2025-12-11,2025-12-11,2025-12-20,2025-12-20
USR_2F70A4D9,TRUE,983390.96,2025-11-11,2025-11-11,2025-11-20,2025-11-20
USR_2F70A4D9,TRUE,696198.35,2025-10-11,2025-10-11,2025-10-20,2025-10-20
USR_2F70A4D9,TRUE,869975.17,2025-09-11,2025-09-11,2025-09-20,2025-09-20
USR_2F70A4D9,TRUE,397274.46,2025-08-11,2025-08-11,2025-08-20,2025-08-20
USR_FC8FDD05,TRUE,573290.66,2025-12-11,2025-12-11,2025-12-20,2025-12-20
USR_FC8FDD05,TRUE,216588.36,2025-12-11,2025-12-11,2025-12-20,2025-12-20
USR_FC8FDD05,TRUE,133179.66,2025-11-11,2025-11-11,2025-11-20,2025-11-20
USR_FC8FDD05,TRUE,177355.31,2025-10-11,2025-10-11,2025-10-20,2025-10-20
USR_FC8FDD05,TRUE,736837.84,2025-09-11,2025-09-11,2025-09-20,2025-09-20
USR_FC8FDD05,TRUE,892110.76,2025-08-11,2025-08-11,2025-08-20,2025-08-20
USR_4E72E343,TRUE,117766.41,2025-12-11,2025-12-11,2025-12-20,2025-12-20
USR_4E72E343,TRUE,200780.05,2025-12-11,2025-12-11,2025-12-20,2025-12-20
USR_4E72E343,TRUE,630944.72,2025-11-11,2025-11-11,2025-11-20,2025-11-20
USR_4E72E343,TRUE,304836.07,2025-10-11,2025-10-11,2025-10-20,2025-10-20
USR_4E72E343,TRUE,755670.95,2025-09-11,2025-09-11,2025-09-20,2025-09-20
USR_4E72E343,TRUE,453931.52,2025-08-11,2025-08-11,2025-08-20,2025-08-20
USR_639ED7DE,TRUE,734553.29,2025-12-11,2025-12-11,2025-12-20,2025-12-20
USR_639ED7DE,TRUE,554778.86,2025-12-11,2025-12-11,2025-12-20,2025-12-20
USR_639ED7DE,TRUE,941986.07,2025-11-11,2025-11-11,2025-11-20,2025-11-20
USR_639ED7DE,TRUE,467723.66,2025-10-11,2025-10-11,2025-10-20,2025-10-20
USR_639ED7DE,TRUE,680807.04,2025-09-11,2025-09-11,2025-09-20,2025-09-20
USR_639ED7DE,TRUE,654553.04,2025-08-11,2025-08-11,2025-08-20,2025-08-20
USR_0BBE44DA,TRUE,469552.87,2025-12-11,2025-12-11,2025-12-20,2025-12-20
USR_0BBE44DA,TRUE,188559.89,2025-12-11,2025-12-11,2025-12-20,2025-12-20
USR_0BBE44DA,TRUE,299403.08,2025-11-11,2025-11-11,2025-11-20,2025-11-20
USR_0BBE44DA,TRUE,687461.21,2025-10-11,2025-10-11,2025-10-20,2025-10-20
USR_0BBE44DA,TRUE,281308.9,2025-09-11,2025-09-11,2025-09-20,2025-09-20
USR_0BBE44DA,TRUE,119246.22,2025-08-11,2025-08-11,2025-08-20,2025-08-20
USR_BB434AB2,FALSE,469689.13,2025-12-11,2026-01-09,2025-12-20,2026-01-17
USR_BB434AB2,FALSE,327165.59,2025-12-11,2026-01-02,2025-12-20,2026-01-06
USR_BB434AB2,FALSE,225838.71,2025-11-11,2025-11-12,2025-11-20,2025-11-24
USR_BB434AB2,FALSE,811085.84,2025-10-11,2025-10-27,2025-10-20,2025-11-06
USR_BB434AB2,FALSE,311512.18,2025-09-11,2025-09-13,2025-09-20,2025-09-24
USR_BB434AB2,FALSE,347413.19,2025-08-11,2025-08-17,2025-08-20,2025-09-16
USR_66214097,TRUE,980757.51,2025-12-11,2025-12-11,2025-12-20,2025-12-20
USR_66214097,TRUE,324191.74,2025-12-11,2025-12-11,2025-12-20,2025-12-20
USR_66214097,TRUE,243480.82,2025-11-11,2025-11-11,2025-11-20,2025-11-20
USR_66214097,TRUE,755778.56,2025-10-11,2025-10-11,2025-10-20,2025-10-20
USR_66214097,TRUE,584480.18,2025-09-11,2025-09-11,2025-09-20,2025-09-20
USR_66214097,TRUE,242958.13,2025-08-11,2025-08-11,2025-08-20,2025-08-20
USR_27AC7216,FALSE,415453.16,2025-12-11,2025-12-30,2025-12-20,2026-01-06
USR_27AC7216,FALSE,492708.15,2025-12-11,2025-12-14,2025-12-20,2026-01-12
USR_27AC7216,FALSE,545090.73,2025-11-11,2025-12-01,2025-11-20,2025-12-13
USR_27AC7216,FALSE,998671.16,2025-10-11,2025-10-26,2025-10-20,2025-11-16
USR_27AC7216,FALSE,546956.74,2025-09-11,2025-09-19,2025-09-20,2025-10-11
USR_27AC7216,FALSE,308396.73,2025-08-11,2025-08-28,2025-08-20,2025-08-27
USR_C95D630F,TRUE,973061.79,2025-12-11,2025-12-11,2025-12-20,2025-12-20
USR_C95D630F,TRUE,645210.36,2025-12-11,2025-12-11,2025-12-20,2025-12-20
USR_C95D630F,TRUE,482561.69,2025-11-11,2025-11-11,2025-11-20,2025-11-20
USR_C95D630F,TRUE,941640.45,2025-10-11,2025-10-11,2025-10-20,2025-10-20
USR_C95D630F,TRUE,706207.14,2025-09-11,2025-09-11,2025-09-20,2025-09-20
USR_C95D630F,TRUE,110984.47,2025-08-11,2025-08-11,2025-08-20,2025-08-20
USR_1B19D73D,TRUE,998816.18,2025-12-11,2025-12-11,2025-12-20,2025-12-20
USR_1B19D73D,TRUE,912620.44,2025-12-11,2025-12-11,2025-12-20,2025-12-20
USR_1B19D73D,TRUE,943562.56,2025-11-11,2025-11-11,2025-11-20,2025-11-20
USR_1B19D73D,TRUE,289214.13,2025-10-11,2025-10-11,2025-10-20,2025-10-20
USR_1B19D73D,TRUE,401831.09,2025-09-11,2025-09-11,2025-09-20,2025-09-20
USR_1B19D73D,TRUE,157139.29,2025-08-11,2025-08-11,2025-08-20,2025-08-20
USR_0D0D272B,TRUE,956589.11,2025-12-11,2025-12-11,2025-12-20,2025-12-20
USR_0D0D272B,TRUE,773950.26,2025-12-11,2025-12-11,2025-12-20,2025-12-20
USR_0D0D272B,TRUE,573260.7,2025-11-11,2025-11-11,2025-11-20,2025-11-20
USR_0D0D272B,TRUE,523820.73,2025-10-11,2025-10-11,2025-10-20,2025-10-20
USR_0D0D272B,TRUE,754562.65,2025-09-11,2025-09-11,2025-09-20,2025-09-20
USR_0D0D272B,TRUE,741754.73,2025-08-11,2025-08-11,2025-08-20,2025-08-20
USR_4DE7C117,TRUE,436581.84,2025-12-11,2025-12-11,2025-12-20,2025-12-20
USR_4DE7C117,TRUE,461787.82,2025-12-11,2025-12-11,2025-12-20,2025-12-20
USR_4DE7C117,TRUE,108926.16,2025-11-11,2025-11-11,2025-11-20,2025-11-20
USR_4DE7C117,TRUE,970828.22,2025-10-11,2025-10-11,2025-10-20,2025-10-20
USR_4DE7C117,TRUE,969875.98,2025-09-11,2025-09-11,2025-09-20,2025-09-20
USR_4DE7C117,TRUE,846871.96,2025-08-11,2025-08-11,2025-08-20,2025-08-20
USR_8D18B1EC,TRUE,796643.34,2025-12-11,2025-12-11,2025-12-20,2025-12-20
USR_8D18B1EC,TRUE,583784.95,2025-12-11,2025-12-11,2025-12-20,2025-12-20
USR_8D18B1EC,TRUE,907197.46,2025-11-11,2025-11-11,2025-11-20,2025-11-20
USR_8D18B1EC,TRUE,880299.18,2025-10-11,2025-10-11,2025-10-20,2025-10-20
USR_8D18B1EC,TRUE,907366.05,2025-09-11,2025-09-11,2025-09-20,2025-09-20
USR_8D18B1EC,TRUE,669818.44,2025-08-11,2025-08-11,2025-08-20,2025-08-20
USR_FB36D58D,TRUE,652868.83,2025-12-11,2025-12-11,2025-12-20,2025-12-20
USR_FB36D58D,TRUE,700553.74,2025-12-11,2025-12-11,2025-12-20,2025-12-20
USR_FB36D58D,TRUE,643313.97,2025-11-11,2025-11-11,2025-11-20,2025-11-20
USR_FB36D58D,TRUE,333021.09,2025-10-11,2025-10-11,2025-10-20,2025-10-20
USR_FB36D58D,TRUE,359483.0,2025-09-11,2025-09-11,2025-09-20,2025-09-20
USR_FB36D58D,TRUE,497510.11,2025-08-11,2025-08-11,2025-08-20,2025-08-20
USR_7D0BC0C1,TRUE,276272.4,2025-12-11,2025-12-11,2025-12-20,2025-12-20
USR_7D0BC0C1,TRUE,212154.46,2025-12-11,2025-12-11,2025-12-20,2025-12-20
USR_7D0BC0C1,TRUE,905708.37,2025-11-11,2025-11-11,2025-11-20,2025-11-20
USR_7D0BC0C1,TRUE,986027.85,2025-10-11,2025-10-11,2025-10-20,2025-10-20
USR_7D0BC0C1,TRUE,238435.92,2025-09-11,2025-09-11,2025-09-20,2025-09-20
USR_7D0BC0C1,TRUE,185753.27,2025-08-11,2025-08-11,2025-08-20,2025-08-20
USR_BE1EBC98,TRUE,715926.3,2025-12-11,2025-12-11,2025-12-20,2025-12-20
USR_BE1EBC98,TRUE,679067.8,2025-12-11,2025-12-11,2025-12-20,2025-12-20
USR_BE1EBC98,TRUE,861421.68,2025-11-11,2025-11-11,2025-11-20,2025-11-20
USR_BE1EBC98,TRUE,685606.85,2025-10-11,2025-10-11,2025-10-20,2025-10-20
USR_BE1EBC98,TRUE,679728.98,2025-09-11,2025-09-11,2025-09-20,2025-09-20
USR_BE1EBC98,TRUE,688119.75,2025-08-11,2025-08-11,2025-08-20,2025-08-20
USR_FFD2C0F8,TRUE,282334.98,2025-12-11,2025-12-11,2025-12-20,2025-12-20
USR_FFD2C0F8,TRUE,386467.32,2025-12-11,2025-12-11,2025-12-20,2025-12-20
USR_FFD2C0F8,TRUE,747454.26,2025-11-11,2025-11-11,2025-11-20,2025-11-20
USR_FFD2C0F8,TRUE,649048.61,2025-10-11,2025-10-11,2025-10-20,2025-10-20
USR_FFD2C0F8,TRUE,964254.84,2025-09-11,2025-09-11,2025-09-20,2025-09-20
USR_FFD2C0F8,TRUE,328602.0,2025-08-11,2025-08-11,2025-08-20,2025-08-20
USR_064AFDA3,TRUE,960335.13,2025-12-11,2025-12-11,2025-12-20,2025-12-20
USR_064AFDA3,TRUE,781604.91,2025-12-11,2025-12-11,2025-12-20,2025-12-20
USR_064AFDA3,TRUE,384830.49,2025-11-11,2025-11-11,2025-11-20,2025-11-20
USR_064AFDA3,TRUE,576092.24,2025-10-11,2025-10-11,2025-10-20,2025-10-20
USR_064AFDA3,TRUE,631754.38,2025-09-11,2025-09-11,2025-09-20,2025-09-20
USR_064AFDA3,TRUE,305773.76,2025-08-11,2025-08-11,2025-08-20,2025-08-20
USR_19F04891,TRUE,979940.94,2025-12-11,2025-12-11,2025-12-20,2025-12-20
USR_19F04891,TRUE,139184.58,2025-12-11,2025-12-11,2025-12-20,2025-12-20
USR_19F04891,TRUE,749345.83,2025-11-11,2025-11-11,2025-11-20,2025-11-20
USR_19F04891,TRUE,981467.96,2025-10-11,2025-10-11,2025-10-20,2025-10-20
USR_19F04891,TRUE,894460.46,2025-09-11,2025-09-11,2025-09-20,2025-09-20
USR_19F04891,TRUE,765710.22,2025-08-11,2025-08-11,2025-08-20,2025-08-20
USR_1263F374,FALSE,804532.03,2025-12-11,2026-01-02,2025-12-20,2025-12-27
USR_1263F374,FALSE,259928.17,2025-12-11,2025-12-13,2025-12-20,2026-01-04
USR_1263F374,FALSE,374944.61,2025-11-11,2025-11-14,2025-11-20,2025-11-25
USR_1263F374,FALSE,605442.96,2025-10-11,2025-10-28,2025-10-20,2025-11-10
USR_1263F374,FALSE,224772.77,2025-09-11,2025-10-06,2025-09-20,2025-09-23
USR_1263F374,FALSE,480117.36,2025-08-11,2025-08-16,2025-08-20,2025-09-02
USR_47E61D56,TRUE,362922.47,2025-12-11,2025-12-11,2025-12-20,2025-12-20
USR_47E61D56,TRUE,154383.93,2025-12-11,2025-12-11,2025-12-20,2025-12-20
USR_47E61D56,TRUE,542062.5,2025-11-11,2025-11-11,2025-11-20,2025-11-20
USR_47E61D56,TRUE,279402.39,2025-10-11,2025-10-11,2025-10-20,2025-10-20
USR_47E61D56,TRUE,856232.65,2025-09-11,2025-09-11,2025-09-20,2025-09-20
USR_47E61D56,TRUE,845049.42,2025-08-11,2025-08-11,2025-08-20,2025-08-20
USR_FC76D068,FALSE,473059.26,2025-12-11,2025-12-25,2025-12-20,2025-12-23
USR_FC76D068,FALSE,189086.68,2025-12-11,2025-12-25,2025-12-20,2026-01-13
USR_FC76D068,FALSE,556742.23,2025-11-11,2025-11-26,2025-11-20,2025-11-29
USR_FC76D068,FALSE,656101.78,2025-10-11,2025-10-14,2025-10-20,2025-11-05
USR_FC76D068,FALSE,340005.25,2025-09-11,2025-10-08,2025-09-20,2025-10-05
USR_FC76D068,FALSE,523164.8,2025-08-11,2025-08-18,2025-08-20,2025-08-25
USR_9E3D348D,TRUE,860574.77,2025-12-11,2025-12-11,2025-12-20,2025-12-20
USR_9E3D348D,TRUE,586229.21,2025-12-11,2025-12-11,2025-12-20,2025-12-20
USR_9E3D348D,TRUE,764612.67,2025-11-11,2025-11-11,2025-11-20,2025-11-20
USR_9E3D348D,TRUE,269225.85,2025-10-11,2025-10-11,2025-10-20,2025-10-20
USR_9E3D348D,TRUE,940266.79,2025-09-11,2025-09-11,2025-09-20,2025-09-20
USR_9E3D348D,TRUE,650307.33,2025-08-11,2025-08-11,2025-08-20,2025-08-20
USR_D0F5D902,TRUE,611666.96,2025-12-11,2025-12-11,2025-12-20,2025-12-20
USR_D0F5D902,TRUE,430925.48,2025-12-11,2025-12-11,2025-12-20,2025-12-20
USR_D0F5D902,TRUE,425484.38,2025-11-11,2025-11-11,2025-11-20,2025-11-20
USR_D0F5D902,TRUE,398029.83,2025-10-11,2025-10-11,2025-10-20,2025-10-20
USR_D0F5D902,TRUE,626893.0,2025-09-11,2025-09-11,2025-09-20,2025-09-20
USR_D0F5D902,TRUE,613906.05,2025-08-11,2025-08-11,2025-08-20,2025-08-20
USR_E5B1F65B,TRUE,315445.59,2025-12-11,2025-12-11,2025-12-20,2025-12-20
USR_E5B1F65B,TRUE,673946.08,2025-12-11,2025-12-11,2025-12-20,2025-12-20
USR_E5B1F65B,TRUE,796101.22,2025-11-11,2025-11-11,2025-11-20,2025-11-20
USR_E5B1F65B,TRUE,827317.56,2025-10-11,2025-10-11,2025-10-20,2025-10-20
USR_E5B1F65B,TRUE,749504.54,2025-09-11,2025-09-11,2025-09-20,2025-09-20
USR_E5B1F65B,TRUE,384175.6,2025-08-11,2025-08-11,2025-08-20,2025-08-20
USR_900987E7,FALSE,215756.86,2025-12-11,2025-12-31,2025-12-20,2026-01-14
USR_900987E7,FALSE,998999.39,2025-12-11,2026-01-05,2025-12-20,2026-01-03
USR_900987E7,FALSE,979953.65,2025-11-11,2025-12-11,2025-11-20,2025-12-13
USR_900987E7,FALSE,383078.3,2025-10-11,2025-11-02,2025-10-20,2025-11-05
USR_900987E7,FALSE,123729.78,2025-09-11,2025-09-24,2025-09-20,2025-09-23
USR_900987E7,FALSE,410257.12,2025-08-11,2025-09-10,2025-08-20,2025-09-04
USR_6DD74100,TRUE,302400.1,2025-12-11,2025-12-11,2025-12-20,2025-12-20
USR_6DD74100,TRUE,552819.26,2025-12-11,2025-12-11,2025-12-20,2025-12-20
USR_6DD74100,TRUE,821487.07,2025-11-11,2025-11-11,2025-11-20,2025-11-20
USR_6DD74100,TRUE,770826.7,2025-10-11,2025-10-11,2025-10-20,2025-10-20
USR_6DD74100,TRUE,959045.93,2025-09-11,2025-09-11,2025-09-20,2025-09-20
USR_6DD74100,TRUE,934366.26,2025-08-11,2025-08-11,2025-08-20,2025-08-20
USR_93F93520,TRUE,646346.89,2025-12-11,2025-12-11,2025-12-20,2025-12-20
USR_93F93520,TRUE,290157.49,2025-12-11,2025-12-11,2025-12-20,2025-12-20
USR_93F93520,TRUE,349442.77,2025-11-11,2025-11-11,2025-11-20,2025-11-20
USR_93F93520,TRUE,320431.17,2025-10-11,2025-10-11,2025-10-20,2025-10-20
USR_93F93520,TRUE,736371.91,2025-09-11,2025-09-11,2025-09-20,2025-09-20
USR_93F93520,TRUE,842018.02,2025-08-11,2025-08-11,2025-08-20,2025-08-20
USR_5FF4E7E8,TRUE,985234.67,2025-12-11,2025-12-11,2025-12-20,2025-12-20
USR_5FF4E7E8,TRUE,829200.82,2025-12-11,2025-12-11,2025-12-20,2025-12-20
USR_5FF4E7E8,TRUE,718314.17,2025-11-11,2025-11-11,2025-11-20,2025-11-20
USR_5FF4E7E8,TRUE,858525.51,2025-10-11,2025-10-11,2025-10-20,2025-10-20
USR_5FF4E7E8,TRUE,352811.98,2025-09-11,2025-09-11,2025-09-20,2025-09-20
USR_5FF4E7E8,TRUE,881846.13,2025-08-11,2025-08-11,2025-08-20,2025-08-20
USR_20E06E8A,TRUE,713852.39,2025-12-11,2025-12-11,2025-12-20,2025-12-20
USR_20E06E8A,TRUE,757659.7,2025-12-11,2025-12-11,2025-12-20,2025-12-20
USR_20E06E8A,TRUE,228092.52,2025-11-11,2025-11-11,2025-11-20,2025-11-20
USR_20E06E8A,TRUE,216331.21,2025-10-11,2025-10-11,2025-10-20,2025-10-20
USR_20E06E8A,TRUE,988379.79,2025-09-11,2025-09-11,2025-09-20,2025-09-20
USR_20E06E8A,TRUE,370523.53,2025-08-11,2025-08-11,2025-08-20,2025-08-20
USR_BA6071B1,TRUE,596854.38,2025-12-11,2025-12-11,2025-12-20,2025-12-20
USR_BA6071B1,TRUE,904489.23,2025-12-11,2025-12-11,2025-12-20,2025-12-20
USR_BA6071B1,TRUE,648815.43,2025-11-11,2025-11-11,2025-11-20,2025-11-20
USR_BA6071B1,TRUE,233526.52,2025-10-11,2025-10-11,2025-10-20,2025-10-20
USR_BA6071B1,TRUE,703384.03,2025-09-11,2025-09-11,2025-09-20,2025-09-20
USR_BA6071B1,TRUE,994298.06,2025-08-11,2025-08-11,2025-08-20,2025-08-20
USR_E562ABA0,FALSE,308602.94,2025-12-11,2025-12-15,2025-12-20,2025-12-31
USR_E562ABA0,FALSE,111710.98,2025-12-11,2025-12-21,2025-12-20,2025-12-23
USR_E562ABA0,FALSE,953437.1,2025-11-11,2025-11-26,2025-11-20,2025-12-06
USR_E562ABA0,FALSE,453613.78,2025-10-11,2025-10-14,2025-10-20,2025-11-01
USR_E562ABA0,FALSE,283350.61,2025-09-11,2025-10-07,2025-09-20,2025-09-25
USR_E562ABA0,FALSE,617093.93,2025-08-11,2025-08-29,2025-08-20,2025-08-24
USR_0A3C8D13,TRUE,775537.15,2025-12-11,2025-12-11,2025-12-20,2025-12-20
USR_0A3C8D13,TRUE,378319.65,2025-12-11,2025-12-11,2025-12-20,2025-12-20
USR_0A3C8D13,TRUE,712358.2,2025-11-11,2025-11-11,2025-11-20,2025-11-20
USR_0A3C8D13,TRUE,701386.83,2025-10-11,2025-10-11,2025-10-20,2025-10-20
USR_0A3C8D13,TRUE,780815.98,2025-09-11,2025-09-11,2025-09-20,2025-09-20
USR_0A3C8D13,TRUE,653896.9,2025-08-11,2025-08-11,2025-08-20,2025-08-20
USR_CD20CEE7,TRUE,668605.4,2025-12-11,2025-12-11,2025-12-20,2025-12-20
USR_CD20CEE7,TRUE,605214.39,2025-12-11,2025-12-11,2025-12-20,2025-12-20
USR_CD20CEE7,TRUE,742558.78,2025-11-11,2025-11-11,2025-11-20,2025-11-20
USR_CD20CEE7,TRUE,652122.58,2025-10-11,2025-10-11,2025-10-20,2025-10-20
USR_CD20CEE7,TRUE,143001.49,2025-09-11,2025-09-11,2025-09-20,2025-09-20
USR_CD20CEE7,TRUE,457886.57,2025-08-11,2025-08-11,2025-08-20,2025-08-20
USR_0DBF744B,TRUE,742304.26,2025-12-11,2025-12-11,2025-12-20,2025-12-20
USR_0DBF744B,TRUE,437653.01,2025-12-11,2025-12-11,2025-12-20,2025-12-20
USR_0DBF744B,TRUE,547359.58,2025-11-11,2025-11-11,2025-11-20,2025-11-20
USR_0DBF744B,TRUE,571524.64,2025-10-11,2025-10-11,2025-10-20,2025-10-20
USR_0DBF744B,TRUE,732329.71,2025-09-11,2025-09-11,2025-09-20,2025-09-20
USR_0DBF744B,TRUE,289671.0,2025-08-11,2025-08-11,2025-08-20,2025-08-20
USR_FAB08C9C,TRUE,314374.11,2025-12-11,2025-12-11,2025-12-20,2025-12-20
USR_FAB08C9C,TRUE,265276.15,2025-12-11,2025-12-11,2025-12-20,2025-12-20
USR_FAB08C9C,TRUE,535792.67,2025-11-11,2025-11-11,2025-11-20,2025-11-20
USR_FAB08C9C,TRUE,303908.79,2025-10-11,2025-10-11,2025-10-20,2025-10-20
USR_FAB08C9C,TRUE,377962.52,2025-09-11,2025-09-11,2025-09-20,2025-09-20
USR_FAB08C9C,TRUE,224406.39,2025-08-11,2025-08-11,2025-08-20,2025-08-20
USR_1EFE67FE,FALSE,258322.79,2025-12-11,2025-12-14,2025-12-20,2025-12-31
USR_1EFE67FE,FALSE,555259.48,2025-12-11,2025-12-16,2025-12-20,2026-01-10
USR_1EFE67FE,FALSE,990892.05,2025-11-11,2025-11-21,2025-11-20,2025-12-11
USR_1EFE67FE,FALSE,732647.47,2025-10-11,2025-10-19,2025-10-20,2025-11-03
USR_1EFE67FE,FALSE,363197.88,2025-09-11,2025-09-28,2025-09-20,2025-09-28
USR_1EFE67FE,FALSE,736280.44,2025-08-11,2025-09-09,2025-08-20,2025-09-17
USR_F6267CF7,TRUE,880555.75,2025-12-11,2025-12-11,2025-12-20,2025-12-20
USR_F6267CF7,TRUE,315505.04,2025-12-11,2025-12-11,2025-12-20,2025-12-20
USR_F6267CF7,TRUE,684125.87,2025-11-11,2025-11-11,2025-11-20,2025-11-20
USR_F6267CF7,TRUE,343936.0,2025-10-11,2025-10-11,2025-10-20,2025-10-20
USR_F6267CF7,TRUE,681576.62,2025-09-11,2025-09-11,2025-09-20,2025-09-20
USR_F6267CF7,TRUE,507398.56,2025-08-11,2025-08-11,2025-08-20,2025-08-20
USR_082109AF,TRUE,582008.8,2025-12-11,2025-12-11,2025-12-20,2025-12-20
USR_082109AF,TRUE,965196.26,2025-12-11,2025-12-11,2025-12-20,2025-12-20
USR_082109AF,TRUE,677982.63,2025-11-11,2025-11-11,2025-11-20,2025-11-20
USR_082109AF,TRUE,200269.35,2025-10-11,2025-10-11,2025-10-20,2025-10-20
USR_082109AF,TRUE,636398.44,2025-09-11,2025-09-11,2025-09-20,2025-09-20
USR_082109AF,TRUE,925759.67,2025-08-11,2025-08-11,2025-08-20,2025-08-20
USR_9D815045,FALSE,999233.44,2025-12-11,2025-12-31,2025-12-20,2026-01-18
USR_9D815045,FALSE,596528.73,2025-12-11,2026-01-07,2025-12-20,2026-01-16
USR_9D815045,FALSE,910319.46,2025-11-11,2025-11-23,2025-11-20,2025-12-05
USR_9D815045,FALSE,857904.72,2025-10-11,2025-11-02,2025-10-20,2025-11-19
USR_9D815045,FALSE,657180.99,2025-09-11,2025-09-22,2025-09-20,2025-09-21
USR_9D815045,FALSE,340757.42,2025-08-11,2025-08-31,2025-08-20,2025-09-17
USR_5BC22907,TRUE,632350.8,2025-12-11,2025-12-11,2025-12-20,2025-12-20
USR_5BC22907,TRUE,768297.62,2025-12-11,2025-12-11,2025-12-20,2025-12-20
USR_5BC22907,TRUE,168881.54,2025-11-11,2025-11-11,2025-11-20,2025-11-20
USR_5BC22907,TRUE,121908.84,2025-10-11,2025-10-11,2025-10-20,2025-10-20
USR_5BC22907,TRUE,469248.46,2025-09-11,2025-09-11,2025-09-20,2025-09-20
USR_5BC22907,TRUE,820003.83,2025-08-11,2025-08-11,2025-08-20,2025-08-20
USR_F0986C0C,FALSE,599625.34,2025-12-11,2026-01-06,2025-12-20,2026-01-16
USR_F0986C0C,FALSE,403766.64,2025-12-11,2025-12-30,2025-12-20,2026-01-12
USR_F0986C0C,FALSE,830597.06,2025-11-11,2025-11-26,2025-11-20,2025-12-03
USR_F0986C0C,FALSE,415780.24,2025-10-11,2025-11-10,2025-10-20,2025-10-28
USR_F0986C0C,FALSE,514498.42,2025-09-11,2025-09-25,2025-09-20,2025-10-20
USR_F0986C0C,FALSE,930626.74,2025-08-11,2025-09-06,2025-08-20,2025-09-17
USR_7B8B0466,TRUE,135849.39,2025-12-11,2025-12-11,2025-12-20,2025-12-20
USR_7B8B0466,TRUE,257650.59,2025-12-11,2025-12-11,2025-12-20,2025-12-20
USR_7B8B0466,TRUE,955154.07,2025-11-11,2025-11-11,2025-11-20,2025-11-20
USR_7B8B0466,TRUE,908720.98,2025-10-11,2025-10-11,2025-10-20,2025-10-20
USR_7B8B0466,TRUE,882880.78,2025-09-11,2025-09-11,2025-09-20,2025-09-20
USR_7B8B0466,TRUE,662401.87,2025-08-11,2025-08-11,2025-08-20,2025-08-20
USR_9B938885,TRUE,403088.57,2025-12-11,2025-12-11,2025-12-20,2025-12-20
USR_9B938885,TRUE,362333.99,2025-12-11,2025-12-11,2025-12-20,2025-12-20
USR_9B938885,TRUE,321242.86,2025-11-11,2025-11-11,2025-11-20,2025-11-20
USR_9B938885,TRUE,286737.61,2025-10-11,2025-10-11,2025-10-20,2025-10-20
USR_9B938885,TRUE,814284.53,2025-09-11,2025-09-11,2025-09-20,2025-09-20
USR_9B938885,TRUE,803395.07,2025-08-11,2025-08-11,2025-08-20,2025-08-20
USR_2419C824,TRUE,625529.89,2025-12-11,2025-12-11,2025-12-20,2025-12-20
USR_2419C824,TRUE,498155.59,2025-12-11,2025-12-11,2025-12-20,2025-12-20
USR_2419C824,TRUE,722053.42,2025-11-11,2025-11-11,2025-11-20,2025-11-20
USR_2419C824,TRUE,495053.39,2025-10-11,2025-10-11,2025-10-20,2025-10-20
USR_2419C824,TRUE,241333.53,2025-09-11,2025-09-11,2025-09-20,2025-09-20
USR_2419C824,TRUE,424319.77,2025-08-11,2025-08-11,2025-08-20,2025-08-20
USR_E1D56B7E,TRUE,104675.46,2025-12-11,2025-12-11,2025-12-20,2025-12-20
USR_E1D56B7E,TRUE,392167.58,2025-12-11,2025-12-11,2025-12-20,2025-12-20
USR_E1D56B7E,TRUE,971310.94,2025-11-11,2025-11-11,2025-11-20,2025-11-20
USR_E1D56B7E,TRUE,787058.28,2025-10-11,2025-10-11,2025-10-20,2025-10-20
USR_E1D56B7E,TRUE,611507.77,2025-09-11,2025-09-11,2025-09-20,2025-09-20
USR_E1D56B7E,TRUE,979431.63,2025-08-11,2025-08-11,2025-08-20,2025-08-20
USR_9DA030B8,FALSE,719865.45,2025-12-11,2026-01-09,2025-12-20,2026-01-07
USR_9DA030B8,FALSE,302656.93,2025-12-11,2025-12-20,2025-12-20,2026-01-07
USR_9DA030B8,FALSE,699509.95,2025-11-11,2025-12-08,2025-11-20,2025-12-18
USR_9DA030B8,FALSE,411604.64,2025-10-11,2025-10-17,2025-10-20,2025-10-22
USR_9DA030B8,FALSE,653380.6,2025-09-11,2025-09-18,2025-09-20,2025-09-22
USR_9DA030B8,FALSE,505669.54,2025-08-11,2025-09-04,2025-08-20,2025-09-05
USR_47CDFF07,FALSE,424137.54,2025-12-11,2025-12-18,2025-12-20,2026-01-16
USR_47CDFF07,FALSE,168458.66,2025-12-11,2026-01-02,2025-12-20,2026-01-08
USR_47CDFF07,FALSE,722225.78,2025-11-11,2025-12-10,2025-11-20,2025-12-15
USR_47CDFF07,FALSE,293187.22,2025-10-11,2025-10-17,2025-10-20,2025-11-10
USR_47CDFF07,FALSE,819613.87,2025-09-11,2025-10-03,2025-09-20,2025-09-28
USR_47CDFF07,FALSE,647835.64,2025-08-11,2025-08-19,2025-08-20,2025-09-15
USR_CCA3AF06,TRUE,787348.11,2025-12-11,2025-12-11,2025-12-20,2025-12-20
USR_CCA3AF06,TRUE,476208.36,2025-12-11,2025-12-11,2025-12-20,2025-12-20
USR_CCA3AF06,TRUE,308961.25,2025-11-11,2025-11-11,2025-11-20,2025-11-20
USR_CCA3AF06,TRUE,241942.8,2025-10-11,2025-10-11,2025-10-20,2025-10-20
USR_CCA3AF06,TRUE,920942.49,2025-09-11,2025-09-11,2025-09-20,2025-09-20
USR_CCA3AF06,TRUE,253255.52,2025-08-11,2025-08-11,2025-08-20,2025-08-20
USR_10720079,TRUE,902012.73,2025-12-11,2025-12-11,2025-12-20,2025-12-20
USR_10720079,TRUE,973580.94,2025-12-11,2025-12-11,2025-12-20,2025-12-20
USR_10720079,TRUE,547220.39,2025-11-11,2025-11-11,2025-11-20,2025-11-20
USR_10720079,TRUE,676069.32,2025-10-11,2025-10-11,2025-10-20,2025-10-20
USR_10720079,TRUE,926631.69,2025-09-11,2025-09-11,2025-09-20,2025-09-20
USR_10720079,TRUE,631434.8,2025-08-11,2025-08-11,2025-08-20,2025-08-20
USR_1ACC5891,TRUE,854381.96,2025-12-11,2025-12-11,2025-12-20,2025-12-20
USR_1ACC5891,TRUE,199081.71,2025-12-11,2025-12-11,2025-12-20,2025-12-20
USR_1ACC5891,TRUE,451205.77,2025-11-11,2025-11-11,2025-11-20,2025-11-20
USR_1ACC5891,TRUE,412901.73,2025-10-11,2025-10-11,2025-10-20,2025-10-20
USR_1ACC5891,TRUE,696176.49,2025-09-11,2025-09-11,2025-09-20,2025-09-20
USR_1ACC5891,TRUE,225850.13,2025-08-11,2025-08-11,2025-08-20,2025-08-20
USR_1403C61C,FALSE,757475.29,2025-12-11,2025-12-29,2025-12-20,2026-01-08
USR_1403C61C,FALSE,689540.3,2025-12-11,2026-01-05,2025-12-20,2026-01-09
USR_1403C61C,FALSE,837491.42,2025-11-11,2025-11-29,2025-11-20,2025-12-11
USR_1403C61C,FALSE,800976.1,2025-10-11,2025-11-03,2025-10-20,2025-11-19
USR_1403C61C,FALSE,687190.7,2025-09-11,2025-09-27,2025-09-20,2025-10-06
USR_1403C61C,FALSE,896724.94,2025-08-11,2025-09-04,2025-08-20,2025-08-27
USR_FACA82F2,TRUE,318329.34,2025-12-11,2025-12-11,2025-12-20,2025-12-20
USR_FACA82F2,TRUE,974342.97,2025-12-11,2025-12-11,2025-12-20,2025-12-20
USR_FACA82F2,TRUE,678844.94,2025-11-11,2025-11-11,2025-11-20,2025-11-20
USR_FACA82F2,TRUE,478593.57,2025-10-11,2025-10-11,2025-10-20,2025-10-20
USR_FACA82F2,TRUE,155754.92,2025-09-11,2025-09-11,2025-09-20,2025-09-20
USR_FACA82F2,TRUE,607605.72,2025-08-11,2025-08-11,2025-08-20,2025-08-20
USR_13B31FE7,TRUE,510427.58,2025-12-11,2025-12-11,2025-12-20,2025-12-20
USR_13B31FE7,TRUE,230331.63,2025-12-11,2025-12-11,2025-12-20,2025-12-20
USR_13B31FE7,TRUE,747207.75,2025-11-11,2025-11-11,2025-11-20,2025-11-20
USR_13B31FE7,TRUE,674088.85,2025-10-11,2025-10-11,2025-10-20,2025-10-20
USR_13B31FE7,TRUE,912579.52,2025-09-11,2025-09-11,2025-09-20,2025-09-20
USR_13B31FE7,TRUE,390668.36,2025-08-11,2025-08-11,2025-08-20,2025-08-20
USR_6B3E4894,TRUE,481667.12,2025-12-11,2025-12-11,2025-12-20,2025-12-20
USR_6B3E4894,TRUE,868012.32,2025-12-11,2025-12-11,2025-12-20,2025-12-20
USR_6B3E4894,TRUE,632271.56,2025-11-11,2025-11-11,2025-11-20,2025-11-20
USR_6B3E4894,TRUE,681677.65,2025-10-11,2025-10-11,2025-10-20,2025-10-20
USR_6B3E4894,TRUE,887587.15,2025-09-11,2025-09-11,2025-09-20,2025-09-20
USR_6B3E4894,TRUE,124688.83,2025-08-11,2025-08-11,2025-08-20,2025-08-20
USR_67C3F6E2,TRUE,305955.01,2025-12-11,2025-12-11,2025-12-20,2025-12-20
USR_67C3F6E2,TRUE,770917.42,2025-12-11,2025-12-11,2025-12-20,2025-12-20
USR_67C3F6E2,TRUE,231363.75,2025-11-11,2025-11-11,2025-11-20,2025-11-20
USR_67C3F6E2,TRUE,949725.1,2025-10-11,2025-10-11,2025-10-20,2025-10-20
USR_67C3F6E2,TRUE,492537.91,2025-09-11,2025-09-11,2025-09-20,2025-09-20
USR_67C3F6E2,TRUE,384855.39,2025-08-11,2025-08-11,2025-08-20,2025-08-20
USR_9FE2460E,TRUE,921402.16,2025-12-11,2025-12-11,2025-12-20,2025-12-20
USR_9FE2460E,TRUE,325069.93,2025-12-11,2025-12-11,2025-12-20,2025-12-20
USR_9FE2460E,TRUE,447424.56,2025-11-11,2025-11-11,2025-11-20,2025-11-20
USR_9FE2460E,TRUE,705558.33,2025-10-11,2025-10-11,2025-10-20,2025-10-20
USR_9FE2460E,TRUE,346778.85,2025-09-11,2025-09-11,2025-09-20,2025-09-20
USR_9FE2460E,TRUE,855224.95,2025-08-11,2025-08-11,2025-08-20,2025-08-20
USR_BF982E79,TRUE,747068.14,2025-12-11,2025-12-11,2025-12-20,2025-12-20
USR_BF982E79,TRUE,233772.57,2025-12-11,2025-12-11,2025-12-20,2025-12-20
USR_BF982E79,TRUE,612492.09,2025-11-11,2025-11-11,2025-11-20,2025-11-20
USR_BF982E79,TRUE,253866.75,2025-10-11,2025-10-11,2025-10-20,2025-10-20
USR_BF982E79,TRUE,213076.61,2025-09-11,2025-09-11,2025-09-20,2025-09-20
USR_BF982E79,TRUE,353312.28,2025-08-11,2025-08-11,2025-08-20,2025-08-20
USR_158BE8A4,TRUE,172482.62,2025-12-11,2025-12-11,2025-12-20,2025-12-20
USR_158BE8A4,TRUE,355161.92,2025-12-11,2025-12-11,2025-12-20,2025-12-20
USR_158BE8A4,TRUE,754189.98,2025-11-11,2025-11-11,2025-11-20,2025-11-20
USR_158BE8A4,TRUE,833738.94,2025-10-11,2025-10-11,2025-10-20,2025-10-20
USR_158BE8A4,TRUE,671929.37,2025-09-11,2025-09-11,2025-09-20,2025-09-20
USR_158BE8A4,TRUE,650564.76,2025-08-11,2025-08-11,2025-08-20,2025-08-20
USR_D02169E7,FALSE,452301.44,2025-12-11,2026-01-04,2025-12-20,2025-12-22
USR_D02169E7,FALSE,415009.08,2025-12-11,2025-12-13,2025-12-20,2025-12-28
USR_D02169E7,FALSE,594604.19,2025-11-11,2025-11-27,2025-11-20,2025-12-14
USR_D02169E7,FALSE,428500.0,2025-10-11,2025-10-18,2025-10-20,2025-11-19
USR_D02169E7,FALSE,539298.26,2025-09-11,2025-10-04,2025-09-20,2025-09-23
USR_D02169E7,FALSE,579045.12,2025-08-11,2025-08-20,2025-08-20,2025-09-10
USR_531C127F,FALSE,586024.37,2025-12-11,2025-12-25,2025-12-20,2026-01-16
USR_531C127F,FALSE,634044.24,2025-12-11,2025-12-13,2025-12-20,2025-12-26
USR_531C127F,FALSE,413251.73,2025-11-11,2025-11-17,2025-11-20,2025-12-07
USR_531C127F,FALSE,499016.29,2025-10-11,2025-10-25,2025-10-20,2025-11-07
USR_531C127F,FALSE,738419.55,2025-09-11,2025-09-24,2025-09-20,2025-10-03
USR_531C127F,FALSE,729591.61,2025-08-11,2025-08-20,2025-08-20,2025-09-02
USR_F6BBC890,FALSE,295534.07,2025-12-11,2026-01-01,2025-12-20,2026-01-15
USR_F6BBC890,FALSE,122687.5,2025-12-11,2026-01-08,2025-12-20,2025-12-22
USR_F6BBC890,FALSE,781687.35,2025-11-11,2025-11-28,2025-11-20,2025-12-11
USR_F6BBC890,FALSE,268972.93,2025-10-11,2025-10-27,2025-10-20,2025-11-14
USR_F6BBC890,FALSE,591815.61,2025-09-11,2025-10-10,2025-09-20,2025-10-09
USR_F6BBC890,FALSE,966459.29,2025-08-11,2025-08-20,2025-08-20,2025-08-21
USR_AE485876,TRUE,298171.65,2025-12-11,2025-12-11,2025-12-20,2025-12-20
USR_AE485876,TRUE,139449.73,2025-12-11,2025-12-11,2025-12-20,2025-12-20
USR_AE485876,TRUE,459304.77,2025-11-11,2025-11-11,2025-11-20,2025-11-20
USR_AE485876,TRUE,863369.02,2025-10-11,2025-10-11,2025-10-20,2025-10-20
USR_AE485876,TRUE,774661.51,2025-09-11,2025-09-11,2025-09-20,2025-09-20
USR_AE485876,TRUE,283981.21,2025-08-11,2025-08-11,2025-08-20,2025-08-20
USR_24FD0449,TRUE,546978.44,2025-12-11,2025-12-11,2025-12-20,2025-12-20
USR_24FD0449,TRUE,358287.13,2025-12-11,2025-12-11,2025-12-20,2025-12-20
USR_24FD0449,TRUE,763031.82,2025-11-11,2025-11-11,2025-11-20,2025-11-20
USR_24FD0449,TRUE,446903.35,2025-10-11,2025-10-11,2025-10-20,2025-10-20
USR_24FD0449,TRUE,482483.63,2025-09-11,2025-09-11,2025-09-20,2025-09-20
USR_24FD0449,TRUE,683512.56,2025-08-11,2025-08-11,2025-08-20,2025-08-20
USR_13D36CD1,TRUE,190885.22,2025-12-11,2025-12-11,2025-12-20,2025-12-20
USR_13D36CD1,TRUE,875933.08,2025-12-11,2025-12-11,2025-12-20,2025-12-20
USR_13D36CD1,TRUE,312615.8,2025-11-11,2025-11-11,2025-11-20,2025-11-20
USR_13D36CD1,TRUE,446239.92,2025-10-11,2025-10-11,2025-10-20,2025-10-20
USR_13D36CD1,TRUE,740935.52,2025-09-11,2025-09-11,2025-09-20,2025-09-20
USR_13D36CD1,TRUE,746258.19,2025-08-11,2025-08-11,2025-08-20,2025-08-20
USR_0C98205B,FALSE,839940.62,2025-12-11,2025-12-29,2025-12-20,2025-12-28
USR_0C98205B,FALSE,375710.36,2025-12-11,2025-12-28,2025-12-20,2025-12-23
USR_0C98205B,FALSE,403942.01,2025-11-11,2025-11-21,2025-11-20,2025-12-05
USR_0C98205B,FALSE,615183.13,2025-10-11,2025-11-08,2025-10-20,2025-11-05
USR_0C98205B,FALSE,113584.79,2025-09-11,2025-09-12,2025-09-20,2025-10-03
USR_0C98205B,FALSE,704969.96,2025-08-11,2025-08-25,2025-08-20,2025-09-09
USR_56397ACE,TRUE,253276.29,2025-12-11,2025-12-11,2025-12-20,2025-12-20
USR_56397ACE,TRUE,213493.45,2025-12-11,2025-12-11,2025-12-20,2025-12-20
USR_56397ACE,TRUE,902261.39,2025-11-11,2025-11-11,2025-11-20,2025-11-20
USR_56397ACE,TRUE,271192.62,2025-10-11,2025-10-11,2025-10-20,2025-10-20
USR_56397ACE,TRUE,384202.56,2025-09-11,2025-09-11,2025-09-20,2025-09-20
USR_56397ACE,TRUE,692120.63,2025-08-11,2025-08-11,2025-08-20,2025-08-20
USR_7A2E0B2C,TRUE,767148.7,2025-12-11,2025-12-11,2025-12-20,2025-12-20
USR_7A2E0B2C,TRUE,712705.6,2025-12-11,2025-12-11,2025-12-20,2025-12-20
USR_7A2E0B2C,TRUE,810508.53,2025-11-11,2025-11-11,2025-11-20,2025-11-20
USR_7A2E0B2C,TRUE,393928.78,2025-10-11,2025-10-11,2025-10-20,2025-10-20
USR_7A2E0B2C,TRUE,811133.29,2025-09-11,2025-09-11,2025-09-20,2025-09-20
USR_7A2E0B2C,TRUE,833627.87,2025-08-11,2025-08-11,2025-08-20,2025-08-20
USR_117850E3,TRUE,942015.66,2025-12-11,2025-12-11,2025-12-20,2025-12-20
USR_117850E3,TRUE,959570.83,2025-12-11,2025-12-11,2025-12-20,2025-12-20
USR_117850E3,TRUE,965832.35,2025-11-11,2025-11-11,2025-11-20,2025-11-20
USR_117850E3,TRUE,382461.8,2025-10-11,2025-10-11,2025-10-20,2025-10-20
USR_117850E3,TRUE,989891.74,2025-09-11,2025-09-11,2025-09-20,2025-09-20
USR_117850E3,TRUE,971736.73,2025-08-11,2025-08-11,2025-08-20,2025-08-20
USR_8ADCE92D,TRUE,509479.56,2025-12-11,2025-12-11,2025-12-20,2025-12-20
USR_8ADCE92D,TRUE,563110.11,2025-12-11,2025-12-11,2025-12-20,2025-12-20
USR_8ADCE92D,TRUE,147338.17,2025-11-11,2025-11-11,2025-11-20,2025-11-20
USR_8ADCE92D,TRUE,759903.11,2025-10-11,2025-10-11,2025-10-20,2025-10-20
USR_8ADCE92D,TRUE,462264.83,2025-09-11,2025-09-11,2025-09-20,2025-09-20
USR_8ADCE92D,TRUE,640204.35,2025-08-11,2025-08-11,2025-08-20,2025-08-20
USR_E8985088,TRUE,338928.74,2025-12-11,2025-12-11,2025-12-20,2025-12-20
USR_E8985088,TRUE,775044.47,2025-12-11,2025-12-11,2025-12-20,2025-12-20
USR_E8985088,TRUE,538680.02,2025-11-11,2025-11-11,2025-11-20,2025-11-20
USR_E8985088,TRUE,661061.82,2025-10-11,2025-10-11,2025-10-20,2025-10-20
USR_E8985088,TRUE,150087.35,2025-09-11,2025-09-11,2025-09-20,2025-09-20
USR_E8985088,TRUE,231901.37,2025-08-11,2025-08-11,2025-08-20,2025-08-20
USR_83EB5FEF,TRUE,482873.5,2025-12-11,2025-12-11,2025-12-20,2025-12-20
USR_83EB5FEF,TRUE,584780.66,2025-12-11,2025-12-11,2025-12-20,2025-12-20
USR_83EB5FEF,TRUE,795353.69,2025-11-11,2025-11-11,2025-11-20,2025-11-20
USR_83EB5FEF,TRUE,869795.35,2025-10-11,2025-10-11,2025-10-20,2025-10-20
USR_83EB5FEF,TRUE,573929.38,2025-09-11,2025-09-11,2025-09-20,2025-09-20
USR_83EB5FEF,TRUE,707426.24,2025-08-11,2025-08-11,2025-08-20,2025-08-20
USR_C0508374,TRUE,486331.22,2025-12-11,2025-12-11,2025-12-20,2025-12-20
USR_C0508374,TRUE,827166.05,2025-12-11,2025-12-11,2025-12-20,2025-12-20
USR_C0508374,TRUE,963799.76,2025-11-11,2025-11-11,2025-11-20,2025-11-20
USR_C0508374,TRUE,618932.65,2025-10-11,2025-10-11,2025-10-20,2025-10-20
USR_C0508374,TRUE,666886.0,2025-09-11,2025-09-11,2025-09-20,2025-09-20
USR_C0508374,TRUE,414999.08,2025-08-11,2025-08-11,2025-08-20,2025-08-20
USR_95CE768C,TRUE,734790.9,2025-12-11,2025-12-11,2025-12-20,2025-12-20
USR_95CE768C,TRUE,389105.4,2025-12-11,2025-12-11,2025-12-20,2025-12-20
USR_95CE768C,TRUE,417304.0,2025-11-11,2025-11-11,2025-11-20,2025-11-20
USR_95CE768C,TRUE,812128.99,2025-10-11,2025-10-11,2025-10-20,2025-10-20
USR_95CE768C,TRUE,943611.63,2025-09-11,2025-09-11,2025-09-20,2025-09-20
USR_95CE768C,TRUE,837382.57,2025-08-11,2025-08-11,2025-08-20,2025-08-20
USR_E9BB65E4,FALSE,800698.81,2025-12-11,2025-12-26,2025-12-20,2025-12-25
USR_E9BB65E4,FALSE,696093.3,2025-12-11,2025-12-24,2025-12-20,2026-01-10
USR_E9BB65E4,FALSE,180841.75,2025-11-11,2025-12-08,2025-11-20,2025-12-17
USR_E9BB65E4,FALSE,442731.55,2025-10-11,2025-11-02,2025-10-20,2025-11-08
USR_E9BB65E4,FALSE,283170.62,2025-09-11,2025-09-14,2025-09-20,2025-10-13
USR_E9BB65E4,FALSE,850069.52,2025-08-11,2025-09-04,2025-08-20,2025-09-04
USR_D0A274C0,FALSE,672341.07,2025-12-11,2025-12-23,2025-12-20,2026-01-13
USR_D0A274C0,FALSE,846876.7,2025-12-11,2025-12-18,2025-12-20,2026-01-14
USR_D0A274C0,FALSE,494448.05,2025-11-11,2025-12-04,2025-11-20,2025-11-30
USR_D0A274C0,FALSE,519884.99,2025-10-11,2025-10-28,2025-10-20,2025-11-06
USR_D0A274C0,FALSE,383544.47,2025-09-11,2025-09-25,2025-09-20,2025-09-22
USR_D0A274C0,FALSE,165333.32,2025-08-11,2025-08-31,2025-08-20,2025-09-04
USR_294B140A,TRUE,931291.1,2025-12-11,2025-12-11,2025-12-20,2025-12-20
USR_294B140A,TRUE,759554.97,2025-12-11,2025-12-11,2025-12-20,2025-12-20
USR_294B140A,TRUE,793204.04,2025-11-11,2025-11-11,2025-11-20,2025-11-20
USR_294B140A,TRUE,588870.96,2025-10-11,2025-10-11,2025-10-20,2025-10-20
USR_294B140A,TRUE,992954.86,2025-09-11,2025-09-11,2025-09-20,2025-09-20
USR_294B140A,TRUE,392799.81,2025-08-11,2025-08-11,2025-08-20,2025-08-20
USR_C648EB76,TRUE,427939.51,2025-12-11,2025-12-11,2025-12-20,2025-12-20
USR_C648EB76,TRUE,252506.74,2025-12-11,2025-12-11,2025-12-20,2025-12-20
USR_C648EB76,TRUE,418883.6,2025-11-11,2025-11-11,2025-11-20,2025-11-20
USR_C648EB76,TRUE,427473.15,2025-10-11,2025-10-11,2025-10-20,2025-10-20
USR_C648EB76,TRUE,672491.54,2025-09-11,2025-09-11,2025-09-20,2025-09-20
USR_C648EB76,TRUE,504467.63,2025-08-11,2025-08-11,2025-08-20,2025-08-20
USR_503554F4,TRUE,240164.76,2025-12-11,2025-12-11,2025-12-20,2025-12-20
USR_503554F4,TRUE,824675.08,2025-12-11,2025-12-11,2025-12-20,2025-12-20
USR_503554F4,TRUE,596165.09,2025-11-11,2025-11-11,2025-11-20,2025-11-20
USR_503554F4,TRUE,404239.96,2025-10-11,2025-10-11,2025-10-20,2025-10-20
USR_503554F4,TRUE,181175.54,2025-09-11,2025-09-11,2025-09-20,2025-09-20
USR_503554F4,TRUE,901907.78,2025-08-11,2025-08-11,2025-08-20,2025-08-20
USR_F6B90D05,TRUE,773158.54,2025-12-11,2025-12-11,2025-12-20,2025-12-20
USR_F6B90D05,TRUE,707274.41,2025-12-11,2025-12-11,2025-12-20,2025-12-20
USR_F6B90D05,TRUE,416749.5,2025-11-11,2025-11-11,2025-11-20,2025-11-20
USR_F6B90D05,TRUE,849982.93,2025-10-11,2025-10-11,2025-10-20,2025-10-20
USR_F6B90D05,TRUE,642724.17,2025-09-11,2025-09-11,2025-09-20,2025-09-20
USR_F6B90D05,TRUE,622635.73,2025-08-11,2025-08-11,2025-08-20,2025-08-20
USR_C7491D0C,TRUE,234326.71,2025-12-11,2025-12-11,2025-12-20,2025-12-20
USR_C7491D0C,TRUE,554560.93,2025-12-11,2025-12-11,2025-12-20,2025-12-20
USR_C7491D0C,TRUE,799671.99,2025-11-11,2025-11-11,2025-11-20,2025-11-20
USR_C7491D0C,TRUE,659381.65,2025-10-11,2025-10-11,2025-10-20,2025-10-20
USR_C7491D0C,TRUE,214814.71,2025-09-11,2025-09-11,2025-09-20,2025-09-20
USR_C7491D0C,TRUE,738725.27,2025-08-11,2025-08-11,2025-08-20,2025-08-20
USR_8309FA7B,TRUE,585683.07,2025-12-11,2025-12-11,2025-12-20,2025-12-20
USR_8309FA7B,TRUE,613692.9,2025-12-11,2025-12-11,2025-12-20,2025-12-20
USR_8309FA7B,TRUE,927761.12,2025-11-11,2025-11-11,2025-11-20,2025-11-20
USR_8309FA7B,TRUE,360801.21,2025-10-11,2025-10-11,2025-10-20,2025-10-20
USR_8309FA7B,TRUE,868342.52,2025-09-11,2025-09-11,2025-09-20,2025-09-20
USR_8309FA7B,TRUE,238539.77,2025-08-11,2025-08-11,2025-08-20,2025-08-20
USR_65039C2E,TRUE,584170.54,2025-12-11,2025-12-11,2025-12-20,2025-12-20
USR_65039C2E,TRUE,840192.64,2025-12-11,2025-12-11,2025-12-20,2025-12-20
USR_65039C2E,TRUE,630196.98,2025-11-11,2025-11-11,2025-11-20,2025-11-20
USR_65039C2E,TRUE,273380.11,2025-10-11,2025-10-11,2025-10-20,2025-10-20
USR_65039C2E,TRUE,670705.68,2025-09-11,2025-09-11,2025-09-20,2025-09-20
USR_65039C2E,TRUE,757390.86,2025-08-11,2025-08-11,2025-08-20,2025-08-20
USR_B3960B91,TRUE,360576.56,2025-12-11,2025-12-11,2025-12-20,2025-12-20
USR_B3960B91,TRUE,322151.57,2025-12-11,2025-12-11,2025-12-20,2025-12-20
USR_B3960B91,TRUE,655926.56,2025-11-11,2025-11-11,2025-11-20,2025-11-20
USR_B3960B91,TRUE,893109.93,2025-10-11,2025-10-11,2025-10-20,2025-10-20
USR_B3960B91,TRUE,371909.66,2025-09-11,2025-09-11,2025-09-20,2025-09-20
USR_B3960B91,TRUE,942924.75,2025-08-11,2025-08-11,2025-08-20,2025-08-20
USR_EDDEEC68,TRUE,238056.81,2025-12-11,2025-12-11,2025-12-20,2025-12-20
USR_EDDEEC68,TRUE,185993.4,2025-12-11,2025-12-11,2025-12-20,2025-12-20
USR_EDDEEC68,TRUE,448971.4,2025-11-11,2025-11-11,2025-11-20,2025-11-20
USR_EDDEEC68,TRUE,365228.59,2025-10-11,2025-10-11,2025-10-20,2025-10-20
USR_EDDEEC68,TRUE,161963.47,2025-09-11,2025-09-11,2025-09-20,2025-09-20
USR_EDDEEC68,TRUE,268342.94,2025-08-11,2025-08-11,2025-08-20,2025-08-20
USR_21B2902C,TRUE,893717.25,2025-12-11,2025-12-11,2025-12-20,2025-12-20
USR_21B2902C,TRUE,100139.78,2025-12-11,2025-12-11,2025-12-20,2025-12-20
USR_21B2902C,TRUE,417564.97,2025-11-11,2025-11-11,2025-11-20,2025-11-20
USR_21B2902C,TRUE,476507.06,2025-10-11,2025-10-11,2025-10-20,2025-10-20
USR_21B2902C,TRUE,580074.73,2025-09-11,2025-09-11,2025-09-20,2025-09-20
USR_21B2902C,TRUE,388464.67,2025-08-11,2025-08-11,2025-08-20,2025-08-20
USR_452A382F,FALSE,563627.0,2025-12-11,2025-12-15,2025-12-20,2025-12-21
USR_452A382F,FALSE,459428.75,2025-12-11,2025-12-17,2025-12-20,2026-01-04
USR_452A382F,FALSE,925757.76,2025-11-11,2025-12-07,2025-11-20,2025-12-11
USR_452A382F,FALSE,647880.7,2025-10-11,2025-10-31,2025-10-20,2025-11-03
USR_452A382F,FALSE,578784.04,2025-09-11,2025-09-16,2025-09-20,2025-10-20
USR_452A382F,FALSE,804068.55,2025-08-11,2025-08-25,2025-08-20,2025-08-31
USR_C208D499,TRUE,968942.31,2025-12-11,2025-12-11,2025-12-20,2025-12-20
USR_C208D499,TRUE,399257.9,2025-12-11,2025-12-11,2025-12-20,2025-12-20
USR_C208D499,TRUE,428334.09,2025-11-11,2025-11-11,2025-11-20,2025-11-20
USR_C208D499,TRUE,262556.14,2025-10-11,2025-10-11,2025-10-20,2025-10-20
USR_C208D499,TRUE,398439.58,2025-09-11,2025-09-11,2025-09-20,2025-09-20
USR_C208D499,TRUE,181230.7,2025-08-11,2025-08-11,2025-08-20,2025-08-20
USR_5E5E8CA9,TRUE,993615.82,2025-12-11,2025-12-11,2025-12-20,2025-12-20
USR_5E5E8CA9,TRUE,455304.57,2025-12-11,2025-12-11,2025-12-20,2025-12-20
USR_5E5E8CA9,TRUE,826594.64,2025-11-11,2025-11-11,2025-11-20,2025-11-20
USR_5E5E8CA9,TRUE,388284.76,2025-10-11,2025-10-11,2025-10-20,2025-10-20
USR_5E5E8CA9,TRUE,480135.87,2025-09-11,2025-09-11,2025-09-20,2025-09-20
USR_5E5E8CA9,TRUE,267910.77,2025-08-11,2025-08-11,2025-08-20,2025-08-20
USR_5942193B,TRUE,325417.79,2025-12-11,2025-12-11,2025-12-20,2025-12-20
USR_5942193B,TRUE,277989.46,2025-12-11,2025-12-11,2025-12-20,2025-12-20
USR_5942193B,TRUE,665835.86,2025-11-11,2025-11-11,2025-11-20,2025-11-20
USR_5942193B,TRUE,879926.49,2025-10-11,2025-10-11,2025-10-20,2025-10-20
USR_5942193B,TRUE,937099.25,2025-09-11,2025-09-11,2025-09-20,2025-09-20
USR_5942193B,TRUE,376353.24,2025-08-11,2025-08-11,2025-08-20,2025-08-20
USR_1B6C3F1C,FALSE,976000.92,2025-12-11,2026-01-02,2025-12-20,2026-01-01
USR_1B6C3F1C,FALSE,707811.9,2025-12-11,2025-12-13,2025-12-20,2025-12-23
USR_1B6C3F1C,FALSE,794554.86,2025-11-11,2025-11-28,2025-11-20,2025-12-09
USR_1B6C3F1C,FALSE,596418.83,2025-10-11,2025-10-25,2025-10-20,2025-10-21
USR_1B6C3F1C,FALSE,214757.75,2025-09-11,2025-10-03,2025-09-20,2025-10-18
USR_1B6C3F1C,FALSE,257539.44,2025-08-11,2025-08-27,2025-08-20,2025-09-05
USR_EBC03950,FALSE,234856.81,2025-12-11,2026-01-01,2025-12-20,2026-01-12
USR_EBC03950,FALSE,213879.62,2025-12-11,2025-12-13,2025-12-20,2026-01-17
USR_EBC03950,FALSE,227034.42,2025-11-11,2025-12-06,2025-11-20,2025-12-12
USR_EBC03950,FALSE,496999.23,2025-10-11,2025-11-08,2025-10-20,2025-10-22
USR_EBC03950,FALSE,670769.3,2025-09-11,2025-09-22,2025-09-20,2025-10-16
USR_EBC03950,FALSE,776463.89,2025-08-11,2025-08-29,2025-08-20,2025-08-23
USR_9C2EE544,TRUE,820187.65,2025-12-11,2025-12-11,2025-12-20,2025-12-20
USR_9C2EE544,TRUE,378595.88,2025-12-11,2025-12-11,2025-12-20,2025-12-20
USR_9C2EE544,TRUE,254931.98,2025-11-11,2025-11-11,2025-11-20,2025-11-20
USR_9C2EE544,TRUE,947286.71,2025-10-11,2025-10-11,2025-10-20,2025-10-20
USR_9C2EE544,TRUE,320375.36,2025-09-11,2025-09-11,2025-09-20,2025-09-20
USR_9C2EE544,TRUE,226042.83,2025-08-11,2025-08-11,2025-08-20,2025-08-20
USR_145EC031,FALSE,850803.04,2025-12-11,2026-01-08,2025-12-20,2026-01-08
USR_145EC031,FALSE,654550.9,2025-12-11,2025-12-15,2025-12-20,2026-01-11
USR_145EC031,FALSE,865345.38,2025-11-11,2025-12-05,2025-11-20,2025-12-01
USR_145EC031,FALSE,594464.51,2025-10-11,2025-10-18,2025-10-20,2025-10-23
USR_145EC031,FALSE,252664.18,2025-09-11,2025-09-13,2025-09-20,2025-10-12
USR_145EC031,FALSE,640830.63,2025-08-11,2025-08-13,2025-08-20,2025-09-16
USR_C1E11238,TRUE,252151.48,2025-12-11,2025-12-11,2025-12-20,2025-12-20
USR_C1E11238,TRUE,824227.35,2025-12-11,2025-12-11,2025-12-20,2025-12-20
USR_C1E11238,TRUE,847166.15,2025-11-11,2025-11-11,2025-11-20,2025-11-20
USR_C1E11238,TRUE,707252.26,2025-10-11,2025-10-11,2025-10-20,2025-10-20
USR_C1E11238,TRUE,295015.83,2025-09-11,2025-09-11,2025-09-20,2025-09-20
USR_C1E11238,TRUE,148337.55,2025-08-11,2025-08-11,2025-08-20,2025-08-20
USR_00EC4DEE,TRUE,883850.53,2025-12-11,2025-12-11,2025-12-20,2025-12-20
USR_00EC4DEE,TRUE,439439.02,2025-12-11,2025-12-11,2025-12-20,2025-12-20
USR_00EC4DEE,TRUE,254877.36,2025-11-11,2025-11-11,2025-11-20,2025-11-20
USR_00EC4DEE,TRUE,251627.37,2025-10-11,2025-10-11,2025-10-20,2025-10-20
USR_00EC4DEE,TRUE,256541.56,2025-09-11,2025-09-11,2025-09-20,2025-09-20
USR_00EC4DEE,TRUE,692888.26,2025-08-11,2025-08-11,2025-08-20,2025-08-20
USR_3D34AD25,TRUE,180356.5,2025-12-11,2025-12-11,2025-12-20,2025-12-20
USR_3D34AD25,TRUE,488117.88,2025-12-11,2025-12-11,2025-12-20,2025-12-20
USR_3D34AD25,TRUE,720700.82,2025-11-11,2025-11-11,2025-11-20,2025-11-20
USR_3D34AD25,TRUE,347934.67,2025-10-11,2025-10-11,2025-10-20,2025-10-20
USR_3D34AD25,TRUE,603671.27,2025-09-11,2025-09-11,2025-09-20,2025-09-20
USR_3D34AD25,TRUE,607967.57,2025-08-11,2025-08-11,2025-08-20,2025-08-20
USR_9FE5FCCD,TRUE,694541.98,2025-12-11,2025-12-11,2025-12-20,2025-12-20
USR_9FE5FCCD,TRUE,777477.34,2025-12-11,2025-12-11,2025-12-20,2025-12-20
USR_9FE5FCCD,TRUE,429833.14,2025-11-11,2025-11-11,2025-11-20,2025-11-20
USR_9FE5FCCD,TRUE,324517.66,2025-10-11,2025-10-11,2025-10-20,2025-10-20
USR_9FE5FCCD,TRUE,807358.92,2025-09-11,2025-09-11,2025-09-20,2025-09-20
USR_9FE5FCCD,TRUE,910738.53,2025-08-11,2025-08-11,2025-08-20,2025-08-20
USR_ABEF3796,TRUE,270529.6,2025-12-11,2025-12-11,2025-12-20,2025-12-20
USR_ABEF3796,TRUE,811611.27,2025-12-11,2025-12-11,2025-12-20,2025-12-20
USR_ABEF3796,TRUE,542420.68,2025-11-11,2025-11-11,2025-11-20,2025-11-20
USR_ABEF3796,TRUE,367783.88,2025-10-11,2025-10-11,2025-10-20,2025-10-20
USR_ABEF3796,TRUE,812421.71,2025-09-11,2025-09-11,2025-09-20,2025-09-20
USR_ABEF3796,TRUE,703281.79,2025-08-11,2025-08-11,2025-08-20,2025-08-20
USR_3C5095FA,TRUE,167962.31,2025-12-11,2025-12-11,2025-12-20,2025-12-20
USR_3C5095FA,TRUE,691498.76,2025-12-11,2025-12-11,2025-12-20,2025-12-20
USR_3C5095FA,TRUE,224275.51,2025-11-11,2025-11-11,2025-11-20,2025-11-20
USR_3C5095FA,TRUE,202533.44,2025-10-11,2025-10-11,2025-10-20,2025-10-20
USR_3C5095FA,TRUE,313851.61,2025-09-11,2025-09-11,2025-09-20,2025-09-20
USR_3C5095FA,TRUE,663841.91,2025-08-11,2025-08-11,2025-08-20,2025-08-20
USR_AAFD2116,TRUE,531317.06,2025-12-11,2025-12-11,2025-12-20,2025-12-20
USR_AAFD2116,TRUE,537842.57,2025-12-11,2025-12-11,2025-12-20,2025-12-20
USR_AAFD2116,TRUE,866968.11,2025-11-11,2025-11-11,2025-11-20,2025-11-20
USR_AAFD2116,TRUE,380697.68,2025-10-11,2025-10-11,2025-10-20,2025-10-20
USR_AAFD2116,TRUE,391241.46,2025-09-11,2025-09-11,2025-09-20,2025-09-20
USR_AAFD2116,TRUE,998209.27,2025-08-11,2025-08-11,2025-08-20,2025-08-20
USR_496EC882,TRUE,852875.51,2025-12-11,2025-12-11,2025-12-20,2025-12-20
USR_496EC882,TRUE,620869.66,2025-12-11,2025-12-11,2025-12-20,2025-12-20
USR_496EC882,TRUE,943697.55,2025-11-11,2025-11-11,2025-11-20,2025-11-20
USR_496EC882,TRUE,333608.53,2025-10-11,2025-10-11,2025-10-20,2025-10-20
USR_496EC882,TRUE,313579.14,2025-09-11,2025-09-11,2025-09-20,2025-09-20
USR_496EC882,TRUE,786835.93,2025-08-11,2025-08-11,2025-08-20,2025-08-20
USR_D281E793,TRUE,969617.72,2025-12-11,2025-12-11,2025-12-20,2025-12-20
USR_D281E793,TRUE,643064.1,2025-12-11,2025-12-11,2025-12-20,2025-12-20
USR_D281E793,TRUE,973267.75,2025-11-11,2025-11-11,2025-11-20,2025-11-20
USR_D281E793,TRUE,405909.67,2025-10-11,2025-10-11,2025-10-20,2025-10-20
USR_D281E793,TRUE,895387.81,2025-09-11,2025-09-11,2025-09-20,2025-09-20
USR_D281E793,TRUE,985110.75,2025-08-11,2025-08-11,2025-08-20,2025-08-20
USR_F4B44B8F,FALSE,481270.42,2025-12-11,2025-12-24,2025-12-20,2026-01-09
USR_F4B44B8F,FALSE,977197.0,2025-12-11,2025-12-20,2025-12-20,2026-01-16
USR_F4B44B8F,FALSE,618874.13,2025-11-11,2025-11-24,2025-11-20,2025-12-16
USR_F4B44B8F,FALSE,309994.69,2025-10-11,2025-10-25,2025-10-20,2025-11-07
USR_F4B44B8F,FALSE,893184.34,2025-09-11,2025-10-04,2025-09-20,2025-10-18
USR_F4B44B8F,FALSE,359661.36,2025-08-11,2025-08-23,2025-08-20,2025-09-19
USR_3DEA65CF,TRUE,981792.3,2025-12-11,2025-12-11,2025-12-20,2025-12-20
USR_3DEA65CF,TRUE,324288.78,2025-12-11,2025-12-11,2025-12-20,2025-12-20
USR_3DEA65CF,TRUE,282297.53,2025-11-11,2025-11-11,2025-11-20,2025-11-20
USR_3DEA65CF,TRUE,797522.08,2025-10-11,2025-10-11,2025-10-20,2025-10-20
USR_3DEA65CF,TRUE,267815.09,2025-09-11,2025-09-11,2025-09-20,2025-09-20
USR_3DEA65CF,TRUE,972064.42,2025-08-11,2025-08-11,2025-08-20,2025-08-20
USR_4BD00FFE,TRUE,167296.2,2025-12-11,2025-12-11,2025-12-20,2025-12-20
USR_4BD00FFE,TRUE,401793.56,2025-12-11,2025-12-11,2025-12-20,2025-12-20
USR_4BD00FFE,TRUE,901157.85,2025-11-11,2025-11-11,2025-11-20,2025-11-20
USR_4BD00FFE,TRUE,219257.37,2025-10-11,2025-10-11,2025-10-20,2025-10-20
USR_4BD00FFE,TRUE,604116.69,2025-09-11,2025-09-11,2025-09-20,2025-09-20
USR_4BD00FFE,TRUE,419417.36,2025-08-11,2025-08-11,2025-08-20,2025-08-20
USR_752A7646,TRUE,230491.84,2025-12-11,2025-12-11,2025-12-20,2025-12-20
USR_752A7646,TRUE,950056.55,2025-12-11,2025-12-11,2025-12-20,2025-12-20
USR_752A7646,TRUE,603661.87,2025-11-11,2025-11-11,2025-11-20,2025-11-20
USR_752A7646,TRUE,758912.05,2025-10-11,2025-10-11,2025-10-20,2025-10-20
USR_752A7646,TRUE,575412.97,2025-09-11,2025-09-11,2025-09-20,2025-09-20
USR_752A7646,TRUE,107676.93,2025-08-11,2025-08-11,2025-08-20,2025-08-20
USR_FB82503E,TRUE,966188.67,2025-12-11,2025-12-11,2025-12-20,2025-12-20
USR_FB82503E,TRUE,385948.71,2025-12-11,2025-12-11,2025-12-20,2025-12-20
USR_FB82503E,TRUE,873896.84,2025-11-11,2025-11-11,2025-11-20,2025-11-20
USR_FB82503E,TRUE,233019.05,2025-10-11,2025-10-11,2025-10-20,2025-10-20
USR_FB82503E,TRUE,581294.8,2025-09-11,2025-09-11,2025-09-20,2025-09-20
USR_FB82503E,TRUE,260528.5,2025-08-11,2025-08-11,2025-08-20,2025-08-20
USR_79D34913,TRUE,950687.81,2025-12-11,2025-12-11,2025-12-20,2025-12-20
USR_79D34913,TRUE,696011.7,2025-12-11,2025-12-11,2025-12-20,2025-12-20
USR_79D34913,TRUE,903996.82,2025-11-11,2025-11-11,2025-11-20,2025-11-20
USR_79D34913,TRUE,133350.82,2025-10-11,2025-10-11,2025-10-20,2025-10-20
USR_79D34913,TRUE,724090.33,2025-09-11,2025-09-11,2025-09-20,2025-09-20
USR_79D34913,TRUE,751215.17,2025-08-11,2025-08-11,2025-08-20,2025-08-20
USR_E08B4B1B,FALSE,924209.93,2025-12-11,2025-12-17,2025-12-20,2025-12-29
USR_E08B4B1B,FALSE,538771.22,2025-12-11,2025-12-20,2025-12-20,2025-12-21
USR_E08B4B1B,FALSE,251396.42,2025-11-11,2025-12-01,2025-11-20,2025-12-07
USR_E08B4B1B,FALSE,837306.5,2025-10-11,2025-10-28,2025-10-20,2025-10-22
USR_E08B4B1B,FALSE,158654.18,2025-09-11,2025-09-13,2025-09-20,2025-10-02
USR_E08B4B1B,FALSE,267373.57,2025-08-11,2025-08-22,2025-08-20,2025-09-13
USR_E4FD6EEB,TRUE,561869.65,2025-12-11,2025-12-11,2025-12-20,2025-12-20
USR_E4FD6EEB,TRUE,812850.81,2025-12-11,2025-12-11,2025-12-20,2025-12-20
USR_E4FD6EEB,TRUE,278432.5,2025-11-11,2025-11-11,2025-11-20,2025-11-20
USR_E4FD6EEB,TRUE,131824.99,2025-10-11,2025-10-11,2025-10-20,2025-10-20
USR_E4FD6EEB,TRUE,294527.03,2025-09-11,2025-09-11,2025-09-20,2025-09-20
USR_E4FD6EEB,TRUE,856554.26,2025-08-11,2025-08-11,2025-08-20,2025-08-20
USR_5DB72218,TRUE,474549.36,2025-12-11,2025-12-11,2025-12-20,2025-12-20
USR_5DB72218,TRUE,844912.95,2025-12-11,2025-12-11,2025-12-20,2025-12-20
USR_5DB72218,TRUE,378619.88,2025-11-11,2025-11-11,2025-11-20,2025-11-20
USR_5DB72218,TRUE,795109.4,2025-10-11,2025-10-11,2025-10-20,2025-10-20
USR_5DB72218,TRUE,591943.99,2025-09-11,2025-09-11,2025-09-20,2025-09-20
USR_5DB72218,TRUE,190305.9,2025-08-11,2025-08-11,2025-08-20,2025-08-20
USR_F917EF2A,TRUE,724048.98,2025-12-11,2025-12-11,2025-12-20,2025-12-20
USR_F917EF2A,TRUE,264530.03,2025-12-11,2025-12-11,2025-12-20,2025-12-20
USR_F917EF2A,TRUE,879167.71,2025-11-11,2025-11-11,2025-11-20,2025-11-20
USR_F917EF2A,TRUE,153390.36,2025-10-11,2025-10-11,2025-10-20,2025-10-20
USR_F917EF2A,TRUE,666015.36,2025-09-11,2025-09-11,2025-09-20,2025-09-20
USR_F917EF2A,TRUE,818619.47,2025-08-11,2025-08-11,2025-08-20,2025-08-20
USR_CA039F29,TRUE,167559.24,2025-12-11,2025-12-11,2025-12-20,2025-12-20
USR_CA039F29,TRUE,607381.79,2025-12-11,2025-12-11,2025-12-20,2025-12-20
USR_CA039F29,TRUE,402359.6,2025-11-11,2025-11-11,2025-11-20,2025-11-20
USR_CA039F29,TRUE,991811.42,2025-10-11,2025-10-11,2025-10-20,2025-10-20
USR_CA039F29,TRUE,963628.5,2025-09-11,2025-09-11,2025-09-20,2025-09-20
USR_CA039F29,TRUE,263299.63,2025-08-11,2025-08-11,2025-08-20,2025-08-20
USR_1C66693A,TRUE,744748.07,2025-12-11,2025-12-11,2025-12-20,2025-12-20
USR_1C66693A,TRUE,287338.98,2025-12-11,2025-12-11,2025-12-20,2025-12-20
USR_1C66693A,TRUE,768768.99,2025-11-11,2025-11-11,2025-11-20,2025-11-20
USR_1C66693A,TRUE,594362.95,2025-10-11,2025-10-11,2025-10-20,2025-10-20
USR_1C66693A,TRUE,718494.91,2025-09-11,2025-09-11,2025-09-20,2025-09-20
USR_1C66693A,TRUE,530749.97,2025-08-11,2025-08-11,2025-08-20,2025-08-20
USR_B1AC8642,FALSE,806287.39,2025-12-11,2025-12-18,2025-12-20,2026-01-02
USR_B1AC8642,FALSE,770739.87,2025-12-11,2026-01-07,2025-12-20,2025-12-27
USR_B1AC8642,FALSE,606472.14,2025-11-11,2025-11-18,2025-11-20,2025-12-06
USR_B1AC8642,FALSE,675574.14,2025-10-11,2025-10-30,2025-10-20,2025-10-28
USR_B1AC8642,FALSE,680675.54,2025-09-11,2025-09-15,2025-09-20,2025-10-11
USR_B1AC8642,FALSE,973870.29,2025-08-11,2025-08-17,2025-08-20,2025-09-11
USR_71B34145,TRUE,569643.95,2025-12-11,2025-12-11,2025-12-20,2025-12-20
USR_71B34145,TRUE,595492.25,2025-12-11,2025-12-11,2025-12-20,2025-12-20
USR_71B34145,TRUE,343671.66,2025-11-11,2025-11-11,2025-11-20,2025-11-20
USR_71B34145,TRUE,575674.21,2025-10-11,2025-10-11,2025-10-20,2025-10-20
USR_71B34145,TRUE,780552.59,2025-09-11,2025-09-11,2025-09-20,2025-09-20
USR_71B34145,TRUE,818088.48,2025-08-11,2025-08-11,2025-08-20,2025-08-20
USR_2E9D55AA,TRUE,712469.28,2025-12-11,2025-12-11,2025-12-20,2025-12-20
USR_2E9D55AA,TRUE,207704.6,2025-12-11,2025-12-11,2025-12-20,2025-12-20
USR_2E9D55AA,TRUE,796389.31,2025-11-11,2025-11-11,2025-11-20,2025-11-20
USR_2E9D55AA,TRUE,512885.59,2025-10-11,2025-10-11,2025-10-20,2025-10-20
USR_2E9D55AA,TRUE,629260.5,2025-09-11,2025-09-11,2025-09-20,2025-09-20
USR_2E9D55AA,TRUE,150786.67,2025-08-11,2025-08-11,2025-08-20,2025-08-20
USR_ADE2DC23,TRUE,732352.68,2025-12-11,2025-12-11,2025-12-20,2025-12-20
USR_ADE2DC23,TRUE,669060.04,2025-12-11,2025-12-11,2025-12-20,2025-12-20
USR_ADE2DC23,TRUE,716280.41,2025-11-11,2025-11-11,2025-11-20,2025-11-20
USR_ADE2DC23,TRUE,570125.22,2025-10-11,2025-10-11,2025-10-20,2025-10-20
USR_ADE2DC23,TRUE,499110.32,2025-09-11,2025-09-11,2025-09-20,2025-09-20
USR_ADE2DC23,TRUE,527085.02,2025-08-11,2025-08-11,2025-08-20,2025-08-20
USR_77548318,TRUE,245736.19,2025-12-11,2025-12-11,2025-12-20,2025-12-20
USR_77548318,TRUE,217393.65,2025-12-11,2025-12-11,2025-12-20,2025-12-20
USR_77548318,TRUE,653609.73,2025-11-11,2025-11-11,2025-11-20,2025-11-20
USR_77548318,TRUE,617362.95,2025-10-11,2025-10-11,2025-10-20,2025-10-20
USR_77548318,TRUE,323357.97,2025-09-11,2025-09-11,2025-09-20,2025-09-20
USR_77548318,TRUE,964582.19,2025-08-11,2025-08-11,2025-08-20,2025-08-20
USR_7EDDA9C0,TRUE,492914.75,2025-12-11,2025-12-11,2025-12-20,2025-12-20
USR_7EDDA9C0,TRUE,478111.84,2025-12-11,2025-12-11,2025-12-20,2025-12-20
USR_7EDDA9C0,TRUE,799014.22,2025-11-11,2025-11-11,2025-11-20,2025-11-20
USR_7EDDA9C0,TRUE,649553.67,2025-10-11,2025-10-11,2025-10-20,2025-10-20
USR_7EDDA9C0,TRUE,766025.38,2025-09-11,2025-09-11,2025-09-20,2025-09-20
USR_7EDDA9C0,TRUE,133762.23,2025-08-11,2025-08-11,2025-08-20,2025-08-20
USR_64DF15D5,TRUE,655097.95,2025-12-11,2025-12-11,2025-12-20,2025-12-20
USR_64DF15D5,TRUE,815958.08,2025-12-11,2025-12-11,2025-12-20,2025-12-20
USR_64DF15D5,TRUE,720273.27,2025-11-11,2025-11-11,2025-11-20,2025-11-20
USR_64DF15D5,TRUE,662165.1,2025-10-11,2025-10-11,2025-10-20,2025-10-20
USR_64DF15D5,TRUE,744671.16,2025-09-11,2025-09-11,2025-09-20,2025-09-20
USR_64DF15D5,TRUE,479772.46,2025-08-11,2025-08-11,2025-08-20,2025-08-20
USR_AA682B0A,FALSE,324504.5,2025-12-11,2025-12-13,2025-12-20,2025-12-24
USR_AA682B0A,FALSE,749145.04,2025-12-11,2025-12-26,2025-12-20,2025-12-27
USR_AA682B0A,FALSE,431841.95,2025-11-11,2025-11-25,2025-11-20,2025-11-23
USR_AA682B0A,FALSE,747467.61,2025-10-11,2025-10-23,2025-10-20,2025-11-05
USR_AA682B0A,FALSE,197091.87,2025-09-11,2025-09-24,2025-09-20,2025-10-06
USR_AA682B0A,FALSE,146450.82,2025-08-11,2025-08-19,2025-08-20,2025-09-10
USR_5CBC5CEC,TRUE,380405.9,2025-12-11,2025-12-11,2025-12-20,2025-12-20
USR_5CBC5CEC,TRUE,265014.51,2025-12-11,2025-12-11,2025-12-20,2025-12-20
USR_5CBC5CEC,TRUE,700916.74,2025-11-11,2025-11-11,2025-11-20,2025-11-20
USR_5CBC5CEC,TRUE,395843.72,2025-10-11,2025-10-11,2025-10-20,2025-10-20
USR_5CBC5CEC,TRUE,856917.74,2025-09-11,2025-09-11,2025-09-20,2025-09-20
USR_5CBC5CEC,TRUE,432735.88,2025-08-11,2025-08-11,2025-08-20,2025-08-20
USR_1BBCCBDD,FALSE,798406.7,2025-12-11,2025-12-16,2025-12-20,2026-01-06
USR_1BBCCBDD,FALSE,224051.86,2025-12-11,2026-01-01,2025-12-20,2025-12-27
USR_1BBCCBDD,FALSE,862370.37,2025-11-11,2025-11-13,2025-11-20,2025-12-19
USR_1BBCCBDD,FALSE,102970.25,2025-10-11,2025-10-24,2025-10-20,2025-10-28
USR_1BBCCBDD,FALSE,816920.89,2025-09-11,2025-09-21,2025-09-20,2025-10-12
USR_1BBCCBDD,FALSE,658933.55,2025-08-11,2025-08-27,2025-08-20,2025-09-06
USR_C31ECB07,TRUE,189325.49,2025-12-11,2025-12-11,2025-12-20,2025-12-20
USR_C31ECB07,TRUE,360192.65,2025-12-11,2025-12-11,2025-12-20,2025-12-20
USR_C31ECB07,TRUE,765157.88,2025-11-11,2025-11-11,2025-11-20,2025-11-20
USR_C31ECB07,TRUE,210691.02,2025-10-11,2025-10-11,2025-10-20,2025-10-20
USR_C31ECB07,TRUE,202684.07,2025-09-11,2025-09-11,2025-09-20,2025-09-20
USR_C31ECB07,TRUE,191381.46,2025-08-11,2025-08-11,2025-08-20,2025-08-20
USR_8ED1EF45,TRUE,613071.69,2025-12-11,2025-12-11,2025-12-20,2025-12-20
USR_8ED1EF45,TRUE,837989.67,2025-12-11,2025-12-11,2025-12-20,2025-12-20
USR_8ED1EF45,TRUE,113312.17,2025-11-11,2025-11-11,2025-11-20,2025-11-20
USR_8ED1EF45,TRUE,447003.76,2025-10-11,2025-10-11,2025-10-20,2025-10-20
USR_8ED1EF45,TRUE,272189.22,2025-09-11,2025-09-11,2025-09-20,2025-09-20
USR_8ED1EF45,TRUE,104435.77,2025-08-11,2025-08-11,2025-08-20,2025-08-20
USR_94C57B05,TRUE,119818.26,2025-12-11,2025-12-11,2025-12-20,2025-12-20
USR_94C57B05,TRUE,561605.52,2025-12-11,2025-12-11,2025-12-20,2025-12-20
USR_94C57B05,TRUE,298237.09,2025-11-11,2025-11-11,2025-11-20,2025-11-20
USR_94C57B05,TRUE,951064.3,2025-10-11,2025-10-11,2025-10-20,2025-10-20
USR_94C57B05,TRUE,643308.48,2025-09-11,2025-09-11,2025-09-20,2025-09-20
USR_94C57B05,TRUE,805536.21,2025-08-11,2025-08-11,2025-08-20,2025-08-20
USR_CB8250EC,FALSE,214070.33,2025-12-11,2025-12-21,2025-12-20,2026-01-09
USR_CB8250EC,FALSE,594304.72,2025-12-11,2025-12-18,2025-12-20,2026-01-19
USR_CB8250EC,FALSE,577471.72,2025-11-11,2025-11-26,2025-11-20,2025-11-28
USR_CB8250EC,FALSE,146230.31,2025-10-11,2025-11-04,2025-10-20,2025-11-05
USR_CB8250EC,FALSE,513559.57,2025-09-11,2025-10-02,2025-09-20,2025-10-14
USR_CB8250EC,FALSE,749703.98,2025-08-11,2025-08-13,2025-08-20,2025-09-06
USR_468DE2AB,FALSE,517306.28,2025-12-11,2025-12-12,2025-12-20,2025-12-22
USR_468DE2AB,FALSE,485119.72,2025-12-11,2026-01-03,2025-12-20,2025-12-25
USR_468DE2AB,FALSE,118531.38,2025-11-11,2025-11-28,2025-11-20,2025-12-04
USR_468DE2AB,FALSE,983751.93,2025-10-11,2025-11-07,2025-10-20,2025-11-05
USR_468DE2AB,FALSE,176416.42,2025-09-11,2025-09-24,2025-09-20,2025-10-11
USR_468DE2AB,FALSE,214894.65,2025-08-11,2025-08-19,2025-08-20,2025-09-18
USR_C3B63CEF,TRUE,765328.43,2025-12-11,2025-12-11,2025-12-20,2025-12-20
USR_C3B63CEF,TRUE,589423.24,2025-12-11,2025-12-11,2025-12-20,2025-12-20
USR_C3B63CEF,TRUE,882445.93,2025-11-11,2025-11-11,2025-11-20,2025-11-20
USR_C3B63CEF,TRUE,724679.23,2025-10-11,2025-10-11,2025-10-20,2025-10-20
USR_C3B63CEF,TRUE,766870.24,2025-09-11,2025-09-11,2025-09-20,2025-09-20
USR_C3B63CEF,TRUE,627949.69,2025-08-11,2025-08-11,2025-08-20,2025-08-20
USR_2F5EA8CD,TRUE,680816.95,2025-12-11,2025-12-11,2025-12-20,2025-12-20
USR_2F5EA8CD,TRUE,734537.44,2025-12-11,2025-12-11,2025-12-20,2025-12-20
USR_2F5EA8CD,TRUE,932861.77,2025-11-11,2025-11-11,2025-11-20,2025-11-20
USR_2F5EA8CD,TRUE,570942.61,2025-10-11,2025-10-11,2025-10-20,2025-10-20
USR_2F5EA8CD,TRUE,586236.39,2025-09-11,2025-09-11,2025-09-20,2025-09-20
USR_2F5EA8CD,TRUE,490612.3,2025-08-11,2025-08-11,2025-08-20,2025-08-20
USR_0B60F241,TRUE,840683.3,2025-12-11,2025-12-11,2025-12-20,2025-12-20
USR_0B60F241,TRUE,544122.46,2025-12-11,2025-12-11,2025-12-20,2025-12-20
USR_0B60F241,TRUE,777055.76,2025-11-11,2025-11-11,2025-11-20,2025-11-20
USR_0B60F241,TRUE,351740.56,2025-10-11,2025-10-11,2025-10-20,2025-10-20
USR_0B60F241,TRUE,267404.39,2025-09-11,2025-09-11,2025-09-20,2025-09-20
USR_0B60F241,TRUE,160719.8,2025-08-11,2025-08-11,2025-08-20,2025-08-20
USR_79AE5494,TRUE,155171.77,2025-12-11,2025-12-11,2025-12-20,2025-12-20
USR_79AE5494,TRUE,964447.73,2025-12-11,2025-12-11,2025-12-20,2025-12-20
USR_79AE5494,TRUE,677578.65,2025-11-11,2025-11-11,2025-11-20,2025-11-20
USR_79AE5494,TRUE,697824.53,2025-10-11,2025-10-11,2025-10-20,2025-10-20
USR_79AE5494,TRUE,649613.2,2025-09-11,2025-09-11,2025-09-20,2025-09-20
USR_79AE5494,TRUE,533534.59,2025-08-11,2025-08-11,2025-08-20,2025-08-20
USR_67247043,TRUE,913310.29,2025-12-11,2025-12-11,2025-12-20,2025-12-20
USR_67247043,TRUE,693627.6,2025-12-11,2025-12-11,2025-12-20,2025-12-20
USR_67247043,TRUE,854738.27,2025-11-11,2025-11-11,2025-11-20,2025-11-20
USR_67247043,TRUE,938101.36,2025-10-11,2025-10-11,2025-10-20,2025-10-20
USR_67247043,TRUE,293949.67,2025-09-11,2025-09-11,2025-09-20,2025-09-20
USR_67247043,TRUE,386966.9,2025-08-11,2025-08-11,2025-08-20,2025-08-20
USR_865954BD,FALSE,324079.79,2025-12-11,2026-01-01,2025-12-20,2025-12-23
USR_865954BD,FALSE,326797.45,2025-12-11,2025-12-18,2025-12-20,2025-12-26
USR_865954BD,FALSE,174550.68,2025-11-11,2025-11-30,2025-11-20,2025-12-17
USR_865954BD,FALSE,407502.52,2025-10-11,2025-10-26,2025-10-20,2025-11-02
USR_865954BD,FALSE,487529.5,2025-09-11,2025-09-22,2025-09-20,2025-10-01
USR_865954BD,FALSE,759727.81,2025-08-11,2025-09-07,2025-08-20,2025-08-31
USR_5C98C4F0,TRUE,625141.96,2025-12-11,2025-12-11,2025-12-20,2025-12-20
USR_5C98C4F0,TRUE,199043.19,2025-12-11,2025-12-11,2025-12-20,2025-12-20
USR_5C98C4F0,TRUE,362752.95,2025-11-11,2025-11-11,2025-11-20,2025-11-20
USR_5C98C4F0,TRUE,822050.79,2025-10-11,2025-10-11,2025-10-20,2025-10-20
USR_5C98C4F0,TRUE,343308.74,2025-09-11,2025-09-11,2025-09-20,2025-09-20
USR_5C98C4F0,TRUE,795053.69,2025-08-11,2025-08-11,2025-08-20,2025-08-20
USR_9648CA9F,TRUE,204900.43,2025-12-11,2025-12-11,2025-12-20,2025-12-20
USR_9648CA9F,TRUE,716707.64,2025-12-11,2025-12-11,2025-12-20,2025-12-20
USR_9648CA9F,TRUE,781097.36,2025-11-11,2025-11-11,2025-11-20,2025-11-20
USR_9648CA9F,TRUE,680950.53,2025-10-11,2025-10-11,2025-10-20,2025-10-20
USR_9648CA9F,TRUE,730955.46,2025-09-11,2025-09-11,2025-09-20,2025-09-20
USR_9648CA9F,TRUE,819404.71,2025-08-11,2025-08-11,2025-08-20,2025-08-20
USR_0C6D9CC7,TRUE,127364.37,2025-12-11,2025-12-11,2025-12-20,2025-12-20
USR_0C6D9CC7,TRUE,862001.23,2025-12-11,2025-12-11,2025-12-20,2025-12-20
USR_0C6D9CC7,TRUE,539074.12,2025-11-11,2025-11-11,2025-11-20,2025-11-20
USR_0C6D9CC7,TRUE,193825.92,2025-10-11,2025-10-11,2025-10-20,2025-10-20
USR_0C6D9CC7,TRUE,724133.13,2025-09-11,2025-09-11,2025-09-20,2025-09-20
USR_0C6D9CC7,TRUE,204322.51,2025-08-11,2025-08-11,2025-08-20,2025-08-20
USR_D602613E,TRUE,788697.47,2025-12-11,2025-12-11,2025-12-20,2025-12-20
USR_D602613E,TRUE,349309.91,2025-12-11,2025-12-11,2025-12-20,2025-12-20
USR_D602613E,TRUE,384741.17,2025-11-11,2025-11-11,2025-11-20,2025-11-20
USR_D602613E,TRUE,748492.95,2025-10-11,2025-10-11,2025-10-20,2025-10-20
USR_D602613E,TRUE,101293.78,2025-09-11,2025-09-11,2025-09-20,2025-09-20
USR_D602613E,TRUE,975066.12,2025-08-11,2025-08-11,2025-08-20,2025-08-20
USR_285FCC3F,TRUE,926700.95,2025-12-11,2025-12-11,2025-12-20,2025-12-20
USR_285FCC3F,TRUE,152810.31,2025-12-11,2025-12-11,2025-12-20,2025-12-20
USR_285FCC3F,TRUE,215524.66,2025-11-11,2025-11-11,2025-11-20,2025-11-20
USR_285FCC3F,TRUE,485341.1,2025-10-11,2025-10-11,2025-10-20,2025-10-20
USR_285FCC3F,TRUE,680700.69,2025-09-11,2025-09-11,2025-09-20,2025-09-20
USR_285FCC3F,TRUE,353289.2,2025-08-11,2025-08-11,2025-08-20,2025-08-20
USR_1C629262,TRUE,750612.7,2025-12-11,2025-12-11,2025-12-20,2025-12-20
USR_1C629262,TRUE,455240.48,2025-12-11,2025-12-11,2025-12-20,2025-12-20
USR_1C629262,TRUE,992641.79,2025-11-11,2025-11-11,2025-11-20,2025-11-20
USR_1C629262,TRUE,871801.91,2025-10-11,2025-10-11,2025-10-20,2025-10-20
USR_1C629262,TRUE,266816.04,2025-09-11,2025-09-11,2025-09-20,2025-09-20
USR_1C629262,TRUE,524994.04,2025-08-11,2025-08-11,2025-08-20,2025-08-20
USR_2B917C17,FALSE,984205.0,2025-12-11,2025-12-20,2025-12-20,2026-01-03
USR_2B917C17,FALSE,755941.52,2025-12-11,2025-12-15,2025-12-20,2026-01-16
USR_2B917C17,FALSE,441920.54,2025-11-11,2025-12-06,2025-11-20,2025-12-06
USR_2B917C17,FALSE,672503.18,2025-10-11,2025-10-19,2025-10-20,2025-11-01
USR_2B917C17,FALSE,488441.23,2025-09-11,2025-10-10,2025-09-20,2025-10-03
USR_2B917C17,FALSE,528670.76,2025-08-11,2025-08-14,2025-08-20,2025-09-09
USR_208E770E,TRUE,816177.36,2025-12-11,2025-12-11,2025-12-20,2025-12-20
USR_208E770E,TRUE,307085.39,2025-12-11,2025-12-11,2025-12-20,2025-12-20
USR_208E770E,TRUE,864681.0,2025-11-11,2025-11-11,2025-11-20,2025-11-20
USR_208E770E,TRUE,524889.88,2025-10-11,2025-10-11,2025-10-20,2025-10-20
USR_208E770E,TRUE,868743.5,2025-09-11,2025-09-11,2025-09-20,2025-09-20
USR_208E770E,TRUE,574642.5,2025-08-11,2025-08-11,2025-08-20,2025-08-20
USR_93D8B97E,TRUE,242991.78,2025-12-11,2025-12-11,2025-12-20,2025-12-20
USR_93D8B97E,TRUE,808298.16,2025-12-11,2025-12-11,2025-12-20,2025-12-20
USR_93D8B97E,TRUE,107045.85,2025-11-11,2025-11-11,2025-11-20,2025-11-20
USR_93D8B97E,TRUE,699420.46,2025-10-11,2025-10-11,2025-10-20,2025-10-20
USR_93D8B97E,TRUE,942913.58,2025-09-11,2025-09-11,2025-09-20,2025-09-20
USR_93D8B97E,TRUE,475658.28,2025-08-11,2025-08-11,2025-08-20,2025-08-20
USR_B3BF36F3,FALSE,422272.04,2025-12-11,2025-12-12,2025-12-20,2026-01-13
USR_B3BF36F3,FALSE,284631.43,2025-12-11,2026-01-06,2025-12-20,2026-01-03
USR_B3BF36F3,FALSE,267188.27,2025-11-11,2025-11-12,2025-11-20,2025-11-26
USR_B3BF36F3,FALSE,604338.23,2025-10-11,2025-10-28,2025-10-20,2025-11-03
USR_B3BF36F3,FALSE,793873.52,2025-09-11,2025-10-09,2025-09-20,2025-10-07
USR_B3BF36F3,FALSE,990335.87,2025-08-11,2025-08-28,2025-08-20,2025-09-07
USR_507118D7,TRUE,131401.29,2025-12-11,2025-12-11,2025-12-20,2025-12-20
USR_507118D7,TRUE,164252.63,2025-12-11,2025-12-11,2025-12-20,2025-12-20
USR_507118D7,TRUE,911530.94,2025-11-11,2025-11-11,2025-11-20,2025-11-20
USR_507118D7,TRUE,646265.82,2025-10-11,2025-10-11,2025-10-20,2025-10-20
USR_507118D7,TRUE,923849.27,2025-09-11,2025-09-11,2025-09-20,2025-09-20
USR_507118D7,TRUE,486359.04,2025-08-11,2025-08-11,2025-08-20,2025-08-20
USR_BCD03131,TRUE,398814.23,2025-12-11,2025-12-11,2025-12-20,2025-12-20
USR_BCD03131,TRUE,112014.97,2025-12-11,2025-12-11,2025-12-20,2025-12-20
USR_BCD03131,TRUE,175785.51,2025-11-11,2025-11-11,2025-11-20,2025-11-20
USR_BCD03131,TRUE,456826.0,2025-10-11,2025-10-11,2025-10-20,2025-10-20
USR_BCD03131,TRUE,798881.56,2025-09-11,2025-09-11,2025-09-20,2025-09-20
USR_BCD03131,TRUE,607780.31,2025-08-11,2025-08-11,2025-08-20,2025-08-20
USR_91563BA1,TRUE,271910.34,2025-12-11,2025-12-11,2025-12-20,2025-12-20
USR_91563BA1,TRUE,654132.42,2025-12-11,2025-12-11,2025-12-20,2025-12-20
USR_91563BA1,TRUE,207684.45,2025-11-11,2025-11-11,2025-11-20,2025-11-20
USR_91563BA1,TRUE,753839.22,2025-10-11,2025-10-11,2025-10-20,2025-10-20
USR_91563BA1,TRUE,798883.72,2025-09-11,2025-09-11,2025-09-20,2025-09-20
USR_91563BA1,TRUE,165967.95,2025-08-11,2025-08-11,2025-08-20,2025-08-20
USR_CA0B44BD,FALSE,478119.01,2025-12-11,2026-01-05,2025-12-20,2025-12-27
USR_CA0B44BD,FALSE,680266.59,2025-12-11,2025-12-15,2025-12-20,2026-01-01
USR_CA0B44BD,FALSE,921829.82,2025-11-11,2025-11-22,2025-11-20,2025-11-22
USR_CA0B44BD,FALSE,627043.64,2025-10-11,2025-10-17,2025-10-20,2025-10-28
USR_CA0B44BD,FALSE,726824.45,2025-09-11,2025-09-30,2025-09-20,2025-10-17
USR_CA0B44BD,FALSE,564471.6,2025-08-11,2025-09-07,2025-08-20,2025-09-15
USR_1A549A91,TRUE,457833.24,2025-12-11,2025-12-11,2025-12-20,2025-12-20
USR_1A549A91,TRUE,703363.54,2025-12-11,2025-12-11,2025-12-20,2025-12-20
USR_1A549A91,TRUE,165757.67,2025-11-11,2025-11-11,2025-11-20,2025-11-20
USR_1A549A91,TRUE,603707.26,2025-10-11,2025-10-11,2025-10-20,2025-10-20
USR_1A549A91,TRUE,394629.56,2025-09-11,2025-09-11,2025-09-20,2025-09-20
USR_1A549A91,TRUE,438610.84,2025-08-11,2025-08-11,2025-08-20,2025-08-20
USR_9D46B40C,FALSE,545989.83,2025-12-11,2026-01-05,2025-12-20,2025-12-25
USR_9D46B40C,FALSE,374260.88,2025-12-11,2026-01-09,2025-12-20,2026-01-11
USR_9D46B40C,FALSE,895071.48,2025-11-11,2025-12-03,2025-11-20,2025-12-03
USR_9D46B40C,FALSE,376045.86,2025-10-11,2025-10-26,2025-10-20,2025-11-18
USR_9D46B40C,FALSE,787207.42,2025-09-11,2025-10-06,2025-09-20,2025-10-04
USR_9D46B40C,FALSE,220336.99,2025-08-11,2025-08-29,2025-08-20,2025-09-18
USR_09C9AE7A,FALSE,667564.79,2025-12-11,2025-12-24,2025-12-20,2025-12-31
USR_09C9AE7A,FALSE,757203.32,2025-12-11,2026-01-10,2025-12-20,2026-01-04
USR_09C9AE7A,FALSE,733400.3,2025-11-11,2025-11-18,2025-11-20,2025-12-02
USR_09C9AE7A,FALSE,886832.83,2025-10-11,2025-11-06,2025-10-20,2025-11-04
USR_09C9AE7A,FALSE,401948.44,2025-09-11,2025-09-27,2025-09-20,2025-10-11
USR_09C9AE7A,FALSE,880327.34,2025-08-11,2025-08-18,2025-08-20,2025-09-07
USR_A078B85A,TRUE,180203.59,2025-12-11,2025-12-11,2025-12-20,2025-12-20
USR_A078B85A,TRUE,827227.31,2025-12-11,2025-12-11,2025-12-20,2025-12-20
USR_A078B85A,TRUE,813350.94,2025-11-11,2025-11-11,2025-11-20,2025-11-20
USR_A078B85A,TRUE,285222.89,2025-10-11,2025-10-11,2025-10-20,2025-10-20
USR_A078B85A,TRUE,973869.78,2025-09-11,2025-09-11,2025-09-20,2025-09-20
USR_A078B85A,TRUE,674714.46,2025-08-11,2025-08-11,2025-08-20,2025-08-20
USR_55D7B849,TRUE,941655.34,2025-12-11,2025-12-11,2025-12-20,2025-12-20
USR_55D7B849,TRUE,118306.8,2025-12-11,2025-12-11,2025-12-20,2025-12-20
USR_55D7B849,TRUE,611162.34,2025-11-11,2025-11-11,2025-11-20,2025-11-20
USR_55D7B849,TRUE,267720.83,2025-10-11,2025-10-11,2025-10-20,2025-10-20
USR_55D7B849,TRUE,457852.08,2025-09-11,2025-09-11,2025-09-20,2025-09-20
USR_55D7B849,TRUE,459600.44,2025-08-11,2025-08-11,2025-08-20,2025-08-20
USR_0D1D3184,TRUE,333635.34,2025-12-11,2025-12-11,2025-12-20,2025-12-20
USR_0D1D3184,TRUE,237052.49,2025-12-11,2025-12-11,2025-12-20,2025-12-20
USR_0D1D3184,TRUE,180700.79,2025-11-11,2025-11-11,2025-11-20,2025-11-20
USR_0D1D3184,TRUE,606160.93,2025-10-11,2025-10-11,2025-10-20,2025-10-20
USR_0D1D3184,TRUE,689914.6,2025-09-11,2025-09-11,2025-09-20,2025-09-20
USR_0D1D3184,TRUE,817544.29,2025-08-11,2025-08-11,2025-08-20,2025-08-20
USR_0F8323FA,FALSE,563891.48,2025-12-11,2025-12-24,2025-12-20,2026-01-10
USR_0F8323FA,FALSE,568960.2,2025-12-11,2025-12-13,2025-12-20,2025-12-28
USR_0F8323FA,FALSE,881296.74,2025-11-11,2025-12-06,2025-11-20,2025-12-06
USR_0F8323FA,FALSE,399644.35,2025-10-11,2025-11-01,2025-10-20,2025-11-18
USR_0F8323FA,FALSE,846914.7,2025-09-11,2025-10-07,2025-09-20,2025-10-10
USR_0F8323FA,FALSE,484988.09,2025-08-11,2025-08-15,2025-08-20,2025-09-14
USR_50C8F92B,TRUE,864126.26,2025-12-11,2025-12-11,2025-12-20,2025-12-20
USR_50C8F92B,TRUE,452846.84,2025-12-11,2025-12-11,2025-12-20,2025-12-20
USR_50C8F92B,TRUE,522605.1,2025-11-11,2025-11-11,2025-11-20,2025-11-20
USR_50C8F92B,TRUE,522732.65,2025-10-11,2025-10-11,2025-10-20,2025-10-20
USR_50C8F92B,TRUE,279314.44,2025-09-11,2025-09-11,2025-09-20,2025-09-20
USR_50C8F92B,TRUE,894621.04,2025-08-11,2025-08-11,2025-08-20,2025-08-20
USR_D76D5FD4,FALSE,110006.54,2025-12-11,2025-12-12,2025-12-20,2025-12-21
USR_D76D5FD4,FALSE,407683.77,2025-12-11,2026-01-10,2025-12-20,2026-01-18
USR_D76D5FD4,FALSE,303766.79,2025-11-11,2025-11-23,2025-11-20,2025-11-27
USR_D76D5FD4,FALSE,908742.75,2025-10-11,2025-10-16,2025-10-20,2025-11-10
USR_D76D5FD4,FALSE,821897.89,2025-09-11,2025-09-30,2025-09-20,2025-09-30
USR_D76D5FD4,FALSE,407316.98,2025-08-11,2025-09-06,2025-08-20,2025-09-15
USR_B54E22CA,TRUE,798778.12,2025-12-11,2025-12-11,2025-12-20,2025-12-20
USR_B54E22CA,TRUE,839860.05,2025-12-11,2025-12-11,2025-12-20,2025-12-20
USR_B54E22CA,TRUE,806348.25,2025-11-11,2025-11-11,2025-11-20,2025-11-20
USR_B54E22CA,TRUE,209416.89,2025-10-11,2025-10-11,2025-10-20,2025-10-20
USR_B54E22CA,TRUE,457692.63,2025-09-11,2025-09-11,2025-09-20,2025-09-20
USR_B54E22CA,TRUE,519108.4,2025-08-11,2025-08-11,2025-08-20,2025-08-20
USR_F255C62E,FALSE,253079.45,2025-12-11,2025-12-27,2025-12-20,2026-01-19
USR_F255C62E,FALSE,175688.33,2025-12-11,2025-12-18,2025-12-20,2026-01-10
USR_F255C62E,FALSE,118787.45,2025-11-11,2025-11-14,2025-11-20,2025-12-04
USR_F255C62E,FALSE,157322.54,2025-10-11,2025-10-15,2025-10-20,2025-10-26
USR_F255C62E,FALSE,437827.79,2025-09-11,2025-10-08,2025-09-20,2025-09-28
USR_F255C62E,FALSE,756214.44,2025-08-11,2025-08-20,2025-08-20,2025-08-23
USR_A33EC266,TRUE,433268.9,2025-12-11,2025-12-11,2025-12-20,2025-12-20
USR_A33EC266,TRUE,756346.06,2025-12-11,2025-12-11,2025-12-20,2025-12-20
USR_A33EC266,TRUE,570114.5,2025-11-11,2025-11-11,2025-11-20,2025-11-20
USR_A33EC266,TRUE,608509.96,2025-10-11,2025-10-11,2025-10-20,2025-10-20
USR_A33EC266,TRUE,996165.62,2025-09-11,2025-09-11,2025-09-20,2025-09-20
USR_A33EC266,TRUE,674058.07,2025-08-11,2025-08-11,2025-08-20,2025-08-20
USR_6F2C7CC5,TRUE,558700.36,2025-12-11,2025-12-11,2025-12-20,2025-12-20
USR_6F2C7CC5,TRUE,428268.65,2025-12-11,2025-12-11,2025-12-20,2025-12-20
USR_6F2C7CC5,TRUE,658002.56,2025-11-11,2025-11-11,2025-11-20,2025-11-20
USR_6F2C7CC5,TRUE,113899.86,2025-10-11,2025-10-11,2025-10-20,2025-10-20
USR_6F2C7CC5,TRUE,200723.86,2025-09-11,2025-09-11,2025-09-20,2025-09-20
USR_6F2C7CC5,TRUE,878109.56,2025-08-11,2025-08-11,2025-08-20,2025-08-20
USR_847DFDD8,TRUE,235346.15,2025-12-11,2025-12-11,2025-12-20,2025-12-20
USR_847DFDD8,TRUE,342606.15,2025-12-11,2025-12-11,2025-12-20,2025-12-20
USR_847DFDD8,TRUE,823288.84,2025-11-11,2025-11-11,2025-11-20,2025-11-20
USR_847DFDD8,TRUE,713960.78,2025-10-11,2025-10-11,2025-10-20,2025-10-20
USR_847DFDD8,TRUE,999557.37,2025-09-11,2025-09-11,2025-09-20,2025-09-20
USR_847DFDD8,TRUE,646760.76,2025-08-11,2025-08-11,2025-08-20,2025-08-20
USR_A93BBDD3,TRUE,818781.39,2025-12-11,2025-12-11,2025-12-20,2025-12-20
USR_A93BBDD3,TRUE,253306.22,2025-12-11,2025-12-11,2025-12-20,2025-12-20
USR_A93BBDD3,TRUE,462357.72,2025-11-11,2025-11-11,2025-11-20,2025-11-20
USR_A93BBDD3,TRUE,999196.64,2025-10-11,2025-10-11,2025-10-20,2025-10-20
USR_A93BBDD3,TRUE,489179.53,2025-09-11,2025-09-11,2025-09-20,2025-09-20
USR_A93BBDD3,TRUE,338156.44,2025-08-11,2025-08-11,2025-08-20,2025-08-20
USR_EA17BB05,TRUE,524138.25,2025-12-11,2025-12-11,2025-12-20,2025-12-20
USR_EA17BB05,TRUE,808989.96,2025-12-11,2025-12-11,2025-12-20,2025-12-20
USR_EA17BB05,TRUE,473704.02,2025-11-11,2025-11-11,2025-11-20,2025-11-20
USR_EA17BB05,TRUE,332509.65,2025-10-11,2025-10-11,2025-10-20,2025-10-20
USR_EA17BB05,TRUE,784538.85,2025-09-11,2025-09-11,2025-09-20,2025-09-20
USR_EA17BB05,TRUE,159083.39,2025-08-11,2025-08-11,2025-08-20,2025-08-20
USR_BFFB9422,TRUE,362947.09,2025-12-11,2025-12-11,2025-12-20,2025-12-20
USR_BFFB9422,TRUE,391483.55,2025-12-11,2025-12-11,2025-12-20,2025-12-20
USR_BFFB9422,TRUE,485742.25,2025-11-11,2025-11-11,2025-11-20,2025-11-20
USR_BFFB9422,TRUE,402151.36,2025-10-11,2025-10-11,2025-10-20,2025-10-20
USR_BFFB9422,TRUE,236660.01,2025-09-11,2025-09-11,2025-09-20,2025-09-20
USR_BFFB9422,TRUE,219709.86,2025-08-11,2025-08-11,2025-08-20,2025-08-20
USR_C095A4A2,TRUE,330160.06,2025-12-11,2025-12-11,2025-12-20,2025-12-20
USR_C095A4A2,TRUE,198894.98,2025-12-11,2025-12-11,2025-12-20,2025-12-20
USR_C095A4A2,TRUE,846139.99,2025-11-11,2025-11-11,2025-11-20,2025-11-20
USR_C095A4A2,TRUE,934719.83,2025-10-11,2025-10-11,2025-10-20,2025-10-20
USR_C095A4A2,TRUE,474710.08,2025-09-11,2025-09-11,2025-09-20,2025-09-20
USR_C095A4A2,TRUE,994981.6,2025-08-11,2025-08-11,2025-08-20,2025-08-20
USR_1FA6468E,TRUE,499315.99,2025-12-11,2025-12-11,2025-12-20,2025-12-20
USR_1FA6468E,TRUE,393216.09,2025-12-11,2025-12-11,2025-12-20,2025-12-20
USR_1FA6468E,TRUE,901928.17,2025-11-11,2025-11-11,2025-11-20,2025-11-20
USR_1FA6468E,TRUE,853750.22,2025-10-11,2025-10-11,2025-10-20,2025-10-20
USR_1FA6468E,TRUE,744554.66,2025-09-11,2025-09-11,2025-09-20,2025-09-20
USR_1FA6468E,TRUE,760004.17,2025-08-11,2025-08-11,2025-08-20,2025-08-20
USR_305F84A4,FALSE,109608.12,2025-12-11,2025-12-22,2025-12-20,2026-01-02
USR_305F84A4,FALSE,232182.19,2025-12-11,2026-01-04,2025-12-20,2026-01-15
USR_305F84A4,FALSE,377435.13,2025-11-11,2025-11-14,2025-11-20,2025-12-18
USR_305F84A4,FALSE,368450.34,2025-10-11,2025-10-19,2025-10-20,2025-11-11
USR_305F84A4,FALSE,911261.77,2025-09-11,2025-09-26,2025-09-20,2025-10-13
USR_305F84A4,FALSE,503189.46,2025-08-11,2025-08-12,2025-08-20,2025-09-06
USR_6F771DCC,TRUE,655693.56,2025-12-11,2025-12-11,2025-12-20,2025-12-20
USR_6F771DCC,TRUE,477764.54,2025-12-11,2025-12-11,2025-12-20,2025-12-20
USR_6F771DCC,TRUE,341261.74,2025-11-11,2025-11-11,2025-11-20,2025-11-20
USR_6F771DCC,TRUE,120208.9,2025-10-11,2025-10-11,2025-10-20,2025-10-20
USR_6F771DCC,TRUE,778058.03,2025-09-11,2025-09-11,2025-09-20,2025-09-20
USR_6F771DCC,TRUE,949230.29,2025-08-11,2025-08-11,2025-08-20,2025-08-20
USR_ACE68B7D,FALSE,533217.26,2025-12-11,2025-12-27,2025-12-20,2026-01-04
USR_ACE68B7D,FALSE,736026.17,2025-12-11,2025-12-22,2025-12-20,2025-12-29
USR_ACE68B7D,FALSE,699910.07,2025-11-11,2025-11-17,2025-11-20,2025-11-22
USR_ACE68B7D,FALSE,219710.78,2025-10-11,2025-10-27,2025-10-20,2025-10-21
USR_ACE68B7D,FALSE,689444.74,2025-09-11,2025-10-06,2025-09-20,2025-10-13
USR_ACE68B7D,FALSE,102936.46,2025-08-11,2025-08-13,2025-08-20,2025-09-05
USR_EE4DF4BC,TRUE,811740.1,2025-12-11,2025-12-11,2025-12-20,2025-12-20
USR_EE4DF4BC,TRUE,329534.97,2025-12-11,2025-12-11,2025-12-20,2025-12-20
USR_EE4DF4BC,TRUE,815448.75,2025-11-11,2025-11-11,2025-11-20,2025-11-20
USR_EE4DF4BC,TRUE,965272.14,2025-10-11,2025-10-11,2025-10-20,2025-10-20
USR_EE4DF4BC,TRUE,211772.47,2025-09-11,2025-09-11,2025-09-20,2025-09-20
USR_EE4DF4BC,TRUE,343544.59,2025-08-11,2025-08-11,2025-08-20,2025-08-20
USR_5A360973,TRUE,328666.21,2025-12-11,2025-12-11,2025-12-20,2025-12-20
USR_5A360973,TRUE,236743.97,2025-12-11,2025-12-11,2025-12-20,2025-12-20
USR_5A360973,TRUE,501410.3,2025-11-11,2025-11-11,2025-11-20,2025-11-20
USR_5A360973,TRUE,561294.61,2025-10-11,2025-10-11,2025-10-20,2025-10-20
USR_5A360973,TRUE,870981.62,2025-09-11,2025-09-11,2025-09-20,2025-09-20
USR_5A360973,TRUE,965665.07,2025-08-11,2025-08-11,2025-08-20,2025-08-20
USR_73DEE684,FALSE,273492.01,2025-12-11,2026-01-04,2025-12-20,2026-01-01
USR_73DEE684,FALSE,362756.42,2025-12-11,2026-01-02,2025-12-20,2025-12-31
USR_73DEE684,FALSE,518971.24,2025-11-11,2025-12-08,2025-11-20,2025-12-18
USR_73DEE684,FALSE,289491.57,2025-10-11,2025-11-08,2025-10-20,2025-11-10
USR_73DEE684,FALSE,313059.49,2025-09-11,2025-09-16,2025-09-20,2025-09-28
USR_73DEE684,FALSE,503265.58,2025-08-11,2025-09-02,2025-08-20,2025-09-06
USR_A408900E,FALSE,239667.87,2025-12-11,2025-12-24,2025-12-20,2026-01-11
USR_A408900E,FALSE,204649.45,2025-12-11,2025-12-12,2025-12-20,2026-01-19
USR_A408900E,FALSE,471297.08,2025-11-11,2025-12-02,2025-11-20,2025-12-01
USR_A408900E,FALSE,740638.27,2025-10-11,2025-11-06,2025-10-20,2025-11-14
USR_A408900E,FALSE,674549.81,2025-09-11,2025-09-20,2025-09-20,2025-09-28
USR_A408900E,FALSE,776570.5,2025-08-11,2025-08-25,2025-08-20,2025-09-11
USR_18EEE847,TRUE,246205.17,2025-12-11,2025-12-11,2025-12-20,2025-12-20
USR_18EEE847,TRUE,967822.94,2025-12-11,2025-12-11,2025-12-20,2025-12-20
USR_18EEE847,TRUE,634551.84,2025-11-11,2025-11-11,2025-11-20,2025-11-20
USR_18EEE847,TRUE,781093.03,2025-10-11,2025-10-11,2025-10-20,2025-10-20
USR_18EEE847,TRUE,813714.72,2025-09-11,2025-09-11,2025-09-20,2025-09-20
USR_18EEE847,TRUE,986249.31,2025-08-11,2025-08-11,2025-08-20,2025-08-20
USR_B8627012,TRUE,771900.87,2025-12-11,2025-12-11,2025-12-20,2025-12-20
USR_B8627012,TRUE,860384.46,2025-12-11,2025-12-11,2025-12-20,2025-12-20
USR_B8627012,TRUE,805424.37,2025-11-11,2025-11-11,2025-11-20,2025-11-20
USR_B8627012,TRUE,223987.76,2025-10-11,2025-10-11,2025-10-20,2025-10-20
USR_B8627012,TRUE,886627.18,2025-09-11,2025-09-11,2025-09-20,2025-09-20
USR_B8627012,TRUE,235487.74,2025-08-11,2025-08-11,2025-08-20,2025-08-20
USR_D213CBD2,TRUE,384088.55,2025-12-11,2025-12-11,2025-12-20,2025-12-20
USR_D213CBD2,TRUE,654437.96,2025-12-11,2025-12-11,2025-12-20,2025-12-20
USR_D213CBD2,TRUE,334083.5,2025-11-11,2025-11-11,2025-11-20,2025-11-20
USR_D213CBD2,TRUE,995944.99,2025-10-11,2025-10-11,2025-10-20,2025-10-20
USR_D213CBD2,TRUE,536567.85,2025-09-11,2025-09-11,2025-09-20,2025-09-20
USR_D213CBD2,TRUE,457661.21,2025-08-11,2025-08-11,2025-08-20,2025-08-20
USR_E25BCAE4,TRUE,433604.98,2025-12-11,2025-12-11,2025-12-20,2025-12-20
USR_E25BCAE4,TRUE,811543.89,2025-12-11,2025-12-11,2025-12-20,2025-12-20
USR_E25BCAE4,TRUE,744494.04,2025-11-11,2025-11-11,2025-11-20,2025-11-20
USR_E25BCAE4,TRUE,204864.43,2025-10-11,2025-10-11,2025-10-20,2025-10-20
USR_E25BCAE4,TRUE,649667.3,2025-09-11,2025-09-11,2025-09-20,2025-09-20
USR_E25BCAE4,TRUE,854223.2,2025-08-11,2025-08-11,2025-08-20,2025-08-20
USR_2FF27448,TRUE,180313.18,2025-12-11,2025-12-11,2025-12-20,2025-12-20
USR_2FF27448,TRUE,543750.43,2025-12-11,2025-12-11,2025-12-20,2025-12-20
USR_2FF27448,TRUE,301885.68,2025-11-11,2025-11-11,2025-11-20,2025-11-20
USR_2FF27448,TRUE,943635.94,2025-10-11,2025-10-11,2025-10-20,2025-10-20
USR_2FF27448,TRUE,509710.17,2025-09-11,2025-09-11,2025-09-20,2025-09-20
USR_2FF27448,TRUE,773736.4,2025-08-11,2025-08-11,2025-08-20,2025-08-20
USR_9A738B81,TRUE,251773.16,2025-12-11,2025-12-11,2025-12-20,2025-12-20
USR_9A738B81,TRUE,507732.93,2025-12-11,2025-12-11,2025-12-20,2025-12-20
USR_9A738B81,TRUE,675346.7,2025-11-11,2025-11-11,2025-11-20,2025-11-20
USR_9A738B81,TRUE,648194.62,2025-10-11,2025-10-11,2025-10-20,2025-10-20
USR_9A738B81,TRUE,619392.16,2025-09-11,2025-09-11,2025-09-20,2025-09-20
USR_9A738B81,TRUE,901438.89,2025-08-11,2025-08-11,2025-08-20,2025-08-20
USR_04405F1F,TRUE,179342.13,2025-12-11,2025-12-11,2025-12-20,2025-12-20
USR_04405F1F,TRUE,290024.29,2025-12-11,2025-12-11,2025-12-20,2025-12-20
USR_04405F1F,TRUE,158382.05,2025-11-11,2025-11-11,2025-11-20,2025-11-20
USR_04405F1F,TRUE,833004.42,2025-10-11,2025-10-11,2025-10-20,2025-10-20
USR_04405F1F,TRUE,158534.78,2025-09-11,2025-09-11,2025-09-20,2025-09-20
USR_04405F1F,TRUE,305591.39,2025-08-11,2025-08-11,2025-08-20,2025-08-20
USR_3779C262,FALSE,465138.04,2025-12-11,2025-12-17,2025-12-20,2025-12-25
USR_3779C262,FALSE,810964.95,2025-12-11,2025-12-19,2025-12-20,2025-12-25
USR_3779C262,FALSE,891978.61,2025-11-11,2025-11-12,2025-11-20,2025-12-09
USR_3779C262,FALSE,728621.23,2025-10-11,2025-11-03,2025-10-20,2025-10-29
USR_3779C262,FALSE,894146.25,2025-09-11,2025-10-10,2025-09-20,2025-09-22
USR_3779C262,FALSE,488264.6,2025-08-11,2025-08-13,2025-08-20,2025-09-09
USR_1308D124,TRUE,502513.94,2025-12-11,2025-12-11,2025-12-20,2025-12-20
USR_1308D124,TRUE,809324.9,2025-12-11,2025-12-11,2025-12-20,2025-12-20
USR_1308D124,TRUE,348828.33,2025-11-11,2025-11-11,2025-11-20,2025-11-20
USR_1308D124,TRUE,171330.71,2025-10-11,2025-10-11,2025-10-20,2025-10-20
USR_1308D124,TRUE,819852.52,2025-09-11,2025-09-11,2025-09-20,2025-09-20
USR_1308D124,TRUE,665307.63,2025-08-11,2025-08-11,2025-08-20,2025-08-20
USR_2E5491F4,TRUE,897480.13,2025-12-11,2025-12-11,2025-12-20,2025-12-20
USR_2E5491F4,TRUE,227555.89,2025-12-11,2025-12-11,2025-12-20,2025-12-20
USR_2E5491F4,TRUE,896192.23,2025-11-11,2025-11-11,2025-11-20,2025-11-20
USR_2E5491F4,TRUE,393586.24,2025-10-11,2025-10-11,2025-10-20,2025-10-20
USR_2E5491F4,TRUE,991649.55,2025-09-11,2025-09-11,2025-09-20,2025-09-20
USR_2E5491F4,TRUE,225374.46,2025-08-11,2025-08-11,2025-08-20,2025-08-20
USR_97B15055,TRUE,709032.01,2025-12-11,2025-12-11,2025-12-20,2025-12-20
USR_97B15055,TRUE,511374.45,2025-12-11,2025-12-11,2025-12-20,2025-12-20
USR_97B15055,TRUE,525474.56,2025-11-11,2025-11-11,2025-11-20,2025-11-20
USR_97B15055,TRUE,785232.34,2025-10-11,2025-10-11,2025-10-20,2025-10-20
USR_97B15055,TRUE,307312.18,2025-09-11,2025-09-11,2025-09-20,2025-09-20
USR_97B15055,TRUE,840916.1,2025-08-11,2025-08-11,2025-08-20,2025-08-20
USR_1B68CEC0,TRUE,553360.65,2025-12-11,2025-12-11,2025-12-20,2025-12-20
USR_1B68CEC0,TRUE,949609.81,2025-12-11,2025-12-11,2025-12-20,2025-12-20
USR_1B68CEC0,TRUE,996065.64,2025-11-11,2025-11-11,2025-11-20,2025-11-20
USR_1B68CEC0,TRUE,342243.45,2025-10-11,2025-10-11,2025-10-20,2025-10-20
USR_1B68CEC0,TRUE,427760.19,2025-09-11,2025-09-11,2025-09-20,2025-09-20
USR_1B68CEC0,TRUE,148201.26,2025-08-11,2025-08-11,2025-08-20,2025-08-20
USR_FD5A24F2,TRUE,718134.16,2025-12-11,2025-12-11,2025-12-20,2025-12-20
USR_FD5A24F2,TRUE,264527.89,2025-12-11,2025-12-11,2025-12-20,2025-12-20
USR_FD5A24F2,TRUE,301588.42,2025-11-11,2025-11-11,2025-11-20,2025-11-20
USR_FD5A24F2,TRUE,975793.98,2025-10-11,2025-10-11,2025-10-20,2025-10-20
USR_FD5A24F2,TRUE,557723.76,2025-09-11,2025-09-11,2025-09-20,2025-09-20
USR_FD5A24F2,TRUE,237277.86,2025-08-11,2025-08-11,2025-08-20,2025-08-20
USR_0A8914DD,TRUE,978530.46,2025-12-11,2025-12-11,2025-12-20,2025-12-20
USR_0A8914DD,TRUE,895420.8,2025-12-11,2025-12-11,2025-12-20,2025-12-20
USR_0A8914DD,TRUE,108271.17,2025-11-11,2025-11-11,2025-11-20,2025-11-20
USR_0A8914DD,TRUE,703527.64,2025-10-11,2025-10-11,2025-10-20,2025-10-20
USR_0A8914DD,TRUE,390622.79,2025-09-11,2025-09-11,2025-09-20,2025-09-20
USR_0A8914DD,TRUE,160812.46,2025-08-11,2025-08-11,2025-08-20,2025-08-20
USR_4ABFD585,TRUE,335524.71,2025-12-11,2025-12-11,2025-12-20,2025-12-20
USR_4ABFD585,TRUE,356967.64,2025-12-11,2025-12-11,2025-12-20,2025-12-20
USR_4ABFD585,TRUE,432332.33,2025-11-11,2025-11-11,2025-11-20,2025-11-20
USR_4ABFD585,TRUE,435961.5,2025-10-11,2025-10-11,2025-10-20,2025-10-20
USR_4ABFD585,TRUE,561572.97,2025-09-11,2025-09-11,2025-09-20,2025-09-20
USR_4ABFD585,TRUE,128371.55,2025-08-11,2025-08-11,2025-08-20,2025-08-20
USR_66F7415F,TRUE,949580.35,2025-12-11,2025-12-11,2025-12-20,2025-12-20
USR_66F7415F,TRUE,586095.59,2025-12-11,2025-12-11,2025-12-20,2025-12-20
USR_66F7415F,TRUE,167668.57,2025-11-11,2025-11-11,2025-11-20,2025-11-20
USR_66F7415F,TRUE,932471.04,2025-10-11,2025-10-11,2025-10-20,2025-10-20
USR_66F7415F,TRUE,822065.69,2025-09-11,2025-09-11,2025-09-20,2025-09-20
USR_66F7415F,TRUE,650034.11,2025-08-11,2025-08-11,2025-08-20,2025-08-20
USR_4453CF20,TRUE,934228.93,2025-12-11,2025-12-11,2025-12-20,2025-12-20
USR_4453CF20,TRUE,825927.5,2025-12-11,2025-12-11,2025-12-20,2025-12-20
USR_4453CF20,TRUE,704170.86,2025-11-11,2025-11-11,2025-11-20,2025-11-20
USR_4453CF20,TRUE,996327.86,2025-10-11,2025-10-11,2025-10-20,2025-10-20
USR_4453CF20,TRUE,901941.25,2025-09-11,2025-09-11,2025-09-20,2025-09-20
USR_4453CF20,TRUE,522718.39,2025-08-11,2025-08-11,2025-08-20,2025-08-20
USR_FDBE1EF7,FALSE,464504.76,2025-12-11,2025-12-19,2025-12-20,2026-01-05
USR_FDBE1EF7,FALSE,580813.18,2025-12-11,2025-12-14,2025-12-20,2025-12-21
USR_FDBE1EF7,FALSE,853737.17,2025-11-11,2025-12-01,2025-11-20,2025-12-08
USR_FDBE1EF7,FALSE,630526.24,2025-10-11,2025-10-25,2025-10-20,2025-11-04
USR_FDBE1EF7,FALSE,950394.33,2025-09-11,2025-10-02,2025-09-20,2025-09-29
USR_FDBE1EF7,FALSE,866972.39,2025-08-11,2025-08-17,2025-08-20,2025-08-24
USR_D79A7438,TRUE,366414.81,2025-12-11,2025-12-11,2025-12-20,2025-12-20
USR_D79A7438,TRUE,636293.48,2025-12-11,2025-12-11,2025-12-20,2025-12-20
USR_D79A7438,TRUE,737675.95,2025-11-11,2025-11-11,2025-11-20,2025-11-20
USR_D79A7438,TRUE,759270.42,2025-10-11,2025-10-11,2025-10-20,2025-10-20
USR_D79A7438,TRUE,811359.03,2025-09-11,2025-09-11,2025-09-20,2025-09-20
USR_D79A7438,TRUE,840320.67,2025-08-11,2025-08-11,2025-08-20,2025-08-20
USR_0CC50492,TRUE,112613.96,2025-12-11,2025-12-11,2025-12-20,2025-12-20
USR_0CC50492,TRUE,407009.43,2025-12-11,2025-12-11,2025-12-20,2025-12-20
USR_0CC50492,TRUE,371541.84,2025-11-11,2025-11-11,2025-11-20,2025-11-20
USR_0CC50492,TRUE,309609.64,2025-10-11,2025-10-11,2025-10-20,2025-10-20
USR_0CC50492,TRUE,756578.59,2025-09-11,2025-09-11,2025-09-20,2025-09-20
USR_0CC50492,TRUE,239956.0,2025-08-11,2025-08-11,2025-08-20,2025-08-20
USR_BC6A9597,TRUE,348629.21,2025-12-11,2025-12-11,2025-12-20,2025-12-20
USR_BC6A9597,TRUE,953505.53,2025-12-11,2025-12-11,2025-12-20,2025-12-20
USR_BC6A9597,TRUE,663679.21,2025-11-11,2025-11-11,2025-11-20,2025-11-20
USR_BC6A9597,TRUE,879846.09,2025-10-11,2025-10-11,2025-10-20,2025-10-20
USR_BC6A9597,TRUE,635118.07,2025-09-11,2025-09-11,2025-09-20,2025-09-20
USR_BC6A9597,TRUE,834976.93,2025-08-11,2025-08-11,2025-08-20,2025-08-20
USR_DADF7B8B,FALSE,167188.69,2025-12-11,2026-01-05,2025-12-20,2025-12-24
USR_DADF7B8B,FALSE,636527.08,2025-12-11,2025-12-30,2025-12-20,2026-01-11
USR_DADF7B8B,FALSE,485718.39,2025-11-11,2025-11-25,2025-11-20,2025-12-11
USR_DADF7B8B,FALSE,278998.11,2025-10-11,2025-10-27,2025-10-20,2025-11-09
USR_DADF7B8B,FALSE,671710.51,2025-09-11,2025-10-09,2025-09-20,2025-09-23
USR_DADF7B8B,FALSE,910724.47,2025-08-11,2025-09-06,2025-08-20,2025-08-25
USR_1515E4F8,TRUE,636348.61,2025-12-11,2025-12-11,2025-12-20,2025-12-20
USR_1515E4F8,TRUE,841311.8,2025-12-11,2025-12-11,2025-12-20,2025-12-20
USR_1515E4F8,TRUE,947574.82,2025-11-11,2025-11-11,2025-11-20,2025-11-20
USR_1515E4F8,TRUE,124423.55,2025-10-11,2025-10-11,2025-10-20,2025-10-20
USR_1515E4F8,TRUE,546329.32,2025-09-11,2025-09-11,2025-09-20,2025-09-20
USR_1515E4F8,TRUE,811510.68,2025-08-11,2025-08-11,2025-08-20,2025-08-20
USR_3608E52C,TRUE,492047.53,2025-12-11,2025-12-11,2025-12-20,2025-12-20
USR_3608E52C,TRUE,578237.17,2025-12-11,2025-12-11,2025-12-20,2025-12-20
USR_3608E52C,TRUE,259933.42,2025-11-11,2025-11-11,2025-11-20,2025-11-20
USR_3608E52C,TRUE,558747.97,2025-10-11,2025-10-11,2025-10-20,2025-10-20
USR_3608E52C,TRUE,509511.22,2025-09-11,2025-09-11,2025-09-20,2025-09-20
USR_3608E52C,TRUE,577410.53,2025-08-11,2025-08-11,2025-08-20,2025-08-20
USR_FEBC2E24,FALSE,370417.95,2025-12-11,2025-12-18,2025-12-20,2025-12-25
USR_FEBC2E24,FALSE,364140.96,2025-12-11,2025-12-21,2025-12-20,2026-01-09
USR_FEBC2E24,FALSE,222231.72,2025-11-11,2025-11-30,2025-11-20,2025-12-18
USR_FEBC2E24,FALSE,592276.35,2025-10-11,2025-10-27,2025-10-20,2025-10-29
USR_FEBC2E24,FALSE,729715.61,2025-09-11,2025-09-30,2025-09-20,2025-10-15
USR_FEBC2E24,FALSE,644581.6,2025-08-11,2025-08-12,2025-08-20,2025-09-19
USR_DFD01ED3,TRUE,971762.75,2025-12-11,2025-12-11,2025-12-20,2025-12-20
USR_DFD01ED3,TRUE,214866.13,2025-12-11,2025-12-11,2025-12-20,2025-12-20
USR_DFD01ED3,TRUE,118995.99,2025-11-11,2025-11-11,2025-11-20,2025-11-20
USR_DFD01ED3,TRUE,851040.85,2025-10-11,2025-10-11,2025-10-20,2025-10-20
USR_DFD01ED3,TRUE,695204.63,2025-09-11,2025-09-11,2025-09-20,2025-09-20
USR_DFD01ED3,TRUE,251718.96,2025-08-11,2025-08-11,2025-08-20,2025-08-20
USR_59046F84,FALSE,340353.57,2025-12-11,2025-12-29,2025-12-20,2025-12-26
USR_59046F84,FALSE,727731.06,2025-12-11,2026-01-04,2025-12-20,2026-01-10
USR_59046F84,FALSE,386891.34,2025-11-11,2025-11-15,2025-11-20,2025-11-27
USR_59046F84,FALSE,986550.59,2025-10-11,2025-10-31,2025-10-20,2025-11-08
USR_59046F84,FALSE,419127.59,2025-09-11,2025-10-08,2025-09-20,2025-10-16
USR_59046F84,FALSE,864547.85,2025-08-11,2025-08-29,2025-08-20,2025-09-08
USR_8DD9F3F5,TRUE,982799.92,2025-12-11,2025-12-11,2025-12-20,2025-12-20
USR_8DD9F3F5,TRUE,135091.84,2025-12-11,2025-12-11,2025-12-20,2025-12-20
USR_8DD9F3F5,TRUE,743672.61,2025-11-11,2025-11-11,2025-11-20,2025-11-20
USR_8DD9F3F5,TRUE,115239.34,2025-10-11,2025-10-11,2025-10-20,2025-10-20
USR_8DD9F3F5,TRUE,440326.91,2025-09-11,2025-09-11,2025-09-20,2025-09-20
USR_8DD9F3F5,TRUE,191919.46,2025-08-11,2025-08-11,2025-08-20,2025-08-20
USR_F78AF3C9,TRUE,139084.34,2025-12-11,2025-12-11,2025-12-20,2025-12-20
USR_F78AF3C9,TRUE,538354.22,2025-12-11,2025-12-11,2025-12-20,2025-12-20
USR_F78AF3C9,TRUE,164132.19,2025-11-11,2025-11-11,2025-11-20,2025-11-20
USR_F78AF3C9,TRUE,929347.66,2025-10-11,2025-10-11,2025-10-20,2025-10-20
USR_F78AF3C9,TRUE,359728.11,2025-09-11,2025-09-11,2025-09-20,2025-09-20
USR_F78AF3C9,TRUE,526800.03,2025-08-11,2025-08-11,2025-08-20,2025-08-20
USR_E65D3DDA,FALSE,565012.23,2025-12-11,2025-12-17,2025-12-20,2026-01-03
USR_E65D3DDA,FALSE,363450.27,2025-12-11,2025-12-18,2025-12-20,2026-01-12
USR_E65D3DDA,FALSE,356985.05,2025-11-11,2025-11-14,2025-11-20,2025-12-06
USR_E65D3DDA,FALSE,668981.22,2025-10-11,2025-10-26,2025-10-20,2025-11-09
USR_E65D3DDA,FALSE,966499.15,2025-09-11,2025-09-25,2025-09-20,2025-10-08
USR_E65D3DDA,FALSE,871231.43,2025-08-11,2025-09-08,2025-08-20,2025-08-22
USR_D6FF1E0D,FALSE,501203.91,2025-12-11,2025-12-12,2025-12-20,2025-12-27
USR_D6FF1E0D,FALSE,876474.24,2025-12-11,2025-12-17,2025-12-20,2026-01-02
USR_D6FF1E0D,FALSE,589300.56,2025-11-11,2025-11-26,2025-11-20,2025-12-09
USR_D6FF1E0D,FALSE,567160.19,2025-10-11,2025-10-15,2025-10-20,2025-11-14
USR_D6FF1E0D,FALSE,730000.24,2025-09-11,2025-10-06,2025-09-20,2025-09-24
USR_D6FF1E0D,FALSE,523847.24,2025-08-11,2025-09-01,2025-08-20,2025-08-27
USR_8E551E00,TRUE,806607.75,2025-12-11,2025-12-11,2025-12-20,2025-12-20
USR_8E551E00,TRUE,231624.73,2025-12-11,2025-12-11,2025-12-20,2025-12-20
USR_8E551E00,TRUE,699833.62,2025-11-11,2025-11-11,2025-11-20,2025-11-20
USR_8E551E00,TRUE,104447.82,2025-10-11,2025-10-11,2025-10-20,2025-10-20
USR_8E551E00,TRUE,802512.17,2025-09-11,2025-09-11,2025-09-20,2025-09-20
USR_8E551E00,TRUE,354612.75,2025-08-11,2025-08-11,2025-08-20,2025-08-20
USR_F1A7203A,TRUE,667298.39,2025-12-11,2025-12-11,2025-12-20,2025-12-20
USR_F1A7203A,TRUE,782819.24,2025-12-11,2025-12-11,2025-12-20,2025-12-20
USR_F1A7203A,TRUE,136575.8,2025-11-11,2025-11-11,2025-11-20,2025-11-20
USR_F1A7203A,TRUE,464017.37,2025-10-11,2025-10-11,2025-10-20,2025-10-20
USR_F1A7203A,TRUE,464686.07,2025-09-11,2025-09-11,2025-09-20,2025-09-20
USR_F1A7203A,TRUE,362766.83,2025-08-11,2025-08-11,2025-08-20,2025-08-20
USR_94ACDC90,FALSE,931295.23,2025-12-11,2025-12-30,2025-12-20,2025-12-22
USR_94ACDC90,FALSE,903530.88,2025-12-11,2026-01-07,2025-12-20,2025-12-22
USR_94ACDC90,FALSE,639052.89,2025-11-11,2025-11-27,2025-11-20,2025-11-30
USR_94ACDC90,FALSE,358633.68,2025-10-11,2025-10-29,2025-10-20,2025-11-19
USR_94ACDC90,FALSE,492042.63,2025-09-11,2025-09-17,2025-09-20,2025-10-20
USR_94ACDC90,FALSE,735751.11,2025-08-11,2025-09-06,2025-08-20,2025-08-26
USR_6A7B51D4,TRUE,405456.34,2025-12-11,2025-12-11,2025-12-20,2025-12-20
USR_6A7B51D4,TRUE,449866.67,2025-12-11,2025-12-11,2025-12-20,2025-12-20
USR_6A7B51D4,TRUE,348686.19,2025-11-11,2025-11-11,2025-11-20,2025-11-20
USR_6A7B51D4,TRUE,288726.79,2025-10-11,2025-10-11,2025-10-20,2025-10-20
USR_6A7B51D4,TRUE,916544.09,2025-09-11,2025-09-11,2025-09-20,2025-09-20
USR_6A7B51D4,TRUE,641522.06,2025-08-11,2025-08-11,2025-08-20,2025-08-20
USR_44F8103B,FALSE,209981.34,2025-12-11,2026-01-06,2025-12-20,2025-12-26
USR_44F8103B,FALSE,742754.62,2025-12-11,2026-01-10,2025-12-20,2026-01-01
USR_44F8103B,FALSE,331889.57,2025-11-11,2025-11-15,2025-11-20,2025-12-19
USR_44F8103B,FALSE,292525.59,2025-10-11,2025-11-10,2025-10-20,2025-11-10
USR_44F8103B,FALSE,710729.67,2025-09-11,2025-09-14,2025-09-20,2025-10-14
USR_44F8103B,FALSE,611802.11,2025-08-11,2025-08-21,2025-08-20,2025-09-03
USR_9B6A3A91,TRUE,646512.25,2025-12-11,2025-12-11,2025-12-20,2025-12-20
USR_9B6A3A91,TRUE,727414.31,2025-12-11,2025-12-11,2025-12-20,2025-12-20
USR_9B6A3A91,TRUE,668733.94,2025-11-11,2025-11-11,2025-11-20,2025-11-20
USR_9B6A3A91,TRUE,238205.29,2025-10-11,2025-10-11,2025-10-20,2025-10-20
USR_9B6A3A91,TRUE,983211.62,2025-09-11,2025-09-11,2025-09-20,2025-09-20
USR_9B6A3A91,TRUE,504194.54,2025-08-11,2025-08-11,2025-08-20,2025-08-20
USR_1D3D1DB9,TRUE,245227.79,2025-12-11,2025-12-11,2025-12-20,2025-12-20
USR_1D3D1DB9,TRUE,545884.12,2025-12-11,2025-12-11,2025-12-20,2025-12-20
USR_1D3D1DB9,TRUE,779785.57,2025-11-11,2025-11-11,2025-11-20,2025-11-20
USR_1D3D1DB9,TRUE,946735.64,2025-10-11,2025-10-11,2025-10-20,2025-10-20
USR_1D3D1DB9,TRUE,145246.97,2025-09-11,2025-09-11,2025-09-20,2025-09-20
USR_1D3D1DB9,TRUE,135089.86,2025-08-11,2025-08-11,2025-08-20,2025-08-20
USR_FF473FAD,FALSE,343945.33,2025-12-11,2026-01-05,2025-12-20,2026-01-18
USR_FF473FAD,FALSE,757345.6,2025-12-11,2025-12-25,2025-12-20,2026-01-12
USR_FF473FAD,FALSE,734282.06,2025-11-11,2025-11-12,2025-11-20,2025-11-26
USR_FF473FAD,FALSE,627256.28,2025-10-11,2025-10-13,2025-10-20,2025-10-22
USR_FF473FAD,FALSE,829661.41,2025-09-11,2025-09-26,2025-09-20,2025-10-03
USR_FF473FAD,FALSE,944580.56,2025-08-11,2025-08-21,2025-08-20,2025-08-26
USR_AA12C421,TRUE,584997.9,2025-12-11,2025-12-11,2025-12-20,2025-12-20
USR_AA12C421,TRUE,406906.96,2025-12-11,2025-12-11,2025-12-20,2025-12-20
USR_AA12C421,TRUE,583537.05,2025-11-11,2025-11-11,2025-11-20,2025-11-20
USR_AA12C421,TRUE,848676.66,2025-10-11,2025-10-11,2025-10-20,2025-10-20
USR_AA12C421,TRUE,804341.89,2025-09-11,2025-09-11,2025-09-20,2025-09-20
USR_AA12C421,TRUE,957895.81,2025-08-11,2025-08-11,2025-08-20,2025-08-20
USR_DE0345E4,FALSE,788859.69,2025-12-11,2025-12-15,2025-12-20,2025-12-25
USR_DE0345E4,FALSE,654058.28,2025-12-11,2025-12-16,2025-12-20,2026-01-03
USR_DE0345E4,FALSE,206031.04,2025-11-11,2025-11-15,2025-11-20,2025-11-25
USR_DE0345E4,FALSE,691175.26,2025-10-11,2025-10-26,2025-10-20,2025-11-12
USR_DE0345E4,FALSE,685211.7,2025-09-11,2025-09-13,2025-09-20,2025-10-10
USR_DE0345E4,FALSE,993568.03,2025-08-11,2025-08-21,2025-08-20,2025-09-07
USR_D7185058,FALSE,212129.89,2025-12-11,2025-12-27,2025-12-20,2025-12-24
USR_D7185058,FALSE,123255.81,2025-12-11,2026-01-07,2025-12-20,2026-01-01
USR_D7185058,FALSE,183143.36,2025-11-11,2025-11-25,2025-11-20,2025-12-19
USR_D7185058,FALSE,309781.3,2025-10-11,2025-10-18,2025-10-20,2025-10-28
USR_D7185058,FALSE,163890.36,2025-09-11,2025-09-13,2025-09-20,2025-10-15
USR_D7185058,FALSE,869899.56,2025-08-11,2025-08-29,2025-08-20,2025-09-17
USR_DA56E262,FALSE,409728.7,2025-12-11,2025-12-22,2025-12-20,2025-12-21
USR_DA56E262,FALSE,644377.57,2025-12-11,2025-12-28,2025-12-20,2026-01-18
USR_DA56E262,FALSE,997555.59,2025-11-11,2025-12-04,2025-11-20,2025-12-03
USR_DA56E262,FALSE,815790.79,2025-10-11,2025-11-04,2025-10-20,2025-11-02
USR_DA56E262,FALSE,281674.24,2025-09-11,2025-09-30,2025-09-20,2025-10-12
USR_DA56E262,FALSE,370904.17,2025-08-11,2025-09-07,2025-08-20,2025-09-13
USR_602F1CEE,TRUE,322696.46,2025-12-11,2025-12-11,2025-12-20,2025-12-20
USR_602F1CEE,TRUE,414584.99,2025-12-11,2025-12-11,2025-12-20,2025-12-20
USR_602F1CEE,TRUE,809471.0,2025-11-11,2025-11-11,2025-11-20,2025-11-20
USR_602F1CEE,TRUE,507350.92,2025-10-11,2025-10-11,2025-10-20,2025-10-20
USR_602F1CEE,TRUE,390124.68,2025-09-11,2025-09-11,2025-09-20,2025-09-20
USR_602F1CEE,TRUE,379981.16,2025-08-11,2025-08-11,2025-08-20,2025-08-20
USR_7C83105C,TRUE,341895.67,2025-12-11,2025-12-11,2025-12-20,2025-12-20
USR_7C83105C,TRUE,382308.38,2025-12-11,2025-12-11,2025-12-20,2025-12-20
USR_7C83105C,TRUE,113649.91,2025-11-11,2025-11-11,2025-11-20,2025-11-20
USR_7C83105C,TRUE,494201.51,2025-10-11,2025-10-11,2025-10-20,2025-10-20
USR_7C83105C,TRUE,483504.24,2025-09-11,2025-09-11,2025-09-20,2025-09-20
USR_7C83105C,TRUE,715765.93,2025-08-11,2025-08-11,2025-08-20,2025-08-20
USR_F7E3F63B,TRUE,729750.16,2025-12-11,2025-12-11,2025-12-20,2025-12-20
USR_F7E3F63B,TRUE,333421.47,2025-12-11,2025-12-11,2025-12-20,2025-12-20
USR_F7E3F63B,TRUE,247239.36,2025-11-11,2025-11-11,2025-11-20,2025-11-20
USR_F7E3F63B,TRUE,766741.67,2025-10-11,2025-10-11,2025-10-20,2025-10-20
USR_F7E3F63B,TRUE,191410.15,2025-09-11,2025-09-11,2025-09-20,2025-09-20
USR_F7E3F63B,TRUE,823072.94,2025-08-11,2025-08-11,2025-08-20,2025-08-20
USR_DE5CF43B,FALSE,626432.3,2025-12-11,2025-12-27,2025-12-20,2026-01-16
USR_DE5CF43B,FALSE,673000.36,2025-12-11,2025-12-24,2025-12-20,2026-01-16
USR_DE5CF43B,FALSE,710493.99,2025-11-11,2025-11-22,2025-11-20,2025-12-20
USR_DE5CF43B,FALSE,877987.42,2025-10-11,2025-10-21,2025-10-20,2025-11-09
USR_DE5CF43B,FALSE,943444.3,2025-09-11,2025-10-01,2025-09-20,2025-10-19
USR_DE5CF43B,FALSE,351244.29,2025-08-11,2025-08-14,2025-08-20,2025-09-17
USR_6B4FAD7E,TRUE,275218.22,2025-12-11,2025-12-11,2025-12-20,2025-12-20
USR_6B4FAD7E,TRUE,811815.39,2025-12-11,2025-12-11,2025-12-20,2025-12-20
USR_6B4FAD7E,TRUE,727588.34,2025-11-11,2025-11-11,2025-11-20,2025-11-20
USR_6B4FAD7E,TRUE,951208.85,2025-10-11,2025-10-11,2025-10-20,2025-10-20
USR_6B4FAD7E,TRUE,955062.23,2025-09-11,2025-09-11,2025-09-20,2025-09-20
USR_6B4FAD7E,TRUE,749278.55,2025-08-11,2025-08-11,2025-08-20,2025-08-20
USR_B3FEC47E,TRUE,889071.03,2025-12-11,2025-12-11,2025-12-20,2025-12-20
USR_B3FEC47E,TRUE,314508.73,2025-12-11,2025-12-11,2025-12-20,2025-12-20
USR_B3FEC47E,TRUE,422737.66,2025-11-11,2025-11-11,2025-11-20,2025-11-20
USR_B3FEC47E,TRUE,955249.18,2025-10-11,2025-10-11,2025-10-20,2025-10-20
USR_B3FEC47E,TRUE,367987.89,2025-09-11,2025-09-11,2025-09-20,2025-09-20
USR_B3FEC47E,TRUE,787897.5,2025-08-11,2025-08-11,2025-08-20,2025-08-20
USR_57583936,TRUE,166898.49,2025-12-11,2025-12-11,2025-12-20,2025-12-20
USR_57583936,TRUE,942265.3,2025-12-11,2025-12-11,2025-12-20,2025-12-20
USR_57583936,TRUE,861475.61,2025-11-11,2025-11-11,2025-11-20,2025-11-20
USR_57583936,TRUE,591036.14,2025-10-11,2025-10-11,2025-10-20,2025-10-20
USR_57583936,TRUE,208714.73,2025-09-11,2025-09-11,2025-09-20,2025-09-20
USR_57583936,TRUE,832676.45,2025-08-11,2025-08-11,2025-08-20,2025-08-20
USR_6E32202F,TRUE,581521.17,2025-12-11,2025-12-11,2025-12-20,2025-12-20
USR_6E32202F,TRUE,106724.18,2025-12-11,2025-12-11,2025-12-20,2025-12-20
USR_6E32202F,TRUE,178850.87,2025-11-11,2025-11-11,2025-11-20,2025-11-20
USR_6E32202F,TRUE,681193.49,2025-10-11,2025-10-11,2025-10-20,2025-10-20
USR_6E32202F,TRUE,728564.23,2025-09-11,2025-09-11,2025-09-20,2025-09-20
USR_6E32202F,TRUE,119469.99,2025-08-11,2025-08-11,2025-08-20,2025-08-20
USR_ED688C8E,FALSE,270794.65,2025-12-11,2026-01-01,2025-12-20,2025-12-23
USR_ED688C8E,FALSE,629913.88,2025-12-11,2025-12-25,2025-12-20,2026-01-18
USR_ED688C8E,FALSE,703624.83,2025-11-11,2025-12-05,2025-11-20,2025-11-23
USR_ED688C8E,FALSE,623675.36,2025-10-11,2025-10-26,2025-10-20,2025-10-25
USR_ED688C8E,FALSE,688217.32,2025-09-11,2025-09-18,2025-09-20,2025-10-13
USR_ED688C8E,FALSE,781225.95,2025-08-11,2025-08-20,2025-08-20,2025-09-15
USR_6FBE7E91,TRUE,486051.06,2025-12-11,2025-12-11,2025-12-20,2025-12-20
USR_6FBE7E91,TRUE,793105.62,2025-12-11,2025-12-11,2025-12-20,2025-12-20
USR_6FBE7E91,TRUE,438592.08,2025-11-11,2025-11-11,2025-11-20,2025-11-20
USR_6FBE7E91,TRUE,221056.12,2025-10-11,2025-10-11,2025-10-20,2025-10-20
USR_6FBE7E91,TRUE,125407.89,2025-09-11,2025-09-11,2025-09-20,2025-09-20
USR_6FBE7E91,TRUE,701623.46,2025-08-11,2025-08-11,2025-08-20,2025-08-20
USR_A3CE3FF3,TRUE,344185.41,2025-12-11,2025-12-11,2025-12-20,2025-12-20
USR_A3CE3FF3,TRUE,945176.58,2025-12-11,2025-12-11,2025-12-20,2025-12-20
USR_A3CE3FF3,TRUE,735432.93,2025-11-11,2025-11-11,2025-11-20,2025-11-20
USR_A3CE3FF3,TRUE,695982.22,2025-10-11,2025-10-11,2025-10-20,2025-10-20
USR_A3CE3FF3,TRUE,950520.97,2025-09-11,2025-09-11,2025-09-20,2025-09-20
USR_A3CE3FF3,TRUE,595290.04,2025-08-11,2025-08-11,2025-08-20,2025-08-20
USR_8C1A16B2,TRUE,946280.95,2025-12-11,2025-12-11,2025-12-20,2025-12-20
USR_8C1A16B2,TRUE,839197.66,2025-12-11,2025-12-11,2025-12-20,2025-12-20
USR_8C1A16B2,TRUE,879353.44,2025-11-11,2025-11-11,2025-11-20,2025-11-20
USR_8C1A16B2,TRUE,996636.12,2025-10-11,2025-10-11,2025-10-20,2025-10-20
USR_8C1A16B2,TRUE,269364.94,2025-09-11,2025-09-11,2025-09-20,2025-09-20
USR_8C1A16B2,TRUE,239287.34,2025-08-11,2025-08-11,2025-08-20,2025-08-20
USR_31B19573,FALSE,465734.74,2025-12-11,2026-01-10,2025-12-20,2026-01-15
USR_31B19573,FALSE,718787.3,2025-12-11,2025-12-25,2025-12-20,2026-01-02
USR_31B19573,FALSE,623633.3,2025-11-11,2025-12-11,2025-11-20,2025-11-30
USR_31B19573,FALSE,418721.32,2025-10-11,2025-10-30,2025-10-20,2025-11-18
USR_31B19573,FALSE,464956.71,2025-09-11,2025-09-22,2025-09-20,2025-10-15
USR_31B19573,FALSE,279165.92,2025-08-11,2025-08-18,2025-08-20,2025-08-25
USR_F1C4657E,TRUE,689769.18,2025-12-11,2025-12-11,2025-12-20,2025-12-20
USR_F1C4657E,TRUE,645855.02,2025-12-11,2025-12-11,2025-12-20,2025-12-20
USR_F1C4657E,TRUE,915513.54,2025-11-11,2025-11-11,2025-11-20,2025-11-20
USR_F1C4657E,TRUE,147571.06,2025-10-11,2025-10-11,2025-10-20,2025-10-20
USR_F1C4657E,TRUE,944222.54,2025-09-11,2025-09-11,2025-09-20,2025-09-20
USR_F1C4657E,TRUE,320602.15,2025-08-11,2025-08-11,2025-08-20,2025-08-20
USR_49191F6C,TRUE,125245.34,2025-12-11,2025-12-11,2025-12-20,2025-12-20
USR_49191F6C,TRUE,889472.95,2025-12-11,2025-12-11,2025-12-20,2025-12-20
USR_49191F6C,TRUE,510948.67,2025-11-11,2025-11-11,2025-11-20,2025-11-20
USR_49191F6C,TRUE,329247.24,2025-10-11,2025-10-11,2025-10-20,2025-10-20
USR_49191F6C,TRUE,305510.42,2025-09-11,2025-09-11,2025-09-20,2025-09-20
USR_49191F6C,TRUE,219037.93,2025-08-11,2025-08-11,2025-08-20,2025-08-20
USR_E599ECBB,FALSE,115276.66,2025-12-11,2025-12-22,2025-12-20,2025-12-29
USR_E599ECBB,FALSE,371162.6,2025-12-11,2025-12-18,2025-12-20,2026-01-17
USR_E599ECBB,FALSE,686334.62,2025-11-11,2025-12-06,2025-11-20,2025-11-27
USR_E599ECBB,FALSE,435343.69,2025-10-11,2025-10-19,2025-10-20,2025-11-18
USR_E599ECBB,FALSE,254921.77,2025-09-11,2025-09-18,2025-09-20,2025-10-17
USR_E599ECBB,FALSE,758462.7,2025-08-11,2025-08-28,2025-08-20,2025-08-27
USR_5C4CD226,TRUE,626410.23,2025-12-11,2025-12-11,2025-12-20,2025-12-20
USR_5C4CD226,TRUE,356009.38,2025-12-11,2025-12-11,2025-12-20,2025-12-20
USR_5C4CD226,TRUE,929993.19,2025-11-11,2025-11-11,2025-11-20,2025-11-20
USR_5C4CD226,TRUE,324652.71,2025-10-11,2025-10-11,2025-10-20,2025-10-20
USR_5C4CD226,TRUE,302123.66,2025-09-11,2025-09-11,2025-09-20,2025-09-20
USR_5C4CD226,TRUE,257096.54,2025-08-11,2025-08-11,2025-08-20,2025-08-20
USR_7A45487C,TRUE,394508.75,2025-12-11,2025-12-11,2025-12-20,2025-12-20
USR_7A45487C,TRUE,699937.81,2025-12-11,2025-12-11,2025-12-20,2025-12-20
USR_7A45487C,TRUE,568881.72,2025-11-11,2025-11-11,2025-11-20,2025-11-20
USR_7A45487C,TRUE,662813.87,2025-10-11,2025-10-11,2025-10-20,2025-10-20
USR_7A45487C,TRUE,216767.66,2025-09-11,2025-09-11,2025-09-20,2025-09-20
USR_7A45487C,TRUE,606577.46,2025-08-11,2025-08-11,2025-08-20,2025-08-20
USR_39A2E282,TRUE,158480.39,2025-12-11,2025-12-11,2025-12-20,2025-12-20
USR_39A2E282,TRUE,571478.95,2025-12-11,2025-12-11,2025-12-20,2025-12-20
USR_39A2E282,TRUE,899981.82,2025-11-11,2025-11-11,2025-11-20,2025-11-20
USR_39A2E282,TRUE,477697.62,2025-10-11,2025-10-11,2025-10-20,2025-10-20
USR_39A2E282,TRUE,668315.48,2025-09-11,2025-09-11,2025-09-20,2025-09-20
USR_39A2E282,TRUE,232415.73,2025-08-11,2025-08-11,2025-08-20,2025-08-20
USR_1ADFAC9F,TRUE,728416.75,2025-12-11,2025-12-11,2025-12-20,2025-12-20
USR_1ADFAC9F,TRUE,312634.86,2025-12-11,2025-12-11,2025-12-20,2025-12-20
USR_1ADFAC9F,TRUE,440220.57,2025-11-11,2025-11-11,2025-11-20,2025-11-20
USR_1ADFAC9F,TRUE,701090.27,2025-10-11,2025-10-11,2025-10-20,2025-10-20
USR_1ADFAC9F,TRUE,609747.84,2025-09-11,2025-09-11,2025-09-20,2025-09-20
USR_1ADFAC9F,TRUE,140889.96,2025-08-11,2025-08-11,2025-08-20,2025-08-20
USR_286FE0F3,TRUE,862940.03,2025-12-11,2025-12-11,2025-12-20,2025-12-20
USR_286FE0F3,TRUE,999275.03,2025-12-11,2025-12-11,2025-12-20,2025-12-20
USR_286FE0F3,TRUE,543440.76,2025-11-11,2025-11-11,2025-11-20,2025-11-20
USR_286FE0F3,TRUE,770618.09,2025-10-11,2025-10-11,2025-10-20,2025-10-20
USR_286FE0F3,TRUE,732462.34,2025-09-11,2025-09-11,2025-09-20,2025-09-20
USR_286FE0F3,TRUE,590585.94,2025-08-11,2025-08-11,2025-08-20,2025-08-20
USR_0377D9C3,TRUE,311602.3,2025-12-11,2025-12-11,2025-12-20,2025-12-20
USR_0377D9C3,TRUE,918925.78,2025-12-11,2025-12-11,2025-12-20,2025-12-20
USR_0377D9C3,TRUE,932668.99,2025-11-11,2025-11-11,2025-11-20,2025-11-20
USR_0377D9C3,TRUE,332772.99,2025-10-11,2025-10-11,2025-10-20,2025-10-20
USR_0377D9C3,TRUE,247556.08,2025-09-11,2025-09-11,2025-09-20,2025-09-20
USR_0377D9C3,TRUE,193205.12,2025-08-11,2025-08-11,2025-08-20,2025-08-20
USR_FEFB23C9,TRUE,575846.53,2025-12-11,2025-12-11,2025-12-20,2025-12-20
USR_FEFB23C9,TRUE,244883.22,2025-12-11,2025-12-11,2025-12-20,2025-12-20
USR_FEFB23C9,TRUE,836512.69,2025-11-11,2025-11-11,2025-11-20,2025-11-20
USR_FEFB23C9,TRUE,867821.2,2025-10-11,2025-10-11,2025-10-20,2025-10-20
USR_FEFB23C9,TRUE,179877.41,2025-09-11,2025-09-11,2025-09-20,2025-09-20
USR_FEFB23C9,TRUE,740780.37,2025-08-11,2025-08-11,2025-08-20,2025-08-20
USR_9B3A1DD4,TRUE,401436.24,2025-12-11,2025-12-11,2025-12-20,2025-12-20
USR_9B3A1DD4,TRUE,696115.6,2025-12-11,2025-12-11,2025-12-20,2025-12-20
USR_9B3A1DD4,TRUE,257599.88,2025-11-11,2025-11-11,2025-11-20,2025-11-20
USR_9B3A1DD4,TRUE,557131.59,2025-10-11,2025-10-11,2025-10-20,2025-10-20
USR_9B3A1DD4,TRUE,942113.15,2025-09-11,2025-09-11,2025-09-20,2025-09-20
USR_9B3A1DD4,TRUE,852666.67,2025-08-11,2025-08-11,2025-08-20,2025-08-20
USR_42BA7767,TRUE,959561.14,2025-12-11,2025-12-11,2025-12-20,2025-12-20
USR_42BA7767,TRUE,255608.73,2025-12-11,2025-12-11,2025-12-20,2025-12-20
USR_42BA7767,TRUE,910523.79,2025-11-11,2025-11-11,2025-11-20,2025-11-20
USR_42BA7767,TRUE,145669.15,2025-10-11,2025-10-11,2025-10-20,2025-10-20
USR_42BA7767,TRUE,509497.15,2025-09-11,2025-09-11,2025-09-20,2025-09-20
USR_42BA7767,TRUE,810208.52,2025-08-11,2025-08-11,2025-08-20,2025-08-20
USR_3121CAB7,FALSE,455815.25,2025-12-11,2026-01-03,2025-12-20,2025-12-21
USR_3121CAB7,FALSE,494808.45,2025-12-11,2026-01-03,2025-12-20,2026-01-07
USR_3121CAB7,FALSE,385257.92,2025-11-11,2025-11-13,2025-11-20,2025-11-26
USR_3121CAB7,FALSE,404713.59,2025-10-11,2025-10-19,2025-10-20,2025-11-12
USR_3121CAB7,FALSE,938312.57,2025-09-11,2025-10-04,2025-09-20,2025-10-06
USR_3121CAB7,FALSE,851220.75,2025-08-11,2025-09-03,2025-08-20,2025-09-01
USR_C6F53DB9,TRUE,165957.54,2025-12-11,2025-12-11,2025-12-20,2025-12-20
USR_C6F53DB9,TRUE,500272.32,2025-12-11,2025-12-11,2025-12-20,2025-12-20
USR_C6F53DB9,TRUE,414860.56,2025-11-11,2025-11-11,2025-11-20,2025-11-20
USR_C6F53DB9,TRUE,878642.74,2025-10-11,2025-10-11,2025-10-20,2025-10-20
USR_C6F53DB9,TRUE,195777.27,2025-09-11,2025-09-11,2025-09-20,2025-09-20
USR_C6F53DB9,TRUE,196984.91,2025-08-11,2025-08-11,2025-08-20,2025-08-20
USR_8F5F2CC6,FALSE,185923.03,2025-12-11,2025-12-21,2025-12-20,2026-01-19
USR_8F5F2CC6,FALSE,665818.96,2025-12-11,2025-12-26,2025-12-20,2026-01-14
USR_8F5F2CC6,FALSE,655580.71,2025-11-11,2025-12-07,2025-11-20,2025-11-23
USR_8F5F2CC6,FALSE,798744.12,2025-10-11,2025-10-19,2025-10-20,2025-11-08
USR_8F5F2CC6,FALSE,227552.21,2025-09-11,2025-10-10,2025-09-20,2025-10-03
USR_8F5F2CC6,FALSE,769760.69,2025-08-11,2025-08-27,2025-08-20,2025-08-21
USR_57319812,TRUE,379761.37,2025-12-11,2025-12-11,2025-12-20,2025-12-20
USR_57319812,TRUE,807389.19,2025-12-11,2025-12-11,2025-12-20,2025-12-20
USR_57319812,TRUE,319309.91,2025-11-11,2025-11-11,2025-11-20,2025-11-20
USR_57319812,TRUE,856168.38,2025-10-11,2025-10-11,2025-10-20,2025-10-20
USR_57319812,TRUE,180119.48,2025-09-11,2025-09-11,2025-09-20,2025-09-20
USR_57319812,TRUE,664242.24,2025-08-11,2025-08-11,2025-08-20,2025-08-20
USR_85C01F68,TRUE,806137.64,2025-12-11,2025-12-11,2025-12-20,2025-12-20
USR_85C01F68,TRUE,578892.36,2025-12-11,2025-12-11,2025-12-20,2025-12-20
USR_85C01F68,TRUE,735128.35,2025-11-11,2025-11-11,2025-11-20,2025-11-20
USR_85C01F68,TRUE,815296.96,2025-10-11,2025-10-11,2025-10-20,2025-10-20
USR_85C01F68,TRUE,690972.38,2025-09-11,2025-09-11,2025-09-20,2025-09-20
USR_85C01F68,TRUE,419594.06,2025-08-11,2025-08-11,2025-08-20,2025-08-20
USR_AB9C371D,TRUE,810092.16,2025-12-11,2025-12-11,2025-12-20,2025-12-20
USR_AB9C371D,TRUE,654554.74,2025-12-11,2025-12-11,2025-12-20,2025-12-20
USR_AB9C371D,TRUE,765578.36,2025-11-11,2025-11-11,2025-11-20,2025-11-20
USR_AB9C371D,TRUE,116283.52,2025-10-11,2025-10-11,2025-10-20,2025-10-20
USR_AB9C371D,TRUE,467281.45,2025-09-11,2025-09-11,2025-09-20,2025-09-20
USR_AB9C371D,TRUE,657141.47,2025-08-11,2025-08-11,2025-08-20,2025-08-20
USR_3D9B87FA,TRUE,127199.06,2025-12-11,2025-12-11,2025-12-20,2025-12-20
USR_3D9B87FA,TRUE,148014.86,2025-12-11,2025-12-11,2025-12-20,2025-12-20
USR_3D9B87FA,TRUE,355533.66,2025-11-11,2025-11-11,2025-11-20,2025-11-20
USR_3D9B87FA,TRUE,154430.18,2025-10-11,2025-10-11,2025-10-20,2025-10-20
USR_3D9B87FA,TRUE,877162.91,2025-09-11,2025-09-11,2025-09-20,2025-09-20
USR_3D9B87FA,TRUE,258014.2,2025-08-11,2025-08-11,2025-08-20,2025-08-20
USR_71AAA39D,TRUE,615139.01,2025-12-11,2025-12-11,2025-12-20,2025-12-20
USR_71AAA39D,TRUE,800396.85,2025-12-11,2025-12-11,2025-12-20,2025-12-20
USR_71AAA39D,TRUE,880048.82,2025-11-11,2025-11-11,2025-11-20,2025-11-20
USR_71AAA39D,TRUE,237065.71,2025-10-11,2025-10-11,2025-10-20,2025-10-20
USR_71AAA39D,TRUE,884052.66,2025-09-11,2025-09-11,2025-09-20,2025-09-20
USR_71AAA39D,TRUE,150010.95,2025-08-11,2025-08-11,2025-08-20,2025-08-20
USR_14D18626,TRUE,318394.21,2025-12-11,2025-12-11,2025-12-20,2025-12-20
USR_14D18626,TRUE,273728.63,2025-12-11,2025-12-11,2025-12-20,2025-12-20
USR_14D18626,TRUE,702913.01,2025-11-11,2025-11-11,2025-11-20,2025-11-20
USR_14D18626,TRUE,469517.58,2025-10-11,2025-10-11,2025-10-20,2025-10-20
USR_14D18626,TRUE,253886.36,2025-09-11,2025-09-11,2025-09-20,2025-09-20
USR_14D18626,TRUE,417872.52,2025-08-11,2025-08-11,2025-08-20,2025-08-20
USR_412BFC3A,TRUE,271058.81,2025-12-11,2025-12-11,2025-12-20,2025-12-20
USR_412BFC3A,TRUE,919775.17,2025-12-11,2025-12-11,2025-12-20,2025-12-20
USR_412BFC3A,TRUE,445821.73,2025-11-11,2025-11-11,2025-11-20,2025-11-20
USR_412BFC3A,TRUE,303699.36,2025-10-11,2025-10-11,2025-10-20,2025-10-20
USR_412BFC3A,TRUE,957875.57,2025-09-11,2025-09-11,2025-09-20,2025-09-20
USR_412BFC3A,TRUE,448235.63,2025-08-11,2025-08-11,2025-08-20,2025-08-20
USR_1A8D3562,TRUE,499787.89,2025-12-11,2025-12-11,2025-12-20,2025-12-20
USR_1A8D3562,TRUE,989018.4,2025-12-11,2025-12-11,2025-12-20,2025-12-20
USR_1A8D3562,TRUE,434999.64,2025-11-11,2025-11-11,2025-11-20,2025-11-20
USR_1A8D3562,TRUE,742980.53,2025-10-11,2025-10-11,2025-10-20,2025-10-20
USR_1A8D3562,TRUE,871482.28,2025-09-11,2025-09-11,2025-09-20,2025-09-20
USR_1A8D3562,TRUE,131341.68,2025-08-11,2025-08-11,2025-08-20,2025-08-20
USR_7E15133B,TRUE,653287.32,2025-12-11,2025-12-11,2025-12-20,2025-12-20
USR_7E15133B,TRUE,284002.71,2025-12-11,2025-12-11,2025-12-20,2025-12-20
USR_7E15133B,TRUE,124368.2,2025-11-11,2025-11-11,2025-11-20,2025-11-20
USR_7E15133B,TRUE,267775.44,2025-10-11,2025-10-11,2025-10-20,2025-10-20
USR_7E15133B,TRUE,237916.85,2025-09-11,2025-09-11,2025-09-20,2025-09-20
USR_7E15133B,TRUE,133465.36,2025-08-11,2025-08-11,2025-08-20,2025-08-20
USR_C4CEAEEC,FALSE,778249.12,2025-12-11,2026-01-04,2025-12-20,2025-12-30
USR_C4CEAEEC,FALSE,129988.21,2025-12-11,2025-12-19,2025-12-20,2026-01-11
USR_C4CEAEEC,FALSE,848808.66,2025-11-11,2025-11-29,2025-11-20,2025-11-22
USR_C4CEAEEC,FALSE,436445.52,2025-10-11,2025-11-05,2025-10-20,2025-11-05
USR_C4CEAEEC,FALSE,725974.63,2025-09-11,2025-09-12,2025-09-20,2025-10-11
USR_C4CEAEEC,FALSE,848748.99,2025-08-11,2025-08-24,2025-08-20,2025-09-10
USR_5EE3326B,TRUE,701426.13,2025-12-11,2025-12-11,2025-12-20,2025-12-20
USR_5EE3326B,TRUE,354105.98,2025-12-11,2025-12-11,2025-12-20,2025-12-20
USR_5EE3326B,TRUE,953074.47,2025-11-11,2025-11-11,2025-11-20,2025-11-20
USR_5EE3326B,TRUE,113271.8,2025-10-11,2025-10-11,2025-10-20,2025-10-20
USR_5EE3326B,TRUE,855253.51,2025-09-11,2025-09-11,2025-09-20,2025-09-20
USR_5EE3326B,TRUE,809958.13,2025-08-11,2025-08-11,2025-08-20,2025-08-20
USR_3776DC31,FALSE,962765.52,2025-12-11,2025-12-14,2025-12-20,2026-01-10
USR_3776DC31,FALSE,117343.22,2025-12-11,2026-01-08,2025-12-20,2025-12-24
USR_3776DC31,FALSE,487550.85,2025-11-11,2025-11-25,2025-11-20,2025-12-02
USR_3776DC31,FALSE,655426.06,2025-10-11,2025-10-14,2025-10-20,2025-11-15
USR_3776DC31,FALSE,684295.28,2025-09-11,2025-10-07,2025-09-20,2025-10-06
USR_3776DC31,FALSE,728267.42,2025-08-11,2025-08-25,2025-08-20,2025-09-02
USR_850EB3F0,TRUE,861833.74,2025-12-11,2025-12-11,2025-12-20,2025-12-20
USR_850EB3F0,TRUE,250035.78,2025-12-11,2025-12-11,2025-12-20,2025-12-20
USR_850EB3F0,TRUE,234811.14,2025-11-11,2025-11-11,2025-11-20,2025-11-20
USR_850EB3F0,TRUE,541017.2,2025-10-11,2025-10-11,2025-10-20,2025-10-20
USR_850EB3F0,TRUE,683259.21,2025-09-11,2025-09-11,2025-09-20,2025-09-20
USR_850EB3F0,TRUE,554580.18,2025-08-11,2025-08-11,2025-08-20,2025-08-20
USR_BDE23E81,TRUE,127351.28,2025-12-11,2025-12-11,2025-12-20,2025-12-20
USR_BDE23E81,TRUE,690394.51,2025-12-11,2025-12-11,2025-12-20,2025-12-20
USR_BDE23E81,TRUE,352126.24,2025-11-11,2025-11-11,2025-11-20,2025-11-20
USR_BDE23E81,TRUE,563959.91,2025-10-11,2025-10-11,2025-10-20,2025-10-20
USR_BDE23E81,TRUE,967178.75,2025-09-11,2025-09-11,2025-09-20,2025-09-20
USR_BDE23E81,TRUE,374179.97,2025-08-11,2025-08-11,2025-08-20,2025-08-20
USR_1287D7AE,FALSE,154763.28,2025-12-11,2025-12-20,2025-12-20,2025-12-28
USR_1287D7AE,FALSE,546499.74,2025-12-11,2025-12-18,2025-12-20,2026-01-08
USR_1287D7AE,FALSE,857141.07,2025-11-11,2025-12-11,2025-11-20,2025-11-28
USR_1287D7AE,FALSE,423922.02,2025-10-11,2025-10-18,2025-10-20,2025-11-02
USR_1287D7AE,FALSE,982975.51,2025-09-11,2025-10-01,2025-09-20,2025-10-07
USR_1287D7AE,FALSE,524599.92,2025-08-11,2025-08-12,2025-08-20,2025-09-09
USR_4AE532FF,TRUE,167057.06,2025-12-11,2025-12-11,2025-12-20,2025-12-20
USR_4AE532FF,TRUE,865682.81,2025-12-11,2025-12-11,2025-12-20,2025-12-20
USR_4AE532FF,TRUE,948953.77,2025-11-11,2025-11-11,2025-11-20,2025-11-20
USR_4AE532FF,TRUE,289674.94,2025-10-11,2025-10-11,2025-10-20,2025-10-20
USR_4AE532FF,TRUE,448319.49,2025-09-11,2025-09-11,2025-09-20,2025-09-20
USR_4AE532FF,TRUE,158764.82,2025-08-11,2025-08-11,2025-08-20,2025-08-20
USR_FAFD6F99,TRUE,943138.06,2025-12-11,2025-12-11,2025-12-20,2025-12-20
USR_FAFD6F99,TRUE,584535.1,2025-12-11,2025-12-11,2025-12-20,2025-12-20
USR_FAFD6F99,TRUE,471633.51,2025-11-11,2025-11-11,2025-11-20,2025-11-20
USR_FAFD6F99,TRUE,605437.77,2025-10-11,2025-10-11,2025-10-20,2025-10-20
USR_FAFD6F99,TRUE,459393.36,2025-09-11,2025-09-11,2025-09-20,2025-09-20
USR_FAFD6F99,TRUE,366086.67,2025-08-11,2025-08-11,2025-08-20,2025-08-20
USR_1475651E,FALSE,275667.36,2025-12-11,2026-01-05,2025-12-20,2025-12-21
USR_1475651E,FALSE,805831.59,2025-12-11,2026-01-08,2025-12-20,2025-12-30
USR_1475651E,FALSE,831273.64,2025-11-11,2025-12-07,2025-11-20,2025-12-12
USR_1475651E,FALSE,728160.02,2025-10-11,2025-10-19,2025-10-20,2025-11-14
USR_1475651E,FALSE,892466.06,2025-09-11,2025-09-16,2025-09-20,2025-10-06
USR_1475651E,FALSE,439480.35,2025-08-11,2025-08-20,2025-08-20,2025-09-18
USR_9E6E7BD3,TRUE,569266.45,2025-12-11,2025-12-11,2025-12-20,2025-12-20
USR_9E6E7BD3,TRUE,705250.39,2025-12-11,2025-12-11,2025-12-20,2025-12-20
USR_9E6E7BD3,TRUE,578228.37,2025-11-11,2025-11-11,2025-11-20,2025-11-20
USR_9E6E7BD3,TRUE,721014.86,2025-10-11,2025-10-11,2025-10-20,2025-10-20
USR_9E6E7BD3,TRUE,644627.92,2025-09-11,2025-09-11,2025-09-20,2025-09-20
USR_9E6E7BD3,TRUE,240530.26,2025-08-11,2025-08-11,2025-08-20,2025-08-20
USR_76C71536,TRUE,972632.12,2025-12-11,2025-12-11,2025-12-20,2025-12-20
USR_76C71536,TRUE,631014.69,2025-12-11,2025-12-11,2025-12-20,2025-12-20
USR_76C71536,TRUE,994676.88,2025-11-11,2025-11-11,2025-11-20,2025-11-20
USR_76C71536,TRUE,398073.66,2025-10-11,2025-10-11,2025-10-20,2025-10-20
USR_76C71536,TRUE,932502.34,2025-09-11,2025-09-11,2025-09-20,2025-09-20
USR_76C71536,TRUE,559218.45,2025-08-11,2025-08-11,2025-08-20,2025-08-20
USR_2129C19D,TRUE,476454.2,2025-12-11,2025-12-11,2025-12-20,2025-12-20
USR_2129C19D,TRUE,285248.11,2025-12-11,2025-12-11,2025-12-20,2025-12-20
USR_2129C19D,TRUE,792809.83,2025-11-11,2025-11-11,2025-11-20,2025-11-20
USR_2129C19D,TRUE,988665.35,2025-10-11,2025-10-11,2025-10-20,2025-10-20
USR_2129C19D,TRUE,437185.77,2025-09-11,2025-09-11,2025-09-20,2025-09-20
USR_2129C19D,TRUE,843377.43,2025-08-11,2025-08-11,2025-08-20,2025-08-20
USR_4FFA34E6,TRUE,315639.62,2025-12-11,2025-12-11,2025-12-20,2025-12-20
USR_4FFA34E6,TRUE,736620.82,2025-12-11,2025-12-11,2025-12-20,2025-12-20
USR_4FFA34E6,TRUE,715883.23,2025-11-11,2025-11-11,2025-11-20,2025-11-20
USR_4FFA34E6,TRUE,998043.52,2025-10-11,2025-10-11,2025-10-20,2025-10-20
USR_4FFA34E6,TRUE,311723.72,2025-09-11,2025-09-11,2025-09-20,2025-09-20
USR_4FFA34E6,TRUE,270130.26,2025-08-11,2025-08-11,2025-08-20,2025-08-20
USR_939F6E05,TRUE,601520.56,2025-12-11,2025-12-11,2025-12-20,2025-12-20
USR_939F6E05,TRUE,562001.26,2025-12-11,2025-12-11,2025-12-20,2025-12-20
USR_939F6E05,TRUE,945993.98,2025-11-11,2025-11-11,2025-11-20,2025-11-20
USR_939F6E05,TRUE,705309.22,2025-10-11,2025-10-11,2025-10-20,2025-10-20
USR_939F6E05,TRUE,704794.98,2025-09-11,2025-09-11,2025-09-20,2025-09-20
USR_939F6E05,TRUE,877561.17,2025-08-11,2025-08-11,2025-08-20,2025-08-20
USR_0FB4D594,TRUE,790693.04,2025-12-11,2025-12-11,2025-12-20,2025-12-20
USR_0FB4D594,TRUE,890140.18,2025-12-11,2025-12-11,2025-12-20,2025-12-20
USR_0FB4D594,TRUE,100109.18,2025-11-11,2025-11-11,2025-11-20,2025-11-20
USR_0FB4D594,TRUE,858592.46,2025-10-11,2025-10-11,2025-10-20,2025-10-20
USR_0FB4D594,TRUE,598364.37,2025-09-11,2025-09-11,2025-09-20,2025-09-20
USR_0FB4D594,TRUE,568616.35,2025-08-11,2025-08-11,2025-08-20,2025-08-20
USR_FE4AB55C,TRUE,413672.61,2025-12-11,2025-12-11,2025-12-20,2025-12-20
USR_FE4AB55C,TRUE,273488.53,2025-12-11,2025-12-11,2025-12-20,2025-12-20
USR_FE4AB55C,TRUE,627033.56,2025-11-11,2025-11-11,2025-11-20,2025-11-20
USR_FE4AB55C,TRUE,611765.78,2025-10-11,2025-10-11,2025-10-20,2025-10-20
USR_FE4AB55C,TRUE,117487.75,2025-09-11,2025-09-11,2025-09-20,2025-09-20
USR_FE4AB55C,TRUE,184044.03,2025-08-11,2025-08-11,2025-08-20,2025-08-20
USR_49EA66D1,TRUE,579722.87,2025-12-11,2025-12-11,2025-12-20,2025-12-20
USR_49EA66D1,TRUE,658263.93,2025-12-11,2025-12-11,2025-12-20,2025-12-20
USR_49EA66D1,TRUE,712700.15,2025-11-11,2025-11-11,2025-11-20,2025-11-20
USR_49EA66D1,TRUE,849224.84,2025-10-11,2025-10-11,2025-10-20,2025-10-20
USR_49EA66D1,TRUE,388890.11,2025-09-11,2025-09-11,2025-09-20,2025-09-20
USR_49EA66D1,TRUE,213735.4,2025-08-11,2025-08-11,2025-08-20,2025-08-20
USR_813B5B75,TRUE,778469.71,2025-12-11,2025-12-11,2025-12-20,2025-12-20
USR_813B5B75,TRUE,829865.29,2025-12-11,2025-12-11,2025-12-20,2025-12-20
USR_813B5B75,TRUE,975744.16,2025-11-11,2025-11-11,2025-11-20,2025-11-20
USR_813B5B75,TRUE,956556.79,2025-10-11,2025-10-11,2025-10-20,2025-10-20
USR_813B5B75,TRUE,715722.96,2025-09-11,2025-09-11,2025-09-20,2025-09-20
USR_813B5B75,TRUE,106371.4,2025-08-11,2025-08-11,2025-08-20,2025-08-20
USR_70CCF244,TRUE,181203.89,2025-12-11,2025-12-11,2025-12-20,2025-12-20
USR_70CCF244,TRUE,328464.81,2025-12-11,2025-12-11,2025-12-20,2025-12-20
USR_70CCF244,TRUE,358462.02,2025-11-11,2025-11-11,2025-11-20,2025-11-20
USR_70CCF244,TRUE,266320.63,2025-10-11,2025-10-11,2025-10-20,2025-10-20
USR_70CCF244,TRUE,298247.18,2025-09-11,2025-09-11,2025-09-20,2025-09-20
USR_70CCF244,TRUE,698736.82,2025-08-11,2025-08-11,2025-08-20,2025-08-20
USR_022B3B0B,TRUE,449039.42,2025-12-11,2025-12-11,2025-12-20,2025-12-20
USR_022B3B0B,TRUE,387107.23,2025-12-11,2025-12-11,2025-12-20,2025-12-20
USR_022B3B0B,TRUE,607659.42,2025-11-11,2025-11-11,2025-11-20,2025-11-20
USR_022B3B0B,TRUE,348341.84,2025-10-11,2025-10-11,2025-10-20,2025-10-20
USR_022B3B0B,TRUE,823285.97,2025-09-11,2025-09-11,2025-09-20,2025-09-20
USR_022B3B0B,TRUE,111622.57,2025-08-11,2025-08-11,2025-08-20,2025-08-20
USR_21C4FD35,TRUE,646515.81,2025-12-11,2025-12-11,2025-12-20,2025-12-20
USR_21C4FD35,TRUE,715283.13,2025-12-11,2025-12-11,2025-12-20,2025-12-20
USR_21C4FD35,TRUE,273843.2,2025-11-11,2025-11-11,2025-11-20,2025-11-20
USR_21C4FD35,TRUE,145148.08,2025-10-11,2025-10-11,2025-10-20,2025-10-20
USR_21C4FD35,TRUE,838422.6,2025-09-11,2025-09-11,2025-09-20,2025-09-20
USR_21C4FD35,TRUE,229496.27,2025-08-11,2025-08-11,2025-08-20,2025-08-20
USR_4637EF31,FALSE,282035.17,2025-12-11,2025-12-14,2025-12-20,2026-01-18
USR_4637EF31,FALSE,234914.04,2025-12-11,2026-01-07,2025-12-20,2025-12-23
USR_4637EF31,FALSE,848905.11,2025-11-11,2025-12-11,2025-11-20,2025-12-16
USR_4637EF31,FALSE,433310.49,2025-10-11,2025-11-04,2025-10-20,2025-11-18
USR_4637EF31,FALSE,584946.89,2025-09-11,2025-09-13,2025-09-20,2025-10-17
USR_4637EF31,FALSE,503375.27,2025-08-11,2025-08-26,2025-08-20,2025-09-02
USR_C2353863,TRUE,942430.16,2025-12-11,2025-12-11,2025-12-20,2025-12-20
USR_C2353863,TRUE,992619.58,2025-12-11,2025-12-11,2025-12-20,2025-12-20
USR_C2353863,TRUE,436951.8,2025-11-11,2025-11-11,2025-11-20,2025-11-20
USR_C2353863,TRUE,894475.14,2025-10-11,2025-10-11,2025-10-20,2025-10-20
USR_C2353863,TRUE,198092.55,2025-09-11,2025-09-11,2025-09-20,2025-09-20
USR_C2353863,TRUE,775311.47,2025-08-11,2025-08-11,2025-08-20,2025-08-20
USR_205EED7D,FALSE,572048.97,2025-12-11,2025-12-12,2025-12-20,2025-12-21
USR_205EED7D,FALSE,202856.23,2025-12-11,2025-12-18,2025-12-20,2025-12-31
USR_205EED7D,FALSE,227452.53,2025-11-11,2025-11-16,2025-11-20,2025-12-07
USR_205EED7D,FALSE,285076.28,2025-10-11,2025-10-17,2025-10-20,2025-11-11
USR_205EED7D,FALSE,776996.86,2025-09-11,2025-09-26,2025-09-20,2025-09-30
USR_205EED7D,FALSE,131479.62,2025-08-11,2025-08-22,2025-08-20,2025-09-04
USR_61553606,FALSE,821072.39,2025-12-11,2025-12-20,2025-12-20,2026-01-08
USR_61553606,FALSE,964038.49,2025-12-11,2026-01-03,2025-12-20,2025-12-27
USR_61553606,FALSE,725815.28,2025-11-11,2025-12-11,2025-11-20,2025-12-17
USR_61553606,FALSE,419607.85,2025-10-11,2025-11-03,2025-10-20,2025-10-25
USR_61553606,FALSE,140187.68,2025-09-11,2025-09-18,2025-09-20,2025-10-10
USR_61553606,FALSE,138527.28,2025-08-11,2025-09-09,2025-08-20,2025-09-13
USR_ECA0FA60,TRUE,646788.27,2025-12-11,2025-12-11,2025-12-20,2025-12-20
USR_ECA0FA60,TRUE,244166.16,2025-12-11,2025-12-11,2025-12-20,2025-12-20
USR_ECA0FA60,TRUE,479826.83,2025-11-11,2025-11-11,2025-11-20,2025-11-20
USR_ECA0FA60,TRUE,745119.12,2025-10-11,2025-10-11,2025-10-20,2025-10-20
USR_ECA0FA60,TRUE,799278.35,2025-09-11,2025-09-11,2025-09-20,2025-09-20
USR_ECA0FA60,TRUE,623955.81,2025-08-11,2025-08-11,2025-08-20,2025-08-20
USR_AB5DDA78,FALSE,706235.6,2025-12-11,2025-12-30,2025-12-20,2026-01-10
USR_AB5DDA78,FALSE,603221.21,2025-12-11,2025-12-24,2025-12-20,2026-01-09
USR_AB5DDA78,FALSE,131111.9,2025-11-11,2025-11-24,2025-11-20,2025-12-08
USR_AB5DDA78,FALSE,195573.89,2025-10-11,2025-11-02,2025-10-20,2025-10-31
USR_AB5DDA78,FALSE,192714.58,2025-09-11,2025-09-29,2025-09-20,2025-09-27
USR_AB5DDA78,FALSE,642230.37,2025-08-11,2025-09-02,2025-08-20,2025-08-30
USR_225EFE73,TRUE,400251.6,2025-12-11,2025-12-11,2025-12-20,2025-12-20
USR_225EFE73,TRUE,955816.1,2025-12-11,2025-12-11,2025-12-20,2025-12-20
USR_225EFE73,TRUE,738415.78,2025-11-11,2025-11-11,2025-11-20,2025-11-20
USR_225EFE73,TRUE,635186.72,2025-10-11,2025-10-11,2025-10-20,2025-10-20
USR_225EFE73,TRUE,251156.35,2025-09-11,2025-09-11,2025-09-20,2025-09-20
USR_225EFE73,TRUE,253879.72,2025-08-11,2025-08-11,2025-08-20,2025-08-20
USR_51BB4305,TRUE,206683.67,2025-12-11,2025-12-11,2025-12-20,2025-12-20
USR_51BB4305,TRUE,878803.48,2025-12-11,2025-12-11,2025-12-20,2025-12-20
USR_51BB4305,TRUE,904164.08,2025-11-11,2025-11-11,2025-11-20,2025-11-20
USR_51BB4305,TRUE,808775.19,2025-10-11,2025-10-11,2025-10-20,2025-10-20
USR_51BB4305,TRUE,311716.55,2025-09-11,2025-09-11,2025-09-20,2025-09-20
USR_51BB4305,TRUE,866368.53,2025-08-11,2025-08-11,2025-08-20,2025-08-20
USR_05F2E8A7,TRUE,365618.55,2025-12-11,2025-12-11,2025-12-20,2025-12-20
USR_05F2E8A7,TRUE,910862.45,2025-12-11,2025-12-11,2025-12-20,2025-12-20
USR_05F2E8A7,TRUE,141349.87,2025-11-11,2025-11-11,2025-11-20,2025-11-20
USR_05F2E8A7,TRUE,189379.15,2025-10-11,2025-10-11,2025-10-20,2025-10-20
USR_05F2E8A7,TRUE,426365.82,2025-09-11,2025-09-11,2025-09-20,2025-09-20
USR_05F2E8A7,TRUE,884272.41,2025-08-11,2025-08-11,2025-08-20,2025-08-20
USR_02A87EDA,TRUE,891040.53,2025-12-11,2025-12-11,2025-12-20,2025-12-20
USR_02A87EDA,TRUE,778368.96,2025-12-11,2025-12-11,2025-12-20,2025-12-20
USR_02A87EDA,TRUE,100207.38,2025-11-11,2025-11-11,2025-11-20,2025-11-20
USR_02A87EDA,TRUE,626469.15,2025-10-11,2025-10-11,2025-10-20,2025-10-20
USR_02A87EDA,TRUE,531675.52,2025-09-11,2025-09-11,2025-09-20,2025-09-20
USR_02A87EDA,TRUE,198398.65,2025-08-11,2025-08-11,2025-08-20,2025-08-20
USR_5D30893C,TRUE,856348.3,2025-12-11,2025-12-11,2025-12-20,2025-12-20
USR_5D30893C,TRUE,524336.13,2025-12-11,2025-12-11,2025-12-20,2025-12-20
USR_5D30893C,TRUE,768650.87,2025-11-11,2025-11-11,2025-11-20,2025-11-20
USR_5D30893C,TRUE,318736.45,2025-10-11,2025-10-11,2025-10-20,2025-10-20
USR_5D30893C,TRUE,589052.16,2025-09-11,2025-09-11,2025-09-20,2025-09-20
USR_5D30893C,TRUE,767924.92,2025-08-11,2025-08-11,2025-08-20,2025-08-20
USR_B63F3B9E,TRUE,350072.46,2025-12-11,2025-12-11,2025-12-20,2025-12-20
USR_B63F3B9E,TRUE,932788.68,2025-12-11,2025-12-11,2025-12-20,2025-12-20
USR_B63F3B9E,TRUE,413503.56,2025-11-11,2025-11-11,2025-11-20,2025-11-20
USR_B63F3B9E,TRUE,416326.42,2025-10-11,2025-10-11,2025-10-20,2025-10-20
USR_B63F3B9E,TRUE,720715.68,2025-09-11,2025-09-11,2025-09-20,2025-09-20
USR_B63F3B9E,TRUE,826006.56,2025-08-11,2025-08-11,2025-08-20,2025-08-20
USR_1C2D678A,FALSE,793404.19,2025-12-11,2025-12-19,2025-12-20,2026-01-13
USR_1C2D678A,FALSE,489898.46,2025-12-11,2025-12-21,2025-12-20,2026-01-05
USR_1C2D678A,FALSE,330598.38,2025-11-11,2025-11-19,2025-11-20,2025-12-02
USR_1C2D678A,FALSE,356787.79,2025-10-11,2025-11-10,2025-10-20,2025-11-11
USR_1C2D678A,FALSE,581132.23,2025-09-11,2025-10-09,2025-09-20,2025-09-24
USR_1C2D678A,FALSE,561621.92,2025-08-11,2025-09-07,2025-08-20,2025-09-06
USR_91B2FB3B,TRUE,466408.95,2025-12-11,2025-12-11,2025-12-20,2025-12-20
USR_91B2FB3B,TRUE,639091.26,2025-12-11,2025-12-11,2025-12-20,2025-12-20
USR_91B2FB3B,TRUE,608140.5,2025-11-11,2025-11-11,2025-11-20,2025-11-20
USR_91B2FB3B,TRUE,412570.18,2025-10-11,2025-10-11,2025-10-20,2025-10-20
USR_91B2FB3B,TRUE,743272.51,2025-09-11,2025-09-11,2025-09-20,2025-09-20
USR_91B2FB3B,TRUE,309605.1,2025-08-11,2025-08-11,2025-08-20,2025-08-20
USR_389FE353,TRUE,552130.51,2025-12-11,2025-12-11,2025-12-20,2025-12-20
USR_389FE353,TRUE,852105.99,2025-12-11,2025-12-11,2025-12-20,2025-12-20
USR_389FE353,TRUE,276975.34,2025-11-11,2025-11-11,2025-11-20,2025-11-20
USR_389FE353,TRUE,680697.83,2025-10-11,2025-10-11,2025-10-20,2025-10-20
USR_389FE353,TRUE,929101.48,2025-09-11,2025-09-11,2025-09-20,2025-09-20
USR_389FE353,TRUE,246622.19,2025-08-11,2025-08-11,2025-08-20,2025-08-20
USR_06456A7C,TRUE,549529.62,2025-12-11,2025-12-11,2025-12-20,2025-12-20
USR_06456A7C,TRUE,879245.48,2025-12-11,2025-12-11,2025-12-20,2025-12-20
USR_06456A7C,TRUE,722921.42,2025-11-11,2025-11-11,2025-11-20,2025-11-20
USR_06456A7C,TRUE,478390.76,2025-10-11,2025-10-11,2025-10-20,2025-10-20
USR_06456A7C,TRUE,227868.56,2025-09-11,2025-09-11,2025-09-20,2025-09-20
USR_06456A7C,TRUE,545675.09,2025-08-11,2025-08-11,2025-08-20,2025-08-20
USR_73202446,TRUE,172506.94,2025-12-11,2025-12-11,2025-12-20,2025-12-20
USR_73202446,TRUE,899349.66,2025-12-11,2025-12-11,2025-12-20,2025-12-20
USR_73202446,TRUE,853249.43,2025-11-11,2025-11-11,2025-11-20,2025-11-20
USR_73202446,TRUE,468801.53,2025-10-11,2025-10-11,2025-10-20,2025-10-20
USR_73202446,TRUE,320299.28,2025-09-11,2025-09-11,2025-09-20,2025-09-20
USR_73202446,TRUE,843845.23,2025-08-11,2025-08-11,2025-08-20,2025-08-20
USR_4DDE7EFE,TRUE,259793.34,2025-12-11,2025-12-11,2025-12-20,2025-12-20
USR_4DDE7EFE,TRUE,754712.28,2025-12-11,2025-12-11,2025-12-20,2025-12-20
USR_4DDE7EFE,TRUE,159198.22,2025-11-11,2025-11-11,2025-11-20,2025-11-20
USR_4DDE7EFE,TRUE,881799.8,2025-10-11,2025-10-11,2025-10-20,2025-10-20
USR_4DDE7EFE,TRUE,768424.81,2025-09-11,2025-09-11,2025-09-20,2025-09-20
USR_4DDE7EFE,TRUE,940295.39,2025-08-11,2025-08-11,2025-08-20,2025-08-20
USR_48DEBF7B,TRUE,195675.42,2025-12-11,2025-12-11,2025-12-20,2025-12-20
USR_48DEBF7B,TRUE,355803.79,2025-12-11,2025-12-11,2025-12-20,2025-12-20
USR_48DEBF7B,TRUE,809081.15,2025-11-11,2025-11-11,2025-11-20,2025-11-20
USR_48DEBF7B,TRUE,743644.96,2025-10-11,2025-10-11,2025-10-20,2025-10-20
USR_48DEBF7B,TRUE,386746.0,2025-09-11,2025-09-11,2025-09-20,2025-09-20
USR_48DEBF7B,TRUE,300524.18,2025-08-11,2025-08-11,2025-08-20,2025-08-20
USR_BE636522,TRUE,632629.94,2025-12-11,2025-12-11,2025-12-20,2025-12-20
USR_BE636522,TRUE,446373.08,2025-12-11,2025-12-11,2025-12-20,2025-12-20
USR_BE636522,TRUE,182401.08,2025-11-11,2025-11-11,2025-11-20,2025-11-20
USR_BE636522,TRUE,131500.2,2025-10-11,2025-10-11,2025-10-20,2025-10-20
USR_BE636522,TRUE,432415.82,2025-09-11,2025-09-11,2025-09-20,2025-09-20
USR_BE636522,TRUE,113247.47,2025-08-11,2025-08-11,2025-08-20,2025-08-20
USR_193A2698,TRUE,256276.56,2025-12-11,2025-12-11,2025-12-20,2025-12-20
USR_193A2698,TRUE,929391.1,2025-12-11,2025-12-11,2025-12-20,2025-12-20
USR_193A2698,TRUE,146961.32,2025-11-11,2025-11-11,2025-11-20,2025-11-20
USR_193A2698,TRUE,516867.12,2025-10-11,2025-10-11,2025-10-20,2025-10-20
USR_193A2698,TRUE,578076.04,2025-09-11,2025-09-11,2025-09-20,2025-09-20
USR_193A2698,TRUE,478282.44,2025-08-11,2025-08-11,2025-08-20,2025-08-20
USR_5779F0BD,FALSE,981795.35,2025-12-11,2025-12-18,2025-12-20,2026-01-15
USR_5779F0BD,FALSE,375585.97,2025-12-11,2025-12-21,2025-12-20,2026-01-05
USR_5779F0BD,FALSE,498209.47,2025-11-11,2025-11-23,2025-11-20,2025-12-19
USR_5779F0BD,FALSE,111187.46,2025-10-11,2025-10-18,2025-10-20,2025-10-25
USR_5779F0BD,FALSE,914808.89,2025-09-11,2025-09-20,2025-09-20,2025-09-26
USR_5779F0BD,FALSE,685401.12,2025-08-11,2025-08-21,2025-08-20,2025-08-21
USR_C1C366C6,TRUE,617399.94,2025-12-11,2025-12-11,2025-12-20,2025-12-20
USR_C1C366C6,TRUE,718557.77,2025-12-11,2025-12-11,2025-12-20,2025-12-20
USR_C1C366C6,TRUE,655496.08,2025-11-11,2025-11-11,2025-11-20,2025-11-20
USR_C1C366C6,TRUE,145431.58,2025-10-11,2025-10-11,2025-10-20,2025-10-20
USR_C1C366C6,TRUE,737304.8,2025-09-11,2025-09-11,2025-09-20,2025-09-20
USR_C1C366C6,TRUE,276600.11,2025-08-11,2025-08-11,2025-08-20,2025-08-20
USR_1E0736AF,TRUE,510050.31,2025-12-11,2025-12-11,2025-12-20,2025-12-20
USR_1E0736AF,TRUE,877959.94,2025-12-11,2025-12-11,2025-12-20,2025-12-20
USR_1E0736AF,TRUE,457320.86,2025-11-11,2025-11-11,2025-11-20,2025-11-20
USR_1E0736AF,TRUE,788584.28,2025-10-11,2025-10-11,2025-10-20,2025-10-20
USR_1E0736AF,TRUE,780627.92,2025-09-11,2025-09-11,2025-09-20,2025-09-20
USR_1E0736AF,TRUE,953785.09,2025-08-11,2025-08-11,2025-08-20,2025-08-20
USR_09A266B3,TRUE,574116.12,2025-12-11,2025-12-11,2025-12-20,2025-12-20
USR_09A266B3,TRUE,505408.15,2025-12-11,2025-12-11,2025-12-20,2025-12-20
USR_09A266B3,TRUE,729821.98,2025-11-11,2025-11-11,2025-11-20,2025-11-20
USR_09A266B3,TRUE,776485.7,2025-10-11,2025-10-11,2025-10-20,2025-10-20
USR_09A266B3,TRUE,470463.05,2025-09-11,2025-09-11,2025-09-20,2025-09-20
USR_09A266B3,TRUE,433846.33,2025-08-11,2025-08-11,2025-08-20,2025-08-20
USR_E62BEE94,TRUE,678797.76,2025-12-11,2025-12-11,2025-12-20,2025-12-20
USR_E62BEE94,TRUE,460070.74,2025-12-11,2025-12-11,2025-12-20,2025-12-20
USR_E62BEE94,TRUE,150772.92,2025-11-11,2025-11-11,2025-11-20,2025-11-20
USR_E62BEE94,TRUE,942801.64,2025-10-11,2025-10-11,2025-10-20,2025-10-20
USR_E62BEE94,TRUE,806996.3,2025-09-11,2025-09-11,2025-09-20,2025-09-20
USR_E62BEE94,TRUE,134605.84,2025-08-11,2025-08-11,2025-08-20,2025-08-20
USR_63F2DAAB,TRUE,538563.98,2025-12-11,2025-12-11,2025-12-20,2025-12-20
USR_63F2DAAB,TRUE,102071.09,2025-12-11,2025-12-11,2025-12-20,2025-12-20
USR_63F2DAAB,TRUE,172836.11,2025-11-11,2025-11-11,2025-11-20,2025-11-20
USR_63F2DAAB,TRUE,430520.85,2025-10-11,2025-10-11,2025-10-20,2025-10-20
USR_63F2DAAB,TRUE,336198.86,2025-09-11,2025-09-11,2025-09-20,2025-09-20
USR_63F2DAAB,TRUE,228489.52,2025-08-11,2025-08-11,2025-08-20,2025-08-20
USR_AD3C664B,TRUE,238108.75,2025-12-11,2025-12-11,2025-12-20,2025-12-20
USR_AD3C664B,TRUE,869151.31,2025-12-11,2025-12-11,2025-12-20,2025-12-20
USR_AD3C664B,TRUE,485212.02,2025-11-11,2025-11-11,2025-11-20,2025-11-20
USR_AD3C664B,TRUE,956005.67,2025-10-11,2025-10-11,2025-10-20,2025-10-20
USR_AD3C664B,TRUE,893828.89,2025-09-11,2025-09-11,2025-09-20,2025-09-20
USR_AD3C664B,TRUE,940294.39,2025-08-11,2025-08-11,2025-08-20,2025-08-20
USR_0EF48400,FALSE,214621.13,2025-12-11,2025-12-21,2025-12-20,2026-01-05
USR_0EF48400,FALSE,342724.56,2025-12-11,2025-12-28,2025-12-20,2026-01-04
USR_0EF48400,FALSE,244640.0,2025-11-11,2025-12-03,2025-11-20,2025-12-17
USR_0EF48400,FALSE,399672.27,2025-10-11,2025-10-28,2025-10-20,2025-11-08
USR_0EF48400,FALSE,458179.03,2025-09-11,2025-09-30,2025-09-20,2025-10-10
USR_0EF48400,FALSE,705577.89,2025-08-11,2025-08-25,2025-08-20,2025-08-31
USR_87E9DC44,TRUE,828599.96,2025-12-11,2025-12-11,2025-12-20,2025-12-20
USR_87E9DC44,TRUE,375585.58,2025-12-11,2025-12-11,2025-12-20,2025-12-20
USR_87E9DC44,TRUE,963232.99,2025-11-11,2025-11-11,2025-11-20,2025-11-20
USR_87E9DC44,TRUE,488697.65,2025-10-11,2025-10-11,2025-10-20,2025-10-20
USR_87E9DC44,TRUE,633153.85,2025-09-11,2025-09-11,2025-09-20,2025-09-20
USR_87E9DC44,TRUE,458335.66,2025-08-11,2025-08-11,2025-08-20,2025-08-20
USR_44419DFD,TRUE,510061.08,2025-12-11,2025-12-11,2025-12-20,2025-12-20
USR_44419DFD,TRUE,349898.98,2025-12-11,2025-12-11,2025-12-20,2025-12-20
USR_44419DFD,TRUE,147969.75,2025-11-11,2025-11-11,2025-11-20,2025-11-20
USR_44419DFD,TRUE,437283.24,2025-10-11,2025-10-11,2025-10-20,2025-10-20
USR_44419DFD,TRUE,562888.12,2025-09-11,2025-09-11,2025-09-20,2025-09-20
USR_44419DFD,TRUE,529093.43,2025-08-11,2025-08-11,2025-08-20,2025-08-20
USR_28CEBE29,TRUE,812426.11,2025-12-11,2025-12-11,2025-12-20,2025-12-20
USR_28CEBE29,TRUE,688273.76,2025-12-11,2025-12-11,2025-12-20,2025-12-20
USR_28CEBE29,TRUE,674465.51,2025-11-11,2025-11-11,2025-11-20,2025-11-20
USR_28CEBE29,TRUE,955150.59,2025-10-11,2025-10-11,2025-10-20,2025-10-20
USR_28CEBE29,TRUE,219555.81,2025-09-11,2025-09-11,2025-09-20,2025-09-20
USR_28CEBE29,TRUE,234581.88,2025-08-11,2025-08-11,2025-08-20,2025-08-20
USR_C9162B26,TRUE,993120.7,2025-12-11,2025-12-11,2025-12-20,2025-12-20
USR_C9162B26,TRUE,450725.94,2025-12-11,2025-12-11,2025-12-20,2025-12-20
USR_C9162B26,TRUE,913864.88,2025-11-11,2025-11-11,2025-11-20,2025-11-20
USR_C9162B26,TRUE,961261.35,2025-10-11,2025-10-11,2025-10-20,2025-10-20
USR_C9162B26,TRUE,209730.73,2025-09-11,2025-09-11,2025-09-20,2025-09-20
USR_C9162B26,TRUE,193423.92,2025-08-11,2025-08-11,2025-08-20,2025-08-20
USR_49A13414,FALSE,766995.67,2025-12-11,2026-01-01,2025-12-20,2026-01-02
USR_49A13414,FALSE,292689.72,2025-12-11,2025-12-23,2025-12-20,2026-01-01
USR_49A13414,FALSE,582204.85,2025-11-11,2025-12-04,2025-11-20,2025-11-24
USR_49A13414,FALSE,533270.87,2025-10-11,2025-10-18,2025-10-20,2025-11-12
USR_49A13414,FALSE,708125.69,2025-09-11,2025-09-24,2025-09-20,2025-10-01
USR_49A13414,FALSE,646041.78,2025-08-11,2025-09-10,2025-08-20,2025-09-17
USR_A4C1AE51,TRUE,203841.99,2025-12-11,2025-12-11,2025-12-20,2025-12-20
USR_A4C1AE51,TRUE,135677.45,2025-12-11,2025-12-11,2025-12-20,2025-12-20
USR_A4C1AE51,TRUE,555708.58,2025-11-11,2025-11-11,2025-11-20,2025-11-20
USR_A4C1AE51,TRUE,713550.89,2025-10-11,2025-10-11,2025-10-20,2025-10-20
USR_A4C1AE51,TRUE,509178.41,2025-09-11,2025-09-11,2025-09-20,2025-09-20
USR_A4C1AE51,TRUE,292178.58,2025-08-11,2025-08-11,2025-08-20,2025-08-20
USR_76D09AA9,FALSE,599138.78,2025-12-11,2026-01-01,2025-12-20,2026-01-14
USR_76D09AA9,FALSE,389938.95,2025-12-11,2026-01-04,2025-12-20,2025-12-27
USR_76D09AA9,FALSE,153849.42,2025-11-11,2025-12-08,2025-11-20,2025-11-27
USR_76D09AA9,FALSE,518515.36,2025-10-11,2025-11-05,2025-10-20,2025-11-14
USR_76D09AA9,FALSE,634919.85,2025-09-11,2025-10-11,2025-09-20,2025-10-11
USR_76D09AA9,FALSE,168900.71,2025-08-11,2025-08-16,2025-08-20,2025-08-21
USR_48A40104,TRUE,933990.74,2025-12-11,2025-12-11,2025-12-20,2025-12-20
USR_48A40104,TRUE,622356.8,2025-12-11,2025-12-11,2025-12-20,2025-12-20
USR_48A40104,TRUE,279463.7,2025-11-11,2025-11-11,2025-11-20,2025-11-20
USR_48A40104,TRUE,696470.61,2025-10-11,2025-10-11,2025-10-20,2025-10-20
USR_48A40104,TRUE,677952.12,2025-09-11,2025-09-11,2025-09-20,2025-09-20
USR_48A40104,TRUE,883009.23,2025-08-11,2025-08-11,2025-08-20,2025-08-20
USR_D81F3698,TRUE,625028.68,2025-12-11,2025-12-11,2025-12-20,2025-12-20
USR_D81F3698,TRUE,280525.82,2025-12-11,2025-12-11,2025-12-20,2025-12-20
USR_D81F3698,TRUE,654935.55,2025-11-11,2025-11-11,2025-11-20,2025-11-20
USR_D81F3698,TRUE,890960.39,2025-10-11,2025-10-11,2025-10-20,2025-10-20
USR_D81F3698,TRUE,332079.1,2025-09-11,2025-09-11,2025-09-20,2025-09-20
USR_D81F3698,TRUE,451834.32,2025-08-11,2025-08-11,2025-08-20,2025-08-20
USR_94A34FA9,TRUE,570392.26,2025-12-11,2025-12-11,2025-12-20,2025-12-20
USR_94A34FA9,TRUE,276241.83,2025-12-11,2025-12-11,2025-12-20,2025-12-20
USR_94A34FA9,TRUE,240257.38,2025-11-11,2025-11-11,2025-11-20,2025-11-20
USR_94A34FA9,TRUE,538089.53,2025-10-11,2025-10-11,2025-10-20,2025-10-20
USR_94A34FA9,TRUE,934721.1,2025-09-11,2025-09-11,2025-09-20,2025-09-20
USR_94A34FA9,TRUE,121799.08,2025-08-11,2025-08-11,2025-08-20,2025-08-20
USR_98B50A2E,TRUE,683834.85,2025-12-11,2025-12-11,2025-12-20,2025-12-20
USR_98B50A2E,TRUE,203040.48,2025-12-11,2025-12-11,2025-12-20,2025-12-20
USR_98B50A2E,TRUE,556293.74,2025-11-11,2025-11-11,2025-11-20,2025-11-20
USR_98B50A2E,TRUE,635190.91,2025-10-11,2025-10-11,2025-10-20,2025-10-20
USR_98B50A2E,TRUE,472517.57,2025-09-11,2025-09-11,2025-09-20,2025-09-20
USR_98B50A2E,TRUE,541940.46,2025-08-11,2025-08-11,2025-08-20,2025-08-20
USR_2D21A11A,TRUE,469439.12,2025-12-11,2025-12-11,2025-12-20,2025-12-20
USR_2D21A11A,TRUE,695091.88,2025-12-11,2025-12-11,2025-12-20,2025-12-20
USR_2D21A11A,TRUE,596842.96,2025-11-11,2025-11-11,2025-11-20,2025-11-20
USR_2D21A11A,TRUE,760836.37,2025-10-11,2025-10-11,2025-10-20,2025-10-20
USR_2D21A11A,TRUE,442003.59,2025-09-11,2025-09-11,2025-09-20,2025-09-20
USR_2D21A11A,TRUE,212806.66,2025-08-11,2025-08-11,2025-08-20,2025-08-20
USR_E71D8872,TRUE,910611.73,2025-12-11,2025-12-11,2025-12-20,2025-12-20
USR_E71D8872,TRUE,819327.51,2025-12-11,2025-12-11,2025-12-20,2025-12-20
USR_E71D8872,TRUE,596578.73,2025-11-11,2025-11-11,2025-11-20,2025-11-20
USR_E71D8872,TRUE,620517.6,2025-10-11,2025-10-11,2025-10-20,2025-10-20
USR_E71D8872,TRUE,168862.19,2025-09-11,2025-09-11,2025-09-20,2025-09-20
USR_E71D8872,TRUE,887553.49,2025-08-11,2025-08-11,2025-08-20,2025-08-20
USR_9F286E9D,TRUE,292331.02,2025-12-11,2025-12-11,2025-12-20,2025-12-20
USR_9F286E9D,TRUE,427435.56,2025-12-11,2025-12-11,2025-12-20,2025-12-20
USR_9F286E9D,TRUE,146989.79,2025-11-11,2025-11-11,2025-11-20,2025-11-20
USR_9F286E9D,TRUE,347290.23,2025-10-11,2025-10-11,2025-10-20,2025-10-20
USR_9F286E9D,TRUE,335741.82,2025-09-11,2025-09-11,2025-09-20,2025-09-20
USR_9F286E9D,TRUE,873626.02,2025-08-11,2025-08-11,2025-08-20,2025-08-20
USR_D460D86B,TRUE,949846.08,2025-12-11,2025-12-11,2025-12-20,2025-12-20
USR_D460D86B,TRUE,425222.3,2025-12-11,2025-12-11,2025-12-20,2025-12-20
USR_D460D86B,TRUE,267416.68,2025-11-11,2025-11-11,2025-11-20,2025-11-20
USR_D460D86B,TRUE,341857.27,2025-10-11,2025-10-11,2025-10-20,2025-10-20
USR_D460D86B,TRUE,885783.12,2025-09-11,2025-09-11,2025-09-20,2025-09-20
USR_D460D86B,TRUE,116681.64,2025-08-11,2025-08-11,2025-08-20,2025-08-20
USR_1DA9486D,TRUE,226452.74,2025-12-11,2025-12-11,2025-12-20,2025-12-20
USR_1DA9486D,TRUE,510302.69,2025-12-11,2025-12-11,2025-12-20,2025-12-20
USR_1DA9486D,TRUE,970029.57,2025-11-11,2025-11-11,2025-11-20,2025-11-20
USR_1DA9486D,TRUE,197984.81,2025-10-11,2025-10-11,2025-10-20,2025-10-20
USR_1DA9486D,TRUE,729119.97,2025-09-11,2025-09-11,2025-09-20,2025-09-20
USR_1DA9486D,TRUE,724566.21,2025-08-11,2025-08-11,2025-08-20,2025-08-20
USR_38D07B46,FALSE,229135.84,2025-12-11,2025-12-21,2025-12-20,2025-12-27
USR_38D07B46,FALSE,658329.72,2025-12-11,2025-12-21,2025-12-20,2026-01-09
USR_38D07B46,FALSE,981298.76,2025-11-11,2025-11-27,2025-11-20,2025-12-10
USR_38D07B46,FALSE,711767.63,2025-10-11,2025-10-28,2025-10-20,2025-11-07
USR_38D07B46,FALSE,974698.3,2025-09-11,2025-10-02,2025-09-20,2025-10-14
USR_38D07B46,FALSE,371106.17,2025-08-11,2025-08-12,2025-08-20,2025-09-17
USR_DFD7306F,TRUE,756801.36,2025-12-11,2025-12-11,2025-12-20,2025-12-20
USR_DFD7306F,TRUE,714227.95,2025-12-11,2025-12-11,2025-12-20,2025-12-20
USR_DFD7306F,TRUE,749110.6,2025-11-11,2025-11-11,2025-11-20,2025-11-20
USR_DFD7306F,TRUE,437638.73,2025-10-11,2025-10-11,2025-10-20,2025-10-20
USR_DFD7306F,TRUE,860078.12,2025-09-11,2025-09-11,2025-09-20,2025-09-20
USR_DFD7306F,TRUE,446070.38,2025-08-11,2025-08-11,2025-08-20,2025-08-20
USR_7539ABE6,TRUE,790995.91,2025-12-11,2025-12-11,2025-12-20,2025-12-20
USR_7539ABE6,TRUE,185005.88,2025-12-11,2025-12-11,2025-12-20,2025-12-20
USR_7539ABE6,TRUE,438870.67,2025-11-11,2025-11-11,2025-11-20,2025-11-20
USR_7539ABE6,TRUE,896473.08,2025-10-11,2025-10-11,2025-10-20,2025-10-20
USR_7539ABE6,TRUE,975075.68,2025-09-11,2025-09-11,2025-09-20,2025-09-20
USR_7539ABE6,TRUE,576277.96,2025-08-11,2025-08-11,2025-08-20,2025-08-20
USR_5E9AE39E,TRUE,472154.61,2025-12-11,2025-12-11,2025-12-20,2025-12-20
USR_5E9AE39E,TRUE,369226.1,2025-12-11,2025-12-11,2025-12-20,2025-12-20
USR_5E9AE39E,TRUE,210568.75,2025-11-11,2025-11-11,2025-11-20,2025-11-20
USR_5E9AE39E,TRUE,117102.96,2025-10-11,2025-10-11,2025-10-20,2025-10-20
USR_5E9AE39E,TRUE,268304.66,2025-09-11,2025-09-11,2025-09-20,2025-09-20
USR_5E9AE39E,TRUE,432102.85,2025-08-11,2025-08-11,2025-08-20,2025-08-20
USR_C4FD9BDC,TRUE,597626.48,2025-12-11,2025-12-11,2025-12-20,2025-12-20
USR_C4FD9BDC,TRUE,215368.03,2025-12-11,2025-12-11,2025-12-20,2025-12-20
USR_C4FD9BDC,TRUE,415411.63,2025-11-11,2025-11-11,2025-11-20,2025-11-20
USR_C4FD9BDC,TRUE,691704.43,2025-10-11,2025-10-11,2025-10-20,2025-10-20
USR_C4FD9BDC,TRUE,221566.74,2025-09-11,2025-09-11,2025-09-20,2025-09-20
USR_C4FD9BDC,TRUE,160145.19,2025-08-11,2025-08-11,2025-08-20,2025-08-20
USR_99F0F345,TRUE,432813.99,2025-12-11,2025-12-11,2025-12-20,2025-12-20
USR_99F0F345,TRUE,797556.83,2025-12-11,2025-12-11,2025-12-20,2025-12-20
USR_99F0F345,TRUE,118570.24,2025-11-11,2025-11-11,2025-11-20,2025-11-20
USR_99F0F345,TRUE,969553.97,2025-10-11,2025-10-11,2025-10-20,2025-10-20
USR_99F0F345,TRUE,117137.01,2025-09-11,2025-09-11,2025-09-20,2025-09-20
USR_99F0F345,TRUE,541773.0,2025-08-11,2025-08-11,2025-08-20,2025-08-20
USR_DAC2D92F,TRUE,776205.39,2025-12-11,2025-12-11,2025-12-20,2025-12-20
USR_DAC2D92F,TRUE,624375.93,2025-12-11,2025-12-11,2025-12-20,2025-12-20
USR_DAC2D92F,TRUE,399464.6,2025-11-11,2025-11-11,2025-11-20,2025-11-20
USR_DAC2D92F,TRUE,515406.27,2025-10-11,2025-10-11,2025-10-20,2025-10-20
USR_DAC2D92F,TRUE,355846.32,2025-09-11,2025-09-11,2025-09-20,2025-09-20
USR_DAC2D92F,TRUE,324435.71,2025-08-11,2025-08-11,2025-08-20,2025-08-20
USR_195A9B11,TRUE,553473.85,2025-12-11,2025-12-11,2025-12-20,2025-12-20
USR_195A9B11,TRUE,107538.61,2025-12-11,2025-12-11,2025-12-20,2025-12-20
USR_195A9B11,TRUE,345983.99,2025-11-11,2025-11-11,2025-11-20,2025-11-20
USR_195A9B11,TRUE,286084.71,2025-10-11,2025-10-11,2025-10-20,2025-10-20
USR_195A9B11,TRUE,388003.17,2025-09-11,2025-09-11,2025-09-20,2025-09-20
USR_195A9B11,TRUE,882577.19,2025-08-11,2025-08-11,2025-08-20,2025-08-20
USR_6EB8598D,TRUE,931293.41,2025-12-11,2025-12-11,2025-12-20,2025-12-20
USR_6EB8598D,TRUE,252708.67,2025-12-11,2025-12-11,2025-12-20,2025-12-20
USR_6EB8598D,TRUE,925457.35,2025-11-11,2025-11-11,2025-11-20,2025-11-20
USR_6EB8598D,TRUE,801244.65,2025-10-11,2025-10-11,2025-10-20,2025-10-20
USR_6EB8598D,TRUE,183562.03,2025-09-11,2025-09-11,2025-09-20,2025-09-20
USR_6EB8598D,TRUE,621825.69,2025-08-11,2025-08-11,2025-08-20,2025-08-20
USR_24E0C6AB,FALSE,932077.35,2025-12-11,2026-01-02,2025-12-20,2026-01-01
USR_24E0C6AB,FALSE,445727.92,2025-12-11,2025-12-21,2025-12-20,2026-01-17
USR_24E0C6AB,FALSE,365470.56,2025-11-11,2025-11-17,2025-11-20,2025-11-24
USR_24E0C6AB,FALSE,995075.47,2025-10-11,2025-10-13,2025-10-20,2025-11-02
USR_24E0C6AB,FALSE,192758.32,2025-09-11,2025-09-30,2025-09-20,2025-10-19
USR_24E0C6AB,FALSE,837128.91,2025-08-11,2025-09-09,2025-08-20,2025-08-22
USR_64BE2E7B,TRUE,335205.57,2025-12-11,2025-12-11,2025-12-20,2025-12-20
USR_64BE2E7B,TRUE,864559.8,2025-12-11,2025-12-11,2025-12-20,2025-12-20
USR_64BE2E7B,TRUE,928938.52,2025-11-11,2025-11-11,2025-11-20,2025-11-20
USR_64BE2E7B,TRUE,636190.44,2025-10-11,2025-10-11,2025-10-20,2025-10-20
USR_64BE2E7B,TRUE,151839.57,2025-09-11,2025-09-11,2025-09-20,2025-09-20
USR_64BE2E7B,TRUE,349948.71,2025-08-11,2025-08-11,2025-08-20,2025-08-20
USR_0E959A9F,TRUE,169752.67,2025-12-11,2025-12-11,2025-12-20,2025-12-20
USR_0E959A9F,TRUE,932963.19,2025-12-11,2025-12-11,2025-12-20,2025-12-20
USR_0E959A9F,TRUE,190649.43,2025-11-11,2025-11-11,2025-11-20,2025-11-20
USR_0E959A9F,TRUE,106331.88,2025-10-11,2025-10-11,2025-10-20,2025-10-20
USR_0E959A9F,TRUE,356347.46,2025-09-11,2025-09-11,2025-09-20,2025-09-20
USR_0E959A9F,TRUE,534564.25,2025-08-11,2025-08-11,2025-08-20,2025-08-20
USR_1B58F5BA,TRUE,276985.29,2025-12-11,2025-12-11,2025-12-20,2025-12-20
USR_1B58F5BA,TRUE,678808.21,2025-12-11,2025-12-11,2025-12-20,2025-12-20
USR_1B58F5BA,TRUE,943219.24,2025-11-11,2025-11-11,2025-11-20,2025-11-20
USR_1B58F5BA,TRUE,425535.08,2025-10-11,2025-10-11,2025-10-20,2025-10-20
USR_1B58F5BA,TRUE,270004.62,2025-09-11,2025-09-11,2025-09-20,2025-09-20
USR_1B58F5BA,TRUE,383101.88,2025-08-11,2025-08-11,2025-08-20,2025-08-20
USR_44DB4931,TRUE,559255.05,2025-12-11,2025-12-11,2025-12-20,2025-12-20
USR_44DB4931,TRUE,684906.07,2025-12-11,2025-12-11,2025-12-20,2025-12-20
USR_44DB4931,TRUE,970508.93,2025-11-11,2025-11-11,2025-11-20,2025-11-20
USR_44DB4931,TRUE,334838.6,2025-10-11,2025-10-11,2025-10-20,2025-10-20
USR_44DB4931,TRUE,582442.74,2025-09-11,2025-09-11,2025-09-20,2025-09-20
USR_44DB4931,TRUE,591779.83,2025-08-11,2025-08-11,2025-08-20,2025-08-20
USR_C723B245,TRUE,329875.89,2025-12-11,2025-12-11,2025-12-20,2025-12-20
USR_C723B245,TRUE,295113.58,2025-12-11,2025-12-11,2025-12-20,2025-12-20
USR_C723B245,TRUE,254967.66,2025-11-11,2025-11-11,2025-11-20,2025-11-20
USR_C723B245,TRUE,918928.81,2025-10-11,2025-10-11,2025-10-20,2025-10-20
USR_C723B245,TRUE,361716.8,2025-09-11,2025-09-11,2025-09-20,2025-09-20
USR_C723B245,TRUE,736278.15,2025-08-11,2025-08-11,2025-08-20,2025-08-20
USR_EEAC4666,TRUE,325791.99,2025-12-11,2025-12-11,2025-12-20,2025-12-20
USR_EEAC4666,TRUE,935085.46,2025-12-11,2025-12-11,2025-12-20,2025-12-20
USR_EEAC4666,TRUE,786615.35,2025-11-11,2025-11-11,2025-11-20,2025-11-20
USR_EEAC4666,TRUE,395111.02,2025-10-11,2025-10-11,2025-10-20,2025-10-20
USR_EEAC4666,TRUE,370303.2,2025-09-11,2025-09-11,2025-09-20,2025-09-20
USR_EEAC4666,TRUE,934687.94,2025-08-11,2025-08-11,2025-08-20,2025-08-20
USR_04205C68,TRUE,829235.42,2025-12-11,2025-12-11,2025-12-20,2025-12-20
USR_04205C68,TRUE,783325.92,2025-12-11,2025-12-11,2025-12-20,2025-12-20
USR_04205C68,TRUE,264510.27,2025-11-11,2025-11-11,2025-11-20,2025-11-20
USR_04205C68,TRUE,671190.51,2025-10-11,2025-10-11,2025-10-20,2025-10-20
USR_04205C68,TRUE,461917.08,2025-09-11,2025-09-11,2025-09-20,2025-09-20
USR_04205C68,TRUE,157820.58,2025-08-11,2025-08-11,2025-08-20,2025-08-20
USR_0651FB12,TRUE,687612.87,2025-12-11,2025-12-11,2025-12-20,2025-12-20
USR_0651FB12,TRUE,345238.22,2025-12-11,2025-12-11,2025-12-20,2025-12-20
USR_0651FB12,TRUE,338069.66,2025-11-11,2025-11-11,2025-11-20,2025-11-20
USR_0651FB12,TRUE,332654.38,2025-10-11,2025-10-11,2025-10-20,2025-10-20
USR_0651FB12,TRUE,597598.92,2025-09-11,2025-09-11,2025-09-20,2025-09-20
USR_0651FB12,TRUE,673790.02,2025-08-11,2025-08-11,2025-08-20,2025-08-20
USR_2CBF640A,TRUE,935875.53,2025-12-11,2025-12-11,2025-12-20,2025-12-20
USR_2CBF640A,TRUE,315797.25,2025-12-11,2025-12-11,2025-12-20,2025-12-20
USR_2CBF640A,TRUE,977075.69,2025-11-11,2025-11-11,2025-11-20,2025-11-20
USR_2CBF640A,TRUE,136748.08,2025-10-11,2025-10-11,2025-10-20,2025-10-20
USR_2CBF640A,TRUE,307201.07,2025-09-11,2025-09-11,2025-09-20,2025-09-20
USR_2CBF640A,TRUE,907923.09,2025-08-11,2025-08-11,2025-08-20,2025-08-20
USR_C57B5A29,TRUE,846756.9,2025-12-11,2025-12-11,2025-12-20,2025-12-20
USR_C57B5A29,TRUE,506004.42,2025-12-11,2025-12-11,2025-12-20,2025-12-20
USR_C57B5A29,TRUE,512202.88,2025-11-11,2025-11-11,2025-11-20,2025-11-20
USR_C57B5A29,TRUE,497184.91,2025-10-11,2025-10-11,2025-10-20,2025-10-20
USR_C57B5A29,TRUE,254122.17,2025-09-11,2025-09-11,2025-09-20,2025-09-20
USR_C57B5A29,TRUE,691908.79,2025-08-11,2025-08-11,2025-08-20,2025-08-20
USR_016A7F6E,TRUE,342421.79,2025-12-11,2025-12-11,2025-12-20,2025-12-20
USR_016A7F6E,TRUE,439157.86,2025-12-11,2025-12-11,2025-12-20,2025-12-20
USR_016A7F6E,TRUE,378222.5,2025-11-11,2025-11-11,2025-11-20,2025-11-20
USR_016A7F6E,TRUE,462182.32,2025-10-11,2025-10-11,2025-10-20,2025-10-20
USR_016A7F6E,TRUE,352450.62,2025-09-11,2025-09-11,2025-09-20,2025-09-20
USR_016A7F6E,TRUE,337258.26,2025-08-11,2025-08-11,2025-08-20,2025-08-20
USR_156E71F1,TRUE,820920.87,2025-12-11,2025-12-11,2025-12-20,2025-12-20
USR_156E71F1,TRUE,891684.48,2025-12-11,2025-12-11,2025-12-20,2025-12-20
USR_156E71F1,TRUE,523267.57,2025-11-11,2025-11-11,2025-11-20,2025-11-20
USR_156E71F1,TRUE,168169.52,2025-10-11,2025-10-11,2025-10-20,2025-10-20
USR_156E71F1,TRUE,514895.2,2025-09-11,2025-09-11,2025-09-20,2025-09-20
USR_156E71F1,TRUE,664361.62,2025-08-11,2025-08-11,2025-08-20,2025-08-20
USR_DB3CE2FE,TRUE,284123.42,2025-12-11,2025-12-11,2025-12-20,2025-12-20
USR_DB3CE2FE,TRUE,221982.1,2025-12-11,2025-12-11,2025-12-20,2025-12-20
USR_DB3CE2FE,TRUE,944018.93,2025-11-11,2025-11-11,2025-11-20,2025-11-20
USR_DB3CE2FE,TRUE,111980.14,2025-10-11,2025-10-11,2025-10-20,2025-10-20
USR_DB3CE2FE,TRUE,996062.79,2025-09-11,2025-09-11,2025-09-20,2025-09-20
USR_DB3CE2FE,TRUE,882905.1,2025-08-11,2025-08-11,2025-08-20,2025-08-20
USR_10F185E1,FALSE,214694.84,2025-12-11,2026-01-03,2025-12-20,2025-12-31
USR_10F185E1,FALSE,311541.17,2025-12-11,2025-12-28,2025-12-20,2026-01-04
USR_10F185E1,FALSE,653357.14,2025-11-11,2025-11-22,2025-11-20,2025-12-19
USR_10F185E1,FALSE,420987.08,2025-10-11,2025-10-16,2025-10-20,2025-11-15
USR_10F185E1,FALSE,906219.26,2025-09-11,2025-10-04,2025-09-20,2025-10-04
USR_10F185E1,FALSE,670346.02,2025-08-11,2025-08-12,2025-08-20,2025-08-31
USR_17B2A1E3,TRUE,845503.6,2025-12-11,2025-12-11,2025-12-20,2025-12-20
USR_17B2A1E3,TRUE,150804.94,2025-12-11,2025-12-11,2025-12-20,2025-12-20
USR_17B2A1E3,TRUE,837575.15,2025-11-11,2025-11-11,2025-11-20,2025-11-20
USR_17B2A1E3,TRUE,135572.55,2025-10-11,2025-10-11,2025-10-20,2025-10-20
USR_17B2A1E3,TRUE,739471.93,2025-09-11,2025-09-11,2025-09-20,2025-09-20
USR_17B2A1E3,TRUE,762099.73,2025-08-11,2025-08-11,2025-08-20,2025-08-20
USR_64D3EDE6,TRUE,163938.67,2025-12-11,2025-12-11,2025-12-20,2025-12-20
USR_64D3EDE6,TRUE,559805.05,2025-12-11,2025-12-11,2025-12-20,2025-12-20
USR_64D3EDE6,TRUE,225659.42,2025-11-11,2025-11-11,2025-11-20,2025-11-20
USR_64D3EDE6,TRUE,723797.32,2025-10-11,2025-10-11,2025-10-20,2025-10-20
USR_64D3EDE6,TRUE,706594.78,2025-09-11,2025-09-11,2025-09-20,2025-09-20
USR_64D3EDE6,TRUE,304165.53,2025-08-11,2025-08-11,2025-08-20,2025-08-20
USR_73BEF40A,TRUE,859749.38,2025-12-11,2025-12-11,2025-12-20,2025-12-20
USR_73BEF40A,TRUE,357375.26,2025-12-11,2025-12-11,2025-12-20,2025-12-20
USR_73BEF40A,TRUE,232623.01,2025-11-11,2025-11-11,2025-11-20,2025-11-20
USR_73BEF40A,TRUE,352960.87,2025-10-11,2025-10-11,2025-10-20,2025-10-20
USR_73BEF40A,TRUE,172912.67,2025-09-11,2025-09-11,2025-09-20,2025-09-20
USR_73BEF40A,TRUE,785631.14,2025-08-11,2025-08-11,2025-08-20,2025-08-20
USR_FA10AF6D,TRUE,795776.27,2025-12-11,2025-12-11,2025-12-20,2025-12-20
USR_FA10AF6D,TRUE,658625.93,2025-12-11,2025-12-11,2025-12-20,2025-12-20
USR_FA10AF6D,TRUE,342926.89,2025-11-11,2025-11-11,2025-11-20,2025-11-20
USR_FA10AF6D,TRUE,820936.15,2025-10-11,2025-10-11,2025-10-20,2025-10-20
USR_FA10AF6D,TRUE,692346.22,2025-09-11,2025-09-11,2025-09-20,2025-09-20
USR_FA10AF6D,TRUE,425199.46,2025-08-11,2025-08-11,2025-08-20,2025-08-20
USR_6A84F567,FALSE,184988.4,2025-12-11,2025-12-19,2025-12-20,2026-01-04
USR_6A84F567,FALSE,629226.98,2025-12-11,2026-01-10,2025-12-20,2026-01-06
USR_6A84F567,FALSE,717232.8,2025-11-11,2025-11-26,2025-11-20,2025-11-22
USR_6A84F567,FALSE,737470.5,2025-10-11,2025-11-01,2025-10-20,2025-11-04
USR_6A84F567,FALSE,361454.69,2025-09-11,2025-10-04,2025-09-20,2025-10-04
USR_6A84F567,FALSE,355252.06,2025-08-11,2025-08-26,2025-08-20,2025-09-01
USR_347C46F9,TRUE,520137.14,2025-12-11,2025-12-11,2025-12-20,2025-12-20
USR_347C46F9,TRUE,294902.14,2025-12-11,2025-12-11,2025-12-20,2025-12-20
USR_347C46F9,TRUE,718118.56,2025-11-11,2025-11-11,2025-11-20,2025-11-20
USR_347C46F9,TRUE,349250.89,2025-10-11,2025-10-11,2025-10-20,2025-10-20
USR_347C46F9,TRUE,341587.65,2025-09-11,2025-09-11,2025-09-20,2025-09-20
USR_347C46F9,TRUE,144081.56,2025-08-11,2025-08-11,2025-08-20,2025-08-20
USR_431160F0,FALSE,238864.28,2025-12-11,2025-12-28,2025-12-20,2026-01-02
USR_431160F0,FALSE,624904.44,2025-12-11,2026-01-06,2025-12-20,2026-01-13
USR_431160F0,FALSE,348666.43,2025-11-11,2025-11-19,2025-11-20,2025-12-11
USR_431160F0,FALSE,299034.58,2025-10-11,2025-10-30,2025-10-20,2025-10-24
USR_431160F0,FALSE,463257.49,2025-09-11,2025-09-17,2025-09-20,2025-10-14
USR_431160F0,FALSE,115269.08,2025-08-11,2025-08-29,2025-08-20,2025-09-07
USR_AB7B14D6,TRUE,371445.1,2025-12-11,2025-12-11,2025-12-20,2025-12-20
USR_AB7B14D6,TRUE,234270.58,2025-12-11,2025-12-11,2025-12-20,2025-12-20
USR_AB7B14D6,TRUE,290614.72,2025-11-11,2025-11-11,2025-11-20,2025-11-20
USR_AB7B14D6,TRUE,524509.22,2025-10-11,2025-10-11,2025-10-20,2025-10-20
USR_AB7B14D6,TRUE,688071.16,2025-09-11,2025-09-11,2025-09-20,2025-09-20
USR_AB7B14D6,TRUE,616498.26,2025-08-11,2025-08-11,2025-08-20,2025-08-20
USR_38202DEC,TRUE,679496.71,2025-12-11,2025-12-11,2025-12-20,2025-12-20
USR_38202DEC,TRUE,110216.25,2025-12-11,2025-12-11,2025-12-20,2025-12-20
USR_38202DEC,TRUE,476362.95,2025-11-11,2025-11-11,2025-11-20,2025-11-20
USR_38202DEC,TRUE,860985.32,2025-10-11,2025-10-11,2025-10-20,2025-10-20
USR_38202DEC,TRUE,384048.24,2025-09-11,2025-09-11,2025-09-20,2025-09-20
USR_38202DEC,TRUE,979544.02,2025-08-11,2025-08-11,2025-08-20,2025-08-20
USR_71F2F2A0,TRUE,868053.63,2025-12-11,2025-12-11,2025-12-20,2025-12-20
USR_71F2F2A0,TRUE,301311.53,2025-12-11,2025-12-11,2025-12-20,2025-12-20
USR_71F2F2A0,TRUE,879497.08,2025-11-11,2025-11-11,2025-11-20,2025-11-20
USR_71F2F2A0,TRUE,718686.9,2025-10-11,2025-10-11,2025-10-20,2025-10-20
USR_71F2F2A0,TRUE,932794.48,2025-09-11,2025-09-11,2025-09-20,2025-09-20
USR_71F2F2A0,TRUE,839801.73,2025-08-11,2025-08-11,2025-08-20,2025-08-20
USR_5851B614,TRUE,162299.2,2025-12-11,2025-12-11,2025-12-20,2025-12-20
USR_5851B614,TRUE,142264.07,2025-12-11,2025-12-11,2025-12-20,2025-12-20
USR_5851B614,TRUE,697570.5,2025-11-11,2025-11-11,2025-11-20,2025-11-20
USR_5851B614,TRUE,503201.82,2025-10-11,2025-10-11,2025-10-20,2025-10-20
USR_5851B614,TRUE,891460.44,2025-09-11,2025-09-11,2025-09-20,2025-09-20
USR_5851B614,TRUE,273430.08,2025-08-11,2025-08-11,2025-08-20,2025-08-20
USR_AABF8756,TRUE,241721.39,2025-12-11,2025-12-11,2025-12-20,2025-12-20
USR_AABF8756,TRUE,839055.76,2025-12-11,2025-12-11,2025-12-20,2025-12-20
USR_AABF8756,TRUE,912846.5,2025-11-11,2025-11-11,2025-11-20,2025-11-20
USR_AABF8756,TRUE,154945.04,2025-10-11,2025-10-11,2025-10-20,2025-10-20
USR_AABF8756,TRUE,224432.48,2025-09-11,2025-09-11,2025-09-20,2025-09-20
USR_AABF8756,TRUE,291091.73,2025-08-11,2025-08-11,2025-08-20,2025-08-20
USR_138E6FB2,TRUE,759523.96,2025-12-11,2025-12-11,2025-12-20,2025-12-20
USR_138E6FB2,TRUE,988946.91,2025-12-11,2025-12-11,2025-12-20,2025-12-20
USR_138E6FB2,TRUE,765898.24,2025-11-11,2025-11-11,2025-11-20,2025-11-20
USR_138E6FB2,TRUE,166845.74,2025-10-11,2025-10-11,2025-10-20,2025-10-20
USR_138E6FB2,TRUE,565187.56,2025-09-11,2025-09-11,2025-09-20,2025-09-20
USR_138E6FB2,TRUE,490279.03,2025-08-11,2025-08-11,2025-08-20,2025-08-20
USR_1ED7EAA9,TRUE,183647.06,2025-12-11,2025-12-11,2025-12-20,2025-12-20
USR_1ED7EAA9,TRUE,838889.66,2025-12-11,2025-12-11,2025-12-20,2025-12-20
USR_1ED7EAA9,TRUE,400796.25,2025-11-11,2025-11-11,2025-11-20,2025-11-20
USR_1ED7EAA9,TRUE,977466.42,2025-10-11,2025-10-11,2025-10-20,2025-10-20
USR_1ED7EAA9,TRUE,796939.8,2025-09-11,2025-09-11,2025-09-20,2025-09-20
USR_1ED7EAA9,TRUE,698046.96,2025-08-11,2025-08-11,2025-08-20,2025-08-20
USR_196A31C1,FALSE,486130.86,2025-12-11,2026-01-06,2025-12-20,2026-01-01
USR_196A31C1,FALSE,498475.32,2025-12-11,2025-12-26,2025-12-20,2025-12-23
USR_196A31C1,FALSE,597290.28,2025-11-11,2025-12-07,2025-11-20,2025-11-30
USR_196A31C1,FALSE,294330.11,2025-10-11,2025-10-30,2025-10-20,2025-11-15
USR_196A31C1,FALSE,534073.88,2025-09-11,2025-09-20,2025-09-20,2025-10-13
USR_196A31C1,FALSE,217729.12,2025-08-11,2025-08-20,2025-08-20,2025-09-03
USR_5BCF94F0,TRUE,857855.1,2025-12-11,2025-12-11,2025-12-20,2025-12-20
USR_5BCF94F0,TRUE,555586.15,2025-12-11,2025-12-11,2025-12-20,2025-12-20
USR_5BCF94F0,TRUE,746525.92,2025-11-11,2025-11-11,2025-11-20,2025-11-20
USR_5BCF94F0,TRUE,315353.86,2025-10-11,2025-10-11,2025-10-20,2025-10-20
USR_5BCF94F0,TRUE,973891.02,2025-09-11,2025-09-11,2025-09-20,2025-09-20
USR_5BCF94F0,TRUE,979501.36,2025-08-11,2025-08-11,2025-08-20,2025-08-20
USR_90D4C34D,FALSE,730563.0,2025-12-11,2025-12-21,2025-12-20,2025-12-26
USR_90D4C34D,FALSE,618599.84,2025-12-11,2025-12-28,2025-12-20,2026-01-02
USR_90D4C34D,FALSE,928883.47,2025-11-11,2025-11-15,2025-11-20,2025-11-22
USR_90D4C34D,FALSE,765314.6,2025-10-11,2025-11-01,2025-10-20,2025-11-17
USR_90D4C34D,FALSE,745022.96,2025-09-11,2025-09-13,2025-09-20,2025-10-07
USR_90D4C34D,FALSE,951910.79,2025-08-11,2025-08-14,2025-08-20,2025-09-12
USR_75222850,TRUE,990904.77,2025-12-11,2025-12-11,2025-12-20,2025-12-20
USR_75222850,TRUE,517429.15,2025-12-11,2025-12-11,2025-12-20,2025-12-20
USR_75222850,TRUE,342330.46,2025-11-11,2025-11-11,2025-11-20,2025-11-20
USR_75222850,TRUE,979337.38,2025-10-11,2025-10-11,2025-10-20,2025-10-20
USR_75222850,TRUE,319297.89,2025-09-11,2025-09-11,2025-09-20,2025-09-20
USR_75222850,TRUE,587817.74,2025-08-11,2025-08-11,2025-08-20,2025-08-20
USR_023B9D53,TRUE,351036.54,2025-12-11,2025-12-11,2025-12-20,2025-12-20
USR_023B9D53,TRUE,815869.95,2025-12-11,2025-12-11,2025-12-20,2025-12-20
USR_023B9D53,TRUE,613571.99,2025-11-11,2025-11-11,2025-11-20,2025-11-20
USR_023B9D53,TRUE,722722.34,2025-10-11,2025-10-11,2025-10-20,2025-10-20
USR_023B9D53,TRUE,908869.61,2025-09-11,2025-09-11,2025-09-20,2025-09-20
USR_023B9D53,TRUE,235901.65,2025-08-11,2025-08-11,2025-08-20,2025-08-20
USR_B53F7908,TRUE,463239.78,2025-12-11,2025-12-11,2025-12-20,2025-12-20
USR_B53F7908,TRUE,331871.7,2025-12-11,2025-12-11,2025-12-20,2025-12-20
USR_B53F7908,TRUE,416040.72,2025-11-11,2025-11-11,2025-11-20,2025-11-20
USR_B53F7908,TRUE,153204.02,2025-10-11,2025-10-11,2025-10-20,2025-10-20
USR_B53F7908,TRUE,499764.48,2025-09-11,2025-09-11,2025-09-20,2025-09-20
USR_B53F7908,TRUE,523647.2,2025-08-11,2025-08-11,2025-08-20,2025-08-20
USR_A67AD605,TRUE,829129.54,2025-12-11,2025-12-11,2025-12-20,2025-12-20
USR_A67AD605,TRUE,855191.28,2025-12-11,2025-12-11,2025-12-20,2025-12-20
USR_A67AD605,TRUE,974447.78,2025-11-11,2025-11-11,2025-11-20,2025-11-20
USR_A67AD605,TRUE,736814.1,2025-10-11,2025-10-11,2025-10-20,2025-10-20
USR_A67AD605,TRUE,860569.76,2025-09-11,2025-09-11,2025-09-20,2025-09-20
USR_A67AD605,TRUE,184285.52,2025-08-11,2025-08-11,2025-08-20,2025-08-20
USR_693DCF0B,TRUE,373145.95,2025-12-11,2025-12-11,2025-12-20,2025-12-20
USR_693DCF0B,TRUE,741628.51,2025-12-11,2025-12-11,2025-12-20,2025-12-20
USR_693DCF0B,TRUE,332675.05,2025-11-11,2025-11-11,2025-11-20,2025-11-20
USR_693DCF0B,TRUE,168195.54,2025-10-11,2025-10-11,2025-10-20,2025-10-20
USR_693DCF0B,TRUE,790829.72,2025-09-11,2025-09-11,2025-09-20,2025-09-20
USR_693DCF0B,TRUE,340933.02,2025-08-11,2025-08-11,2025-08-20,2025-08-20
USR_B549D22D,TRUE,770332.9,2025-12-11,2025-12-11,2025-12-20,2025-12-20
USR_B549D22D,TRUE,890021.33,2025-12-11,2025-12-11,2025-12-20,2025-12-20
USR_B549D22D,TRUE,822214.98,2025-11-11,2025-11-11,2025-11-20,2025-11-20
USR_B549D22D,TRUE,758988.92,2025-10-11,2025-10-11,2025-10-20,2025-10-20
USR_B549D22D,TRUE,338049.27,2025-09-11,2025-09-11,2025-09-20,2025-09-20
USR_B549D22D,TRUE,876460.05,2025-08-11,2025-08-11,2025-08-20,2025-08-20
USR_B4531EC6,TRUE,913682.18,2025-12-11,2025-12-11,2025-12-20,2025-12-20
USR_B4531EC6,TRUE,208411.62,2025-12-11,2025-12-11,2025-12-20,2025-12-20
USR_B4531EC6,TRUE,710994.92,2025-11-11,2025-11-11,2025-11-20,2025-11-20
USR_B4531EC6,TRUE,800293.36,2025-10-11,2025-10-11,2025-10-20,2025-10-20
USR_B4531EC6,TRUE,550364.94,2025-09-11,2025-09-11,2025-09-20,2025-09-20
USR_B4531EC6,TRUE,382139.06,2025-08-11,2025-08-11,2025-08-20,2025-08-20
USR_0E52C5DB,TRUE,103824.27,2025-12-11,2025-12-11,2025-12-20,2025-12-20
USR_0E52C5DB,TRUE,137558.54,2025-12-11,2025-12-11,2025-12-20,2025-12-20
USR_0E52C5DB,TRUE,229470.73,2025-11-11,2025-11-11,2025-11-20,2025-11-20
USR_0E52C5DB,TRUE,312916.22,2025-10-11,2025-10-11,2025-10-20,2025-10-20
USR_0E52C5DB,TRUE,397448.19,2025-09-11,2025-09-11,2025-09-20,2025-09-20
USR_0E52C5DB,TRUE,371883.47,2025-08-11,2025-08-11,2025-08-20,2025-08-20
USR_02BFE500,TRUE,843695.88,2025-12-11,2025-12-11,2025-12-20,2025-12-20
USR_02BFE500,TRUE,618197.29,2025-12-11,2025-12-11,2025-12-20,2025-12-20
USR_02BFE500,TRUE,466486.8,2025-11-11,2025-11-11,2025-11-20,2025-11-20
USR_02BFE500,TRUE,598208.16,2025-10-11,2025-10-11,2025-10-20,2025-10-20
USR_02BFE500,TRUE,379264.12,2025-09-11,2025-09-11,2025-09-20,2025-09-20
USR_02BFE500,TRUE,169583.87,2025-08-11,2025-08-11,2025-08-20,2025-08-20
USR_9C5FEA09,TRUE,477401.79,2025-12-11,2025-12-11,2025-12-20,2025-12-20
USR_9C5FEA09,TRUE,590217.85,2025-12-11,2025-12-11,2025-12-20,2025-12-20
USR_9C5FEA09,TRUE,707070.71,2025-11-11,2025-11-11,2025-11-20,2025-11-20
USR_9C5FEA09,TRUE,825733.63,2025-10-11,2025-10-11,2025-10-20,2025-10-20
USR_9C5FEA09,TRUE,254800.63,2025-09-11,2025-09-11,2025-09-20,2025-09-20
USR_9C5FEA09,TRUE,473972.92,2025-08-11,2025-08-11,2025-08-20,2025-08-20
USR_41779DA6,TRUE,193468.2,2025-12-11,2025-12-11,2025-12-20,2025-12-20
USR_41779DA6,TRUE,302914.22,2025-12-11,2025-12-11,2025-12-20,2025-12-20
USR_41779DA6,TRUE,130704.19,2025-11-11,2025-11-11,2025-11-20,2025-11-20
USR_41779DA6,TRUE,130451.71,2025-10-11,2025-10-11,2025-10-20,2025-10-20
USR_41779DA6,TRUE,974486.86,2025-09-11,2025-09-11,2025-09-20,2025-09-20
USR_41779DA6,TRUE,398193.23,2025-08-11,2025-08-11,2025-08-20,2025-08-20
USR_33AB4651,TRUE,982371.58,2025-12-11,2025-12-11,2025-12-20,2025-12-20
USR_33AB4651,TRUE,647357.92,2025-12-11,2025-12-11,2025-12-20,2025-12-20
USR_33AB4651,TRUE,155801.82,2025-11-11,2025-11-11,2025-11-20,2025-11-20
USR_33AB4651,TRUE,616999.58,2025-10-11,2025-10-11,2025-10-20,2025-10-20
USR_33AB4651,TRUE,493480.42,2025-09-11,2025-09-11,2025-09-20,2025-09-20
USR_33AB4651,TRUE,109970.34,2025-08-11,2025-08-11,2025-08-20,2025-08-20
USR_4F96FB57,TRUE,364442.43,2025-12-11,2025-12-11,2025-12-20,2025-12-20
USR_4F96FB57,TRUE,598429.35,2025-12-11,2025-12-11,2025-12-20,2025-12-20
USR_4F96FB57,TRUE,893446.76,2025-11-11,2025-11-11,2025-11-20,2025-11-20
USR_4F96FB57,TRUE,855581.82,2025-10-11,2025-10-11,2025-10-20,2025-10-20
USR_4F96FB57,TRUE,289910.53,2025-09-11,2025-09-11,2025-09-20,2025-09-20
USR_4F96FB57,TRUE,998062.35,2025-08-11,2025-08-11,2025-08-20,2025-08-20
USR_4FE39C87,TRUE,362554.12,2025-12-11,2025-12-11,2025-12-20,2025-12-20
USR_4FE39C87,TRUE,225141.35,2025-12-11,2025-12-11,2025-12-20,2025-12-20
USR_4FE39C87,TRUE,223564.93,2025-11-11,2025-11-11,2025-11-20,2025-11-20
USR_4FE39C87,TRUE,538328.82,2025-10-11,2025-10-11,2025-10-20,2025-10-20
USR_4FE39C87,TRUE,125404.77,2025-09-11,2025-09-11,2025-09-20,2025-09-20
USR_4FE39C87,TRUE,838258.21,2025-08-11,2025-08-11,2025-08-20,2025-08-20
USR_7888AB0A,TRUE,186452.62,2025-12-11,2025-12-11,2025-12-20,2025-12-20
USR_7888AB0A,TRUE,202928.6,2025-12-11,2025-12-11,2025-12-20,2025-12-20
USR_7888AB0A,TRUE,424244.42,2025-11-11,2025-11-11,2025-11-20,2025-11-20
USR_7888AB0A,TRUE,349478.63,2025-10-11,2025-10-11,2025-10-20,2025-10-20
USR_7888AB0A,TRUE,869257.03,2025-09-11,2025-09-11,2025-09-20,2025-09-20
USR_7888AB0A,TRUE,784776.8,2025-08-11,2025-08-11,2025-08-20,2025-08-20
USR_E3D541FD,FALSE,143256.6,2025-12-11,2025-12-30,2025-12-20,2026-01-08
USR_E3D541FD,FALSE,248201.31,2025-12-11,2025-12-12,2025-12-20,2026-01-09
USR_E3D541FD,FALSE,376727.66,2025-11-11,2025-12-03,2025-11-20,2025-12-20
USR_E3D541FD,FALSE,355762.34,2025-10-11,2025-10-26,2025-10-20,2025-11-05
USR_E3D541FD,FALSE,503536.71,2025-09-11,2025-09-19,2025-09-20,2025-10-09
USR_E3D541FD,FALSE,202918.25,2025-08-11,2025-08-14,2025-08-20,2025-09-11
USR_FEA7D603,TRUE,950948.99,2025-12-11,2025-12-11,2025-12-20,2025-12-20
USR_FEA7D603,TRUE,579386.42,2025-12-11,2025-12-11,2025-12-20,2025-12-20
USR_FEA7D603,TRUE,618113.84,2025-11-11,2025-11-11,2025-11-20,2025-11-20
USR_FEA7D603,TRUE,513870.8,2025-10-11,2025-10-11,2025-10-20,2025-10-20
USR_FEA7D603,TRUE,777421.61,2025-09-11,2025-09-11,2025-09-20,2025-09-20
USR_FEA7D603,TRUE,536688.03,2025-08-11,2025-08-11,2025-08-20,2025-08-20
USR_83EB1BD1,FALSE,870531.15,2025-12-11,2026-01-01,2025-12-20,2025-12-24
USR_83EB1BD1,FALSE,583247.26,2025-12-11,2025-12-18,2025-12-20,2025-12-27
USR_83EB1BD1,FALSE,842099.85,2025-11-11,2025-11-19,2025-11-20,2025-12-10
USR_83EB1BD1,FALSE,762724.9,2025-10-11,2025-10-18,2025-10-20,2025-10-25
USR_83EB1BD1,FALSE,545399.85,2025-09-11,2025-09-28,2025-09-20,2025-10-06
USR_83EB1BD1,FALSE,528315.35,2025-08-11,2025-09-04,2025-08-20,2025-09-01
USR_7831B50A,TRUE,792009.83,2025-12-11,2025-12-11,2025-12-20,2025-12-20
USR_7831B50A,TRUE,849903.91,2025-12-11,2025-12-11,2025-12-20,2025-12-20
USR_7831B50A,TRUE,719389.83,2025-11-11,2025-11-11,2025-11-20,2025-11-20
USR_7831B50A,TRUE,706079.98,2025-10-11,2025-10-11,2025-10-20,2025-10-20
USR_7831B50A,TRUE,654505.75,2025-09-11,2025-09-11,2025-09-20,2025-09-20
USR_7831B50A,TRUE,551985.07,2025-08-11,2025-08-11,2025-08-20,2025-08-20
USR_5B607673,TRUE,448361.61,2025-12-11,2025-12-11,2025-12-20,2025-12-20
USR_5B607673,TRUE,645749.06,2025-12-11,2025-12-11,2025-12-20,2025-12-20
USR_5B607673,TRUE,504588.77,2025-11-11,2025-11-11,2025-11-20,2025-11-20
USR_5B607673,TRUE,300902.63,2025-10-11,2025-10-11,2025-10-20,2025-10-20
USR_5B607673,TRUE,884104.97,2025-09-11,2025-09-11,2025-09-20,2025-09-20
USR_5B607673,TRUE,711311.45,2025-08-11,2025-08-11,2025-08-20,2025-08-20
USR_FFE47A55,TRUE,276261.0,2025-12-11,2025-12-11,2025-12-20,2025-12-20
USR_FFE47A55,TRUE,350913.55,2025-12-11,2025-12-11,2025-12-20,2025-12-20
USR_FFE47A55,TRUE,751187.2,2025-11-11,2025-11-11,2025-11-20,2025-11-20
USR_FFE47A55,TRUE,220364.28,2025-10-11,2025-10-11,2025-10-20,2025-10-20
USR_FFE47A55,TRUE,894057.88,2025-09-11,2025-09-11,2025-09-20,2025-09-20
USR_FFE47A55,TRUE,105884.05,2025-08-11,2025-08-11,2025-08-20,2025-08-20
USR_697DE408,FALSE,184372.04,2025-12-11,2026-01-08,2025-12-20,2025-12-29
USR_697DE408,FALSE,118556.23,2025-12-11,2025-12-12,2025-12-20,2026-01-13
USR_697DE408,FALSE,364095.12,2025-11-11,2025-11-20,2025-11-20,2025-12-14
USR_697DE408,FALSE,748358.15,2025-10-11,2025-11-04,2025-10-20,2025-10-28
USR_697DE408,FALSE,927221.91,2025-09-11,2025-09-18,2025-09-20,2025-10-14
USR_697DE408,FALSE,226420.8,2025-08-11,2025-08-25,2025-08-20,2025-08-22
USR_F8C0EC83,FALSE,648834.32,2025-12-11,2026-01-10,2025-12-20,2025-12-24
USR_F8C0EC83,FALSE,481676.58,2025-12-11,2025-12-14,2025-12-20,2026-01-06
USR_F8C0EC83,FALSE,900160.24,2025-11-11,2025-11-19,2025-11-20,2025-12-20
USR_F8C0EC83,FALSE,197848.51,2025-10-11,2025-11-03,2025-10-20,2025-10-27
USR_F8C0EC83,FALSE,595889.48,2025-09-11,2025-09-15,2025-09-20,2025-09-28
USR_F8C0EC83,FALSE,166013.51,2025-08-11,2025-08-24,2025-08-20,2025-09-14
USR_419C0E1F,TRUE,385369.89,2025-12-11,2025-12-11,2025-12-20,2025-12-20
USR_419C0E1F,TRUE,177396.13,2025-12-11,2025-12-11,2025-12-20,2025-12-20
USR_419C0E1F,TRUE,366187.92,2025-11-11,2025-11-11,2025-11-20,2025-11-20
USR_419C0E1F,TRUE,455041.01,2025-10-11,2025-10-11,2025-10-20,2025-10-20
USR_419C0E1F,TRUE,548963.16,2025-09-11,2025-09-11,2025-09-20,2025-09-20
USR_419C0E1F,TRUE,174688.82,2025-08-11,2025-08-11,2025-08-20,2025-08-20
USR_C5AACEAE,TRUE,731201.35,2025-12-11,2025-12-11,2025-12-20,2025-12-20
USR_C5AACEAE,TRUE,402229.46,2025-12-11,2025-12-11,2025-12-20,2025-12-20
USR_C5AACEAE,TRUE,664487.91,2025-11-11,2025-11-11,2025-11-20,2025-11-20
USR_C5AACEAE,TRUE,828395.72,2025-10-11,2025-10-11,2025-10-20,2025-10-20
USR_C5AACEAE,TRUE,237025.7,2025-09-11,2025-09-11,2025-09-20,2025-09-20
USR_C5AACEAE,TRUE,196415.76,2025-08-11,2025-08-11,2025-08-20,2025-08-20
USR_89E7BBC7,TRUE,603170.43,2025-12-11,2025-12-11,2025-12-20,2025-12-20
USR_89E7BBC7,TRUE,238953.04,2025-12-11,2025-12-11,2025-12-20,2025-12-20
USR_89E7BBC7,TRUE,991857.01,2025-11-11,2025-11-11,2025-11-20,2025-11-20
USR_89E7BBC7,TRUE,989457.83,2025-10-11,2025-10-11,2025-10-20,2025-10-20
USR_89E7BBC7,TRUE,126921.06,2025-09-11,2025-09-11,2025-09-20,2025-09-20
USR_89E7BBC7,TRUE,776814.32,2025-08-11,2025-08-11,2025-08-20,2025-08-20
USR_7086B698,TRUE,669757.84,2025-12-11,2025-12-11,2025-12-20,2025-12-20
USR_7086B698,TRUE,216287.8,2025-12-11,2025-12-11,2025-12-20,2025-12-20
USR_7086B698,TRUE,258871.42,2025-11-11,2025-11-11,2025-11-20,2025-11-20
USR_7086B698,TRUE,171567.72,2025-10-11,2025-10-11,2025-10-20,2025-10-20
USR_7086B698,TRUE,141085.81,2025-09-11,2025-09-11,2025-09-20,2025-09-20
USR_7086B698,TRUE,627186.08,2025-08-11,2025-08-11,2025-08-20,2025-08-20
USR_6E9B840D,TRUE,564914.77,2025-12-11,2025-12-11,2025-12-20,2025-12-20
USR_6E9B840D,TRUE,509854.11,2025-12-11,2025-12-11,2025-12-20,2025-12-20
USR_6E9B840D,TRUE,860676.26,2025-11-11,2025-11-11,2025-11-20,2025-11-20
USR_6E9B840D,TRUE,200408.62,2025-10-11,2025-10-11,2025-10-20,2025-10-20
USR_6E9B840D,TRUE,591692.99,2025-09-11,2025-09-11,2025-09-20,2025-09-20
USR_6E9B840D,TRUE,375208.28,2025-08-11,2025-08-11,2025-08-20,2025-08-20
USR_6EA38681,TRUE,487875.91,2025-12-11,2025-12-11,2025-12-20,2025-12-20
USR_6EA38681,TRUE,125427.92,2025-12-11,2025-12-11,2025-12-20,2025-12-20
USR_6EA38681,TRUE,306767.71,2025-11-11,2025-11-11,2025-11-20,2025-11-20
USR_6EA38681,TRUE,583148.72,2025-10-11,2025-10-11,2025-10-20,2025-10-20
USR_6EA38681,TRUE,861624.21,2025-09-11,2025-09-11,2025-09-20,2025-09-20
USR_6EA38681,TRUE,494823.18,2025-08-11,2025-08-11,2025-08-20,2025-08-20
USR_0CD1E5BA,TRUE,173614.89,2025-12-11,2025-12-11,2025-12-20,2025-12-20
USR_0CD1E5BA,TRUE,279138.52,2025-12-11,2025-12-11,2025-12-20,2025-12-20
USR_0CD1E5BA,TRUE,929593.8,2025-11-11,2025-11-11,2025-11-20,2025-11-20
USR_0CD1E5BA,TRUE,910504.14,2025-10-11,2025-10-11,2025-10-20,2025-10-20
USR_0CD1E5BA,TRUE,487812.6,2025-09-11,2025-09-11,2025-09-20,2025-09-20
USR_0CD1E5BA,TRUE,384622.69,2025-08-11,2025-08-11,2025-08-20,2025-08-20
USR_863099DB,FALSE,821406.89,2025-12-11,2025-12-24,2025-12-20,2025-12-23
USR_863099DB,FALSE,691051.99,2025-12-11,2025-12-24,2025-12-20,2026-01-14
USR_863099DB,FALSE,200018.94,2025-11-11,2025-11-22,2025-11-20,2025-11-28
USR_863099DB,FALSE,169789.29,2025-10-11,2025-10-23,2025-10-20,2025-11-06
USR_863099DB,FALSE,622523.11,2025-09-11,2025-10-11,2025-09-20,2025-10-06
USR_863099DB,FALSE,352672.13,2025-08-11,2025-08-23,2025-08-20,2025-09-07
USR_196F8EBD,FALSE,302500.42,2025-12-11,2026-01-10,2025-12-20,2025-12-24
USR_196F8EBD,FALSE,660624.27,2025-12-11,2025-12-20,2025-12-20,2026-01-12
USR_196F8EBD,FALSE,879946.29,2025-11-11,2025-11-26,2025-11-20,2025-11-29
USR_196F8EBD,FALSE,873887.48,2025-10-11,2025-11-08,2025-10-20,2025-11-15
USR_196F8EBD,FALSE,152616.91,2025-09-11,2025-09-14,2025-09-20,2025-09-29
USR_196F8EBD,FALSE,982937.96,2025-08-11,2025-08-18,2025-08-20,2025-09-14
USR_0FFF292B,TRUE,247430.22,2025-12-11,2025-12-11,2025-12-20,2025-12-20
USR_0FFF292B,TRUE,964556.97,2025-12-11,2025-12-11,2025-12-20,2025-12-20
USR_0FFF292B,TRUE,844957.5,2025-11-11,2025-11-11,2025-11-20,2025-11-20
USR_0FFF292B,TRUE,696373.92,2025-10-11,2025-10-11,2025-10-20,2025-10-20
USR_0FFF292B,TRUE,752108.86,2025-09-11,2025-09-11,2025-09-20,2025-09-20
USR_0FFF292B,TRUE,405343.58,2025-08-11,2025-08-11,2025-08-20,2025-08-20
USR_81DEA0E4,TRUE,670801.7,2025-12-11,2025-12-11,2025-12-20,2025-12-20
USR_81DEA0E4,TRUE,497614.4,2025-12-11,2025-12-11,2025-12-20,2025-12-20
USR_81DEA0E4,TRUE,573982.71,2025-11-11,2025-11-11,2025-11-20,2025-11-20
USR_81DEA0E4,TRUE,224123.29,2025-10-11,2025-10-11,2025-10-20,2025-10-20
USR_81DEA0E4,TRUE,940115.53,2025-09-11,2025-09-11,2025-09-20,2025-09-20
USR_81DEA0E4,TRUE,819231.1,2025-08-11,2025-08-11,2025-08-20,2025-08-20
USR_61FF9DC7,TRUE,973897.31,2025-12-11,2025-12-11,2025-12-20,2025-12-20
USR_61FF9DC7,TRUE,458055.07,2025-12-11,2025-12-11,2025-12-20,2025-12-20
USR_61FF9DC7,TRUE,961503.8,2025-11-11,2025-11-11,2025-11-20,2025-11-20
USR_61FF9DC7,TRUE,546334.81,2025-10-11,2025-10-11,2025-10-20,2025-10-20
USR_61FF9DC7,TRUE,915905.94,2025-09-11,2025-09-11,2025-09-20,2025-09-20
USR_61FF9DC7,TRUE,358452.02,2025-08-11,2025-08-11,2025-08-20,2025-08-20
USR_AEFC9103,TRUE,903219.12,2025-12-11,2025-12-11,2025-12-20,2025-12-20
USR_AEFC9103,TRUE,532179.71,2025-12-11,2025-12-11,2025-12-20,2025-12-20
USR_AEFC9103,TRUE,693421.9,2025-11-11,2025-11-11,2025-11-20,2025-11-20
USR_AEFC9103,TRUE,802535.77,2025-10-11,2025-10-11,2025-10-20,2025-10-20
USR_AEFC9103,TRUE,455104.04,2025-09-11,2025-09-11,2025-09-20,2025-09-20
USR_AEFC9103,TRUE,703194.05,2025-08-11,2025-08-11,2025-08-20,2025-08-20
USR_4DAC8BB1,FALSE,831156.6,2025-12-11,2025-12-17,2025-12-20,2025-12-21
USR_4DAC8BB1,FALSE,968860.64,2025-12-11,2025-12-18,2025-12-20,2026-01-17
USR_4DAC8BB1,FALSE,686324.57,2025-11-11,2025-12-07,2025-11-20,2025-12-11
USR_4DAC8BB1,FALSE,344412.84,2025-10-11,2025-10-24,2025-10-20,2025-11-10
USR_4DAC8BB1,FALSE,192536.1,2025-09-11,2025-09-27,2025-09-20,2025-10-06
USR_4DAC8BB1,FALSE,440441.69,2025-08-11,2025-09-04,2025-08-20,2025-09-12
USR_B7352037,TRUE,352030.34,2025-12-11,2025-12-11,2025-12-20,2025-12-20
USR_B7352037,TRUE,912113.82,2025-12-11,2025-12-11,2025-12-20,2025-12-20
USR_B7352037,TRUE,996985.72,2025-11-11,2025-11-11,2025-11-20,2025-11-20
USR_B7352037,TRUE,105101.57,2025-10-11,2025-10-11,2025-10-20,2025-10-20
USR_B7352037,TRUE,494538.05,2025-09-11,2025-09-11,2025-09-20,2025-09-20
USR_B7352037,TRUE,824443.68,2025-08-11,2025-08-11,2025-08-20,2025-08-20
USR_6D61A23D,FALSE,602370.37,2025-12-11,2025-12-12,2025-12-20,2026-01-17
USR_6D61A23D,FALSE,403071.08,2025-12-11,2026-01-07,2025-12-20,2025-12-28
USR_6D61A23D,FALSE,659641.7,2025-11-11,2025-11-27,2025-11-20,2025-12-04
USR_6D61A23D,FALSE,723307.01,2025-10-11,2025-11-07,2025-10-20,2025-10-30
USR_6D61A23D,FALSE,362042.62,2025-09-11,2025-09-21,2025-09-20,2025-10-19
USR_6D61A23D,FALSE,307258.24,2025-08-11,2025-09-06,2025-08-20,2025-09-13
USR_23CC2CB4,TRUE,197190.93,2025-12-11,2025-12-11,2025-12-20,2025-12-20
USR_23CC2CB4,TRUE,130620.87,2025-12-11,2025-12-11,2025-12-20,2025-12-20
USR_23CC2CB4,TRUE,365235.92,2025-11-11,2025-11-11,2025-11-20,2025-11-20
USR_23CC2CB4,TRUE,654717.33,2025-10-11,2025-10-11,2025-10-20,2025-10-20
USR_23CC2CB4,TRUE,465237.49,2025-09-11,2025-09-11,2025-09-20,2025-09-20
USR_23CC2CB4,TRUE,685863.11,2025-08-11,2025-08-11,2025-08-20,2025-08-20
USR_0A1720F7,TRUE,982763.64,2025-12-11,2025-12-11,2025-12-20,2025-12-20
USR_0A1720F7,TRUE,433356.86,2025-12-11,2025-12-11,2025-12-20,2025-12-20
USR_0A1720F7,TRUE,869447.21,2025-11-11,2025-11-11,2025-11-20,2025-11-20
USR_0A1720F7,TRUE,357048.03,2025-10-11,2025-10-11,2025-10-20,2025-10-20
USR_0A1720F7,TRUE,108403.22,2025-09-11,2025-09-11,2025-09-20,2025-09-20
USR_0A1720F7,TRUE,857345.95,2025-08-11,2025-08-11,2025-08-20,2025-08-20
USR_881EA87F,TRUE,990337.48,2025-12-11,2025-12-11,2025-12-20,2025-12-20
USR_881EA87F,TRUE,696223.14,2025-12-11,2025-12-11,2025-12-20,2025-12-20
USR_881EA87F,TRUE,308364.84,2025-11-11,2025-11-11,2025-11-20,2025-11-20
USR_881EA87F,TRUE,932323.6,2025-10-11,2025-10-11,2025-10-20,2025-10-20
USR_881EA87F,TRUE,824818.89,2025-09-11,2025-09-11,2025-09-20,2025-09-20
USR_881EA87F,TRUE,767016.87,2025-08-11,2025-08-11,2025-08-20,2025-08-20
USR_041174BB,FALSE,529735.28,2025-12-11,2026-01-05,2025-12-20,2026-01-07
USR_041174BB,FALSE,129498.42,2025-12-11,2025-12-19,2025-12-20,2025-12-24
USR_041174BB,FALSE,847632.19,2025-11-11,2025-11-21,2025-11-20,2025-11-30
USR_041174BB,FALSE,624453.84,2025-10-11,2025-11-02,2025-10-20,2025-10-23
USR_041174BB,FALSE,813035.76,2025-09-11,2025-09-28,2025-09-20,2025-10-15
USR_041174BB,FALSE,385224.31,2025-08-11,2025-08-28,2025-08-20,2025-08-27
USR_0E5F2471,TRUE,476241.8,2025-12-11,2025-12-11,2025-12-20,2025-12-20
USR_0E5F2471,TRUE,419610.19,2025-12-11,2025-12-11,2025-12-20,2025-12-20
USR_0E5F2471,TRUE,166388.42,2025-11-11,2025-11-11,2025-11-20,2025-11-20
USR_0E5F2471,TRUE,612098.06,2025-10-11,2025-10-11,2025-10-20,2025-10-20
USR_0E5F2471,TRUE,196008.38,2025-09-11,2025-09-11,2025-09-20,2025-09-20
USR_0E5F2471,TRUE,467049.95,2025-08-11,2025-08-11,2025-08-20,2025-08-20
USR_9DDC53E6,TRUE,686669.19,2025-12-11,2025-12-11,2025-12-20,2025-12-20
USR_9DDC53E6,TRUE,793234.95,2025-12-11,2025-12-11,2025-12-20,2025-12-20
USR_9DDC53E6,TRUE,262366.25,2025-11-11,2025-11-11,2025-11-20,2025-11-20
USR_9DDC53E6,TRUE,435408.69,2025-10-11,2025-10-11,2025-10-20,2025-10-20
USR_9DDC53E6,TRUE,369655.51,2025-09-11,2025-09-11,2025-09-20,2025-09-20
USR_9DDC53E6,TRUE,390815.58,2025-08-11,2025-08-11,2025-08-20,2025-08-20
USR_41027EE2,TRUE,882486.58,2025-12-11,2025-12-11,2025-12-20,2025-12-20
USR_41027EE2,TRUE,323498.14,2025-12-11,2025-12-11,2025-12-20,2025-12-20
USR_41027EE2,TRUE,627319.31,2025-11-11,2025-11-11,2025-11-20,2025-11-20
USR_41027EE2,TRUE,159598.93,2025-10-11,2025-10-11,2025-10-20,2025-10-20
USR_41027EE2,TRUE,572969.05,2025-09-11,2025-09-11,2025-09-20,2025-09-20
USR_41027EE2,TRUE,205639.07,2025-08-11,2025-08-11,2025-08-20,2025-08-20
USR_E6A5433F,FALSE,436964.6,2025-12-11,2025-12-20,2025-12-20,2026-01-01
USR_E6A5433F,FALSE,364650.27,2025-12-11,2025-12-29,2025-12-20,2026-01-02
USR_E6A5433F,FALSE,263697.28,2025-11-11,2025-11-22,2025-11-20,2025-12-05
USR_E6A5433F,FALSE,784768.63,2025-10-11,2025-10-26,2025-10-20,2025-10-25
USR_E6A5433F,FALSE,336230.08,2025-09-11,2025-10-08,2025-09-20,2025-10-07
USR_E6A5433F,FALSE,476179.26,2025-08-11,2025-08-13,2025-08-20,2025-08-27
USR_3EE7437D,TRUE,645381.45,2025-12-11,2025-12-11,2025-12-20,2025-12-20
USR_3EE7437D,TRUE,135121.67,2025-12-11,2025-12-11,2025-12-20,2025-12-20
USR_3EE7437D,TRUE,868848.39,2025-11-11,2025-11-11,2025-11-20,2025-11-20
USR_3EE7437D,TRUE,337651.41,2025-10-11,2025-10-11,2025-10-20,2025-10-20
USR_3EE7437D,TRUE,967588.36,2025-09-11,2025-09-11,2025-09-20,2025-09-20
USR_3EE7437D,TRUE,115602.31,2025-08-11,2025-08-11,2025-08-20,2025-08-20
USR_4F029B8D,TRUE,286857.4,2025-12-11,2025-12-11,2025-12-20,2025-12-20
USR_4F029B8D,TRUE,540492.51,2025-12-11,2025-12-11,2025-12-20,2025-12-20
USR_4F029B8D,TRUE,143576.68,2025-11-11,2025-11-11,2025-11-20,2025-11-20
USR_4F029B8D,TRUE,256303.56,2025-10-11,2025-10-11,2025-10-20,2025-10-20
USR_4F029B8D,TRUE,920996.08,2025-09-11,2025-09-11,2025-09-20,2025-09-20
USR_4F029B8D,TRUE,452074.93,2025-08-11,2025-08-11,2025-08-20,2025-08-20
USR_5821540F,FALSE,352904.49,2025-12-11,2025-12-15,2025-12-20,2026-01-03
USR_5821540F,FALSE,873784.37,2025-12-11,2025-12-19,2025-12-20,2026-01-18
USR_5821540F,FALSE,581719.45,2025-11-11,2025-12-06,2025-11-20,2025-12-12
USR_5821540F,FALSE,510795.88,2025-10-11,2025-11-03,2025-10-20,2025-11-02
USR_5821540F,FALSE,866871.87,2025-09-11,2025-09-28,2025-09-20,2025-10-03
USR_5821540F,FALSE,531571.35,2025-08-11,2025-09-02,2025-08-20,2025-09-14
USR_A260AFCC,TRUE,862752.41,2025-12-11,2025-12-11,2025-12-20,2025-12-20
USR_A260AFCC,TRUE,135261.45,2025-12-11,2025-12-11,2025-12-20,2025-12-20
USR_A260AFCC,TRUE,626926.19,2025-11-11,2025-11-11,2025-11-20,2025-11-20
USR_A260AFCC,TRUE,399949.55,2025-10-11,2025-10-11,2025-10-20,2025-10-20
USR_A260AFCC,TRUE,451175.16,2025-09-11,2025-09-11,2025-09-20,2025-09-20
USR_A260AFCC,TRUE,330942.41,2025-08-11,2025-08-11,2025-08-20,2025-08-20
USR_852C0C96,TRUE,894152.14,2025-12-11,2025-12-11,2025-12-20,2025-12-20
USR_852C0C96,TRUE,147633.38,2025-12-11,2025-12-11,2025-12-20,2025-12-20
USR_852C0C96,TRUE,256515.77,2025-11-11,2025-11-11,2025-11-20,2025-11-20
USR_852C0C96,TRUE,709508.89,2025-10-11,2025-10-11,2025-10-20,2025-10-20
USR_852C0C96,TRUE,716438.04,2025-09-11,2025-09-11,2025-09-20,2025-09-20
USR_852C0C96,TRUE,956646.61,2025-08-11,2025-08-11,2025-08-20,2025-08-20
USR_7967E401,TRUE,240937.45,2025-12-11,2025-12-11,2025-12-20,2025-12-20
USR_7967E401,TRUE,161153.26,2025-12-11,2025-12-11,2025-12-20,2025-12-20
USR_7967E401,TRUE,355477.27,2025-11-11,2025-11-11,2025-11-20,2025-11-20
USR_7967E401,TRUE,483442.55,2025-10-11,2025-10-11,2025-10-20,2025-10-20
USR_7967E401,TRUE,158172.74,2025-09-11,2025-09-11,2025-09-20,2025-09-20
USR_7967E401,TRUE,531386.19,2025-08-11,2025-08-11,2025-08-20,2025-08-20
USR_EEDAAF3D,FALSE,947565.84,2025-12-11,2025-12-31,2025-12-20,2026-01-15
USR_EEDAAF3D,FALSE,246441.36,2025-12-11,2026-01-02,2025-12-20,2025-12-28
USR_EEDAAF3D,FALSE,323952.52,2025-11-11,2025-11-29,2025-11-20,2025-12-11
USR_EEDAAF3D,FALSE,296365.86,2025-10-11,2025-10-30,2025-10-20,2025-10-31
USR_EEDAAF3D,FALSE,669929.94,2025-09-11,2025-09-15,2025-09-20,2025-09-23
USR_EEDAAF3D,FALSE,473286.6,2025-08-11,2025-08-16,2025-08-20,2025-09-12
USR_6074ED16,FALSE,391556.76,2025-12-11,2026-01-06,2025-12-20,2026-01-11
USR_6074ED16,FALSE,200866.86,2025-12-11,2026-01-08,2025-12-20,2025-12-29
USR_6074ED16,FALSE,207033.16,2025-11-11,2025-11-14,2025-11-20,2025-12-18
USR_6074ED16,FALSE,860130.61,2025-10-11,2025-10-15,2025-10-20,2025-11-07
USR_6074ED16,FALSE,574115.48,2025-09-11,2025-10-11,2025-09-20,2025-10-03
USR_6074ED16,FALSE,897981.25,2025-08-11,2025-08-26,2025-08-20,2025-09-07
USR_45740C9F,TRUE,915387.81,2025-12-11,2025-12-11,2025-12-20,2025-12-20
USR_45740C9F,TRUE,750485.21,2025-12-11,2025-12-11,2025-12-20,2025-12-20
USR_45740C9F,TRUE,162298.34,2025-11-11,2025-11-11,2025-11-20,2025-11-20
USR_45740C9F,TRUE,723535.41,2025-10-11,2025-10-11,2025-10-20,2025-10-20
USR_45740C9F,TRUE,113716.79,2025-09-11,2025-09-11,2025-09-20,2025-09-20
USR_45740C9F,TRUE,533775.8,2025-08-11,2025-08-11,2025-08-20,2025-08-20
USR_D4ED0D39,TRUE,610475.6,2025-12-11,2025-12-11,2025-12-20,2025-12-20
USR_D4ED0D39,TRUE,288775.25,2025-12-11,2025-12-11,2025-12-20,2025-12-20
USR_D4ED0D39,TRUE,142142.4,2025-11-11,2025-11-11,2025-11-20,2025-11-20
USR_D4ED0D39,TRUE,543372.92,2025-10-11,2025-10-11,2025-10-20,2025-10-20
USR_D4ED0D39,TRUE,962589.98,2025-09-11,2025-09-11,2025-09-20,2025-09-20
USR_D4ED0D39,TRUE,992451.87,2025-08-11,2025-08-11,2025-08-20,2025-08-20
USR_FC2575DE,TRUE,557737.46,2025-12-11,2025-12-11,2025-12-20,2025-12-20
USR_FC2575DE,TRUE,711661.19,2025-12-11,2025-12-11,2025-12-20,2025-12-20
USR_FC2575DE,TRUE,616564.23,2025-11-11,2025-11-11,2025-11-20,2025-11-20
USR_FC2575DE,TRUE,515934.8,2025-10-11,2025-10-11,2025-10-20,2025-10-20
USR_FC2575DE,TRUE,160579.39,2025-09-11,2025-09-11,2025-09-20,2025-09-20
USR_FC2575DE,TRUE,715184.12,2025-08-11,2025-08-11,2025-08-20,2025-08-20
USR_0FB86EA7,TRUE,447355.74,2025-12-11,2025-12-11,2025-12-20,2025-12-20
USR_0FB86EA7,TRUE,256715.11,2025-12-11,2025-12-11,2025-12-20,2025-12-20
USR_0FB86EA7,TRUE,735210.68,2025-11-11,2025-11-11,2025-11-20,2025-11-20
USR_0FB86EA7,TRUE,495994.93,2025-10-11,2025-10-11,2025-10-20,2025-10-20
USR_0FB86EA7,TRUE,605787.86,2025-09-11,2025-09-11,2025-09-20,2025-09-20
USR_0FB86EA7,TRUE,553272.47,2025-08-11,2025-08-11,2025-08-20,2025-08-20
USR_00BBF4C9,TRUE,805351.94,2025-12-11,2025-12-11,2025-12-20,2025-12-20
USR_00BBF4C9,TRUE,611324.86,2025-12-11,2025-12-11,2025-12-20,2025-12-20
USR_00BBF4C9,TRUE,969866.2,2025-11-11,2025-11-11,2025-11-20,2025-11-20
USR_00BBF4C9,TRUE,527922.37,2025-10-11,2025-10-11,2025-10-20,2025-10-20
USR_00BBF4C9,TRUE,706200.35,2025-09-11,2025-09-11,2025-09-20,2025-09-20
USR_00BBF4C9,TRUE,605189.78,2025-08-11,2025-08-11,2025-08-20,2025-08-20
USR_7DA64198,TRUE,625011.79,2025-12-11,2025-12-11,2025-12-20,2025-12-20
USR_7DA64198,TRUE,655759.2,2025-12-11,2025-12-11,2025-12-20,2025-12-20
USR_7DA64198,TRUE,952280.79,2025-11-11,2025-11-11,2025-11-20,2025-11-20
USR_7DA64198,TRUE,463855.37,2025-10-11,2025-10-11,2025-10-20,2025-10-20
USR_7DA64198,TRUE,555167.59,2025-09-11,2025-09-11,2025-09-20,2025-09-20
USR_7DA64198,TRUE,467431.49,2025-08-11,2025-08-11,2025-08-20,2025-08-20
USR_BF523D6F,TRUE,282528.41,2025-12-11,2025-12-11,2025-12-20,2025-12-20
USR_BF523D6F,TRUE,472249.42,2025-12-11,2025-12-11,2025-12-20,2025-12-20
USR_BF523D6F,TRUE,168279.53,2025-11-11,2025-11-11,2025-11-20,2025-11-20
USR_BF523D6F,TRUE,899176.89,2025-10-11,2025-10-11,2025-10-20,2025-10-20
USR_BF523D6F,TRUE,355173.05,2025-09-11,2025-09-11,2025-09-20,2025-09-20
USR_BF523D6F,TRUE,239738.44,2025-08-11,2025-08-11,2025-08-20,2025-08-20
USR_9D09D212,TRUE,501463.91,2025-12-11,2025-12-11,2025-12-20,2025-12-20
USR_9D09D212,TRUE,449294.25,2025-12-11,2025-12-11,2025-12-20,2025-12-20
USR_9D09D212,TRUE,290650.03,2025-11-11,2025-11-11,2025-11-20,2025-11-20
USR_9D09D212,TRUE,966018.85,2025-10-11,2025-10-11,2025-10-20,2025-10-20
USR_9D09D212,TRUE,812474.74,2025-09-11,2025-09-11,2025-09-20,2025-09-20
USR_9D09D212,TRUE,740844.36,2025-08-11,2025-08-11,2025-08-20,2025-08-20
USR_27C67FBE,TRUE,241712.98,2025-12-11,2025-12-11,2025-12-20,2025-12-20
USR_27C67FBE,TRUE,873046.76,2025-12-11,2025-12-11,2025-12-20,2025-12-20
USR_27C67FBE,TRUE,194713.76,2025-11-11,2025-11-11,2025-11-20,2025-11-20
USR_27C67FBE,TRUE,935897.1,2025-10-11,2025-10-11,2025-10-20,2025-10-20
USR_27C67FBE,TRUE,612098.65,2025-09-11,2025-09-11,2025-09-20,2025-09-20
USR_27C67FBE,TRUE,908989.06,2025-08-11,2025-08-11,2025-08-20,2025-08-20
USR_C2F2C0C1,TRUE,265526.43,2025-12-11,2025-12-11,2025-12-20,2025-12-20
USR_C2F2C0C1,TRUE,435494.45,2025-12-11,2025-12-11,2025-12-20,2025-12-20
USR_C2F2C0C1,TRUE,313089.39,2025-11-11,2025-11-11,2025-11-20,2025-11-20
USR_C2F2C0C1,TRUE,960516.67,2025-10-11,2025-10-11,2025-10-20,2025-10-20
USR_C2F2C0C1,TRUE,533339.44,2025-09-11,2025-09-11,2025-09-20,2025-09-20
USR_C2F2C0C1,TRUE,604946.83,2025-08-11,2025-08-11,2025-08-20,2025-08-20
USR_86477AB4,TRUE,505889.85,2025-12-11,2025-12-11,2025-12-20,2025-12-20
USR_86477AB4,TRUE,196904.52,2025-12-11,2025-12-11,2025-12-20,2025-12-20
USR_86477AB4,TRUE,978594.12,2025-11-11,2025-11-11,2025-11-20,2025-11-20
USR_86477AB4,TRUE,528850.34,2025-10-11,2025-10-11,2025-10-20,2025-10-20
USR_86477AB4,TRUE,384423.71,2025-09-11,2025-09-11,2025-09-20,2025-09-20
USR_86477AB4,TRUE,756069.7,2025-08-11,2025-08-11,2025-08-20,2025-08-20
USR_BD0216B1,TRUE,709288.49,2025-12-11,2025-12-11,2025-12-20,2025-12-20
USR_BD0216B1,TRUE,671192.24,2025-12-11,2025-12-11,2025-12-20,2025-12-20
USR_BD0216B1,TRUE,843325.09,2025-11-11,2025-11-11,2025-11-20,2025-11-20
USR_BD0216B1,TRUE,437265.23,2025-10-11,2025-10-11,2025-10-20,2025-10-20
USR_BD0216B1,TRUE,532265.89,2025-09-11,2025-09-11,2025-09-20,2025-09-20
USR_BD0216B1,TRUE,742636.29,2025-08-11,2025-08-11,2025-08-20,2025-08-20
USR_808AEBF4,TRUE,135212.83,2025-12-11,2025-12-11,2025-12-20,2025-12-20
USR_808AEBF4,TRUE,902634.84,2025-12-11,2025-12-11,2025-12-20,2025-12-20
USR_808AEBF4,TRUE,161390.49,2025-11-11,2025-11-11,2025-11-20,2025-11-20
USR_808AEBF4,TRUE,158613.18,2025-10-11,2025-10-11,2025-10-20,2025-10-20
USR_808AEBF4,TRUE,761842.75,2025-09-11,2025-09-11,2025-09-20,2025-09-20
USR_808AEBF4,TRUE,587734.6,2025-08-11,2025-08-11,2025-08-20,2025-08-20
USR_91F1F447,TRUE,346697.73,2025-12-11,2025-12-11,2025-12-20,2025-12-20
USR_91F1F447,TRUE,921334.91,2025-12-11,2025-12-11,2025-12-20,2025-12-20
USR_91F1F447,TRUE,398093.84,2025-11-11,2025-11-11,2025-11-20,2025-11-20
USR_91F1F447,TRUE,850546.85,2025-10-11,2025-10-11,2025-10-20,2025-10-20
USR_91F1F447,TRUE,608780.13,2025-09-11,2025-09-11,2025-09-20,2025-09-20
USR_91F1F447,TRUE,402655.22,2025-08-11,2025-08-11,2025-08-20,2025-08-20
USR_000A9FC0,TRUE,543771.68,2025-12-11,2025-12-11,2025-12-20,2025-12-20
USR_000A9FC0,TRUE,176838.44,2025-12-11,2025-12-11,2025-12-20,2025-12-20
USR_000A9FC0,TRUE,906247.5,2025-11-11,2025-11-11,2025-11-20,2025-11-20
USR_000A9FC0,TRUE,502183.34,2025-10-11,2025-10-11,2025-10-20,2025-10-20
USR_000A9FC0,TRUE,324973.99,2025-09-11,2025-09-11,2025-09-20,2025-09-20
USR_000A9FC0,TRUE,184023.59,2025-08-11,2025-08-11,2025-08-20,2025-08-20
USR_3E3FAC4D,TRUE,557200.97,2025-12-11,2025-12-11,2025-12-20,2025-12-20
USR_3E3FAC4D,TRUE,303282.25,2025-12-11,2025-12-11,2025-12-20,2025-12-20
USR_3E3FAC4D,TRUE,230181.99,2025-11-11,2025-11-11,2025-11-20,2025-11-20
USR_3E3FAC4D,TRUE,256426.56,2025-10-11,2025-10-11,2025-10-20,2025-10-20
USR_3E3FAC4D,TRUE,547904.28,2025-09-11,2025-09-11,2025-09-20,2025-09-20
USR_3E3FAC4D,TRUE,972603.49,2025-08-11,2025-08-11,2025-08-20,2025-08-20
USR_D75BD934,TRUE,852108.49,2025-12-11,2025-12-11,2025-12-20,2025-12-20
USR_D75BD934,TRUE,296931.19,2025-12-11,2025-12-11,2025-12-20,2025-12-20
USR_D75BD934,TRUE,531868.67,2025-11-11,2025-11-11,2025-11-20,2025-11-20
USR_D75BD934,TRUE,349533.4,2025-10-11,2025-10-11,2025-10-20,2025-10-20
USR_D75BD934,TRUE,378350.81,2025-09-11,2025-09-11,2025-09-20,2025-09-20
USR_D75BD934,TRUE,622167.24,2025-08-11,2025-08-11,2025-08-20,2025-08-20
USR_33E4F394,FALSE,212394.18,2025-12-11,2026-01-04,2025-12-20,2026-01-12
USR_33E4F394,FALSE,482571.63,2025-12-11,2026-01-01,2025-12-20,2026-01-05
USR_33E4F394,FALSE,365891.06,2025-11-11,2025-11-13,2025-11-20,2025-11-27
USR_33E4F394,FALSE,752733.49,2025-10-11,2025-10-30,2025-10-20,2025-11-14
USR_33E4F394,FALSE,567459.78,2025-09-11,2025-10-08,2025-09-20,2025-09-27
USR_33E4F394,FALSE,605726.25,2025-08-11,2025-08-12,2025-08-20,2025-09-02
USR_F9CE7C70,TRUE,209028.81,2025-12-11,2025-12-11,2025-12-20,2025-12-20
USR_F9CE7C70,TRUE,605163.87,2025-12-11,2025-12-11,2025-12-20,2025-12-20
USR_F9CE7C70,TRUE,623985.64,2025-11-11,2025-11-11,2025-11-20,2025-11-20
USR_F9CE7C70,TRUE,256230.7,2025-10-11,2025-10-11,2025-10-20,2025-10-20
USR_F9CE7C70,TRUE,109509.93,2025-09-11,2025-09-11,2025-09-20,2025-09-20
USR_F9CE7C70,TRUE,620045.64,2025-08-11,2025-08-11,2025-08-20,2025-08-20
USR_5F6F05B1,TRUE,464429.0,2025-12-11,2025-12-11,2025-12-20,2025-12-20
USR_5F6F05B1,TRUE,988747.04,2025-12-11,2025-12-11,2025-12-20,2025-12-20
USR_5F6F05B1,TRUE,657048.18,2025-11-11,2025-11-11,2025-11-20,2025-11-20
USR_5F6F05B1,TRUE,485333.94,2025-10-11,2025-10-11,2025-10-20,2025-10-20
USR_5F6F05B1,TRUE,266487.22,2025-09-11,2025-09-11,2025-09-20,2025-09-20
USR_5F6F05B1,TRUE,928036.21,2025-08-11,2025-08-11,2025-08-20,2025-08-20
USR_688E21BF,FALSE,463335.45,2025-12-11,2025-12-12,2025-12-20,2026-01-19
USR_688E21BF,FALSE,838893.41,2025-12-11,2026-01-10,2025-12-20,2025-12-30
USR_688E21BF,FALSE,198673.71,2025-11-11,2025-12-09,2025-11-20,2025-11-26
USR_688E21BF,FALSE,505887.35,2025-10-11,2025-10-29,2025-10-20,2025-11-17
USR_688E21BF,FALSE,607970.32,2025-09-11,2025-10-04,2025-09-20,2025-10-19
USR_688E21BF,FALSE,649596.23,2025-08-11,2025-08-25,2025-08-20,2025-08-22
USR_17D2E578,TRUE,325405.28,2025-12-11,2025-12-11,2025-12-20,2025-12-20
USR_17D2E578,TRUE,359163.09,2025-12-11,2025-12-11,2025-12-20,2025-12-20
USR_17D2E578,TRUE,643533.82,2025-11-11,2025-11-11,2025-11-20,2025-11-20
USR_17D2E578,TRUE,819585.35,2025-10-11,2025-10-11,2025-10-20,2025-10-20
USR_17D2E578,TRUE,787219.35,2025-09-11,2025-09-11,2025-09-20,2025-09-20
USR_17D2E578,TRUE,688130.81,2025-08-11,2025-08-11,2025-08-20,2025-08-20
USR_384A47CD,TRUE,763011.19,2025-12-11,2025-12-11,2025-12-20,2025-12-20
USR_384A47CD,TRUE,779976.74,2025-12-11,2025-12-11,2025-12-20,2025-12-20
USR_384A47CD,TRUE,995954.6,2025-11-11,2025-11-11,2025-11-20,2025-11-20
USR_384A47CD,TRUE,119557.83,2025-10-11,2025-10-11,2025-10-20,2025-10-20
USR_384A47CD,TRUE,982701.57,2025-09-11,2025-09-11,2025-09-20,2025-09-20
USR_384A47CD,TRUE,569448.64,2025-08-11,2025-08-11,2025-08-20,2025-08-20
USR_FA135D63,TRUE,806176.02,2025-12-11,2025-12-11,2025-12-20,2025-12-20
USR_FA135D63,TRUE,404843.83,2025-12-11,2025-12-11,2025-12-20,2025-12-20
USR_FA135D63,TRUE,630182.33,2025-11-11,2025-11-11,2025-11-20,2025-11-20
USR_FA135D63,TRUE,912240.48,2025-10-11,2025-10-11,2025-10-20,2025-10-20
USR_FA135D63,TRUE,146332.43,2025-09-11,2025-09-11,2025-09-20,2025-09-20
USR_FA135D63,TRUE,382183.63,2025-08-11,2025-08-11,2025-08-20,2025-08-20
USR_6CEDE1F6,FALSE,279788.78,2025-12-11,2025-12-30,2025-12-20,2025-12-28
USR_6CEDE1F6,FALSE,910521.46,2025-12-11,2026-01-04,2025-12-20,2025-12-26
USR_6CEDE1F6,FALSE,166743.71,2025-11-11,2025-12-06,2025-11-20,2025-12-20
USR_6CEDE1F6,FALSE,729534.38,2025-10-11,2025-10-15,2025-10-20,2025-10-22
USR_6CEDE1F6,FALSE,375224.3,2025-09-11,2025-10-08,2025-09-20,2025-10-07
USR_6CEDE1F6,FALSE,459437.1,2025-08-11,2025-08-17,2025-08-20,2025-08-24
USR_3717BCAE,TRUE,567262.17,2025-12-11,2025-12-11,2025-12-20,2025-12-20
USR_3717BCAE,TRUE,774943.86,2025-12-11,2025-12-11,2025-12-20,2025-12-20
USR_3717BCAE,TRUE,370656.16,2025-11-11,2025-11-11,2025-11-20,2025-11-20
USR_3717BCAE,TRUE,873057.3,2025-10-11,2025-10-11,2025-10-20,2025-10-20
USR_3717BCAE,TRUE,676732.37,2025-09-11,2025-09-11,2025-09-20,2025-09-20
USR_3717BCAE,TRUE,627772.21,2025-08-11,2025-08-11,2025-08-20,2025-08-20
USR_C55B70F8,FALSE,547405.56,2025-12-11,2026-01-07,2025-12-20,2026-01-16
USR_C55B70F8,FALSE,288463.74,2025-12-11,2026-01-02,2025-12-20,2026-01-10
USR_C55B70F8,FALSE,161271.44,2025-11-11,2025-12-02,2025-11-20,2025-12-11
USR_C55B70F8,FALSE,492403.58,2025-10-11,2025-11-02,2025-10-20,2025-10-26
USR_C55B70F8,FALSE,632445.07,2025-09-11,2025-09-16,2025-09-20,2025-09-28
USR_C55B70F8,FALSE,878430.85,2025-08-11,2025-09-05,2025-08-20,2025-09-02
USR_C5CA0371,TRUE,171158.36,2025-12-11,2025-12-11,2025-12-20,2025-12-20
USR_C5CA0371,TRUE,401236.86,2025-12-11,2025-12-11,2025-12-20,2025-12-20
USR_C5CA0371,TRUE,979140.67,2025-11-11,2025-11-11,2025-11-20,2025-11-20
USR_C5CA0371,TRUE,263311.25,2025-10-11,2025-10-11,2025-10-20,2025-10-20
USR_C5CA0371,TRUE,456877.84,2025-09-11,2025-09-11,2025-09-20,2025-09-20
USR_C5CA0371,TRUE,786301.52,2025-08-11,2025-08-11,2025-08-20,2025-08-20
USR_685321D3,TRUE,992869.37,2025-12-11,2025-12-11,2025-12-20,2025-12-20
USR_685321D3,TRUE,613343.56,2025-12-11,2025-12-11,2025-12-20,2025-12-20
USR_685321D3,TRUE,940195.42,2025-11-11,2025-11-11,2025-11-20,2025-11-20
USR_685321D3,TRUE,138137.63,2025-10-11,2025-10-11,2025-10-20,2025-10-20
USR_685321D3,TRUE,451412.28,2025-09-11,2025-09-11,2025-09-20,2025-09-20
USR_685321D3,TRUE,578974.13,2025-08-11,2025-08-11,2025-08-20,2025-08-20
USR_EB31EB2C,TRUE,744276.8,2025-12-11,2025-12-11,2025-12-20,2025-12-20
USR_EB31EB2C,TRUE,192912.57,2025-12-11,2025-12-11,2025-12-20,2025-12-20
USR_EB31EB2C,TRUE,886051.73,2025-11-11,2025-11-11,2025-11-20,2025-11-20
USR_EB31EB2C,TRUE,108114.78,2025-10-11,2025-10-11,2025-10-20,2025-10-20
USR_EB31EB2C,TRUE,963056.69,2025-09-11,2025-09-11,2025-09-20,2025-09-20
USR_EB31EB2C,TRUE,639049.1,2025-08-11,2025-08-11,2025-08-20,2025-08-20
USR_E9D7B9FA,TRUE,827847.11,2025-12-11,2025-12-11,2025-12-20,2025-12-20
USR_E9D7B9FA,TRUE,242205.37,2025-12-11,2025-12-11,2025-12-20,2025-12-20
USR_E9D7B9FA,TRUE,985228.95,2025-11-11,2025-11-11,2025-11-20,2025-11-20
USR_E9D7B9FA,TRUE,916257.33,2025-10-11,2025-10-11,2025-10-20,2025-10-20
USR_E9D7B9FA,TRUE,480612.1,2025-09-11,2025-09-11,2025-09-20,2025-09-20
USR_E9D7B9FA,TRUE,837205.01,2025-08-11,2025-08-11,2025-08-20,2025-08-20
USR_4419A04A,TRUE,195117.59,2025-12-11,2025-12-11,2025-12-20,2025-12-20
USR_4419A04A,TRUE,131086.1,2025-12-11,2025-12-11,2025-12-20,2025-12-20
USR_4419A04A,TRUE,520629.43,2025-11-11,2025-11-11,2025-11-20,2025-11-20
USR_4419A04A,TRUE,415435.6,2025-10-11,2025-10-11,2025-10-20,2025-10-20
USR_4419A04A,TRUE,647436.56,2025-09-11,2025-09-11,2025-09-20,2025-09-20
USR_4419A04A,TRUE,876194.44,2025-08-11,2025-08-11,2025-08-20,2025-08-20
USR_2D2E4002,TRUE,496872.95,2025-12-11,2025-12-11,2025-12-20,2025-12-20
USR_2D2E4002,TRUE,414779.19,2025-12-11,2025-12-11,2025-12-20,2025-12-20
USR_2D2E4002,TRUE,705539.13,2025-11-11,2025-11-11,2025-11-20,2025-11-20
USR_2D2E4002,TRUE,523241.64,2025-10-11,2025-10-11,2025-10-20,2025-10-20
USR_2D2E4002,TRUE,203947.92,2025-09-11,2025-09-11,2025-09-20,2025-09-20
USR_2D2E4002,TRUE,878104.95,2025-08-11,2025-08-11,2025-08-20,2025-08-20
USR_A56C6575,TRUE,111849.65,2025-12-11,2025-12-11,2025-12-20,2025-12-20
USR_A56C6575,TRUE,540822.67,2025-12-11,2025-12-11,2025-12-20,2025-12-20
USR_A56C6575,TRUE,428100.65,2025-11-11,2025-11-11,2025-11-20,2025-11-20
USR_A56C6575,TRUE,846330.03,2025-10-11,2025-10-11,2025-10-20,2025-10-20
USR_A56C6575,TRUE,737261.03,2025-09-11,2025-09-11,2025-09-20,2025-09-20
USR_A56C6575,TRUE,182916.13,2025-08-11,2025-08-11,2025-08-20,2025-08-20
USR_A56AFB12,TRUE,895820.44,2025-12-11,2025-12-11,2025-12-20,2025-12-20
USR_A56AFB12,TRUE,888771.77,2025-12-11,2025-12-11,2025-12-20,2025-12-20
USR_A56AFB12,TRUE,955090.64,2025-11-11,2025-11-11,2025-11-20,2025-11-20
USR_A56AFB12,TRUE,848057.6,2025-10-11,2025-10-11,2025-10-20,2025-10-20
USR_A56AFB12,TRUE,161749.32,2025-09-11,2025-09-11,2025-09-20,2025-09-20
USR_A56AFB12,TRUE,124383.3,2025-08-11,2025-08-11,2025-08-20,2025-08-20
USR_C5BA58C0,TRUE,907059.85,2025-12-11,2025-12-11,2025-12-20,2025-12-20
USR_C5BA58C0,TRUE,937175.91,2025-12-11,2025-12-11,2025-12-20,2025-12-20
USR_C5BA58C0,TRUE,317554.53,2025-11-11,2025-11-11,2025-11-20,2025-11-20
USR_C5BA58C0,TRUE,787347.28,2025-10-11,2025-10-11,2025-10-20,2025-10-20
USR_C5BA58C0,TRUE,389780.82,2025-09-11,2025-09-11,2025-09-20,2025-09-20
USR_C5BA58C0,TRUE,639143.28,2025-08-11,2025-08-11,2025-08-20,2025-08-20
USR_DC5B7CC4,TRUE,504414.75,2025-12-11,2025-12-11,2025-12-20,2025-12-20
USR_DC5B7CC4,TRUE,686249.66,2025-12-11,2025-12-11,2025-12-20,2025-12-20
USR_DC5B7CC4,TRUE,212903.98,2025-11-11,2025-11-11,2025-11-20,2025-11-20
USR_DC5B7CC4,TRUE,769709.91,2025-10-11,2025-10-11,2025-10-20,2025-10-20
USR_DC5B7CC4,TRUE,479238.43,2025-09-11,2025-09-11,2025-09-20,2025-09-20
USR_DC5B7CC4,TRUE,316156.33,2025-08-11,2025-08-11,2025-08-20,2025-08-20
USR_BF4E701B,TRUE,567086.7,2025-12-11,2025-12-11,2025-12-20,2025-12-20
USR_BF4E701B,TRUE,582382.08,2025-12-11,2025-12-11,2025-12-20,2025-12-20
USR_BF4E701B,TRUE,860187.06,2025-11-11,2025-11-11,2025-11-20,2025-11-20
USR_BF4E701B,TRUE,170511.28,2025-10-11,2025-10-11,2025-10-20,2025-10-20
USR_BF4E701B,TRUE,160346.93,2025-09-11,2025-09-11,2025-09-20,2025-09-20
USR_BF4E701B,TRUE,694995.13,2025-08-11,2025-08-11,2025-08-20,2025-08-20
USR_4B4B4C0D,TRUE,243619.58,2025-12-11,2025-12-11,2025-12-20,2025-12-20
USR_4B4B4C0D,TRUE,441491.63,2025-12-11,2025-12-11,2025-12-20,2025-12-20
USR_4B4B4C0D,TRUE,141427.98,2025-11-11,2025-11-11,2025-11-20,2025-11-20
USR_4B4B4C0D,TRUE,580193.08,2025-10-11,2025-10-11,2025-10-20,2025-10-20
USR_4B4B4C0D,TRUE,598208.15,2025-09-11,2025-09-11,2025-09-20,2025-09-20
USR_4B4B4C0D,TRUE,524135.14,2025-08-11,2025-08-11,2025-08-20,2025-08-20
USR_3D6F7329,TRUE,799565.89,2025-12-11,2025-12-11,2025-12-20,2025-12-20
USR_3D6F7329,TRUE,526536.67,2025-12-11,2025-12-11,2025-12-20,2025-12-20
USR_3D6F7329,TRUE,768625.0,2025-11-11,2025-11-11,2025-11-20,2025-11-20
USR_3D6F7329,TRUE,592333.24,2025-10-11,2025-10-11,2025-10-20,2025-10-20
USR_3D6F7329,TRUE,833943.89,2025-09-11,2025-09-11,2025-09-20,2025-09-20
USR_3D6F7329,TRUE,500967.29,2025-08-11,2025-08-11,2025-08-20,2025-08-20
USR_141E0C13,TRUE,873294.99,2025-12-11,2025-12-11,2025-12-20,2025-12-20
USR_141E0C13,TRUE,880576.25,2025-12-11,2025-12-11,2025-12-20,2025-12-20
USR_141E0C13,TRUE,138919.63,2025-11-11,2025-11-11,2025-11-20,2025-11-20
USR_141E0C13,TRUE,783160.85,2025-10-11,2025-10-11,2025-10-20,2025-10-20
USR_141E0C13,TRUE,123741.11,2025-09-11,2025-09-11,2025-09-20,2025-09-20
USR_141E0C13,TRUE,507481.34,2025-08-11,2025-08-11,2025-08-20,2025-08-20
USR_071A9715,TRUE,275621.75,2025-12-11,2025-12-11,2025-12-20,2025-12-20
USR_071A9715,TRUE,938702.41,2025-12-11,2025-12-11,2025-12-20,2025-12-20
USR_071A9715,TRUE,502143.22,2025-11-11,2025-11-11,2025-11-20,2025-11-20
USR_071A9715,TRUE,724025.12,2025-10-11,2025-10-11,2025-10-20,2025-10-20
USR_071A9715,TRUE,199099.19,2025-09-11,2025-09-11,2025-09-20,2025-09-20
USR_071A9715,TRUE,673270.77,2025-08-11,2025-08-11,2025-08-20,2025-08-20
USR_A62883B6,TRUE,168297.75,2025-12-11,2025-12-11,2025-12-20,2025-12-20
USR_A62883B6,TRUE,180786.33,2025-12-11,2025-12-11,2025-12-20,2025-12-20
USR_A62883B6,TRUE,329036.97,2025-11-11,2025-11-11,2025-11-20,2025-11-20
USR_A62883B6,TRUE,381200.33,2025-10-11,2025-10-11,2025-10-20,2025-10-20
USR_A62883B6,TRUE,808278.29,2025-09-11,2025-09-11,2025-09-20,2025-09-20
USR_A62883B6,TRUE,715556.02,2025-08-11,2025-08-11,2025-08-20,2025-08-20
USR_8CA09423,TRUE,375741.6,2025-12-11,2025-12-11,2025-12-20,2025-12-20
USR_8CA09423,TRUE,209792.79,2025-12-11,2025-12-11,2025-12-20,2025-12-20
USR_8CA09423,TRUE,380814.42,2025-11-11,2025-11-11,2025-11-20,2025-11-20
USR_8CA09423,TRUE,339096.35,2025-10-11,2025-10-11,2025-10-20,2025-10-20
USR_8CA09423,TRUE,904867.87,2025-09-11,2025-09-11,2025-09-20,2025-09-20
USR_8CA09423,TRUE,250959.11,2025-08-11,2025-08-11,2025-08-20,2025-08-20
USR_808C3AB0,TRUE,743368.5,2025-12-11,2025-12-11,2025-12-20,2025-12-20
USR_808C3AB0,TRUE,400867.0,2025-12-11,2025-12-11,2025-12-20,2025-12-20
USR_808C3AB0,TRUE,738291.52,2025-11-11,2025-11-11,2025-11-20,2025-11-20
USR_808C3AB0,TRUE,269793.49,2025-10-11,2025-10-11,2025-10-20,2025-10-20
USR_808C3AB0,TRUE,187065.46,2025-09-11,2025-09-11,2025-09-20,2025-09-20
USR_808C3AB0,TRUE,311603.62,2025-08-11,2025-08-11,2025-08-20,2025-08-20
USR_70B0FCEE,TRUE,751788.86,2025-12-11,2025-12-11,2025-12-20,2025-12-20
USR_70B0FCEE,TRUE,634688.94,2025-12-11,2025-12-11,2025-12-20,2025-12-20
USR_70B0FCEE,TRUE,537200.19,2025-11-11,2025-11-11,2025-11-20,2025-11-20
USR_70B0FCEE,TRUE,454665.12,2025-10-11,2025-10-11,2025-10-20,2025-10-20
USR_70B0FCEE,TRUE,348531.31,2025-09-11,2025-09-11,2025-09-20,2025-09-20
USR_70B0FCEE,TRUE,419286.64,2025-08-11,2025-08-11,2025-08-20,2025-08-20
USR_8FADD09C,FALSE,495668.16,2025-12-11,2025-12-23,2025-12-20,2026-01-08
USR_8FADD09C,FALSE,624499.58,2025-12-11,2025-12-30,2025-12-20,2026-01-17
USR_8FADD09C,FALSE,602784.8,2025-11-11,2025-11-29,2025-11-20,2025-12-10
USR_8FADD09C,FALSE,316560.7,2025-10-11,2025-10-28,2025-10-20,2025-11-12
USR_8FADD09C,FALSE,393539.01,2025-09-11,2025-09-21,2025-09-20,2025-10-15
USR_8FADD09C,FALSE,654061.72,2025-08-11,2025-09-03,2025-08-20,2025-09-01
USR_1458249A,FALSE,117327.43,2025-12-11,2025-12-28,2025-12-20,2026-01-06
USR_1458249A,FALSE,710270.81,2025-12-11,2025-12-21,2025-12-20,2026-01-08
USR_1458249A,FALSE,614657.16,2025-11-11,2025-11-21,2025-11-20,2025-12-14
USR_1458249A,FALSE,648817.43,2025-10-11,2025-10-26,2025-10-20,2025-11-09
USR_1458249A,FALSE,129771.44,2025-09-11,2025-10-01,2025-09-20,2025-10-12
USR_1458249A,FALSE,532662.31,2025-08-11,2025-09-08,2025-08-20,2025-08-29
USR_93D69B20,TRUE,186214.0,2025-12-11,2025-12-11,2025-12-20,2025-12-20
USR_93D69B20,TRUE,441738.92,2025-12-11,2025-12-11,2025-12-20,2025-12-20
USR_93D69B20,TRUE,723162.73,2025-11-11,2025-11-11,2025-11-20,2025-11-20
USR_93D69B20,TRUE,949722.95,2025-10-11,2025-10-11,2025-10-20,2025-10-20
USR_93D69B20,TRUE,675054.45,2025-09-11,2025-09-11,2025-09-20,2025-09-20
USR_93D69B20,TRUE,316837.81,2025-08-11,2025-08-11,2025-08-20,2025-08-20
USR_83A0A53E,TRUE,634245.28,2025-12-11,2025-12-11,2025-12-20,2025-12-20
USR_83A0A53E,TRUE,150688.21,2025-12-11,2025-12-11,2025-12-20,2025-12-20
USR_83A0A53E,TRUE,132619.31,2025-11-11,2025-11-11,2025-11-20,2025-11-20
USR_83A0A53E,TRUE,820522.72,2025-10-11,2025-10-11,2025-10-20,2025-10-20
USR_83A0A53E,TRUE,687741.24,2025-09-11,2025-09-11,2025-09-20,2025-09-20
USR_83A0A53E,TRUE,962223.01,2025-08-11,2025-08-11,2025-08-20,2025-08-20
USR_1B1CA400,TRUE,413592.54,2025-12-11,2025-12-11,2025-12-20,2025-12-20
USR_1B1CA400,TRUE,293908.8,2025-12-11,2025-12-11,2025-12-20,2025-12-20
USR_1B1CA400,TRUE,109748.43,2025-11-11,2025-11-11,2025-11-20,2025-11-20
USR_1B1CA400,TRUE,511978.16,2025-10-11,2025-10-11,2025-10-20,2025-10-20
USR_1B1CA400,TRUE,374628.07,2025-09-11,2025-09-11,2025-09-20,2025-09-20
USR_1B1CA400,TRUE,985519.66,2025-08-11,2025-08-11,2025-08-20,2025-08-20
USR_EC001019,TRUE,439352.58,2025-12-11,2025-12-11,2025-12-20,2025-12-20
USR_EC001019,TRUE,407126.93,2025-12-11,2025-12-11,2025-12-20,2025-12-20
USR_EC001019,TRUE,486424.42,2025-11-11,2025-11-11,2025-11-20,2025-11-20
USR_EC001019,TRUE,248848.01,2025-10-11,2025-10-11,2025-10-20,2025-10-20
USR_EC001019,TRUE,392731.79,2025-09-11,2025-09-11,2025-09-20,2025-09-20
USR_EC001019,TRUE,289560.34,2025-08-11,2025-08-11,2025-08-20,2025-08-20
USR_AC01196B,FALSE,525449.57,2025-12-11,2025-12-30,2025-12-20,2026-01-09
USR_AC01196B,FALSE,281573.55,2025-12-11,2026-01-03,2025-12-20,2026-01-04
USR_AC01196B,FALSE,284726.98,2025-11-11,2025-12-08,2025-11-20,2025-12-12
USR_AC01196B,FALSE,531757.82,2025-10-11,2025-10-15,2025-10-20,2025-11-15
USR_AC01196B,FALSE,322854.41,2025-09-11,2025-09-30,2025-09-20,2025-10-03
USR_AC01196B,FALSE,792155.82,2025-08-11,2025-09-07,2025-08-20,2025-09-01
USR_37B02A9C,FALSE,401954.83,2025-12-11,2025-12-23,2025-12-20,2025-12-23
USR_37B02A9C,FALSE,165362.45,2025-12-11,2025-12-12,2025-12-20,2026-01-15
USR_37B02A9C,FALSE,690145.13,2025-11-11,2025-11-27,2025-11-20,2025-12-17
USR_37B02A9C,FALSE,421775.31,2025-10-11,2025-11-04,2025-10-20,2025-11-12
USR_37B02A9C,FALSE,711344.65,2025-09-11,2025-10-10,2025-09-20,2025-10-15
USR_37B02A9C,FALSE,873226.31,2025-08-11,2025-08-20,2025-08-20,2025-09-11
USR_1A06FD79,TRUE,622194.57,2025-12-11,2025-12-11,2025-12-20,2025-12-20
USR_1A06FD79,TRUE,770374.25,2025-12-11,2025-12-11,2025-12-20,2025-12-20
USR_1A06FD79,TRUE,583964.32,2025-11-11,2025-11-11,2025-11-20,2025-11-20
USR_1A06FD79,TRUE,387048.74,2025-10-11,2025-10-11,2025-10-20,2025-10-20
USR_1A06FD79,TRUE,956057.86,2025-09-11,2025-09-11,2025-09-20,2025-09-20
USR_1A06FD79,TRUE,559765.97,2025-08-11,2025-08-11,2025-08-20,2025-08-20
USR_8151405F,FALSE,768146.14,2025-12-11,2026-01-02,2025-12-20,2026-01-13
USR_8151405F,FALSE,138501.85,2025-12-11,2026-01-06,2025-12-20,2026-01-14
USR_8151405F,FALSE,482979.1,2025-11-11,2025-11-22,2025-11-20,2025-12-10
USR_8151405F,FALSE,937820.48,2025-10-11,2025-11-08,2025-10-20,2025-11-08
USR_8151405F,FALSE,517672.6,2025-09-11,2025-09-12,2025-09-20,2025-10-10
USR_8151405F,FALSE,241672.32,2025-08-11,2025-09-02,2025-08-20,2025-08-26
USR_BD4BBD75,TRUE,797691.57,2025-12-11,2025-12-11,2025-12-20,2025-12-20
USR_BD4BBD75,TRUE,199182.98,2025-12-11,2025-12-11,2025-12-20,2025-12-20
USR_BD4BBD75,TRUE,401963.54,2025-11-11,2025-11-11,2025-11-20,2025-11-20
USR_BD4BBD75,TRUE,743549.06,2025-10-11,2025-10-11,2025-10-20,2025-10-20
USR_BD4BBD75,TRUE,873381.92,2025-09-11,2025-09-11,2025-09-20,2025-09-20
USR_BD4BBD75,TRUE,944553.73,2025-08-11,2025-08-11,2025-08-20,2025-08-20
USR_7EE4A87B,TRUE,497174.59,2025-12-11,2025-12-11,2025-12-20,2025-12-20
USR_7EE4A87B,TRUE,594124.82,2025-12-11,2025-12-11,2025-12-20,2025-12-20
USR_7EE4A87B,TRUE,108027.76,2025-11-11,2025-11-11,2025-11-20,2025-11-20
USR_7EE4A87B,TRUE,447528.67,2025-10-11,2025-10-11,2025-10-20,2025-10-20
USR_7EE4A87B,TRUE,353062.04,2025-09-11,2025-09-11,2025-09-20,2025-09-20
USR_7EE4A87B,TRUE,147463.67,2025-08-11,2025-08-11,2025-08-20,2025-08-20
USR_36EF2677,TRUE,918203.35,2025-12-11,2025-12-11,2025-12-20,2025-12-20
USR_36EF2677,TRUE,542564.65,2025-12-11,2025-12-11,2025-12-20,2025-12-20
USR_36EF2677,TRUE,756546.03,2025-11-11,2025-11-11,2025-11-20,2025-11-20
USR_36EF2677,TRUE,503759.51,2025-10-11,2025-10-11,2025-10-20,2025-10-20
USR_36EF2677,TRUE,197344.15,2025-09-11,2025-09-11,2025-09-20,2025-09-20
USR_36EF2677,TRUE,196620.53,2025-08-11,2025-08-11,2025-08-20,2025-08-20
USR_8F182C83,TRUE,293286.24,2025-12-11,2025-12-11,2025-12-20,2025-12-20
USR_8F182C83,TRUE,265961.0,2025-12-11,2025-12-11,2025-12-20,2025-12-20
USR_8F182C83,TRUE,175541.12,2025-11-11,2025-11-11,2025-11-20,2025-11-20
USR_8F182C83,TRUE,340184.29,2025-10-11,2025-10-11,2025-10-20,2025-10-20
USR_8F182C83,TRUE,713562.04,2025-09-11,2025-09-11,2025-09-20,2025-09-20
USR_8F182C83,TRUE,277335.52,2025-08-11,2025-08-11,2025-08-20,2025-08-20
USR_129B051B,TRUE,477582.94,2025-12-11,2025-12-11,2025-12-20,2025-12-20
USR_129B051B,TRUE,988278.63,2025-12-11,2025-12-11,2025-12-20,2025-12-20
USR_129B051B,TRUE,784118.72,2025-11-11,2025-11-11,2025-11-20,2025-11-20
USR_129B051B,TRUE,413477.77,2025-10-11,2025-10-11,2025-10-20,2025-10-20
USR_129B051B,TRUE,827083.08,2025-09-11,2025-09-11,2025-09-20,2025-09-20
USR_129B051B,TRUE,475264.69,2025-08-11,2025-08-11,2025-08-20,2025-08-20
USR_8BB2B253,FALSE,142699.46,2025-12-11,2025-12-27,2025-12-20,2025-12-26
USR_8BB2B253,FALSE,564811.46,2025-12-11,2026-01-03,2025-12-20,2026-01-08
USR_8BB2B253,FALSE,531528.87,2025-11-11,2025-11-16,2025-11-20,2025-12-10
USR_8BB2B253,FALSE,160076.88,2025-10-11,2025-10-29,2025-10-20,2025-11-06
USR_8BB2B253,FALSE,438563.93,2025-09-11,2025-09-19,2025-09-20,2025-10-04
USR_8BB2B253,FALSE,437079.64,2025-08-11,2025-08-16,2025-08-20,2025-08-25
USR_CEC4180A,TRUE,401201.05,2025-12-11,2025-12-11,2025-12-20,2025-12-20
USR_CEC4180A,TRUE,171538.38,2025-12-11,2025-12-11,2025-12-20,2025-12-20
USR_CEC4180A,TRUE,754321.7,2025-11-11,2025-11-11,2025-11-20,2025-11-20
USR_CEC4180A,TRUE,310533.25,2025-10-11,2025-10-11,2025-10-20,2025-10-20
USR_CEC4180A,TRUE,867913.73,2025-09-11,2025-09-11,2025-09-20,2025-09-20
USR_CEC4180A,TRUE,493870.39,2025-08-11,2025-08-11,2025-08-20,2025-08-20
USR_64E4495A,TRUE,808562.39,2025-12-11,2025-12-11,2025-12-20,2025-12-20
USR_64E4495A,TRUE,274275.92,2025-12-11,2025-12-11,2025-12-20,2025-12-20
USR_64E4495A,TRUE,764506.35,2025-11-11,2025-11-11,2025-11-20,2025-11-20
USR_64E4495A,TRUE,719964.61,2025-10-11,2025-10-11,2025-10-20,2025-10-20
USR_64E4495A,TRUE,452626.52,2025-09-11,2025-09-11,2025-09-20,2025-09-20
USR_64E4495A,TRUE,258368.7,2025-08-11,2025-08-11,2025-08-20,2025-08-20
USR_146FFCE6,TRUE,307588.57,2025-12-11,2025-12-11,2025-12-20,2025-12-20
USR_146FFCE6,TRUE,547651.58,2025-12-11,2025-12-11,2025-12-20,2025-12-20
USR_146FFCE6,TRUE,795697.15,2025-11-11,2025-11-11,2025-11-20,2025-11-20
USR_146FFCE6,TRUE,527224.98,2025-10-11,2025-10-11,2025-10-20,2025-10-20
USR_146FFCE6,TRUE,537549.33,2025-09-11,2025-09-11,2025-09-20,2025-09-20
USR_146FFCE6,TRUE,439257.03,2025-08-11,2025-08-11,2025-08-20,2025-08-20
USR_A22DD37E,TRUE,947700.57,2025-12-11,2025-12-11,2025-12-20,2025-12-20
USR_A22DD37E,TRUE,223951.33,2025-12-11,2025-12-11,2025-12-20,2025-12-20
USR_A22DD37E,TRUE,828674.47,2025-11-11,2025-11-11,2025-11-20,2025-11-20
USR_A22DD37E,TRUE,636101.54,2025-10-11,2025-10-11,2025-10-20,2025-10-20
USR_A22DD37E,TRUE,151065.03,2025-09-11,2025-09-11,2025-09-20,2025-09-20
USR_A22DD37E,TRUE,249417.72,2025-08-11,2025-08-11,2025-08-20,2025-08-20
USR_4A4FABD4,TRUE,968403.44,2025-12-11,2025-12-11,2025-12-20,2025-12-20
USR_4A4FABD4,TRUE,909199.84,2025-12-11,2025-12-11,2025-12-20,2025-12-20
USR_4A4FABD4,TRUE,367212.7,2025-11-11,2025-11-11,2025-11-20,2025-11-20
USR_4A4FABD4,TRUE,677713.62,2025-10-11,2025-10-11,2025-10-20,2025-10-20
USR_4A4FABD4,TRUE,554083.42,2025-09-11,2025-09-11,2025-09-20,2025-09-20
USR_4A4FABD4,TRUE,527683.98,2025-08-11,2025-08-11,2025-08-20,2025-08-20
USR_85E0960C,TRUE,838000.55,2025-12-11,2025-12-11,2025-12-20,2025-12-20
USR_85E0960C,TRUE,670119.24,2025-12-11,2025-12-11,2025-12-20,2025-12-20
USR_85E0960C,TRUE,654428.72,2025-11-11,2025-11-11,2025-11-20,2025-11-20
USR_85E0960C,TRUE,871084.1,2025-10-11,2025-10-11,2025-10-20,2025-10-20
USR_85E0960C,TRUE,759702.69,2025-09-11,2025-09-11,2025-09-20,2025-09-20
USR_85E0960C,TRUE,558793.49,2025-08-11,2025-08-11,2025-08-20,2025-08-20
USR_010FB44D,FALSE,838360.83,2025-12-11,2026-01-10,2025-12-20,2026-01-11
USR_010FB44D,FALSE,334584.46,2025-12-11,2026-01-02,2025-12-20,2026-01-12
USR_010FB44D,FALSE,724136.4,2025-11-11,2025-12-03,2025-11-20,2025-11-25
USR_010FB44D,FALSE,584855.96,2025-10-11,2025-10-30,2025-10-20,2025-11-09
USR_010FB44D,FALSE,621655.08,2025-09-11,2025-10-03,2025-09-20,2025-09-23
USR_010FB44D,FALSE,383621.59,2025-08-11,2025-08-19,2025-08-20,2025-09-09
USR_8732590C,TRUE,884074.94,2025-12-11,2025-12-11,2025-12-20,2025-12-20
USR_8732590C,TRUE,780934.92,2025-12-11,2025-12-11,2025-12-20,2025-12-20
USR_8732590C,TRUE,939729.15,2025-11-11,2025-11-11,2025-11-20,2025-11-20
USR_8732590C,TRUE,157567.01,2025-10-11,2025-10-11,2025-10-20,2025-10-20
USR_8732590C,TRUE,587540.28,2025-09-11,2025-09-11,2025-09-20,2025-09-20
USR_8732590C,TRUE,119862.87,2025-08-11,2025-08-11,2025-08-20,2025-08-20
USR_70745863,TRUE,800164.0,2025-12-11,2025-12-11,2025-12-20,2025-12-20
USR_70745863,TRUE,484683.69,2025-12-11,2025-12-11,2025-12-20,2025-12-20
USR_70745863,TRUE,632500.92,2025-11-11,2025-11-11,2025-11-20,2025-11-20
USR_70745863,TRUE,926052.14,2025-10-11,2025-10-11,2025-10-20,2025-10-20
USR_70745863,TRUE,552893.07,2025-09-11,2025-09-11,2025-09-20,2025-09-20
USR_70745863,TRUE,685778.81,2025-08-11,2025-08-11,2025-08-20,2025-08-20
USR_CC714595,TRUE,161235.85,2025-12-11,2025-12-11,2025-12-20,2025-12-20
USR_CC714595,TRUE,919116.4,2025-12-11,2025-12-11,2025-12-20,2025-12-20
USR_CC714595,TRUE,965878.41,2025-11-11,2025-11-11,2025-11-20,2025-11-20
USR_CC714595,TRUE,795301.27,2025-10-11,2025-10-11,2025-10-20,2025-10-20
USR_CC714595,TRUE,164788.39,2025-09-11,2025-09-11,2025-09-20,2025-09-20
USR_CC714595,TRUE,943489.47,2025-08-11,2025-08-11,2025-08-20,2025-08-20
USR_F1547964,TRUE,153184.13,2025-12-11,2025-12-11,2025-12-20,2025-12-20
USR_F1547964,TRUE,578238.89,2025-12-11,2025-12-11,2025-12-20,2025-12-20
USR_F1547964,TRUE,815110.04,2025-11-11,2025-11-11,2025-11-20,2025-11-20
USR_F1547964,TRUE,501557.16,2025-10-11,2025-10-11,2025-10-20,2025-10-20
USR_F1547964,TRUE,675858.81,2025-09-11,2025-09-11,2025-09-20,2025-09-20
USR_F1547964,TRUE,233203.97,2025-08-11,2025-08-11,2025-08-20,2025-08-20
USR_0F3CEB45,TRUE,568048.88,2025-12-11,2025-12-11,2025-12-20,2025-12-20
USR_0F3CEB45,TRUE,686980.55,2025-12-11,2025-12-11,2025-12-20,2025-12-20
USR_0F3CEB45,TRUE,478961.07,2025-11-11,2025-11-11,2025-11-20,2025-11-20
USR_0F3CEB45,TRUE,929356.52,2025-10-11,2025-10-11,2025-10-20,2025-10-20
USR_0F3CEB45,TRUE,578519.08,2025-09-11,2025-09-11,2025-09-20,2025-09-20
USR_0F3CEB45,TRUE,256897.06,2025-08-11,2025-08-11,2025-08-20,2025-08-20
USR_1D5F9414,TRUE,175384.37,2025-12-11,2025-12-11,2025-12-20,2025-12-20
USR_1D5F9414,TRUE,390345.25,2025-12-11,2025-12-11,2025-12-20,2025-12-20
USR_1D5F9414,TRUE,881195.11,2025-11-11,2025-11-11,2025-11-20,2025-11-20
USR_1D5F9414,TRUE,447723.13,2025-10-11,2025-10-11,2025-10-20,2025-10-20
USR_1D5F9414,TRUE,275884.81,2025-09-11,2025-09-11,2025-09-20,2025-09-20
USR_1D5F9414,TRUE,910415.08,2025-08-11,2025-08-11,2025-08-20,2025-08-20
USR_391A587E,TRUE,474034.97,2025-12-11,2025-12-11,2025-12-20,2025-12-20
USR_391A587E,TRUE,520507.83,2025-12-11,2025-12-11,2025-12-20,2025-12-20
USR_391A587E,TRUE,959767.97,2025-11-11,2025-11-11,2025-11-20,2025-11-20
USR_391A587E,TRUE,332980.68,2025-10-11,2025-10-11,2025-10-20,2025-10-20
USR_391A587E,TRUE,890995.03,2025-09-11,2025-09-11,2025-09-20,2025-09-20
USR_391A587E,TRUE,384910.67,2025-08-11,2025-08-11,2025-08-20,2025-08-20
USR_485EE6CB,TRUE,229796.43,2025-12-11,2025-12-11,2025-12-20,2025-12-20
USR_485EE6CB,TRUE,647048.27,2025-12-11,2025-12-11,2025-12-20,2025-12-20
USR_485EE6CB,TRUE,763480.24,2025-11-11,2025-11-11,2025-11-20,2025-11-20
USR_485EE6CB,TRUE,202064.84,2025-10-11,2025-10-11,2025-10-20,2025-10-20
USR_485EE6CB,TRUE,634322.91,2025-09-11,2025-09-11,2025-09-20,2025-09-20
USR_485EE6CB,TRUE,516446.17,2025-08-11,2025-08-11,2025-08-20,2025-08-20
USR_CF7B5AB0,FALSE,774538.26,2025-12-11,2026-01-07,2025-12-20,2026-01-01
USR_CF7B5AB0,FALSE,488436.57,2025-12-11,2025-12-22,2025-12-20,2026-01-03
USR_CF7B5AB0,FALSE,686119.91,2025-11-11,2025-12-11,2025-11-20,2025-11-26
USR_CF7B5AB0,FALSE,371282.77,2025-10-11,2025-10-21,2025-10-20,2025-11-07
USR_CF7B5AB0,FALSE,275678.59,2025-09-11,2025-10-03,2025-09-20,2025-09-27
USR_CF7B5AB0,FALSE,748689.39,2025-08-11,2025-09-04,2025-08-20,2025-08-23
USR_BFF68862,FALSE,264974.37,2025-12-11,2025-12-23,2025-12-20,2025-12-21
USR_BFF68862,FALSE,655461.12,2025-12-11,2025-12-31,2025-12-20,2026-01-13
USR_BFF68862,FALSE,951535.54,2025-11-11,2025-11-26,2025-11-20,2025-12-02
USR_BFF68862,FALSE,847315.81,2025-10-11,2025-11-02,2025-10-20,2025-11-01
USR_BFF68862,FALSE,394588.32,2025-09-11,2025-10-11,2025-09-20,2025-10-06
USR_BFF68862,FALSE,761772.23,2025-08-11,2025-08-16,2025-08-20,2025-09-08
USR_8728F4BE,TRUE,778591.73,2025-12-11,2025-12-11,2025-12-20,2025-12-20
USR_8728F4BE,TRUE,453170.34,2025-12-11,2025-12-11,2025-12-20,2025-12-20
USR_8728F4BE,TRUE,554033.17,2025-11-11,2025-11-11,2025-11-20,2025-11-20
USR_8728F4BE,TRUE,574964.34,2025-10-11,2025-10-11,2025-10-20,2025-10-20
USR_8728F4BE,TRUE,416614.99,2025-09-11,2025-09-11,2025-09-20,2025-09-20
USR_8728F4BE,TRUE,541981.94,2025-08-11,2025-08-11,2025-08-20,2025-08-20
USR_D524FA3F,TRUE,170923.58,2025-12-11,2025-12-11,2025-12-20,2025-12-20
USR_D524FA3F,TRUE,770630.65,2025-12-11,2025-12-11,2025-12-20,2025-12-20
USR_D524FA3F,TRUE,989122.66,2025-11-11,2025-11-11,2025-11-20,2025-11-20
USR_D524FA3F,TRUE,837082.15,2025-10-11,2025-10-11,2025-10-20,2025-10-20
USR_D524FA3F,TRUE,922807.97,2025-09-11,2025-09-11,2025-09-20,2025-09-20
USR_D524FA3F,TRUE,345173.7,2025-08-11,2025-08-11,2025-08-20,2025-08-20
USR_012C920D,TRUE,522297.56,2025-12-11,2025-12-11,2025-12-20,2025-12-20
USR_012C920D,TRUE,414239.3,2025-12-11,2025-12-11,2025-12-20,2025-12-20
USR_012C920D,TRUE,139313.04,2025-11-11,2025-11-11,2025-11-20,2025-11-20
USR_012C920D,TRUE,289143.1,2025-10-11,2025-10-11,2025-10-20,2025-10-20
USR_012C920D,TRUE,418203.25,2025-09-11,2025-09-11,2025-09-20,2025-09-20
USR_012C920D,TRUE,753617.0,2025-08-11,2025-08-11,2025-08-20,2025-08-20
USR_01315C5E,TRUE,114774.78,2025-12-11,2025-12-11,2025-12-20,2025-12-20
USR_01315C5E,TRUE,652886.08,2025-12-11,2025-12-11,2025-12-20,2025-12-20
USR_01315C5E,TRUE,885597.93,2025-11-11,2025-11-11,2025-11-20,2025-11-20
USR_01315C5E,TRUE,967709.38,2025-10-11,2025-10-11,2025-10-20,2025-10-20
USR_01315C5E,TRUE,962632.62,2025-09-11,2025-09-11,2025-09-20,2025-09-20
USR_01315C5E,TRUE,410849.62,2025-08-11,2025-08-11,2025-08-20,2025-08-20
USR_300298DD,TRUE,201721.42,2025-12-11,2025-12-11,2025-12-20,2025-12-20
USR_300298DD,TRUE,890602.95,2025-12-11,2025-12-11,2025-12-20,2025-12-20
USR_300298DD,TRUE,898090.78,2025-11-11,2025-11-11,2025-11-20,2025-11-20
USR_300298DD,TRUE,691711.67,2025-10-11,2025-10-11,2025-10-20,2025-10-20
USR_300298DD,TRUE,818929.2,2025-09-11,2025-09-11,2025-09-20,2025-09-20
USR_300298DD,TRUE,181824.58,2025-08-11,2025-08-11,2025-08-20,2025-08-20
USR_8C3DE47E,TRUE,604283.61,2025-12-11,2025-12-11,2025-12-20,2025-12-20
USR_8C3DE47E,TRUE,807431.43,2025-12-11,2025-12-11,2025-12-20,2025-12-20
USR_8C3DE47E,TRUE,260273.88,2025-11-11,2025-11-11,2025-11-20,2025-11-20
USR_8C3DE47E,TRUE,321600.84,2025-10-11,2025-10-11,2025-10-20,2025-10-20
USR_8C3DE47E,TRUE,314674.32,2025-09-11,2025-09-11,2025-09-20,2025-09-20
USR_8C3DE47E,TRUE,778102.2,2025-08-11,2025-08-11,2025-08-20,2025-08-20
USR_30100186,FALSE,691669.28,2025-12-11,2025-12-13,2025-12-20,2026-01-05
USR_30100186,FALSE,860814.86,2025-12-11,2026-01-03,2025-12-20,2025-12-31
USR_30100186,FALSE,380754.57,2025-11-11,2025-11-12,2025-11-20,2025-11-29
USR_30100186,FALSE,986823.15,2025-10-11,2025-11-09,2025-10-20,2025-10-24
USR_30100186,FALSE,407492.79,2025-09-11,2025-09-18,2025-09-20,2025-10-06
USR_30100186,FALSE,744590.46,2025-08-11,2025-08-25,2025-08-20,2025-08-26
USR_2738B4D1,TRUE,877505.49,2025-12-11,2025-12-11,2025-12-20,2025-12-20
USR_2738B4D1,TRUE,193442.47,2025-12-11,2025-12-11,2025-12-20,2025-12-20
USR_2738B4D1,TRUE,271270.13,2025-11-11,2025-11-11,2025-11-20,2025-11-20
USR_2738B4D1,TRUE,649981.2,2025-10-11,2025-10-11,2025-10-20,2025-10-20
USR_2738B4D1,TRUE,868149.37,2025-09-11,2025-09-11,2025-09-20,2025-09-20
USR_2738B4D1,TRUE,515628.11,2025-08-11,2025-08-11,2025-08-20,2025-08-20
USR_2B52895E,TRUE,142460.83,2025-12-11,2025-12-11,2025-12-20,2025-12-20
USR_2B52895E,TRUE,735281.17,2025-12-11,2025-12-11,2025-12-20,2025-12-20
USR_2B52895E,TRUE,334787.59,2025-11-11,2025-11-11,2025-11-20,2025-11-20
USR_2B52895E,TRUE,359043.22,2025-10-11,2025-10-11,2025-10-20,2025-10-20
USR_2B52895E,TRUE,490038.21,2025-09-11,2025-09-11,2025-09-20,2025-09-20
USR_2B52895E,TRUE,466170.46,2025-08-11,2025-08-11,2025-08-20,2025-08-20
USR_AC5ADC95,TRUE,816603.29,2025-12-11,2025-12-11,2025-12-20,2025-12-20
USR_AC5ADC95,TRUE,223571.33,2025-12-11,2025-12-11,2025-12-20,2025-12-20
USR_AC5ADC95,TRUE,178151.08,2025-11-11,2025-11-11,2025-11-20,2025-11-20
USR_AC5ADC95,TRUE,664855.24,2025-10-11,2025-10-11,2025-10-20,2025-10-20
USR_AC5ADC95,TRUE,918238.92,2025-09-11,2025-09-11,2025-09-20,2025-09-20
USR_AC5ADC95,TRUE,160316.49,2025-08-11,2025-08-11,2025-08-20,2025-08-20
USR_AF99FAB1,TRUE,595618.25,2025-12-11,2025-12-11,2025-12-20,2025-12-20
USR_AF99FAB1,TRUE,329524.73,2025-12-11,2025-12-11,2025-12-20,2025-12-20
USR_AF99FAB1,TRUE,665755.54,2025-11-11,2025-11-11,2025-11-20,2025-11-20
USR_AF99FAB1,TRUE,604322.15,2025-10-11,2025-10-11,2025-10-20,2025-10-20
USR_AF99FAB1,TRUE,810301.94,2025-09-11,2025-09-11,2025-09-20,2025-09-20
USR_AF99FAB1,TRUE,124614.9,2025-08-11,2025-08-11,2025-08-20,2025-08-20
USR_B4863E5C,TRUE,488753.16,2025-12-11,2025-12-11,2025-12-20,2025-12-20
USR_B4863E5C,TRUE,972272.46,2025-12-11,2025-12-11,2025-12-20,2025-12-20
USR_B4863E5C,TRUE,990375.16,2025-11-11,2025-11-11,2025-11-20,2025-11-20
USR_B4863E5C,TRUE,594097.06,2025-10-11,2025-10-11,2025-10-20,2025-10-20
USR_B4863E5C,TRUE,231857.79,2025-09-11,2025-09-11,2025-09-20,2025-09-20
USR_B4863E5C,TRUE,525710.27,2025-08-11,2025-08-11,2025-08-20,2025-08-20
USR_CF0E7A9C,TRUE,319688.1,2025-12-11,2025-12-11,2025-12-20,2025-12-20
USR_CF0E7A9C,TRUE,330029.07,2025-12-11,2025-12-11,2025-12-20,2025-12-20
USR_CF0E7A9C,TRUE,291932.39,2025-11-11,2025-11-11,2025-11-20,2025-11-20
USR_CF0E7A9C,TRUE,256102.57,2025-10-11,2025-10-11,2025-10-20,2025-10-20
USR_CF0E7A9C,TRUE,425310.11,2025-09-11,2025-09-11,2025-09-20,2025-09-20
USR_CF0E7A9C,TRUE,974228.09,2025-08-11,2025-08-11,2025-08-20,2025-08-20
USR_0C94F516,TRUE,329667.69,2025-12-11,2025-12-11,2025-12-20,2025-12-20
USR_0C94F516,TRUE,384910.0,2025-12-11,2025-12-11,2025-12-20,2025-12-20
USR_0C94F516,TRUE,855765.14,2025-11-11,2025-11-11,2025-11-20,2025-11-20
USR_0C94F516,TRUE,527002.69,2025-10-11,2025-10-11,2025-10-20,2025-10-20
USR_0C94F516,TRUE,334788.63,2025-09-11,2025-09-11,2025-09-20,2025-09-20
USR_0C94F516,TRUE,453964.99,2025-08-11,2025-08-11,2025-08-20,2025-08-20
USR_A7EA01B2,TRUE,941588.29,2025-12-11,2025-12-11,2025-12-20,2025-12-20
USR_A7EA01B2,TRUE,952812.48,2025-12-11,2025-12-11,2025-12-20,2025-12-20
USR_A7EA01B2,TRUE,398669.63,2025-11-11,2025-11-11,2025-11-20,2025-11-20
USR_A7EA01B2,TRUE,441819.98,2025-10-11,2025-10-11,2025-10-20,2025-10-20
USR_A7EA01B2,TRUE,187608.39,2025-09-11,2025-09-11,2025-09-20,2025-09-20
USR_A7EA01B2,TRUE,344163.99,2025-08-11,2025-08-11,2025-08-20,2025-08-20
USR_3AC21104,FALSE,770316.06,2025-12-11,2025-12-30,2025-12-20,2025-12-30
USR_3AC21104,FALSE,186784.02,2025-12-11,2026-01-07,2025-12-20,2026-01-04
USR_3AC21104,FALSE,164642.1,2025-11-11,2025-11-24,2025-11-20,2025-11-27
USR_3AC21104,FALSE,472869.33,2025-10-11,2025-10-30,2025-10-20,2025-11-18
USR_3AC21104,FALSE,452102.18,2025-09-11,2025-10-03,2025-09-20,2025-09-21
USR_3AC21104,FALSE,552357.38,2025-08-11,2025-09-05,2025-08-20,2025-08-27
USR_41951967,TRUE,579620.67,2025-12-11,2025-12-11,2025-12-20,2025-12-20
USR_41951967,TRUE,264527.66,2025-12-11,2025-12-11,2025-12-20,2025-12-20
USR_41951967,TRUE,179183.67,2025-11-11,2025-11-11,2025-11-20,2025-11-20
USR_41951967,TRUE,225256.44,2025-10-11,2025-10-11,2025-10-20,2025-10-20
USR_41951967,TRUE,945353.96,2025-09-11,2025-09-11,2025-09-20,2025-09-20
USR_41951967,TRUE,239663.57,2025-08-11,2025-08-11,2025-08-20,2025-08-20
USR_8DA31A6B,TRUE,604246.58,2025-12-11,2025-12-11,2025-12-20,2025-12-20
USR_8DA31A6B,TRUE,186177.96,2025-12-11,2025-12-11,2025-12-20,2025-12-20
USR_8DA31A6B,TRUE,792344.45,2025-11-11,2025-11-11,2025-11-20,2025-11-20
USR_8DA31A6B,TRUE,481324.24,2025-10-11,2025-10-11,2025-10-20,2025-10-20
USR_8DA31A6B,TRUE,453592.82,2025-09-11,2025-09-11,2025-09-20,2025-09-20
USR_8DA31A6B,TRUE,291237.75,2025-08-11,2025-08-11,2025-08-20,2025-08-20
USR_65DBDD02,TRUE,876844.26,2025-12-11,2025-12-11,2025-12-20,2025-12-20
USR_65DBDD02,TRUE,638414.64,2025-12-11,2025-12-11,2025-12-20,2025-12-20
USR_65DBDD02,TRUE,564614.77,2025-11-11,2025-11-11,2025-11-20,2025-11-20
USR_65DBDD02,TRUE,732033.29,2025-10-11,2025-10-11,2025-10-20,2025-10-20
USR_65DBDD02,TRUE,799065.82,2025-09-11,2025-09-11,2025-09-20,2025-09-20
USR_65DBDD02,TRUE,332362.69,2025-08-11,2025-08-11,2025-08-20,2025-08-20
USR_3300B3BC,TRUE,936543.63,2025-12-11,2025-12-11,2025-12-20,2025-12-20
USR_3300B3BC,TRUE,344706.18,2025-12-11,2025-12-11,2025-12-20,2025-12-20
USR_3300B3BC,TRUE,590279.74,2025-11-11,2025-11-11,2025-11-20,2025-11-20
USR_3300B3BC,TRUE,768728.33,2025-10-11,2025-10-11,2025-10-20,2025-10-20
USR_3300B3BC,TRUE,858413.92,2025-09-11,2025-09-11,2025-09-20,2025-09-20
USR_3300B3BC,TRUE,527619.0,2025-08-11,2025-08-11,2025-08-20,2025-08-20
USR_CD2BA78F,FALSE,171949.26,2025-12-11,2025-12-14,2025-12-20,2026-01-02
USR_CD2BA78F,FALSE,430708.53,2025-12-11,2025-12-18,2025-12-20,2025-12-21
USR_CD2BA78F,FALSE,629973.08,2025-11-11,2025-11-24,2025-11-20,2025-12-06
USR_CD2BA78F,FALSE,623750.89,2025-10-11,2025-10-23,2025-10-20,2025-11-11
USR_CD2BA78F,FALSE,266592.84,2025-09-11,2025-09-26,2025-09-20,2025-10-05
USR_CD2BA78F,FALSE,660983.31,2025-08-11,2025-08-26,2025-08-20,2025-09-04
USR_1DE26375,TRUE,182200.79,2025-12-11,2025-12-11,2025-12-20,2025-12-20
USR_1DE26375,TRUE,488534.67,2025-12-11,2025-12-11,2025-12-20,2025-12-20
USR_1DE26375,TRUE,849423.42,2025-11-11,2025-11-11,2025-11-20,2025-11-20
USR_1DE26375,TRUE,996077.44,2025-10-11,2025-10-11,2025-10-20,2025-10-20
USR_1DE26375,TRUE,278076.53,2025-09-11,2025-09-11,2025-09-20,2025-09-20
USR_1DE26375,TRUE,150989.91,2025-08-11,2025-08-11,2025-08-20,2025-08-20
USR_B30770BE,TRUE,603594.79,2025-12-11,2025-12-11,2025-12-20,2025-12-20
USR_B30770BE,TRUE,117653.27,2025-12-11,2025-12-11,2025-12-20,2025-12-20
USR_B30770BE,TRUE,929456.34,2025-11-11,2025-11-11,2025-11-20,2025-11-20
USR_B30770BE,TRUE,828944.37,2025-10-11,2025-10-11,2025-10-20,2025-10-20
USR_B30770BE,TRUE,843938.88,2025-09-11,2025-09-11,2025-09-20,2025-09-20
USR_B30770BE,TRUE,526570.02,2025-08-11,2025-08-11,2025-08-20,2025-08-20
USR_B0EEEBB2,FALSE,218746.5,2025-12-11,2025-12-12,2025-12-20,2026-01-17
USR_B0EEEBB2,FALSE,274865.61,2025-12-11,2025-12-14,2025-12-20,2026-01-11
USR_B0EEEBB2,FALSE,511522.29,2025-11-11,2025-11-22,2025-11-20,2025-12-06
USR_B0EEEBB2,FALSE,339892.83,2025-10-11,2025-10-14,2025-10-20,2025-10-24
USR_B0EEEBB2,FALSE,888729.25,2025-09-11,2025-09-15,2025-09-20,2025-10-17
USR_B0EEEBB2,FALSE,981960.36,2025-08-11,2025-08-21,2025-08-20,2025-09-16
USR_2FD2FAAA,TRUE,412634.8,2025-12-11,2025-12-11,2025-12-20,2025-12-20
USR_2FD2FAAA,TRUE,402241.33,2025-12-11,2025-12-11,2025-12-20,2025-12-20
USR_2FD2FAAA,TRUE,636102.97,2025-11-11,2025-11-11,2025-11-20,2025-11-20
USR_2FD2FAAA,TRUE,902649.09,2025-10-11,2025-10-11,2025-10-20,2025-10-20
USR_2FD2FAAA,TRUE,419476.29,2025-09-11,2025-09-11,2025-09-20,2025-09-20
USR_2FD2FAAA,TRUE,690262.26,2025-08-11,2025-08-11,2025-08-20,2025-08-20
USR_F8EF35B2,FALSE,458892.87,2025-12-11,2026-01-01,2025-12-20,2026-01-16
USR_F8EF35B2,FALSE,408683.22,2025-12-11,2025-12-26,2025-12-20,2025-12-26
USR_F8EF35B2,FALSE,758293.0,2025-11-11,2025-11-28,2025-11-20,2025-12-06
USR_F8EF35B2,FALSE,116965.63,2025-10-11,2025-11-04,2025-10-20,2025-11-18
USR_F8EF35B2,FALSE,143489.77,2025-09-11,2025-10-04,2025-09-20,2025-10-05
USR_F8EF35B2,FALSE,624020.83,2025-08-11,2025-08-29,2025-08-20,2025-09-16
USR_E508D2BA,TRUE,433924.87,2025-12-11,2025-12-11,2025-12-20,2025-12-20
USR_E508D2BA,TRUE,673166.92,2025-12-11,2025-12-11,2025-12-20,2025-12-20
USR_E508D2BA,TRUE,818300.41,2025-11-11,2025-11-11,2025-11-20,2025-11-20
USR_E508D2BA,TRUE,402367.41,2025-10-11,2025-10-11,2025-10-20,2025-10-20
USR_E508D2BA,TRUE,418639.9,2025-09-11,2025-09-11,2025-09-20,2025-09-20
USR_E508D2BA,TRUE,497882.33,2025-08-11,2025-08-11,2025-08-20,2025-08-20
USR_982FE36D,TRUE,151752.91,2025-12-11,2025-12-11,2025-12-20,2025-12-20
USR_982FE36D,TRUE,800941.67,2025-12-11,2025-12-11,2025-12-20,2025-12-20
USR_982FE36D,TRUE,355216.99,2025-11-11,2025-11-11,2025-11-20,2025-11-20
USR_982FE36D,TRUE,351882.13,2025-10-11,2025-10-11,2025-10-20,2025-10-20
USR_982FE36D,TRUE,978682.23,2025-09-11,2025-09-11,2025-09-20,2025-09-20
USR_982FE36D,TRUE,609836.24,2025-08-11,2025-08-11,2025-08-20,2025-08-20
USR_C2DEB35C,TRUE,419472.95,2025-12-11,2025-12-11,2025-12-20,2025-12-20
USR_C2DEB35C,TRUE,738305.44,2025-12-11,2025-12-11,2025-12-20,2025-12-20
USR_C2DEB35C,TRUE,968918.23,2025-11-11,2025-11-11,2025-11-20,2025-11-20
USR_C2DEB35C,TRUE,570234.51,2025-10-11,2025-10-11,2025-10-20,2025-10-20
USR_C2DEB35C,TRUE,770629.74,2025-09-11,2025-09-11,2025-09-20,2025-09-20
USR_C2DEB35C,TRUE,131333.46,2025-08-11,2025-08-11,2025-08-20,2025-08-20
USR_8A74C689,FALSE,918246.51,2025-12-11,2026-01-07,2025-12-20,2026-01-08
USR_8A74C689,FALSE,191641.61,2025-12-11,2025-12-27,2025-12-20,2026-01-05
USR_8A74C689,FALSE,320279.75,2025-11-11,2025-11-18,2025-11-20,2025-11-27
USR_8A74C689,FALSE,617082.01,2025-10-11,2025-11-04,2025-10-20,2025-10-31
USR_8A74C689,FALSE,269817.28,2025-09-11,2025-10-11,2025-09-20,2025-10-07
USR_8A74C689,FALSE,971781.23,2025-08-11,2025-09-05,2025-08-20,2025-09-14
USR_080F83AE,FALSE,794792.71,2025-12-11,2025-12-25,2025-12-20,2025-12-23
USR_080F83AE,FALSE,268080.74,2025-12-11,2026-01-03,2025-12-20,2026-01-18
USR_080F83AE,FALSE,719468.3,2025-11-11,2025-11-16,2025-11-20,2025-12-03
USR_080F83AE,FALSE,122095.75,2025-10-11,2025-10-24,2025-10-20,2025-11-14
USR_080F83AE,FALSE,956519.05,2025-09-11,2025-09-21,2025-09-20,2025-10-10
USR_080F83AE,FALSE,441699.89,2025-08-11,2025-08-27,2025-08-20,2025-09-19
USR_56386635,TRUE,382546.44,2025-12-11,2025-12-11,2025-12-20,2025-12-20
USR_56386635,TRUE,281326.93,2025-12-11,2025-12-11,2025-12-20,2025-12-20
USR_56386635,TRUE,425443.76,2025-11-11,2025-11-11,2025-11-20,2025-11-20
USR_56386635,TRUE,804639.35,2025-10-11,2025-10-11,2025-10-20,2025-10-20
USR_56386635,TRUE,933132.58,2025-09-11,2025-09-11,2025-09-20,2025-09-20
USR_56386635,TRUE,477323.55,2025-08-11,2025-08-11,2025-08-20,2025-08-20
USR_CA0F2A8B,TRUE,796204.09,2025-12-11,2025-12-11,2025-12-20,2025-12-20
USR_CA0F2A8B,TRUE,550840.97,2025-12-11,2025-12-11,2025-12-20,2025-12-20
USR_CA0F2A8B,TRUE,316069.03,2025-11-11,2025-11-11,2025-11-20,2025-11-20
USR_CA0F2A8B,TRUE,248513.59,2025-10-11,2025-10-11,2025-10-20,2025-10-20
USR_CA0F2A8B,TRUE,700030.55,2025-09-11,2025-09-11,2025-09-20,2025-09-20
USR_CA0F2A8B,TRUE,590157.53,2025-08-11,2025-08-11,2025-08-20,2025-08-20
USR_1A4DBE77,FALSE,700128.53,2025-12-11,2025-12-12,2025-12-20,2025-12-29
USR_1A4DBE77,FALSE,552909.08,2025-12-11,2026-01-05,2025-12-20,2025-12-28
USR_1A4DBE77,FALSE,341768.08,2025-11-11,2025-11-19,2025-11-20,2025-12-09
USR_1A4DBE77,FALSE,419721.39,2025-10-11,2025-10-24,2025-10-20,2025-11-15
USR_1A4DBE77,FALSE,268632.31,2025-09-11,2025-09-14,2025-09-20,2025-10-18
USR_1A4DBE77,FALSE,681388.6,2025-08-11,2025-08-23,2025-08-20,2025-08-23
USR_142E9AEC,TRUE,651520.32,2025-12-11,2025-12-11,2025-12-20,2025-12-20
USR_142E9AEC,TRUE,849418.75,2025-12-11,2025-12-11,2025-12-20,2025-12-20
USR_142E9AEC,TRUE,630909.53,2025-11-11,2025-11-11,2025-11-20,2025-11-20
USR_142E9AEC,TRUE,519668.26,2025-10-11,2025-10-11,2025-10-20,2025-10-20
USR_142E9AEC,TRUE,922298.51,2025-09-11,2025-09-11,2025-09-20,2025-09-20
USR_142E9AEC,TRUE,225672.92,2025-08-11,2025-08-11,2025-08-20,2025-08-20
USR_9E51B23D,TRUE,410453.88,2025-12-11,2025-12-11,2025-12-20,2025-12-20
USR_9E51B23D,TRUE,807906.66,2025-12-11,2025-12-11,2025-12-20,2025-12-20
USR_9E51B23D,TRUE,973491.47,2025-11-11,2025-11-11,2025-11-20,2025-11-20
USR_9E51B23D,TRUE,754214.3,2025-10-11,2025-10-11,2025-10-20,2025-10-20
USR_9E51B23D,TRUE,150998.85,2025-09-11,2025-09-11,2025-09-20,2025-09-20
USR_9E51B23D,TRUE,591468.2,2025-08-11,2025-08-11,2025-08-20,2025-08-20
USR_C2D5AA4A,TRUE,801104.85,2025-12-11,2025-12-11,2025-12-20,2025-12-20
USR_C2D5AA4A,TRUE,429617.96,2025-12-11,2025-12-11,2025-12-20,2025-12-20
USR_C2D5AA4A,TRUE,316419.34,2025-11-11,2025-11-11,2025-11-20,2025-11-20
USR_C2D5AA4A,TRUE,888223.6,2025-10-11,2025-10-11,2025-10-20,2025-10-20
USR_C2D5AA4A,TRUE,481696.52,2025-09-11,2025-09-11,2025-09-20,2025-09-20
USR_C2D5AA4A,TRUE,848715.91,2025-08-11,2025-08-11,2025-08-20,2025-08-20
USR_B41592E7,TRUE,253833.88,2025-12-11,2025-12-11,2025-12-20,2025-12-20
USR_B41592E7,TRUE,209749.94,2025-12-11,2025-12-11,2025-12-20,2025-12-20
USR_B41592E7,TRUE,500700.55,2025-11-11,2025-11-11,2025-11-20,2025-11-20
USR_B41592E7,TRUE,663206.84,2025-10-11,2025-10-11,2025-10-20,2025-10-20
USR_B41592E7,TRUE,539325.63,2025-09-11,2025-09-11,2025-09-20,2025-09-20
USR_B41592E7,TRUE,501667.24,2025-08-11,2025-08-11,2025-08-20,2025-08-20
USR_80B54853,TRUE,733599.38,2025-12-11,2025-12-11,2025-12-20,2025-12-20
USR_80B54853,TRUE,933684.91,2025-12-11,2025-12-11,2025-12-20,2025-12-20
USR_80B54853,TRUE,231344.7,2025-11-11,2025-11-11,2025-11-20,2025-11-20
USR_80B54853,TRUE,233905.41,2025-10-11,2025-10-11,2025-10-20,2025-10-20
USR_80B54853,TRUE,333788.39,2025-09-11,2025-09-11,2025-09-20,2025-09-20
USR_80B54853,TRUE,824023.44,2025-08-11,2025-08-11,2025-08-20,2025-08-20
USR_62AEB3D5,TRUE,186872.87,2025-12-11,2025-12-11,2025-12-20,2025-12-20
USR_62AEB3D5,TRUE,152228.87,2025-12-11,2025-12-11,2025-12-20,2025-12-20
USR_62AEB3D5,TRUE,313210.88,2025-11-11,2025-11-11,2025-11-20,2025-11-20
USR_62AEB3D5,TRUE,633546.57,2025-10-11,2025-10-11,2025-10-20,2025-10-20
USR_62AEB3D5,TRUE,218082.32,2025-09-11,2025-09-11,2025-09-20,2025-09-20
USR_62AEB3D5,TRUE,159143.43,2025-08-11,2025-08-11,2025-08-20,2025-08-20
USR_FAF9D1BB,TRUE,117559.32,2025-12-11,2025-12-11,2025-12-20,2025-12-20
USR_FAF9D1BB,TRUE,298273.18,2025-12-11,2025-12-11,2025-12-20,2025-12-20
USR_FAF9D1BB,TRUE,247257.55,2025-11-11,2025-11-11,2025-11-20,2025-11-20
USR_FAF9D1BB,TRUE,356694.39,2025-10-11,2025-10-11,2025-10-20,2025-10-20
USR_FAF9D1BB,TRUE,166884.78,2025-09-11,2025-09-11,2025-09-20,2025-09-20
USR_FAF9D1BB,TRUE,816780.22,2025-08-11,2025-08-11,2025-08-20,2025-08-20
USR_47463BFD,TRUE,535305.83,2025-12-11,2025-12-11,2025-12-20,2025-12-20
USR_47463BFD,TRUE,784239.81,2025-12-11,2025-12-11,2025-12-20,2025-12-20
USR_47463BFD,TRUE,324447.41,2025-11-11,2025-11-11,2025-11-20,2025-11-20
USR_47463BFD,TRUE,830900.95,2025-10-11,2025-10-11,2025-10-20,2025-10-20
USR_47463BFD,TRUE,412637.15,2025-09-11,2025-09-11,2025-09-20,2025-09-20
USR_47463BFD,TRUE,166855.6,2025-08-11,2025-08-11,2025-08-20,2025-08-20
USR_5034AAEF,TRUE,917578.97,2025-12-11,2025-12-11,2025-12-20,2025-12-20
USR_5034AAEF,TRUE,762388.0,2025-12-11,2025-12-11,2025-12-20,2025-12-20
USR_5034AAEF,TRUE,512294.17,2025-11-11,2025-11-11,2025-11-20,2025-11-20
USR_5034AAEF,TRUE,147642.52,2025-10-11,2025-10-11,2025-10-20,2025-10-20
USR_5034AAEF,TRUE,528963.72,2025-09-11,2025-09-11,2025-09-20,2025-09-20
USR_5034AAEF,TRUE,482873.39,2025-08-11,2025-08-11,2025-08-20,2025-08-20
USR_6E5CD70C,TRUE,903278.31,2025-12-11,2025-12-11,2025-12-20,2025-12-20
USR_6E5CD70C,TRUE,348449.82,2025-12-11,2025-12-11,2025-12-20,2025-12-20
USR_6E5CD70C,TRUE,823927.83,2025-11-11,2025-11-11,2025-11-20,2025-11-20
USR_6E5CD70C,TRUE,131330.92,2025-10-11,2025-10-11,2025-10-20,2025-10-20
USR_6E5CD70C,TRUE,792162.65,2025-09-11,2025-09-11,2025-09-20,2025-09-20
USR_6E5CD70C,TRUE,117752.59,2025-08-11,2025-08-11,2025-08-20,2025-08-20
USR_08B958FC,TRUE,174385.71,2025-12-11,2025-12-11,2025-12-20,2025-12-20
USR_08B958FC,TRUE,127561.62,2025-12-11,2025-12-11,2025-12-20,2025-12-20
USR_08B958FC,TRUE,710810.14,2025-11-11,2025-11-11,2025-11-20,2025-11-20
USR_08B958FC,TRUE,391704.38,2025-10-11,2025-10-11,2025-10-20,2025-10-20
USR_08B958FC,TRUE,556763.4,2025-09-11,2025-09-11,2025-09-20,2025-09-20
USR_08B958FC,TRUE,419029.33,2025-08-11,2025-08-11,2025-08-20,2025-08-20
USR_E797D164,TRUE,252710.05,2025-12-11,2025-12-11,2025-12-20,2025-12-20
USR_E797D164,TRUE,636026.74,2025-12-11,2025-12-11,2025-12-20,2025-12-20
USR_E797D164,TRUE,707963.61,2025-11-11,2025-11-11,2025-11-20,2025-11-20
USR_E797D164,TRUE,704914.24,2025-10-11,2025-10-11,2025-10-20,2025-10-20
USR_E797D164,TRUE,529624.48,2025-09-11,2025-09-11,2025-09-20,2025-09-20
USR_E797D164,TRUE,848409.29,2025-08-11,2025-08-11,2025-08-20,2025-08-20
USR_AF3133AB,TRUE,424152.5,2025-12-11,2025-12-11,2025-12-20,2025-12-20
USR_AF3133AB,TRUE,712780.44,2025-12-11,2025-12-11,2025-12-20,2025-12-20
USR_AF3133AB,TRUE,600347.71,2025-11-11,2025-11-11,2025-11-20,2025-11-20
USR_AF3133AB,TRUE,592254.34,2025-10-11,2025-10-11,2025-10-20,2025-10-20
USR_AF3133AB,TRUE,299261.98,2025-09-11,2025-09-11,2025-09-20,2025-09-20
USR_AF3133AB,TRUE,498697.21,2025-08-11,2025-08-11,2025-08-20,2025-08-20
USR_79CE2ACF,TRUE,444347.84,2025-12-11,2025-12-11,2025-12-20,2025-12-20
USR_79CE2ACF,TRUE,701504.23,2025-12-11,2025-12-11,2025-12-20,2025-12-20
USR_79CE2ACF,TRUE,949772.04,2025-11-11,2025-11-11,2025-11-20,2025-11-20
USR_79CE2ACF,TRUE,453809.19,2025-10-11,2025-10-11,2025-10-20,2025-10-20
USR_79CE2ACF,TRUE,895131.93,2025-09-11,2025-09-11,2025-09-20,2025-09-20
USR_79CE2ACF,TRUE,421075.79,2025-08-11,2025-08-11,2025-08-20,2025-08-20
USR_21FE04CD,TRUE,844912.18,2025-12-11,2025-12-11,2025-12-20,2025-12-20
USR_21FE04CD,TRUE,928214.24,2025-12-11,2025-12-11,2025-12-20,2025-12-20
USR_21FE04CD,TRUE,528794.59,2025-11-11,2025-11-11,2025-11-20,2025-11-20
USR_21FE04CD,TRUE,284856.56,2025-10-11,2025-10-11,2025-10-20,2025-10-20
USR_21FE04CD,TRUE,372054.9,2025-09-11,2025-09-11,2025-09-20,2025-09-20
USR_21FE04CD,TRUE,716666.42,2025-08-11,2025-08-11,2025-08-20,2025-08-20
USR_DA504A53,TRUE,136332.67,2025-12-11,2025-12-11,2025-12-20,2025-12-20
USR_DA504A53,TRUE,453630.39,2025-12-11,2025-12-11,2025-12-20,2025-12-20
USR_DA504A53,TRUE,901430.35,2025-11-11,2025-11-11,2025-11-20,2025-11-20
USR_DA504A53,TRUE,271055.98,2025-10-11,2025-10-11,2025-10-20,2025-10-20
USR_DA504A53,TRUE,194712.92,2025-09-11,2025-09-11,2025-09-20,2025-09-20
USR_DA504A53,TRUE,913794.63,2025-08-11,2025-08-11,2025-08-20,2025-08-20
USR_506DB2B4,TRUE,283258.76,2025-12-11,2025-12-11,2025-12-20,2025-12-20
USR_506DB2B4,TRUE,947305.58,2025-12-11,2025-12-11,2025-12-20,2025-12-20
USR_506DB2B4,TRUE,341295.9,2025-11-11,2025-11-11,2025-11-20,2025-11-20
USR_506DB2B4,TRUE,408734.75,2025-10-11,2025-10-11,2025-10-20,2025-10-20
USR_506DB2B4,TRUE,277776.01,2025-09-11,2025-09-11,2025-09-20,2025-09-20
USR_506DB2B4,TRUE,533295.96,2025-08-11,2025-08-11,2025-08-20,2025-08-20
USR_897096E1,TRUE,861298.88,2025-12-11,2025-12-11,2025-12-20,2025-12-20
USR_897096E1,TRUE,722244.8,2025-12-11,2025-12-11,2025-12-20,2025-12-20
USR_897096E1,TRUE,806250.77,2025-11-11,2025-11-11,2025-11-20,2025-11-20
USR_897096E1,TRUE,490104.24,2025-10-11,2025-10-11,2025-10-20,2025-10-20
USR_897096E1,TRUE,613751.16,2025-09-11,2025-09-11,2025-09-20,2025-09-20
USR_897096E1,TRUE,739651.27,2025-08-11,2025-08-11,2025-08-20,2025-08-20
USR_F7457DB4,FALSE,152807.73,2025-12-11,2026-01-03,2025-12-20,2026-01-02
USR_F7457DB4,FALSE,982017.77,2025-12-11,2025-12-24,2025-12-20,2026-01-11
USR_F7457DB4,FALSE,690449.99,2025-11-11,2025-11-21,2025-11-20,2025-12-06
USR_F7457DB4,FALSE,858888.6,2025-10-11,2025-10-20,2025-10-20,2025-10-29
USR_F7457DB4,FALSE,897124.9,2025-09-11,2025-09-16,2025-09-20,2025-09-25
USR_F7457DB4,FALSE,816525.18,2025-08-11,2025-09-07,2025-08-20,2025-08-28
USR_7363AF71,TRUE,594792.87,2025-12-11,2025-12-11,2025-12-20,2025-12-20
USR_7363AF71,TRUE,817348.45,2025-12-11,2025-12-11,2025-12-20,2025-12-20
USR_7363AF71,TRUE,302177.56,2025-11-11,2025-11-11,2025-11-20,2025-11-20
USR_7363AF71,TRUE,637014.35,2025-10-11,2025-10-11,2025-10-20,2025-10-20
USR_7363AF71,TRUE,152423.83,2025-09-11,2025-09-11,2025-09-20,2025-09-20
USR_7363AF71,TRUE,353965.54,2025-08-11,2025-08-11,2025-08-20,2025-08-20
USR_26951B3B,TRUE,750100.54,2025-12-11,2025-12-11,2025-12-20,2025-12-20
USR_26951B3B,TRUE,661809.27,2025-12-11,2025-12-11,2025-12-20,2025-12-20
USR_26951B3B,TRUE,773927.09,2025-11-11,2025-11-11,2025-11-20,2025-11-20
USR_26951B3B,TRUE,984147.48,2025-10-11,2025-10-11,2025-10-20,2025-10-20
USR_26951B3B,TRUE,700118.42,2025-09-11,2025-09-11,2025-09-20,2025-09-20
USR_26951B3B,TRUE,616638.25,2025-08-11,2025-08-11,2025-08-20,2025-08-20
USR_9B211044,FALSE,739286.12,2025-12-11,2026-01-07,2025-12-20,2026-01-15
USR_9B211044,FALSE,693436.34,2025-12-11,2026-01-04,2025-12-20,2025-12-24
USR_9B211044,FALSE,692392.7,2025-11-11,2025-11-14,2025-11-20,2025-11-25
USR_9B211044,FALSE,956149.48,2025-10-11,2025-10-29,2025-10-20,2025-10-28
USR_9B211044,FALSE,201725.06,2025-09-11,2025-09-30,2025-09-20,2025-09-27
USR_9B211044,FALSE,343049.99,2025-08-11,2025-08-20,2025-08-20,2025-09-10
USR_EDE8EC90,TRUE,578350.71,2025-12-11,2025-12-11,2025-12-20,2025-12-20
USR_EDE8EC90,TRUE,227433.33,2025-12-11,2025-12-11,2025-12-20,2025-12-20
USR_EDE8EC90,TRUE,213112.0,2025-11-11,2025-11-11,2025-11-20,2025-11-20
USR_EDE8EC90,TRUE,556822.02,2025-10-11,2025-10-11,2025-10-20,2025-10-20
USR_EDE8EC90,TRUE,735599.05,2025-09-11,2025-09-11,2025-09-20,2025-09-20
USR_EDE8EC90,TRUE,302105.15,2025-08-11,2025-08-11,2025-08-20,2025-08-20
USR_14B3CD1A,TRUE,208125.54,2025-12-11,2025-12-11,2025-12-20,2025-12-20
USR_14B3CD1A,TRUE,235020.8,2025-12-11,2025-12-11,2025-12-20,2025-12-20
USR_14B3CD1A,TRUE,882717.16,2025-11-11,2025-11-11,2025-11-20,2025-11-20
USR_14B3CD1A,TRUE,597363.21,2025-10-11,2025-10-11,2025-10-20,2025-10-20
USR_14B3CD1A,TRUE,978386.41,2025-09-11,2025-09-11,2025-09-20,2025-09-20
USR_14B3CD1A,TRUE,335341.89,2025-08-11,2025-08-11,2025-08-20,2025-08-20
USR_1E24A871,FALSE,789874.92,2025-12-11,2025-12-30,2025-12-20,2026-01-14
USR_1E24A871,FALSE,975003.24,2025-12-11,2025-12-30,2025-12-20,2026-01-16
USR_1E24A871,FALSE,900887.85,2025-11-11,2025-11-26,2025-11-20,2025-12-18
USR_1E24A871,FALSE,132497.36,2025-10-11,2025-11-09,2025-10-20,2025-11-09
USR_1E24A871,FALSE,128214.84,2025-09-11,2025-09-24,2025-09-20,2025-09-29
USR_1E24A871,FALSE,233015.44,2025-08-11,2025-08-31,2025-08-20,2025-09-06
USR_7DE1A6E1,TRUE,134953.65,2025-12-11,2025-12-11,2025-12-20,2025-12-20
USR_7DE1A6E1,TRUE,354333.34,2025-12-11,2025-12-11,2025-12-20,2025-12-20
USR_7DE1A6E1,TRUE,557955.34,2025-11-11,2025-11-11,2025-11-20,2025-11-20
USR_7DE1A6E1,TRUE,734598.29,2025-10-11,2025-10-11,2025-10-20,2025-10-20
USR_7DE1A6E1,TRUE,573478.8,2025-09-11,2025-09-11,2025-09-20,2025-09-20
USR_7DE1A6E1,TRUE,517159.15,2025-08-11,2025-08-11,2025-08-20,2025-08-20
USR_CE642B1D,TRUE,741168.33,2025-12-11,2025-12-11,2025-12-20,2025-12-20
USR_CE642B1D,TRUE,993323.73,2025-12-11,2025-12-11,2025-12-20,2025-12-20
USR_CE642B1D,TRUE,629374.28,2025-11-11,2025-11-11,2025-11-20,2025-11-20
USR_CE642B1D,TRUE,874044.28,2025-10-11,2025-10-11,2025-10-20,2025-10-20
USR_CE642B1D,TRUE,585359.04,2025-09-11,2025-09-11,2025-09-20,2025-09-20
USR_CE642B1D,TRUE,605286.48,2025-08-11,2025-08-11,2025-08-20,2025-08-20
USR_BCA4341F,TRUE,257119.37,2025-12-11,2025-12-11,2025-12-20,2025-12-20
USR_BCA4341F,TRUE,781783.99,2025-12-11,2025-12-11,2025-12-20,2025-12-20
USR_BCA4341F,TRUE,499313.07,2025-11-11,2025-11-11,2025-11-20,2025-11-20
USR_BCA4341F,TRUE,704715.04,2025-10-11,2025-10-11,2025-10-20,2025-10-20
USR_BCA4341F,TRUE,662366.97,2025-09-11,2025-09-11,2025-09-20,2025-09-20
USR_BCA4341F,TRUE,268180.32,2025-08-11,2025-08-11,2025-08-20,2025-08-20
USR_C75930D9,TRUE,862141.17,2025-12-11,2025-12-11,2025-12-20,2025-12-20
USR_C75930D9,TRUE,491411.54,2025-12-11,2025-12-11,2025-12-20,2025-12-20
USR_C75930D9,TRUE,883945.21,2025-11-11,2025-11-11,2025-11-20,2025-11-20
USR_C75930D9,TRUE,320515.49,2025-10-11,2025-10-11,2025-10-20,2025-10-20
USR_C75930D9,TRUE,166118.46,2025-09-11,2025-09-11,2025-09-20,2025-09-20
USR_C75930D9,TRUE,471086.48,2025-08-11,2025-08-11,2025-08-20,2025-08-20
USR_214AE695,TRUE,515613.4,2025-12-11,2025-12-11,2025-12-20,2025-12-20
USR_214AE695,TRUE,725320.0,2025-12-11,2025-12-11,2025-12-20,2025-12-20
USR_214AE695,TRUE,375022.23,2025-11-11,2025-11-11,2025-11-20,2025-11-20
USR_214AE695,TRUE,802811.09,2025-10-11,2025-10-11,2025-10-20,2025-10-20
USR_214AE695,TRUE,577638.24,2025-09-11,2025-09-11,2025-09-20,2025-09-20
USR_214AE695,TRUE,668127.44,2025-08-11,2025-08-11,2025-08-20,2025-08-20
USR_B44FF066,FALSE,523337.47,2025-12-11,2025-12-28,2025-12-20,2025-12-23
USR_B44FF066,FALSE,922775.1,2025-12-11,2025-12-31,2025-12-20,2026-01-17
USR_B44FF066,FALSE,150603.3,2025-11-11,2025-11-29,2025-11-20,2025-12-15
USR_B44FF066,FALSE,416861.65,2025-10-11,2025-10-27,2025-10-20,2025-10-31
USR_B44FF066,FALSE,551457.43,2025-09-11,2025-09-22,2025-09-20,2025-10-06
USR_B44FF066,FALSE,451353.65,2025-08-11,2025-08-26,2025-08-20,2025-09-12
USR_A1152134,TRUE,489643.94,2025-12-11,2025-12-11,2025-12-20,2025-12-20
USR_A1152134,TRUE,853434.53,2025-12-11,2025-12-11,2025-12-20,2025-12-20
USR_A1152134,TRUE,617067.0,2025-11-11,2025-11-11,2025-11-20,2025-11-20
USR_A1152134,TRUE,618228.61,2025-10-11,2025-10-11,2025-10-20,2025-10-20
USR_A1152134,TRUE,639331.47,2025-09-11,2025-09-11,2025-09-20,2025-09-20
USR_A1152134,TRUE,425868.4,2025-08-11,2025-08-11,2025-08-20,2025-08-20
USR_B7C615E1,TRUE,923089.75,2025-12-11,2025-12-11,2025-12-20,2025-12-20
USR_B7C615E1,TRUE,801235.2,2025-12-11,2025-12-11,2025-12-20,2025-12-20
USR_B7C615E1,TRUE,454695.58,2025-11-11,2025-11-11,2025-11-20,2025-11-20
USR_B7C615E1,TRUE,330507.57,2025-10-11,2025-10-11,2025-10-20,2025-10-20
USR_B7C615E1,TRUE,767160.99,2025-09-11,2025-09-11,2025-09-20,2025-09-20
USR_B7C615E1,TRUE,843949.06,2025-08-11,2025-08-11,2025-08-20,2025-08-20
USR_9D5F3842,TRUE,347264.19,2025-12-11,2025-12-11,2025-12-20,2025-12-20
USR_9D5F3842,TRUE,485405.2,2025-12-11,2025-12-11,2025-12-20,2025-12-20
USR_9D5F3842,TRUE,547777.32,2025-11-11,2025-11-11,2025-11-20,2025-11-20
USR_9D5F3842,TRUE,182743.97,2025-10-11,2025-10-11,2025-10-20,2025-10-20
USR_9D5F3842,TRUE,349407.5,2025-09-11,2025-09-11,2025-09-20,2025-09-20
USR_9D5F3842,TRUE,686940.73,2025-08-11,2025-08-11,2025-08-20,2025-08-20
USR_91685614,TRUE,603196.93,2025-12-11,2025-12-11,2025-12-20,2025-12-20
USR_91685614,TRUE,997065.39,2025-12-11,2025-12-11,2025-12-20,2025-12-20
USR_91685614,TRUE,349989.36,2025-11-11,2025-11-11,2025-11-20,2025-11-20
USR_91685614,TRUE,872180.03,2025-10-11,2025-10-11,2025-10-20,2025-10-20
USR_91685614,TRUE,576648.63,2025-09-11,2025-09-11,2025-09-20,2025-09-20
USR_91685614,TRUE,773196.61,2025-08-11,2025-08-11,2025-08-20,2025-08-20
USR_2A548A78,TRUE,947710.06,2025-12-11,2025-12-11,2025-12-20,2025-12-20
USR_2A548A78,TRUE,567720.92,2025-12-11,2025-12-11,2025-12-20,2025-12-20
USR_2A548A78,TRUE,577213.23,2025-11-11,2025-11-11,2025-11-20,2025-11-20
USR_2A548A78,TRUE,562631.86,2025-10-11,2025-10-11,2025-10-20,2025-10-20
USR_2A548A78,TRUE,149466.85,2025-09-11,2025-09-11,2025-09-20,2025-09-20
USR_2A548A78,TRUE,526067.85,2025-08-11,2025-08-11,2025-08-20,2025-08-20
USR_D07D095E,FALSE,672265.96,2025-12-11,2025-12-16,2025-12-20,2025-12-22
USR_D07D095E,FALSE,214955.52,2025-12-11,2025-12-15,2025-12-20,2026-01-02
USR_D07D095E,FALSE,306903.41,2025-11-11,2025-12-03,2025-11-20,2025-12-12
USR_D07D095E,FALSE,435049.02,2025-10-11,2025-10-15,2025-10-20,2025-11-15
USR_D07D095E,FALSE,686040.68,2025-09-11,2025-10-06,2025-09-20,2025-10-17
USR_D07D095E,FALSE,249788.14,2025-08-11,2025-09-06,2025-08-20,2025-08-23
USR_638B197A,TRUE,131727.36,2025-12-11,2025-12-11,2025-12-20,2025-12-20
USR_638B197A,TRUE,436482.28,2025-12-11,2025-12-11,2025-12-20,2025-12-20
USR_638B197A,TRUE,900405.42,2025-11-11,2025-11-11,2025-11-20,2025-11-20
USR_638B197A,TRUE,649260.99,2025-10-11,2025-10-11,2025-10-20,2025-10-20
USR_638B197A,TRUE,635283.52,2025-09-11,2025-09-11,2025-09-20,2025-09-20
USR_638B197A,TRUE,340512.79,2025-08-11,2025-08-11,2025-08-20,2025-08-20
USR_44B8EAC6,FALSE,599366.85,2025-12-11,2025-12-27,2025-12-20,2025-12-25
USR_44B8EAC6,FALSE,388874.05,2025-12-11,2026-01-04,2025-12-20,2026-01-15
USR_44B8EAC6,FALSE,674089.3,2025-11-11,2025-11-15,2025-11-20,2025-12-08
USR_44B8EAC6,FALSE,142830.86,2025-10-11,2025-11-07,2025-10-20,2025-11-13
USR_44B8EAC6,FALSE,981901.23,2025-09-11,2025-10-01,2025-09-20,2025-10-18
USR_44B8EAC6,FALSE,867901.45,2025-08-11,2025-09-05,2025-08-20,2025-09-15
USR_4DCCC5A9,TRUE,668845.33,2025-12-11,2025-12-11,2025-12-20,2025-12-20
USR_4DCCC5A9,TRUE,942374.81,2025-12-11,2025-12-11,2025-12-20,2025-12-20
USR_4DCCC5A9,TRUE,523314.03,2025-11-11,2025-11-11,2025-11-20,2025-11-20
USR_4DCCC5A9,TRUE,989680.89,2025-10-11,2025-10-11,2025-10-20,2025-10-20
USR_4DCCC5A9,TRUE,640518.11,2025-09-11,2025-09-11,2025-09-20,2025-09-20
USR_4DCCC5A9,TRUE,234490.0,2025-08-11,2025-08-11,2025-08-20,2025-08-20
USR_90FD8438,TRUE,206227.2,2025-12-11,2025-12-11,2025-12-20,2025-12-20
USR_90FD8438,TRUE,464100.21,2025-12-11,2025-12-11,2025-12-20,2025-12-20
USR_90FD8438,TRUE,292955.23,2025-11-11,2025-11-11,2025-11-20,2025-11-20
USR_90FD8438,TRUE,426548.12,2025-10-11,2025-10-11,2025-10-20,2025-10-20
USR_90FD8438,TRUE,636270.09,2025-09-11,2025-09-11,2025-09-20,2025-09-20
USR_90FD8438,TRUE,354344.65,2025-08-11,2025-08-11,2025-08-20,2025-08-20
USR_04A25B62,TRUE,441135.2,2025-12-11,2025-12-11,2025-12-20,2025-12-20
USR_04A25B62,TRUE,230223.66,2025-12-11,2025-12-11,2025-12-20,2025-12-20
USR_04A25B62,TRUE,644716.44,2025-11-11,2025-11-11,2025-11-20,2025-11-20
USR_04A25B62,TRUE,791407.76,2025-10-11,2025-10-11,2025-10-20,2025-10-20
USR_04A25B62,TRUE,702087.02,2025-09-11,2025-09-11,2025-09-20,2025-09-20
USR_04A25B62,TRUE,433034.15,2025-08-11,2025-08-11,2025-08-20,2025-08-20
USR_5ACF5613,FALSE,796758.46,2025-12-11,2025-12-31,2025-12-20,2026-01-06
USR_5ACF5613,FALSE,905950.59,2025-12-11,2025-12-26,2025-12-20,2026-01-07
USR_5ACF5613,FALSE,631676.81,2025-11-11,2025-11-26,2025-11-20,2025-11-28
USR_5ACF5613,FALSE,512920.75,2025-10-11,2025-10-22,2025-10-20,2025-10-24
USR_5ACF5613,FALSE,837423.07,2025-09-11,2025-10-03,2025-09-20,2025-10-15
USR_5ACF5613,FALSE,426019.34,2025-08-11,2025-08-29,2025-08-20,2025-08-23
USR_151433B9,FALSE,737851.93,2025-12-11,2026-01-01,2025-12-20,2025-12-24
USR_151433B9,FALSE,873219.65,2025-12-11,2025-12-17,2025-12-20,2026-01-16
USR_151433B9,FALSE,900893.36,2025-11-11,2025-11-17,2025-11-20,2025-12-04
USR_151433B9,FALSE,255842.81,2025-10-11,2025-10-13,2025-10-20,2025-10-26
USR_151433B9,FALSE,688418.07,2025-09-11,2025-09-28,2025-09-20,2025-10-18
USR_151433B9,FALSE,136200.51,2025-08-11,2025-08-18,2025-08-20,2025-09-03
USR_2D91D1B1,TRUE,611680.11,2025-12-11,2025-12-11,2025-12-20,2025-12-20
USR_2D91D1B1,TRUE,594335.92,2025-12-11,2025-12-11,2025-12-20,2025-12-20
USR_2D91D1B1,TRUE,355857.04,2025-11-11,2025-11-11,2025-11-20,2025-11-20
USR_2D91D1B1,TRUE,716968.73,2025-10-11,2025-10-11,2025-10-20,2025-10-20
USR_2D91D1B1,TRUE,389085.41,2025-09-11,2025-09-11,2025-09-20,2025-09-20
USR_2D91D1B1,TRUE,411489.77,2025-08-11,2025-08-11,2025-08-20,2025-08-20
USR_9C58D899,TRUE,607177.97,2025-12-11,2025-12-11,2025-12-20,2025-12-20
USR_9C58D899,TRUE,310725.91,2025-12-11,2025-12-11,2025-12-20,2025-12-20
USR_9C58D899,TRUE,717207.35,2025-11-11,2025-11-11,2025-11-20,2025-11-20
USR_9C58D899,TRUE,290038.06,2025-10-11,2025-10-11,2025-10-20,2025-10-20
USR_9C58D899,TRUE,527163.95,2025-09-11,2025-09-11,2025-09-20,2025-09-20
USR_9C58D899,TRUE,683433.18,2025-08-11,2025-08-11,2025-08-20,2025-08-20
USR_A84D3770,TRUE,757057.57,2025-12-11,2025-12-11,2025-12-20,2025-12-20
USR_A84D3770,TRUE,303634.01,2025-12-11,2025-12-11,2025-12-20,2025-12-20
USR_A84D3770,TRUE,543814.05,2025-11-11,2025-11-11,2025-11-20,2025-11-20
USR_A84D3770,TRUE,971588.44,2025-10-11,2025-10-11,2025-10-20,2025-10-20
USR_A84D3770,TRUE,191792.17,2025-09-11,2025-09-11,2025-09-20,2025-09-20
USR_A84D3770,TRUE,427231.76,2025-08-11,2025-08-11,2025-08-20,2025-08-20
USR_94C9005B,TRUE,979433.97,2025-12-11,2025-12-11,2025-12-20,2025-12-20
USR_94C9005B,TRUE,334103.99,2025-12-11,2025-12-11,2025-12-20,2025-12-20
USR_94C9005B,TRUE,878494.18,2025-11-11,2025-11-11,2025-11-20,2025-11-20
USR_94C9005B,TRUE,771210.0,2025-10-11,2025-10-11,2025-10-20,2025-10-20
USR_94C9005B,TRUE,986100.27,2025-09-11,2025-09-11,2025-09-20,2025-09-20
USR_94C9005B,TRUE,732420.28,2025-08-11,2025-08-11,2025-08-20,2025-08-20
USR_3DCEC0E1,TRUE,539094.8,2025-12-11,2025-12-11,2025-12-20,2025-12-20
USR_3DCEC0E1,TRUE,815614.36,2025-12-11,2025-12-11,2025-12-20,2025-12-20
USR_3DCEC0E1,TRUE,665815.12,2025-11-11,2025-11-11,2025-11-20,2025-11-20
USR_3DCEC0E1,TRUE,554206.05,2025-10-11,2025-10-11,2025-10-20,2025-10-20
USR_3DCEC0E1,TRUE,330240.52,2025-09-11,2025-09-11,2025-09-20,2025-09-20
USR_3DCEC0E1,TRUE,219743.26,2025-08-11,2025-08-11,2025-08-20,2025-08-20
USR_8F46E754,FALSE,614177.47,2025-12-11,2025-12-24,2025-12-20,2026-01-03
USR_8F46E754,FALSE,715845.19,2025-12-11,2025-12-18,2025-12-20,2026-01-18
USR_8F46E754,FALSE,161679.92,2025-11-11,2025-12-02,2025-11-20,2025-12-15
USR_8F46E754,FALSE,378231.25,2025-10-11,2025-10-24,2025-10-20,2025-10-30
USR_8F46E754,FALSE,165129.89,2025-09-11,2025-09-21,2025-09-20,2025-10-19
USR_8F46E754,FALSE,284256.24,2025-08-11,2025-08-24,2025-08-20,2025-09-11
USR_20DA6D09,TRUE,919311.38,2025-12-11,2025-12-11,2025-12-20,2025-12-20
USR_20DA6D09,TRUE,987519.67,2025-12-11,2025-12-11,2025-12-20,2025-12-20
USR_20DA6D09,TRUE,838699.43,2025-11-11,2025-11-11,2025-11-20,2025-11-20
USR_20DA6D09,TRUE,520450.72,2025-10-11,2025-10-11,2025-10-20,2025-10-20
USR_20DA6D09,TRUE,514466.78,2025-09-11,2025-09-11,2025-09-20,2025-09-20
USR_20DA6D09,TRUE,881009.77,2025-08-11,2025-08-11,2025-08-20,2025-08-20
USR_9213A60E,TRUE,540055.76,2025-12-11,2025-12-11,2025-12-20,2025-12-20
USR_9213A60E,TRUE,249003.41,2025-12-11,2025-12-11,2025-12-20,2025-12-20
USR_9213A60E,TRUE,180924.99,2025-11-11,2025-11-11,2025-11-20,2025-11-20
USR_9213A60E,TRUE,562183.65,2025-10-11,2025-10-11,2025-10-20,2025-10-20
USR_9213A60E,TRUE,298190.47,2025-09-11,2025-09-11,2025-09-20,2025-09-20
USR_9213A60E,TRUE,588746.69,2025-08-11,2025-08-11,2025-08-20,2025-08-20
USR_42BEFFC2,FALSE,817054.6,2025-12-11,2025-12-21,2025-12-20,2026-01-04
USR_42BEFFC2,FALSE,404936.73,2025-12-11,2025-12-29,2025-12-20,2025-12-27
USR_42BEFFC2,FALSE,613115.87,2025-11-11,2025-11-13,2025-11-20,2025-11-27
USR_42BEFFC2,FALSE,118636.23,2025-10-11,2025-11-01,2025-10-20,2025-11-02
USR_42BEFFC2,FALSE,691309.26,2025-09-11,2025-09-18,2025-09-20,2025-10-20
USR_42BEFFC2,FALSE,402486.0,2025-08-11,2025-08-26,2025-08-20,2025-09-06
USR_7C36C485,TRUE,697743.02,2025-12-11,2025-12-11,2025-12-20,2025-12-20
USR_7C36C485,TRUE,957141.05,2025-12-11,2025-12-11,2025-12-20,2025-12-20
USR_7C36C485,TRUE,250455.51,2025-11-11,2025-11-11,2025-11-20,2025-11-20
USR_7C36C485,TRUE,195194.3,2025-10-11,2025-10-11,2025-10-20,2025-10-20
USR_7C36C485,TRUE,755494.36,2025-09-11,2025-09-11,2025-09-20,2025-09-20
USR_7C36C485,TRUE,183815.75,2025-08-11,2025-08-11,2025-08-20,2025-08-20
USR_AB86EDC1,TRUE,864726.48,2025-12-11,2025-12-11,2025-12-20,2025-12-20
USR_AB86EDC1,TRUE,607749.75,2025-12-11,2025-12-11,2025-12-20,2025-12-20
USR_AB86EDC1,TRUE,131696.66,2025-11-11,2025-11-11,2025-11-20,2025-11-20
USR_AB86EDC1,TRUE,914698.01,2025-10-11,2025-10-11,2025-10-20,2025-10-20
USR_AB86EDC1,TRUE,205973.51,2025-09-11,2025-09-11,2025-09-20,2025-09-20
USR_AB86EDC1,TRUE,859265.28,2025-08-11,2025-08-11,2025-08-20,2025-08-20
USR_BCAD1498,TRUE,477997.48,2025-12-11,2025-12-11,2025-12-20,2025-12-20
USR_BCAD1498,TRUE,320226.58,2025-12-11,2025-12-11,2025-12-20,2025-12-20
USR_BCAD1498,TRUE,974922.68,2025-11-11,2025-11-11,2025-11-20,2025-11-20
USR_BCAD1498,TRUE,936264.86,2025-10-11,2025-10-11,2025-10-20,2025-10-20
USR_BCAD1498,TRUE,124838.02,2025-09-11,2025-09-11,2025-09-20,2025-09-20
USR_BCAD1498,TRUE,373602.02,2025-08-11,2025-08-11,2025-08-20,2025-08-20
USR_5385804B,FALSE,305667.9,2025-12-11,2025-12-23,2025-12-20,2026-01-11
USR_5385804B,FALSE,127236.4,2025-12-11,2026-01-08,2025-12-20,2025-12-25
USR_5385804B,FALSE,300609.17,2025-11-11,2025-11-28,2025-11-20,2025-12-08
USR_5385804B,FALSE,598234.23,2025-10-11,2025-10-13,2025-10-20,2025-11-18
USR_5385804B,FALSE,758463.41,2025-09-11,2025-09-20,2025-09-20,2025-09-26
USR_5385804B,FALSE,653581.99,2025-08-11,2025-08-30,2025-08-20,2025-08-21
USR_5ADC65BD,TRUE,142211.39,2025-12-11,2025-12-11,2025-12-20,2025-12-20
USR_5ADC65BD,TRUE,513294.02,2025-12-11,2025-12-11,2025-12-20,2025-12-20
USR_5ADC65BD,TRUE,880139.47,2025-11-11,2025-11-11,2025-11-20,2025-11-20
USR_5ADC65BD,TRUE,499696.72,2025-10-11,2025-10-11,2025-10-20,2025-10-20
USR_5ADC65BD,TRUE,348920.79,2025-09-11,2025-09-11,2025-09-20,2025-09-20
USR_5ADC65BD,TRUE,448169.71,2025-08-11,2025-08-11,2025-08-20,2025-08-20
USR_4B5C74C5,TRUE,435429.07,2025-12-11,2025-12-11,2025-12-20,2025-12-20
USR_4B5C74C5,TRUE,660604.06,2025-12-11,2025-12-11,2025-12-20,2025-12-20
USR_4B5C74C5,TRUE,157555.69,2025-11-11,2025-11-11,2025-11-20,2025-11-20
USR_4B5C74C5,TRUE,581186.92,2025-10-11,2025-10-11,2025-10-20,2025-10-20
USR_4B5C74C5,TRUE,998764.53,2025-09-11,2025-09-11,2025-09-20,2025-09-20
USR_4B5C74C5,TRUE,634623.11,2025-08-11,2025-08-11,2025-08-20,2025-08-20
USR_D5713842,TRUE,797647.46,2025-12-11,2025-12-11,2025-12-20,2025-12-20
USR_D5713842,TRUE,969750.33,2025-12-11,2025-12-11,2025-12-20,2025-12-20
USR_D5713842,TRUE,380689.59,2025-11-11,2025-11-11,2025-11-20,2025-11-20
USR_D5713842,TRUE,627059.37,2025-10-11,2025-10-11,2025-10-20,2025-10-20
USR_D5713842,TRUE,799540.8,2025-09-11,2025-09-11,2025-09-20,2025-09-20
USR_D5713842,TRUE,383772.34,2025-08-11,2025-08-11,2025-08-20,2025-08-20
USR_E3BFC995,TRUE,592339.98,2025-12-11,2025-12-11,2025-12-20,2025-12-20
USR_E3BFC995,TRUE,698033.66,2025-12-11,2025-12-11,2025-12-20,2025-12-20
USR_E3BFC995,TRUE,924630.89,2025-11-11,2025-11-11,2025-11-20,2025-11-20
USR_E3BFC995,TRUE,714178.02,2025-10-11,2025-10-11,2025-10-20,2025-10-20
USR_E3BFC995,TRUE,167111.62,2025-09-11,2025-09-11,2025-09-20,2025-09-20
USR_E3BFC995,TRUE,424137.83,2025-08-11,2025-08-11,2025-08-20,2025-08-20
USR_D0B803C9,TRUE,902008.44,2025-12-11,2025-12-11,2025-12-20,2025-12-20
USR_D0B803C9,TRUE,804913.58,2025-12-11,2025-12-11,2025-12-20,2025-12-20
USR_D0B803C9,TRUE,481943.45,2025-11-11,2025-11-11,2025-11-20,2025-11-20
USR_D0B803C9,TRUE,864169.81,2025-10-11,2025-10-11,2025-10-20,2025-10-20
USR_D0B803C9,TRUE,669413.68,2025-09-11,2025-09-11,2025-09-20,2025-09-20
USR_D0B803C9,TRUE,737183.75,2025-08-11,2025-08-11,2025-08-20,2025-08-20
USR_9762AB02,TRUE,370421.55,2025-12-11,2025-12-11,2025-12-20,2025-12-20
USR_9762AB02,TRUE,310324.6,2025-12-11,2025-12-11,2025-12-20,2025-12-20
USR_9762AB02,TRUE,146254.83,2025-11-11,2025-11-11,2025-11-20,2025-11-20
USR_9762AB02,TRUE,953231.28,2025-10-11,2025-10-11,2025-10-20,2025-10-20
USR_9762AB02,TRUE,149771.61,2025-09-11,2025-09-11,2025-09-20,2025-09-20
USR_9762AB02,TRUE,140154.88,2025-08-11,2025-08-11,2025-08-20,2025-08-20
USR_ED42B401,FALSE,786006.35,2025-12-11,2025-12-12,2025-12-20,2026-01-04
USR_ED42B401,FALSE,468699.84,2025-12-11,2025-12-23,2025-12-20,2026-01-12
USR_ED42B401,FALSE,437529.56,2025-11-11,2025-11-12,2025-11-20,2025-12-14
USR_ED42B401,FALSE,790030.26,2025-10-11,2025-11-04,2025-10-20,2025-11-17
USR_ED42B401,FALSE,931313.02,2025-09-11,2025-09-25,2025-09-20,2025-10-03
USR_ED42B401,FALSE,262095.79,2025-08-11,2025-08-25,2025-08-20,2025-08-24
USR_9E2347B4,TRUE,688672.32,2025-12-11,2025-12-11,2025-12-20,2025-12-20
USR_9E2347B4,TRUE,112056.43,2025-12-11,2025-12-11,2025-12-20,2025-12-20
USR_9E2347B4,TRUE,781726.68,2025-11-11,2025-11-11,2025-11-20,2025-11-20
USR_9E2347B4,TRUE,231381.08,2025-10-11,2025-10-11,2025-10-20,2025-10-20
USR_9E2347B4,TRUE,450438.78,2025-09-11,2025-09-11,2025-09-20,2025-09-20
USR_9E2347B4,TRUE,567552.19,2025-08-11,2025-08-11,2025-08-20,2025-08-20
USR_7BA31755,TRUE,974646.37,2025-12-11,2025-12-11,2025-12-20,2025-12-20
USR_7BA31755,TRUE,134928.28,2025-12-11,2025-12-11,2025-12-20,2025-12-20
USR_7BA31755,TRUE,496191.76,2025-11-11,2025-11-11,2025-11-20,2025-11-20
USR_7BA31755,TRUE,135264.27,2025-10-11,2025-10-11,2025-10-20,2025-10-20
USR_7BA31755,TRUE,292505.45,2025-09-11,2025-09-11,2025-09-20,2025-09-20
USR_7BA31755,TRUE,771648.86,2025-08-11,2025-08-11,2025-08-20,2025-08-20
USR_E825ADDD,TRUE,187709.16,2025-12-11,2025-12-11,2025-12-20,2025-12-20
USR_E825ADDD,TRUE,385163.07,2025-12-11,2025-12-11,2025-12-20,2025-12-20
USR_E825ADDD,TRUE,185063.95,2025-11-11,2025-11-11,2025-11-20,2025-11-20
USR_E825ADDD,TRUE,458856.75,2025-10-11,2025-10-11,2025-10-20,2025-10-20
USR_E825ADDD,TRUE,458514.71,2025-09-11,2025-09-11,2025-09-20,2025-09-20
USR_E825ADDD,TRUE,227350.7,2025-08-11,2025-08-11,2025-08-20,2025-08-20
USR_1A636481,TRUE,140100.2,2025-12-11,2025-12-11,2025-12-20,2025-12-20
USR_1A636481,TRUE,178496.31,2025-12-11,2025-12-11,2025-12-20,2025-12-20
USR_1A636481,TRUE,706874.6,2025-11-11,2025-11-11,2025-11-20,2025-11-20
USR_1A636481,TRUE,851572.36,2025-10-11,2025-10-11,2025-10-20,2025-10-20
USR_1A636481,TRUE,537915.0,2025-09-11,2025-09-11,2025-09-20,2025-09-20
USR_1A636481,TRUE,529369.58,2025-08-11,2025-08-11,2025-08-20,2025-08-20
USR_B57B98A8,FALSE,601005.16,2025-12-11,2025-12-20,2025-12-20,2026-01-03
USR_B57B98A8,FALSE,283873.33,2025-12-11,2025-12-26,2025-12-20,2025-12-29
USR_B57B98A8,FALSE,994810.13,2025-11-11,2025-12-02,2025-11-20,2025-12-15
USR_B57B98A8,FALSE,584088.44,2025-10-11,2025-10-13,2025-10-20,2025-11-03
USR_B57B98A8,FALSE,468000.54,2025-09-11,2025-10-08,2025-09-20,2025-09-21
USR_B57B98A8,FALSE,568648.14,2025-08-11,2025-09-10,2025-08-20,2025-09-18
USR_657488BF,TRUE,713073.13,2025-12-11,2025-12-11,2025-12-20,2025-12-20
USR_657488BF,TRUE,440607.91,2025-12-11,2025-12-11,2025-12-20,2025-12-20
USR_657488BF,TRUE,728037.02,2025-11-11,2025-11-11,2025-11-20,2025-11-20
USR_657488BF,TRUE,172617.5,2025-10-11,2025-10-11,2025-10-20,2025-10-20
USR_657488BF,TRUE,867707.97,2025-09-11,2025-09-11,2025-09-20,2025-09-20
USR_657488BF,TRUE,850266.96,2025-08-11,2025-08-11,2025-08-20,2025-08-20
USR_3BFB450B,FALSE,882475.66,2025-12-11,2025-12-20,2025-12-20,2026-01-04
USR_3BFB450B,FALSE,844786.79,2025-12-11,2026-01-06,2025-12-20,2026-01-08
USR_3BFB450B,FALSE,805008.52,2025-11-11,2025-11-24,2025-11-20,2025-12-05
USR_3BFB450B,FALSE,591598.38,2025-10-11,2025-10-16,2025-10-20,2025-11-14
USR_3BFB450B,FALSE,123283.0,2025-09-11,2025-10-06,2025-09-20,2025-09-25
USR_3BFB450B,FALSE,299963.74,2025-08-11,2025-09-07,2025-08-20,2025-08-27
USR_25F0F93C,TRUE,666829.99,2025-12-11,2025-12-11,2025-12-20,2025-12-20
USR_25F0F93C,TRUE,219385.04,2025-12-11,2025-12-11,2025-12-20,2025-12-20
USR_25F0F93C,TRUE,996401.81,2025-11-11,2025-11-11,2025-11-20,2025-11-20
USR_25F0F93C,TRUE,653354.59,2025-10-11,2025-10-11,2025-10-20,2025-10-20
USR_25F0F93C,TRUE,790493.05,2025-09-11,2025-09-11,2025-09-20,2025-09-20
USR_25F0F93C,TRUE,676165.89,2025-08-11,2025-08-11,2025-08-20,2025-08-20
USR_66D2C6E6,FALSE,812551.28,2025-12-11,2025-12-23,2025-12-20,2025-12-22
USR_66D2C6E6,FALSE,988211.48,2025-12-11,2025-12-12,2025-12-20,2025-12-25
USR_66D2C6E6,FALSE,757951.91,2025-11-11,2025-12-08,2025-11-20,2025-12-02
USR_66D2C6E6,FALSE,111248.54,2025-10-11,2025-10-30,2025-10-20,2025-10-28
USR_66D2C6E6,FALSE,370490.83,2025-09-11,2025-09-28,2025-09-20,2025-10-11
USR_66D2C6E6,FALSE,949457.16,2025-08-11,2025-08-16,2025-08-20,2025-09-09
USR_1B8A1FD2,TRUE,612019.45,2025-12-11,2025-12-11,2025-12-20,2025-12-20
USR_1B8A1FD2,TRUE,619656.08,2025-12-11,2025-12-11,2025-12-20,2025-12-20
USR_1B8A1FD2,TRUE,664379.94,2025-11-11,2025-11-11,2025-11-20,2025-11-20
USR_1B8A1FD2,TRUE,799179.01,2025-10-11,2025-10-11,2025-10-20,2025-10-20
USR_1B8A1FD2,TRUE,418429.99,2025-09-11,2025-09-11,2025-09-20,2025-09-20
USR_1B8A1FD2,TRUE,650173.12,2025-08-11,2025-08-11,2025-08-20,2025-08-20
USR_23FB7241,TRUE,331815.16,2025-12-11,2025-12-11,2025-12-20,2025-12-20
USR_23FB7241,TRUE,713494.9,2025-12-11,2025-12-11,2025-12-20,2025-12-20
USR_23FB7241,TRUE,944538.85,2025-11-11,2025-11-11,2025-11-20,2025-11-20
USR_23FB7241,TRUE,520051.01,2025-10-11,2025-10-11,2025-10-20,2025-10-20
USR_23FB7241,TRUE,254149.17,2025-09-11,2025-09-11,2025-09-20,2025-09-20
USR_23FB7241,TRUE,809406.41,2025-08-11,2025-08-11,2025-08-20,2025-08-20
USR_5B90B9F8,TRUE,589404.4,2025-12-11,2025-12-11,2025-12-20,2025-12-20
USR_5B90B9F8,TRUE,160263.24,2025-12-11,2025-12-11,2025-12-20,2025-12-20
USR_5B90B9F8,TRUE,228875.45,2025-11-11,2025-11-11,2025-11-20,2025-11-20
USR_5B90B9F8,TRUE,159500.46,2025-10-11,2025-10-11,2025-10-20,2025-10-20
USR_5B90B9F8,TRUE,136595.46,2025-09-11,2025-09-11,2025-09-20,2025-09-20
USR_5B90B9F8,TRUE,145038.41,2025-08-11,2025-08-11,2025-08-20,2025-08-20
USR_A151A0F8,TRUE,258074.86,2025-12-11,2025-12-11,2025-12-20,2025-12-20
USR_A151A0F8,TRUE,987913.32,2025-12-11,2025-12-11,2025-12-20,2025-12-20
USR_A151A0F8,TRUE,953653.46,2025-11-11,2025-11-11,2025-11-20,2025-11-20
USR_A151A0F8,TRUE,561286.94,2025-10-11,2025-10-11,2025-10-20,2025-10-20
USR_A151A0F8,TRUE,768631.92,2025-09-11,2025-09-11,2025-09-20,2025-09-20
USR_A151A0F8,TRUE,120279.17,2025-08-11,2025-08-11,2025-08-20,2025-08-20
USR_270B5C0D,TRUE,280924.69,2025-12-11,2025-12-11,2025-12-20,2025-12-20
USR_270B5C0D,TRUE,812600.8,2025-12-11,2025-12-11,2025-12-20,2025-12-20
USR_270B5C0D,TRUE,982601.45,2025-11-11,2025-11-11,2025-11-20,2025-11-20
USR_270B5C0D,TRUE,554769.85,2025-10-11,2025-10-11,2025-10-20,2025-10-20
USR_270B5C0D,TRUE,435999.43,2025-09-11,2025-09-11,2025-09-20,2025-09-20
USR_270B5C0D,TRUE,915196.25,2025-08-11,2025-08-11,2025-08-20,2025-08-20
USR_5684C813,TRUE,459348.77,2025-12-11,2025-12-11,2025-12-20,2025-12-20
USR_5684C813,TRUE,543228.37,2025-12-11,2025-12-11,2025-12-20,2025-12-20
USR_5684C813,TRUE,955523.54,2025-11-11,2025-11-11,2025-11-20,2025-11-20
USR_5684C813,TRUE,292006.01,2025-10-11,2025-10-11,2025-10-20,2025-10-20
USR_5684C813,TRUE,120694.04,2025-09-11,2025-09-11,2025-09-20,2025-09-20
USR_5684C813,TRUE,622665.6,2025-08-11,2025-08-11,2025-08-20,2025-08-20
USR_84601EE9,TRUE,421900.32,2025-12-11,2025-12-11,2025-12-20,2025-12-20
USR_84601EE9,TRUE,301140.62,2025-12-11,2025-12-11,2025-12-20,2025-12-20
USR_84601EE9,TRUE,520357.94,2025-11-11,2025-11-11,2025-11-20,2025-11-20
USR_84601EE9,TRUE,675495.09,2025-10-11,2025-10-11,2025-10-20,2025-10-20
USR_84601EE9,TRUE,565766.9,2025-09-11,2025-09-11,2025-09-20,2025-09-20
USR_84601EE9,TRUE,351314.66,2025-08-11,2025-08-11,2025-08-20,2025-08-20
USR_C1D4E310,FALSE,840906.5,2025-12-11,2025-12-31,2025-12-20,2026-01-15
USR_C1D4E310,FALSE,465841.79,2025-12-11,2025-12-15,2025-12-20,2025-12-29
USR_C1D4E310,FALSE,802373.89,2025-11-11,2025-11-23,2025-11-20,2025-12-16
USR_C1D4E310,FALSE,315747.48,2025-10-11,2025-10-30,2025-10-20,2025-10-22
USR_C1D4E310,FALSE,420585.64,2025-09-11,2025-09-24,2025-09-20,2025-09-28
USR_C1D4E310,FALSE,413413.12,2025-08-11,2025-09-04,2025-08-20,2025-09-01
USR_86780E2C,TRUE,687647.15,2025-12-11,2025-12-11,2025-12-20,2025-12-20
USR_86780E2C,TRUE,223447.02,2025-12-11,2025-12-11,2025-12-20,2025-12-20
USR_86780E2C,TRUE,696583.01,2025-11-11,2025-11-11,2025-11-20,2025-11-20
USR_86780E2C,TRUE,874670.38,2025-10-11,2025-10-11,2025-10-20,2025-10-20
USR_86780E2C,TRUE,876812.74,2025-09-11,2025-09-11,2025-09-20,2025-09-20
USR_86780E2C,TRUE,913110.07,2025-08-11,2025-08-11,2025-08-20,2025-08-20
USR_CEAFEE7E,TRUE,777046.77,2025-12-11,2025-12-11,2025-12-20,2025-12-20
USR_CEAFEE7E,TRUE,648389.24,2025-12-11,2025-12-11,2025-12-20,2025-12-20
USR_CEAFEE7E,TRUE,577321.51,2025-11-11,2025-11-11,2025-11-20,2025-11-20
USR_CEAFEE7E,TRUE,105356.57,2025-10-11,2025-10-11,2025-10-20,2025-10-20
USR_CEAFEE7E,TRUE,140455.0,2025-09-11,2025-09-11,2025-09-20,2025-09-20
USR_CEAFEE7E,TRUE,718357.43,2025-08-11,2025-08-11,2025-08-20,2025-08-20
USR_380AE755,TRUE,664076.04,2025-12-11,2025-12-11,2025-12-20,2025-12-20
USR_380AE755,TRUE,838848.12,2025-12-11,2025-12-11,2025-12-20,2025-12-20
USR_380AE755,TRUE,424799.44,2025-11-11,2025-11-11,2025-11-20,2025-11-20
USR_380AE755,TRUE,562800.71,2025-10-11,2025-10-11,2025-10-20,2025-10-20
USR_380AE755,TRUE,921203.89,2025-09-11,2025-09-11,2025-09-20,2025-09-20
USR_380AE755,TRUE,919979.14,2025-08-11,2025-08-11,2025-08-20,2025-08-20
USR_B401C8E4,TRUE,244100.22,2025-12-11,2025-12-11,2025-12-20,2025-12-20
USR_B401C8E4,TRUE,263522.63,2025-12-11,2025-12-11,2025-12-20,2025-12-20
USR_B401C8E4,TRUE,364132.85,2025-11-11,2025-11-11,2025-11-20,2025-11-20
USR_B401C8E4,TRUE,428499.77,2025-10-11,2025-10-11,2025-10-20,2025-10-20
USR_B401C8E4,TRUE,433341.75,2025-09-11,2025-09-11,2025-09-20,2025-09-20
USR_B401C8E4,TRUE,196142.65,2025-08-11,2025-08-11,2025-08-20,2025-08-20
USR_93CDBE55,TRUE,951401.78,2025-12-11,2025-12-11,2025-12-20,2025-12-20
USR_93CDBE55,TRUE,715674.43,2025-12-11,2025-12-11,2025-12-20,2025-12-20
USR_93CDBE55,TRUE,918841.63,2025-11-11,2025-11-11,2025-11-20,2025-11-20
USR_93CDBE55,TRUE,639663.14,2025-10-11,2025-10-11,2025-10-20,2025-10-20
USR_93CDBE55,TRUE,965626.12,2025-09-11,2025-09-11,2025-09-20,2025-09-20
USR_93CDBE55,TRUE,872676.06,2025-08-11,2025-08-11,2025-08-20,2025-08-20
USR_F7E83B1C,TRUE,702415.72,2025-12-11,2025-12-11,2025-12-20,2025-12-20
USR_F7E83B1C,TRUE,603053.24,2025-12-11,2025-12-11,2025-12-20,2025-12-20
USR_F7E83B1C,TRUE,631460.29,2025-11-11,2025-11-11,2025-11-20,2025-11-20
USR_F7E83B1C,TRUE,877379.96,2025-10-11,2025-10-11,2025-10-20,2025-10-20
USR_F7E83B1C,TRUE,212075.29,2025-09-11,2025-09-11,2025-09-20,2025-09-20
USR_F7E83B1C,TRUE,879790.2,2025-08-11,2025-08-11,2025-08-20,2025-08-20
USR_9FB366F4,TRUE,707261.43,2025-12-11,2025-12-11,2025-12-20,2025-12-20
USR_9FB366F4,TRUE,695813.71,2025-12-11,2025-12-11,2025-12-20,2025-12-20
USR_9FB366F4,TRUE,384972.81,2025-11-11,2025-11-11,2025-11-20,2025-11-20
USR_9FB366F4,TRUE,997314.13,2025-10-11,2025-10-11,2025-10-20,2025-10-20
USR_9FB366F4,TRUE,798838.3,2025-09-11,2025-09-11,2025-09-20,2025-09-20
USR_9FB366F4,TRUE,419996.19,2025-08-11,2025-08-11,2025-08-20,2025-08-20
USR_A78F31DE,TRUE,354444.15,2025-12-11,2025-12-11,2025-12-20,2025-12-20
USR_A78F31DE,TRUE,551139.44,2025-12-11,2025-12-11,2025-12-20,2025-12-20
USR_A78F31DE,TRUE,785046.84,2025-11-11,2025-11-11,2025-11-20,2025-11-20
USR_A78F31DE,TRUE,949529.92,2025-10-11,2025-10-11,2025-10-20,2025-10-20
USR_A78F31DE,TRUE,667263.88,2025-09-11,2025-09-11,2025-09-20,2025-09-20
USR_A78F31DE,TRUE,159247.86,2025-08-11,2025-08-11,2025-08-20,2025-08-20
USR_19494224,FALSE,511833.72,2025-12-11,2026-01-10,2025-12-20,2025-12-26
USR_19494224,FALSE,894025.47,2025-12-11,2025-12-21,2025-12-20,2025-12-27
USR_19494224,FALSE,986157.56,2025-11-11,2025-12-05,2025-11-20,2025-12-17
USR_19494224,FALSE,977494.7,2025-10-11,2025-10-25,2025-10-20,2025-11-10
USR_19494224,FALSE,314358.36,2025-09-11,2025-10-04,2025-09-20,2025-09-30
USR_19494224,FALSE,137734.96,2025-08-11,2025-08-18,2025-08-20,2025-09-11
USR_036ABC6B,TRUE,503507.23,2025-12-11,2025-12-11,2025-12-20,2025-12-20
USR_036ABC6B,TRUE,848707.19,2025-12-11,2025-12-11,2025-12-20,2025-12-20
USR_036ABC6B,TRUE,468064.67,2025-11-11,2025-11-11,2025-11-20,2025-11-20
USR_036ABC6B,TRUE,713147.35,2025-10-11,2025-10-11,2025-10-20,2025-10-20
USR_036ABC6B,TRUE,730254.54,2025-09-11,2025-09-11,2025-09-20,2025-09-20
USR_036ABC6B,TRUE,530418.11,2025-08-11,2025-08-11,2025-08-20,2025-08-20
USR_EF13AF9D,TRUE,128099.25,2025-12-11,2025-12-11,2025-12-20,2025-12-20
USR_EF13AF9D,TRUE,214415.33,2025-12-11,2025-12-11,2025-12-20,2025-12-20
USR_EF13AF9D,TRUE,853369.64,2025-11-11,2025-11-11,2025-11-20,2025-11-20
USR_EF13AF9D,TRUE,775109.37,2025-10-11,2025-10-11,2025-10-20,2025-10-20
USR_EF13AF9D,TRUE,106938.26,2025-09-11,2025-09-11,2025-09-20,2025-09-20
USR_EF13AF9D,TRUE,761229.92,2025-08-11,2025-08-11,2025-08-20,2025-08-20
USR_1454960D,TRUE,822712.29,2025-12-11,2025-12-11,2025-12-20,2025-12-20
USR_1454960D,TRUE,983871.48,2025-12-11,2025-12-11,2025-12-20,2025-12-20
USR_1454960D,TRUE,966005.88,2025-11-11,2025-11-11,2025-11-20,2025-11-20
USR_1454960D,TRUE,731826.36,2025-10-11,2025-10-11,2025-10-20,2025-10-20
USR_1454960D,TRUE,982870.3,2025-09-11,2025-09-11,2025-09-20,2025-09-20
USR_1454960D,TRUE,917168.85,2025-08-11,2025-08-11,2025-08-20,2025-08-20
USR_D93B1BAE,TRUE,229059.17,2025-12-11,2025-12-11,2025-12-20,2025-12-20
USR_D93B1BAE,TRUE,497819.9,2025-12-11,2025-12-11,2025-12-20,2025-12-20
USR_D93B1BAE,TRUE,833334.0,2025-11-11,2025-11-11,2025-11-20,2025-11-20
USR_D93B1BAE,TRUE,945983.37,2025-10-11,2025-10-11,2025-10-20,2025-10-20
USR_D93B1BAE,TRUE,615274.42,2025-09-11,2025-09-11,2025-09-20,2025-09-20
USR_D93B1BAE,TRUE,685034.82,2025-08-11,2025-08-11,2025-08-20,2025-08-20
USR_75726779,TRUE,692083.63,2025-12-11,2025-12-11,2025-12-20,2025-12-20
USR_75726779,TRUE,944608.09,2025-12-11,2025-12-11,2025-12-20,2025-12-20
USR_75726779,TRUE,571525.62,2025-11-11,2025-11-11,2025-11-20,2025-11-20
USR_75726779,TRUE,824288.97,2025-10-11,2025-10-11,2025-10-20,2025-10-20
USR_75726779,TRUE,376367.63,2025-09-11,2025-09-11,2025-09-20,2025-09-20
USR_75726779,TRUE,413811.16,2025-08-11,2025-08-11,2025-08-20,2025-08-20
USR_030D492C,TRUE,548493.84,2025-12-11,2025-12-11,2025-12-20,2025-12-20
USR_030D492C,TRUE,497722.6,2025-12-11,2025-12-11,2025-12-20,2025-12-20
USR_030D492C,TRUE,960691.06,2025-11-11,2025-11-11,2025-11-20,2025-11-20
USR_030D492C,TRUE,975787.99,2025-10-11,2025-10-11,2025-10-20,2025-10-20
USR_030D492C,TRUE,665327.38,2025-09-11,2025-09-11,2025-09-20,2025-09-20
USR_030D492C,TRUE,168751.89,2025-08-11,2025-08-11,2025-08-20,2025-08-20
USR_19F497F4,TRUE,344074.29,2025-12-11,2025-12-11,2025-12-20,2025-12-20
USR_19F497F4,TRUE,700525.48,2025-12-11,2025-12-11,2025-12-20,2025-12-20
USR_19F497F4,TRUE,213028.43,2025-11-11,2025-11-11,2025-11-20,2025-11-20
USR_19F497F4,TRUE,722883.25,2025-10-11,2025-10-11,2025-10-20,2025-10-20
USR_19F497F4,TRUE,724728.31,2025-09-11,2025-09-11,2025-09-20,2025-09-20
USR_19F497F4,TRUE,720624.68,2025-08-11,2025-08-11,2025-08-20,2025-08-20
USR_DA5FCBE0,TRUE,271497.6,2025-12-11,2025-12-11,2025-12-20,2025-12-20
USR_DA5FCBE0,TRUE,673414.7,2025-12-11,2025-12-11,2025-12-20,2025-12-20
USR_DA5FCBE0,TRUE,334557.26,2025-11-11,2025-11-11,2025-11-20,2025-11-20
USR_DA5FCBE0,TRUE,184399.84,2025-10-11,2025-10-11,2025-10-20,2025-10-20
USR_DA5FCBE0,TRUE,440339.07,2025-09-11,2025-09-11,2025-09-20,2025-09-20
USR_DA5FCBE0,TRUE,629894.89,2025-08-11,2025-08-11,2025-08-20,2025-08-20
USR_27A1999E,TRUE,400970.41,2025-12-11,2025-12-11,2025-12-20,2025-12-20
USR_27A1999E,TRUE,391979.08,2025-12-11,2025-12-11,2025-12-20,2025-12-20
USR_27A1999E,TRUE,652726.94,2025-11-11,2025-11-11,2025-11-20,2025-11-20
USR_27A1999E,TRUE,709631.38,2025-10-11,2025-10-11,2025-10-20,2025-10-20
USR_27A1999E,TRUE,811165.92,2025-09-11,2025-09-11,2025-09-20,2025-09-20
USR_27A1999E,TRUE,661958.6,2025-08-11,2025-08-11,2025-08-20,2025-08-20
USR_8FAE9A54,TRUE,678900.17,2025-12-11,2025-12-11,2025-12-20,2025-12-20
USR_8FAE9A54,TRUE,889656.88,2025-12-11,2025-12-11,2025-12-20,2025-12-20
USR_8FAE9A54,TRUE,727504.94,2025-11-11,2025-11-11,2025-11-20,2025-11-20
USR_8FAE9A54,TRUE,104741.36,2025-10-11,2025-10-11,2025-10-20,2025-10-20
USR_8FAE9A54,TRUE,817014.52,2025-09-11,2025-09-11,2025-09-20,2025-09-20
USR_8FAE9A54,TRUE,642586.2,2025-08-11,2025-08-11,2025-08-20,2025-08-20
USR_56B4930B,TRUE,971627.32,2025-12-11,2025-12-11,2025-12-20,2025-12-20
USR_56B4930B,TRUE,414308.71,2025-12-11,2025-12-11,2025-12-20,2025-12-20
USR_56B4930B,TRUE,265662.42,2025-11-11,2025-11-11,2025-11-20,2025-11-20
USR_56B4930B,TRUE,975413.98,2025-10-11,2025-10-11,2025-10-20,2025-10-20
USR_56B4930B,TRUE,466634.14,2025-09-11,2025-09-11,2025-09-20,2025-09-20
USR_56B4930B,TRUE,674809.63,2025-08-11,2025-08-11,2025-08-20,2025-08-20
USR_F38227C5,TRUE,237362.1,2025-12-11,2025-12-11,2025-12-20,2025-12-20
USR_F38227C5,TRUE,876730.95,2025-12-11,2025-12-11,2025-12-20,2025-12-20
USR_F38227C5,TRUE,289275.65,2025-11-11,2025-11-11,2025-11-20,2025-11-20
USR_F38227C5,TRUE,491293.06,2025-10-11,2025-10-11,2025-10-20,2025-10-20
USR_F38227C5,TRUE,948126.39,2025-09-11,2025-09-11,2025-09-20,2025-09-20
USR_F38227C5,TRUE,861797.91,2025-08-11,2025-08-11,2025-08-20,2025-08-20
USR_02534715,TRUE,418313.61,2025-12-11,2025-12-11,2025-12-20,2025-12-20
USR_02534715,TRUE,298480.45,2025-12-11,2025-12-11,2025-12-20,2025-12-20
USR_02534715,TRUE,388662.15,2025-11-11,2025-11-11,2025-11-20,2025-11-20
USR_02534715,TRUE,452716.21,2025-10-11,2025-10-11,2025-10-20,2025-10-20
USR_02534715,TRUE,957248.13,2025-09-11,2025-09-11,2025-09-20,2025-09-20
USR_02534715,TRUE,581540.38,2025-08-11,2025-08-11,2025-08-20,2025-08-20
USR_6BFB9ADA,FALSE,156290.63,2025-12-11,2026-01-10,2025-12-20,2026-01-01
USR_6BFB9ADA,FALSE,691819.88,2025-12-11,2025-12-16,2025-12-20,2026-01-08
USR_6BFB9ADA,FALSE,301065.65,2025-11-11,2025-11-23,2025-11-20,2025-12-20
USR_6BFB9ADA,FALSE,948386.89,2025-10-11,2025-10-30,2025-10-20,2025-10-27
USR_6BFB9ADA,FALSE,362812.09,2025-09-11,2025-09-15,2025-09-20,2025-10-13
USR_6BFB9ADA,FALSE,153038.99,2025-08-11,2025-08-14,2025-08-20,2025-08-26
USR_16B3EE13,FALSE,265596.31,2025-12-11,2025-12-22,2025-12-20,2025-12-27
USR_16B3EE13,FALSE,929094.11,2025-12-11,2025-12-20,2025-12-20,2025-12-30
USR_16B3EE13,FALSE,136592.49,2025-11-11,2025-11-29,2025-11-20,2025-12-03
USR_16B3EE13,FALSE,332440.02,2025-10-11,2025-11-05,2025-10-20,2025-11-01
USR_16B3EE13,FALSE,689567.5,2025-09-11,2025-09-14,2025-09-20,2025-10-19
USR_16B3EE13,FALSE,975217.22,2025-08-11,2025-09-04,2025-08-20,2025-08-27
USR_0E984E50,TRUE,282271.79,2025-12-11,2025-12-11,2025-12-20,2025-12-20
USR_0E984E50,TRUE,697910.29,2025-12-11,2025-12-11,2025-12-20,2025-12-20
USR_0E984E50,TRUE,978365.81,2025-11-11,2025-11-11,2025-11-20,2025-11-20
USR_0E984E50,TRUE,377689.06,2025-10-11,2025-10-11,2025-10-20,2025-10-20
USR_0E984E50,TRUE,436085.18,2025-09-11,2025-09-11,2025-09-20,2025-09-20
USR_0E984E50,TRUE,415343.48,2025-08-11,2025-08-11,2025-08-20,2025-08-20
USR_BC37CC8A,TRUE,182497.94,2025-12-11,2025-12-11,2025-12-20,2025-12-20
USR_BC37CC8A,TRUE,234984.95,2025-12-11,2025-12-11,2025-12-20,2025-12-20
USR_BC37CC8A,TRUE,987607.16,2025-11-11,2025-11-11,2025-11-20,2025-11-20
USR_BC37CC8A,TRUE,205909.27,2025-10-11,2025-10-11,2025-10-20,2025-10-20
USR_BC37CC8A,TRUE,540155.23,2025-09-11,2025-09-11,2025-09-20,2025-09-20
USR_BC37CC8A,TRUE,645369.1,2025-08-11,2025-08-11,2025-08-20,2025-08-20
USR_5782DBC6,TRUE,410514.66,2025-12-11,2025-12-11,2025-12-20,2025-12-20
USR_5782DBC6,TRUE,771625.57,2025-12-11,2025-12-11,2025-12-20,2025-12-20
USR_5782DBC6,TRUE,647387.75,2025-11-11,2025-11-11,2025-11-20,2025-11-20
USR_5782DBC6,TRUE,507492.84,2025-10-11,2025-10-11,2025-10-20,2025-10-20
USR_5782DBC6,TRUE,859172.57,2025-09-11,2025-09-11,2025-09-20,2025-09-20
USR_5782DBC6,TRUE,899758.46,2025-08-11,2025-08-11,2025-08-20,2025-08-20
USR_64F7B5F7,TRUE,520098.98,2025-12-11,2025-12-11,2025-12-20,2025-12-20
USR_64F7B5F7,TRUE,834898.21,2025-12-11,2025-12-11,2025-12-20,2025-12-20
USR_64F7B5F7,TRUE,911362.79,2025-11-11,2025-11-11,2025-11-20,2025-11-20
USR_64F7B5F7,TRUE,951251.32,2025-10-11,2025-10-11,2025-10-20,2025-10-20
USR_64F7B5F7,TRUE,587396.12,2025-09-11,2025-09-11,2025-09-20,2025-09-20
USR_64F7B5F7,TRUE,273466.34,2025-08-11,2025-08-11,2025-08-20,2025-08-20
USR_841AC849,FALSE,495845.28,2025-12-11,2026-01-02,2025-12-20,2026-01-08
USR_841AC849,FALSE,536201.79,2025-12-11,2025-12-29,2025-12-20,2025-12-21
USR_841AC849,FALSE,963007.29,2025-11-11,2025-11-28,2025-11-20,2025-12-19
USR_841AC849,FALSE,859075.19,2025-10-11,2025-10-21,2025-10-20,2025-11-09
USR_841AC849,FALSE,653518.51,2025-09-11,2025-09-25,2025-09-20,2025-10-03
USR_841AC849,FALSE,665930.39,2025-08-11,2025-08-31,2025-08-20,2025-09-12
USR_141BD3E9,TRUE,853842.32,2025-12-11,2025-12-11,2025-12-20,2025-12-20
USR_141BD3E9,TRUE,289945.85,2025-12-11,2025-12-11,2025-12-20,2025-12-20
USR_141BD3E9,TRUE,249806.52,2025-11-11,2025-11-11,2025-11-20,2025-11-20
USR_141BD3E9,TRUE,917149.51,2025-10-11,2025-10-11,2025-10-20,2025-10-20
USR_141BD3E9,TRUE,869289.74,2025-09-11,2025-09-11,2025-09-20,2025-09-20
USR_141BD3E9,TRUE,765677.4,2025-08-11,2025-08-11,2025-08-20,2025-08-20
USR_3D06DAC1,TRUE,215515.86,2025-12-11,2025-12-11,2025-12-20,2025-12-20
USR_3D06DAC1,TRUE,966973.04,2025-12-11,2025-12-11,2025-12-20,2025-12-20
USR_3D06DAC1,TRUE,469602.98,2025-11-11,2025-11-11,2025-11-20,2025-11-20
USR_3D06DAC1,TRUE,924043.58,2025-10-11,2025-10-11,2025-10-20,2025-10-20
USR_3D06DAC1,TRUE,691436.78,2025-09-11,2025-09-11,2025-09-20,2025-09-20
USR_3D06DAC1,TRUE,765788.39,2025-08-11,2025-08-11,2025-08-20,2025-08-20
USR_FADB04F0,TRUE,166128.24,2025-12-11,2025-12-11,2025-12-20,2025-12-20
USR_FADB04F0,TRUE,422066.62,2025-12-11,2025-12-11,2025-12-20,2025-12-20
USR_FADB04F0,TRUE,946782.18,2025-11-11,2025-11-11,2025-11-20,2025-11-20
USR_FADB04F0,TRUE,406351.84,2025-10-11,2025-10-11,2025-10-20,2025-10-20
USR_FADB04F0,TRUE,255956.83,2025-09-11,2025-09-11,2025-09-20,2025-09-20
USR_FADB04F0,TRUE,928638.25,2025-08-11,2025-08-11,2025-08-20,2025-08-20
USR_9B1475E5,TRUE,172082.67,2025-12-11,2025-12-11,2025-12-20,2025-12-20
USR_9B1475E5,TRUE,646765.06,2025-12-11,2025-12-11,2025-12-20,2025-12-20
USR_9B1475E5,TRUE,421604.79,2025-11-11,2025-11-11,2025-11-20,2025-11-20
USR_9B1475E5,TRUE,693340.37,2025-10-11,2025-10-11,2025-10-20,2025-10-20
USR_9B1475E5,TRUE,761546.0,2025-09-11,2025-09-11,2025-09-20,2025-09-20
USR_9B1475E5,TRUE,561729.53,2025-08-11,2025-08-11,2025-08-20,2025-08-20
USR_DC00D17A,TRUE,170099.3,2025-12-11,2025-12-11,2025-12-20,2025-12-20
USR_DC00D17A,TRUE,274370.03,2025-12-11,2025-12-11,2025-12-20,2025-12-20
USR_DC00D17A,TRUE,373624.82,2025-11-11,2025-11-11,2025-11-20,2025-11-20
USR_DC00D17A,TRUE,352638.12,2025-10-11,2025-10-11,2025-10-20,2025-10-20
USR_DC00D17A,TRUE,965586.66,2025-09-11,2025-09-11,2025-09-20,2025-09-20
USR_DC00D17A,TRUE,708309.41,2025-08-11,2025-08-11,2025-08-20,2025-08-20
USR_B2E0B0A4,TRUE,241998.4,2025-12-11,2025-12-11,2025-12-20,2025-12-20
USR_B2E0B0A4,TRUE,576102.95,2025-12-11,2025-12-11,2025-12-20,2025-12-20
USR_B2E0B0A4,TRUE,615840.05,2025-11-11,2025-11-11,2025-11-20,2025-11-20
USR_B2E0B0A4,TRUE,594781.16,2025-10-11,2025-10-11,2025-10-20,2025-10-20
USR_B2E0B0A4,TRUE,312886.91,2025-09-11,2025-09-11,2025-09-20,2025-09-20
USR_B2E0B0A4,TRUE,855198.74,2025-08-11,2025-08-11,2025-08-20,2025-08-20
USR_19412948,TRUE,791396.58,2025-12-11,2025-12-11,2025-12-20,2025-12-20
USR_19412948,TRUE,206056.7,2025-12-11,2025-12-11,2025-12-20,2025-12-20
USR_19412948,TRUE,740615.31,2025-11-11,2025-11-11,2025-11-20,2025-11-20
USR_19412948,TRUE,702498.49,2025-10-11,2025-10-11,2025-10-20,2025-10-20
USR_19412948,TRUE,830032.22,2025-09-11,2025-09-11,2025-09-20,2025-09-20
USR_19412948,TRUE,745326.96,2025-08-11,2025-08-11,2025-08-20,2025-08-20
USR_A93BC242,TRUE,472813.06,2025-12-11,2025-12-11,2025-12-20,2025-12-20
USR_A93BC242,TRUE,649433.63,2025-12-11,2025-12-11,2025-12-20,2025-12-20
USR_A93BC242,TRUE,352929.16,2025-11-11,2025-11-11,2025-11-20,2025-11-20
USR_A93BC242,TRUE,687613.59,2025-10-11,2025-10-11,2025-10-20,2025-10-20
USR_A93BC242,TRUE,586532.18,2025-09-11,2025-09-11,2025-09-20,2025-09-20
USR_A93BC242,TRUE,559167.63,2025-08-11,2025-08-11,2025-08-20,2025-08-20
USR_40C0893A,TRUE,528495.87,2025-12-11,2025-12-11,2025-12-20,2025-12-20
USR_40C0893A,TRUE,223648.02,2025-12-11,2025-12-11,2025-12-20,2025-12-20
USR_40C0893A,TRUE,424393.88,2025-11-11,2025-11-11,2025-11-20,2025-11-20
USR_40C0893A,TRUE,220617.12,2025-10-11,2025-10-11,2025-10-20,2025-10-20
USR_40C0893A,TRUE,471065.94,2025-09-11,2025-09-11,2025-09-20,2025-09-20
USR_40C0893A,TRUE,447283.61,2025-08-11,2025-08-11,2025-08-20,2025-08-20
USR_A085103B,TRUE,346610.61,2025-12-11,2025-12-11,2025-12-20,2025-12-20
USR_A085103B,TRUE,917808.12,2025-12-11,2025-12-11,2025-12-20,2025-12-20
USR_A085103B,TRUE,383847.5,2025-11-11,2025-11-11,2025-11-20,2025-11-20
USR_A085103B,TRUE,476200.77,2025-10-11,2025-10-11,2025-10-20,2025-10-20
USR_A085103B,TRUE,297900.17,2025-09-11,2025-09-11,2025-09-20,2025-09-20
USR_A085103B,TRUE,122509.43,2025-08-11,2025-08-11,2025-08-20,2025-08-20
USR_BBC55939,TRUE,730315.95,2025-12-11,2025-12-11,2025-12-20,2025-12-20
USR_BBC55939,TRUE,920478.66,2025-12-11,2025-12-11,2025-12-20,2025-12-20
USR_BBC55939,TRUE,428918.52,2025-11-11,2025-11-11,2025-11-20,2025-11-20
USR_BBC55939,TRUE,194775.25,2025-10-11,2025-10-11,2025-10-20,2025-10-20
USR_BBC55939,TRUE,740777.61,2025-09-11,2025-09-11,2025-09-20,2025-09-20
USR_BBC55939,TRUE,737889.15,2025-08-11,2025-08-11,2025-08-20,2025-08-20
USR_BE690585,FALSE,181002.55,2025-12-11,2026-01-02,2025-12-20,2026-01-14
USR_BE690585,FALSE,994548.57,2025-12-11,2025-12-21,2025-12-20,2026-01-10
USR_BE690585,FALSE,886645.78,2025-11-11,2025-11-25,2025-11-20,2025-11-28
USR_BE690585,FALSE,507224.34,2025-10-11,2025-10-13,2025-10-20,2025-10-22
USR_BE690585,FALSE,108581.75,2025-09-11,2025-09-26,2025-09-20,2025-09-28
USR_BE690585,FALSE,565990.67,2025-08-11,2025-08-14,2025-08-20,2025-08-30
USR_31D373B1,TRUE,373875.0,2025-12-11,2025-12-11,2025-12-20,2025-12-20
USR_31D373B1,TRUE,428098.3,2025-12-11,2025-12-11,2025-12-20,2025-12-20
USR_31D373B1,TRUE,873486.65,2025-11-11,2025-11-11,2025-11-20,2025-11-20
USR_31D373B1,TRUE,998365.03,2025-10-11,2025-10-11,2025-10-20,2025-10-20
USR_31D373B1,TRUE,630808.45,2025-09-11,2025-09-11,2025-09-20,2025-09-20
USR_31D373B1,TRUE,202347.89,2025-08-11,2025-08-11,2025-08-20,2025-08-20
USR_DC25FA55,TRUE,412506.42,2025-12-11,2025-12-11,2025-12-20,2025-12-20
USR_DC25FA55,TRUE,331147.36,2025-12-11,2025-12-11,2025-12-20,2025-12-20
USR_DC25FA55,TRUE,733192.97,2025-11-11,2025-11-11,2025-11-20,2025-11-20
USR_DC25FA55,TRUE,417499.04,2025-10-11,2025-10-11,2025-10-20,2025-10-20
USR_DC25FA55,TRUE,372116.7,2025-09-11,2025-09-11,2025-09-20,2025-09-20
USR_DC25FA55,TRUE,580611.63,2025-08-11,2025-08-11,2025-08-20,2025-08-20
USR_F2EFF725,TRUE,114218.21,2025-12-11,2025-12-11,2025-12-20,2025-12-20
USR_F2EFF725,TRUE,653428.03,2025-12-11,2025-12-11,2025-12-20,2025-12-20
USR_F2EFF725,TRUE,993732.87,2025-11-11,2025-11-11,2025-11-20,2025-11-20
USR_F2EFF725,TRUE,680095.12,2025-10-11,2025-10-11,2025-10-20,2025-10-20
USR_F2EFF725,TRUE,275743.05,2025-09-11,2025-09-11,2025-09-20,2025-09-20
USR_F2EFF725,TRUE,840042.41,2025-08-11,2025-08-11,2025-08-20,2025-08-20
USR_9CB4E157,FALSE,626938.41,2025-12-11,2025-12-17,2025-12-20,2026-01-02
USR_9CB4E157,FALSE,133748.9,2025-12-11,2025-12-15,2025-12-20,2025-12-25
USR_9CB4E157,FALSE,897266.02,2025-11-11,2025-11-30,2025-11-20,2025-12-18
USR_9CB4E157,FALSE,328333.04,2025-10-11,2025-11-01,2025-10-20,2025-10-24
USR_9CB4E157,FALSE,668273.77,2025-09-11,2025-09-14,2025-09-20,2025-10-14
USR_9CB4E157,FALSE,360329.92,2025-08-11,2025-08-14,2025-08-20,2025-09-05
USR_F97DF487,TRUE,308000.55,2025-12-11,2025-12-11,2025-12-20,2025-12-20
USR_F97DF487,TRUE,437600.98,2025-12-11,2025-12-11,2025-12-20,2025-12-20
USR_F97DF487,TRUE,953536.41,2025-11-11,2025-11-11,2025-11-20,2025-11-20
USR_F97DF487,TRUE,121128.42,2025-10-11,2025-10-11,2025-10-20,2025-10-20
USR_F97DF487,TRUE,360373.92,2025-09-11,2025-09-11,2025-09-20,2025-09-20
USR_F97DF487,TRUE,378280.6,2025-08-11,2025-08-11,2025-08-20,2025-08-20
USR_FB6D5E43,TRUE,606819.81,2025-12-11,2025-12-11,2025-12-20,2025-12-20
USR_FB6D5E43,TRUE,492546.83,2025-12-11,2025-12-11,2025-12-20,2025-12-20
USR_FB6D5E43,TRUE,732625.58,2025-11-11,2025-11-11,2025-11-20,2025-11-20
USR_FB6D5E43,TRUE,671761.26,2025-10-11,2025-10-11,2025-10-20,2025-10-20
USR_FB6D5E43,TRUE,128249.07,2025-09-11,2025-09-11,2025-09-20,2025-09-20
USR_FB6D5E43,TRUE,700177.35,2025-08-11,2025-08-11,2025-08-20,2025-08-20
USR_586779C6,TRUE,557968.34,2025-12-11,2025-12-11,2025-12-20,2025-12-20
USR_586779C6,TRUE,470529.54,2025-12-11,2025-12-11,2025-12-20,2025-12-20
USR_586779C6,TRUE,720383.75,2025-11-11,2025-11-11,2025-11-20,2025-11-20
USR_586779C6,TRUE,744525.89,2025-10-11,2025-10-11,2025-10-20,2025-10-20
USR_586779C6,TRUE,818357.58,2025-09-11,2025-09-11,2025-09-20,2025-09-20
USR_586779C6,TRUE,744048.72,2025-08-11,2025-08-11,2025-08-20,2025-08-20
USR_799F2995,TRUE,693587.43,2025-12-11,2025-12-11,2025-12-20,2025-12-20
USR_799F2995,TRUE,843532.08,2025-12-11,2025-12-11,2025-12-20,2025-12-20
USR_799F2995,TRUE,608426.13,2025-11-11,2025-11-11,2025-11-20,2025-11-20
USR_799F2995,TRUE,596447.05,2025-10-11,2025-10-11,2025-10-20,2025-10-20
USR_799F2995,TRUE,579399.02,2025-09-11,2025-09-11,2025-09-20,2025-09-20
USR_799F2995,TRUE,891695.62,2025-08-11,2025-08-11,2025-08-20,2025-08-20
USR_C1BBCD5F,TRUE,312220.94,2025-12-11,2025-12-11,2025-12-20,2025-12-20
USR_C1BBCD5F,TRUE,627995.54,2025-12-11,2025-12-11,2025-12-20,2025-12-20
USR_C1BBCD5F,TRUE,454308.5,2025-11-11,2025-11-11,2025-11-20,2025-11-20
USR_C1BBCD5F,TRUE,722350.45,2025-10-11,2025-10-11,2025-10-20,2025-10-20
USR_C1BBCD5F,TRUE,262949.87,2025-09-11,2025-09-11,2025-09-20,2025-09-20
USR_C1BBCD5F,TRUE,118041.96,2025-08-11,2025-08-11,2025-08-20,2025-08-20
USR_2424D4EA,FALSE,753160.71,2025-12-11,2025-12-29,2025-12-20,2026-01-12
USR_2424D4EA,FALSE,200717.72,2025-12-11,2025-12-31,2025-12-20,2026-01-01
USR_2424D4EA,FALSE,658664.8,2025-11-11,2025-11-16,2025-11-20,2025-11-26
USR_2424D4EA,FALSE,683459.29,2025-10-11,2025-11-03,2025-10-20,2025-11-06
USR_2424D4EA,FALSE,960889.83,2025-09-11,2025-09-30,2025-09-20,2025-09-29
USR_2424D4EA,FALSE,462384.38,2025-08-11,2025-08-13,2025-08-20,2025-08-29
USR_C55E66F1,TRUE,610162.98,2025-12-11,2025-12-11,2025-12-20,2025-12-20
USR_C55E66F1,TRUE,578452.6,2025-12-11,2025-12-11,2025-12-20,2025-12-20
USR_C55E66F1,TRUE,738953.03,2025-11-11,2025-11-11,2025-11-20,2025-11-20
USR_C55E66F1,TRUE,541201.62,2025-10-11,2025-10-11,2025-10-20,2025-10-20
USR_C55E66F1,TRUE,842336.48,2025-09-11,2025-09-11,2025-09-20,2025-09-20
USR_C55E66F1,TRUE,100784.6,2025-08-11,2025-08-11,2025-08-20,2025-08-20
USR_A23A7BC7,TRUE,615685.14,2025-12-11,2025-12-11,2025-12-20,2025-12-20
USR_A23A7BC7,TRUE,704793.65,2025-12-11,2025-12-11,2025-12-20,2025-12-20
USR_A23A7BC7,TRUE,254804.56,2025-11-11,2025-11-11,2025-11-20,2025-11-20
USR_A23A7BC7,TRUE,525068.44,2025-10-11,2025-10-11,2025-10-20,2025-10-20
USR_A23A7BC7,TRUE,514758.42,2025-09-11,2025-09-11,2025-09-20,2025-09-20
USR_A23A7BC7,TRUE,708768.66,2025-08-11,2025-08-11,2025-08-20,2025-08-20
USR_6A2392B2,TRUE,895208.83,2025-12-11,2025-12-11,2025-12-20,2025-12-20
USR_6A2392B2,TRUE,782653.34,2025-12-11,2025-12-11,2025-12-20,2025-12-20
USR_6A2392B2,TRUE,763376.09,2025-11-11,2025-11-11,2025-11-20,2025-11-20
USR_6A2392B2,TRUE,497738.73,2025-10-11,2025-10-11,2025-10-20,2025-10-20
USR_6A2392B2,TRUE,930356.16,2025-09-11,2025-09-11,2025-09-20,2025-09-20
USR_6A2392B2,TRUE,150657.89,2025-08-11,2025-08-11,2025-08-20,2025-08-20
USR_436E2A48,FALSE,947387.59,2025-12-11,2025-12-24,2025-12-20,2026-01-10
USR_436E2A48,FALSE,946830.21,2025-12-11,2025-12-31,2025-12-20,2026-01-03
USR_436E2A48,FALSE,136042.11,2025-11-11,2025-11-18,2025-11-20,2025-12-03
USR_436E2A48,FALSE,586981.85,2025-10-11,2025-10-20,2025-10-20,2025-10-28
USR_436E2A48,FALSE,604036.79,2025-09-11,2025-10-08,2025-09-20,2025-10-10
USR_436E2A48,FALSE,938615.19,2025-08-11,2025-08-23,2025-08-20,2025-09-05
USR_E2A50B63,TRUE,617433.08,2025-12-11,2025-12-11,2025-12-20,2025-12-20
USR_E2A50B63,TRUE,619345.7,2025-12-11,2025-12-11,2025-12-20,2025-12-20
USR_E2A50B63,TRUE,490139.47,2025-11-11,2025-11-11,2025-11-20,2025-11-20
USR_E2A50B63,TRUE,352566.67,2025-10-11,2025-10-11,2025-10-20,2025-10-20
USR_E2A50B63,TRUE,974110.23,2025-09-11,2025-09-11,2025-09-20,2025-09-20
USR_E2A50B63,TRUE,623176.83,2025-08-11,2025-08-11,2025-08-20,2025-08-20
USR_971E0957,TRUE,550171.85,2025-12-11,2025-12-11,2025-12-20,2025-12-20
USR_971E0957,TRUE,642696.69,2025-12-11,2025-12-11,2025-12-20,2025-12-20
USR_971E0957,TRUE,713361.81,2025-11-11,2025-11-11,2025-11-20,2025-11-20
USR_971E0957,TRUE,295905.44,2025-10-11,2025-10-11,2025-10-20,2025-10-20
USR_971E0957,TRUE,749429.45,2025-09-11,2025-09-11,2025-09-20,2025-09-20
USR_971E0957,TRUE,212543.13,2025-08-11,2025-08-11,2025-08-20,2025-08-20
USR_A882E5E9,FALSE,249654.25,2025-12-11,2026-01-01,2025-12-20,2026-01-14
USR_A882E5E9,FALSE,263657.78,2025-12-11,2025-12-25,2025-12-20,2026-01-12
USR_A882E5E9,FALSE,133434.84,2025-11-11,2025-11-19,2025-11-20,2025-11-27
USR_A882E5E9,FALSE,880172.18,2025-10-11,2025-11-05,2025-10-20,2025-11-14
USR_A882E5E9,FALSE,292614.0,2025-09-11,2025-09-15,2025-09-20,2025-10-13
USR_A882E5E9,FALSE,872232.74,2025-08-11,2025-08-28,2025-08-20,2025-09-08
USR_CF25D68E,TRUE,320503.79,2025-12-11,2025-12-11,2025-12-20,2025-12-20
USR_CF25D68E,TRUE,406429.73,2025-12-11,2025-12-11,2025-12-20,2025-12-20
USR_CF25D68E,TRUE,331840.37,2025-11-11,2025-11-11,2025-11-20,2025-11-20
USR_CF25D68E,TRUE,880835.76,2025-10-11,2025-10-11,2025-10-20,2025-10-20
USR_CF25D68E,TRUE,750116.41,2025-09-11,2025-09-11,2025-09-20,2025-09-20
USR_CF25D68E,TRUE,899442.03,2025-08-11,2025-08-11,2025-08-20,2025-08-20
USR_84242D18,TRUE,180211.76,2025-12-11,2025-12-11,2025-12-20,2025-12-20
USR_84242D18,TRUE,238947.6,2025-12-11,2025-12-11,2025-12-20,2025-12-20
USR_84242D18,TRUE,765260.96,2025-11-11,2025-11-11,2025-11-20,2025-11-20
USR_84242D18,TRUE,931750.53,2025-10-11,2025-10-11,2025-10-20,2025-10-20
USR_84242D18,TRUE,402756.49,2025-09-11,2025-09-11,2025-09-20,2025-09-20
USR_84242D18,TRUE,684863.67,2025-08-11,2025-08-11,2025-08-20,2025-08-20
USR_F8657752,TRUE,969287.71,2025-12-11,2025-12-11,2025-12-20,2025-12-20
USR_F8657752,TRUE,142468.52,2025-12-11,2025-12-11,2025-12-20,2025-12-20
USR_F8657752,TRUE,304625.21,2025-11-11,2025-11-11,2025-11-20,2025-11-20
USR_F8657752,TRUE,222673.08,2025-10-11,2025-10-11,2025-10-20,2025-10-20
USR_F8657752,TRUE,305212.67,2025-09-11,2025-09-11,2025-09-20,2025-09-20
USR_F8657752,TRUE,317316.45,2025-08-11,2025-08-11,2025-08-20,2025-08-20
USR_61388C6A,TRUE,292378.68,2025-12-11,2025-12-11,2025-12-20,2025-12-20
USR_61388C6A,TRUE,505088.22,2025-12-11,2025-12-11,2025-12-20,2025-12-20
USR_61388C6A,TRUE,946851.61,2025-11-11,2025-11-11,2025-11-20,2025-11-20
USR_61388C6A,TRUE,834679.44,2025-10-11,2025-10-11,2025-10-20,2025-10-20
USR_61388C6A,TRUE,686014.91,2025-09-11,2025-09-11,2025-09-20,2025-09-20
USR_61388C6A,TRUE,398617.62,2025-08-11,2025-08-11,2025-08-20,2025-08-20
USR_03F3FB40,TRUE,342852.71,2025-12-11,2025-12-11,2025-12-20,2025-12-20
USR_03F3FB40,TRUE,767979.75,2025-12-11,2025-12-11,2025-12-20,2025-12-20
USR_03F3FB40,TRUE,224048.79,2025-11-11,2025-11-11,2025-11-20,2025-11-20
USR_03F3FB40,TRUE,174671.04,2025-10-11,2025-10-11,2025-10-20,2025-10-20
USR_03F3FB40,TRUE,747768.44,2025-09-11,2025-09-11,2025-09-20,2025-09-20
USR_03F3FB40,TRUE,261286.34,2025-08-11,2025-08-11,2025-08-20,2025-08-20
USR_F239627E,TRUE,538632.27,2025-12-11,2025-12-11,2025-12-20,2025-12-20
USR_F239627E,TRUE,190593.29,2025-12-11,2025-12-11,2025-12-20,2025-12-20
USR_F239627E,TRUE,934892.41,2025-11-11,2025-11-11,2025-11-20,2025-11-20
USR_F239627E,TRUE,125830.87,2025-10-11,2025-10-11,2025-10-20,2025-10-20
USR_F239627E,TRUE,521704.37,2025-09-11,2025-09-11,2025-09-20,2025-09-20
USR_F239627E,TRUE,766559.9,2025-08-11,2025-08-11,2025-08-20,2025-08-20
USR_C2735F88,TRUE,574221.24,2025-12-11,2025-12-11,2025-12-20,2025-12-20
USR_C2735F88,TRUE,357089.76,2025-12-11,2025-12-11,2025-12-20,2025-12-20
USR_C2735F88,TRUE,403847.28,2025-11-11,2025-11-11,2025-11-20,2025-11-20
USR_C2735F88,TRUE,387723.25,2025-10-11,2025-10-11,2025-10-20,2025-10-20
USR_C2735F88,TRUE,614470.65,2025-09-11,2025-09-11,2025-09-20,2025-09-20
USR_C2735F88,TRUE,721334.95,2025-08-11,2025-08-11,2025-08-20,2025-08-20
USR_2D67ECB2,FALSE,389682.16,2025-12-11,2026-01-09,2025-12-20,2026-01-08
USR_2D67ECB2,FALSE,454936.89,2025-12-11,2025-12-12,2025-12-20,2026-01-15
USR_2D67ECB2,FALSE,821353.55,2025-11-11,2025-11-30,2025-11-20,2025-12-01
USR_2D67ECB2,FALSE,933791.6,2025-10-11,2025-10-20,2025-10-20,2025-10-23
USR_2D67ECB2,FALSE,355459.49,2025-09-11,2025-09-22,2025-09-20,2025-10-15
USR_2D67ECB2,FALSE,396089.73,2025-08-11,2025-09-06,2025-08-20,2025-09-01
USR_5B32B052,TRUE,718405.46,2025-12-11,2025-12-11,2025-12-20,2025-12-20
USR_5B32B052,TRUE,509707.98,2025-12-11,2025-12-11,2025-12-20,2025-12-20
USR_5B32B052,TRUE,179989.47,2025-11-11,2025-11-11,2025-11-20,2025-11-20
USR_5B32B052,TRUE,459061.62,2025-10-11,2025-10-11,2025-10-20,2025-10-20
USR_5B32B052,TRUE,227219.34,2025-09-11,2025-09-11,2025-09-20,2025-09-20
USR_5B32B052,TRUE,395659.11,2025-08-11,2025-08-11,2025-08-20,2025-08-20
USR_384CFB55,TRUE,881687.94,2025-12-11,2025-12-11,2025-12-20,2025-12-20
USR_384CFB55,TRUE,597708.31,2025-12-11,2025-12-11,2025-12-20,2025-12-20
USR_384CFB55,TRUE,361969.93,2025-11-11,2025-11-11,2025-11-20,2025-11-20
USR_384CFB55,TRUE,150553.78,2025-10-11,2025-10-11,2025-10-20,2025-10-20
USR_384CFB55,TRUE,752339.87,2025-09-11,2025-09-11,2025-09-20,2025-09-20
USR_384CFB55,TRUE,415197.2,2025-08-11,2025-08-11,2025-08-20,2025-08-20
USR_8E3F34AA,TRUE,282482.23,2025-12-11,2025-12-11,2025-12-20,2025-12-20
USR_8E3F34AA,TRUE,874095.32,2025-12-11,2025-12-11,2025-12-20,2025-12-20
USR_8E3F34AA,TRUE,592236.86,2025-11-11,2025-11-11,2025-11-20,2025-11-20
USR_8E3F34AA,TRUE,102491.36,2025-10-11,2025-10-11,2025-10-20,2025-10-20
USR_8E3F34AA,TRUE,758876.04,2025-09-11,2025-09-11,2025-09-20,2025-09-20
USR_8E3F34AA,TRUE,795212.77,2025-08-11,2025-08-11,2025-08-20,2025-08-20
USR_27B7E610,TRUE,642546.71,2025-12-11,2025-12-11,2025-12-20,2025-12-20
USR_27B7E610,TRUE,660387.35,2025-12-11,2025-12-11,2025-12-20,2025-12-20
USR_27B7E610,TRUE,689755.65,2025-11-11,2025-11-11,2025-11-20,2025-11-20
USR_27B7E610,TRUE,113062.38,2025-10-11,2025-10-11,2025-10-20,2025-10-20
USR_27B7E610,TRUE,463320.0,2025-09-11,2025-09-11,2025-09-20,2025-09-20
USR_27B7E610,TRUE,327042.57,2025-08-11,2025-08-11,2025-08-20,2025-08-20
USR_37223C47,TRUE,140094.19,2025-12-11,2025-12-11,2025-12-20,2025-12-20
USR_37223C47,TRUE,160219.11,2025-12-11,2025-12-11,2025-12-20,2025-12-20
USR_37223C47,TRUE,372349.7,2025-11-11,2025-11-11,2025-11-20,2025-11-20
USR_37223C47,TRUE,109243.35,2025-10-11,2025-10-11,2025-10-20,2025-10-20
USR_37223C47,TRUE,645855.06,2025-09-11,2025-09-11,2025-09-20,2025-09-20
USR_37223C47,TRUE,171993.79,2025-08-11,2025-08-11,2025-08-20,2025-08-20
USR_F964A289,TRUE,834577.36,2025-12-11,2025-12-11,2025-12-20,2025-12-20
USR_F964A289,TRUE,109898.01,2025-12-11,2025-12-11,2025-12-20,2025-12-20
USR_F964A289,TRUE,273915.49,2025-11-11,2025-11-11,2025-11-20,2025-11-20
USR_F964A289,TRUE,652159.37,2025-10-11,2025-10-11,2025-10-20,2025-10-20
USR_F964A289,TRUE,966913.58,2025-09-11,2025-09-11,2025-09-20,2025-09-20
USR_F964A289,TRUE,154191.56,2025-08-11,2025-08-11,2025-08-20,2025-08-20
USR_7B787D63,TRUE,228329.96,2025-12-11,2025-12-11,2025-12-20,2025-12-20
USR_7B787D63,TRUE,305515.66,2025-12-11,2025-12-11,2025-12-20,2025-12-20
USR_7B787D63,TRUE,826298.6,2025-11-11,2025-11-11,2025-11-20,2025-11-20
USR_7B787D63,TRUE,496901.16,2025-10-11,2025-10-11,2025-10-20,2025-10-20
USR_7B787D63,TRUE,978629.09,2025-09-11,2025-09-11,2025-09-20,2025-09-20
USR_7B787D63,TRUE,557776.29,2025-08-11,2025-08-11,2025-08-20,2025-08-20
USR_A0D9CE5C,TRUE,291186.86,2025-12-11,2025-12-11,2025-12-20,2025-12-20
USR_A0D9CE5C,TRUE,902437.84,2025-12-11,2025-12-11,2025-12-20,2025-12-20
USR_A0D9CE5C,TRUE,296487.81,2025-11-11,2025-11-11,2025-11-20,2025-11-20
USR_A0D9CE5C,TRUE,136908.4,2025-10-11,2025-10-11,2025-10-20,2025-10-20
USR_A0D9CE5C,TRUE,729811.89,2025-09-11,2025-09-11,2025-09-20,2025-09-20
USR_A0D9CE5C,TRUE,303051.0,2025-08-11,2025-08-11,2025-08-20,2025-08-20
USR_5B9C3645,TRUE,733403.94,2025-12-11,2025-12-11,2025-12-20,2025-12-20
USR_5B9C3645,TRUE,193338.27,2025-12-11,2025-12-11,2025-12-20,2025-12-20
USR_5B9C3645,TRUE,573224.25,2025-11-11,2025-11-11,2025-11-20,2025-11-20
USR_5B9C3645,TRUE,381675.22,2025-10-11,2025-10-11,2025-10-20,2025-10-20
USR_5B9C3645,TRUE,701367.94,2025-09-11,2025-09-11,2025-09-20,2025-09-20
USR_5B9C3645,TRUE,495529.48,2025-08-11,2025-08-11,2025-08-20,2025-08-20
USR_23B435D7,TRUE,406193.74,2025-12-11,2025-12-11,2025-12-20,2025-12-20
USR_23B435D7,TRUE,711910.45,2025-12-11,2025-12-11,2025-12-20,2025-12-20
USR_23B435D7,TRUE,182831.33,2025-11-11,2025-11-11,2025-11-20,2025-11-20
USR_23B435D7,TRUE,458695.38,2025-10-11,2025-10-11,2025-10-20,2025-10-20
USR_23B435D7,TRUE,490355.98,2025-09-11,2025-09-11,2025-09-20,2025-09-20
USR_23B435D7,TRUE,805665.35,2025-08-11,2025-08-11,2025-08-20,2025-08-20
USR_779D72EE,TRUE,852469.81,2025-12-11,2025-12-11,2025-12-20,2025-12-20
USR_779D72EE,TRUE,316231.31,2025-12-11,2025-12-11,2025-12-20,2025-12-20
USR_779D72EE,TRUE,740962.96,2025-11-11,2025-11-11,2025-11-20,2025-11-20
USR_779D72EE,TRUE,567870.38,2025-10-11,2025-10-11,2025-10-20,2025-10-20
USR_779D72EE,TRUE,114088.95,2025-09-11,2025-09-11,2025-09-20,2025-09-20
USR_779D72EE,TRUE,864427.82,2025-08-11,2025-08-11,2025-08-20,2025-08-20
USR_9CEF8935,TRUE,799420.58,2025-12-11,2025-12-11,2025-12-20,2025-12-20
USR_9CEF8935,TRUE,858994.72,2025-12-11,2025-12-11,2025-12-20,2025-12-20
USR_9CEF8935,TRUE,842532.28,2025-11-11,2025-11-11,2025-11-20,2025-11-20
USR_9CEF8935,TRUE,714310.04,2025-10-11,2025-10-11,2025-10-20,2025-10-20
USR_9CEF8935,TRUE,782204.48,2025-09-11,2025-09-11,2025-09-20,2025-09-20
USR_9CEF8935,TRUE,143073.57,2025-08-11,2025-08-11,2025-08-20,2025-08-20
USR_754DB9E7,TRUE,637576.45,2025-12-11,2025-12-11,2025-12-20,2025-12-20
USR_754DB9E7,TRUE,704544.39,2025-12-11,2025-12-11,2025-12-20,2025-12-20
USR_754DB9E7,TRUE,680731.18,2025-11-11,2025-11-11,2025-11-20,2025-11-20
USR_754DB9E7,TRUE,721790.97,2025-10-11,2025-10-11,2025-10-20,2025-10-20
USR_754DB9E7,TRUE,941458.33,2025-09-11,2025-09-11,2025-09-20,2025-09-20
USR_754DB9E7,TRUE,678511.64,2025-08-11,2025-08-11,2025-08-20,2025-08-20
USR_5CD6E605,FALSE,685241.25,2025-12-11,2025-12-25,2025-12-20,2026-01-14
USR_5CD6E605,FALSE,591018.03,2025-12-11,2026-01-08,2025-12-20,2026-01-04
USR_5CD6E605,FALSE,411423.67,2025-11-11,2025-12-08,2025-11-20,2025-12-20
USR_5CD6E605,FALSE,673808.07,2025-10-11,2025-11-03,2025-10-20,2025-11-09
USR_5CD6E605,FALSE,423535.6,2025-09-11,2025-09-12,2025-09-20,2025-09-21
USR_5CD6E605,FALSE,228415.65,2025-08-11,2025-08-14,2025-08-20,2025-08-25
USR_1967FDE0,TRUE,439710.91,2025-12-11,2025-12-11,2025-12-20,2025-12-20
USR_1967FDE0,TRUE,605339.11,2025-12-11,2025-12-11,2025-12-20,2025-12-20
USR_1967FDE0,TRUE,253068.49,2025-11-11,2025-11-11,2025-11-20,2025-11-20
USR_1967FDE0,TRUE,348794.42,2025-10-11,2025-10-11,2025-10-20,2025-10-20
USR_1967FDE0,TRUE,205648.09,2025-09-11,2025-09-11,2025-09-20,2025-09-20
USR_1967FDE0,TRUE,374601.1,2025-08-11,2025-08-11,2025-08-20,2025-08-20
USR_4311008C,TRUE,928994.85,2025-12-11,2025-12-11,2025-12-20,2025-12-20
USR_4311008C,TRUE,544539.8,2025-12-11,2025-12-11,2025-12-20,2025-12-20
USR_4311008C,TRUE,795575.3,2025-11-11,2025-11-11,2025-11-20,2025-11-20
USR_4311008C,TRUE,850648.3,2025-10-11,2025-10-11,2025-10-20,2025-10-20
USR_4311008C,TRUE,582212.9,2025-09-11,2025-09-11,2025-09-20,2025-09-20
USR_4311008C,TRUE,426017.42,2025-08-11,2025-08-11,2025-08-20,2025-08-20
USR_F1CB8F22,TRUE,246987.08,2025-12-11,2025-12-11,2025-12-20,2025-12-20
USR_F1CB8F22,TRUE,880125.51,2025-12-11,2025-12-11,2025-12-20,2025-12-20
USR_F1CB8F22,TRUE,127116.18,2025-11-11,2025-11-11,2025-11-20,2025-11-20
USR_F1CB8F22,TRUE,361660.39,2025-10-11,2025-10-11,2025-10-20,2025-10-20
USR_F1CB8F22,TRUE,289331.09,2025-09-11,2025-09-11,2025-09-20,2025-09-20
USR_F1CB8F22,TRUE,410633.94,2025-08-11,2025-08-11,2025-08-20,2025-08-20
USR_4512FA7F,TRUE,391645.28,2025-12-11,2025-12-11,2025-12-20,2025-12-20
USR_4512FA7F,TRUE,427666.67,2025-12-11,2025-12-11,2025-12-20,2025-12-20
USR_4512FA7F,TRUE,772370.1,2025-11-11,2025-11-11,2025-11-20,2025-11-20
USR_4512FA7F,TRUE,810792.26,2025-10-11,2025-10-11,2025-10-20,2025-10-20
USR_4512FA7F,TRUE,599236.95,2025-09-11,2025-09-11,2025-09-20,2025-09-20
USR_4512FA7F,TRUE,278620.25,2025-08-11,2025-08-11,2025-08-20,2025-08-20
USR_5FF174F4,TRUE,287347.62,2025-12-11,2025-12-11,2025-12-20,2025-12-20
USR_5FF174F4,TRUE,660126.55,2025-12-11,2025-12-11,2025-12-20,2025-12-20
USR_5FF174F4,TRUE,419698.95,2025-11-11,2025-11-11,2025-11-20,2025-11-20
USR_5FF174F4,TRUE,427161.36,2025-10-11,2025-10-11,2025-10-20,2025-10-20
USR_5FF174F4,TRUE,262605.57,2025-09-11,2025-09-11,2025-09-20,2025-09-20
USR_5FF174F4,TRUE,789779.53,2025-08-11,2025-08-11,2025-08-20,2025-08-20
USR_8B135737,TRUE,246190.0,2025-12-11,2025-12-11,2025-12-20,2025-12-20
USR_8B135737,TRUE,712359.38,2025-12-11,2025-12-11,2025-12-20,2025-12-20
USR_8B135737,TRUE,127670.14,2025-11-11,2025-11-11,2025-11-20,2025-11-20
USR_8B135737,TRUE,763876.55,2025-10-11,2025-10-11,2025-10-20,2025-10-20
USR_8B135737,TRUE,446589.57,2025-09-11,2025-09-11,2025-09-20,2025-09-20
USR_8B135737,TRUE,221433.24,2025-08-11,2025-08-11,2025-08-20,2025-08-20
USR_5AA64A02,TRUE,145596.11,2025-12-11,2025-12-11,2025-12-20,2025-12-20
USR_5AA64A02,TRUE,337172.54,2025-12-11,2025-12-11,2025-12-20,2025-12-20
USR_5AA64A02,TRUE,368281.14,2025-11-11,2025-11-11,2025-11-20,2025-11-20
USR_5AA64A02,TRUE,881977.41,2025-10-11,2025-10-11,2025-10-20,2025-10-20
USR_5AA64A02,TRUE,217760.4,2025-09-11,2025-09-11,2025-09-20,2025-09-20
USR_5AA64A02,TRUE,164975.43,2025-08-11,2025-08-11,2025-08-20,2025-08-20
USR_4D2D74B5,TRUE,874550.13,2025-12-11,2025-12-11,2025-12-20,2025-12-20
USR_4D2D74B5,TRUE,620057.48,2025-12-11,2025-12-11,2025-12-20,2025-12-20
USR_4D2D74B5,TRUE,370453.35,2025-11-11,2025-11-11,2025-11-20,2025-11-20
USR_4D2D74B5,TRUE,641906.85,2025-10-11,2025-10-11,2025-10-20,2025-10-20
USR_4D2D74B5,TRUE,500098.85,2025-09-11,2025-09-11,2025-09-20,2025-09-20
USR_4D2D74B5,TRUE,784914.64,2025-08-11,2025-08-11,2025-08-20,2025-08-20
USR_D942226C,FALSE,240892.48,2025-12-11,2025-12-28,2025-12-20,2025-12-27
USR_D942226C,FALSE,203356.35,2025-12-11,2026-01-06,2025-12-20,2026-01-04
USR_D942226C,FALSE,513037.12,2025-11-11,2025-12-10,2025-11-20,2025-12-08
USR_D942226C,FALSE,927708.59,2025-10-11,2025-10-21,2025-10-20,2025-11-06
USR_D942226C,FALSE,574496.66,2025-09-11,2025-09-16,2025-09-20,2025-09-21
USR_D942226C,FALSE,488092.32,2025-08-11,2025-08-19,2025-08-20,2025-09-19
USR_58215EE8,TRUE,618807.41,2025-12-11,2025-12-11,2025-12-20,2025-12-20
USR_58215EE8,TRUE,575906.61,2025-12-11,2025-12-11,2025-12-20,2025-12-20
USR_58215EE8,TRUE,735435.0,2025-11-11,2025-11-11,2025-11-20,2025-11-20
USR_58215EE8,TRUE,205594.01,2025-10-11,2025-10-11,2025-10-20,2025-10-20
USR_58215EE8,TRUE,332209.36,2025-09-11,2025-09-11,2025-09-20,2025-09-20
USR_58215EE8,TRUE,191688.9,2025-08-11,2025-08-11,2025-08-20,2025-08-20
USR_72CD92AB,FALSE,104294.28,2025-12-11,2026-01-05,2025-12-20,2026-01-12
USR_72CD92AB,FALSE,993189.53,2025-12-11,2026-01-10,2025-12-20,2026-01-11
USR_72CD92AB,FALSE,887228.89,2025-11-11,2025-12-05,2025-11-20,2025-12-14
USR_72CD92AB,FALSE,564636.96,2025-10-11,2025-11-10,2025-10-20,2025-11-01
USR_72CD92AB,FALSE,947846.06,2025-09-11,2025-09-27,2025-09-20,2025-09-23
USR_72CD92AB,FALSE,532674.63,2025-08-11,2025-08-22,2025-08-20,2025-08-21
USR_A8340FA5,TRUE,659578.99,2025-12-11,2025-12-11,2025-12-20,2025-12-20
USR_A8340FA5,TRUE,667595.34,2025-12-11,2025-12-11,2025-12-20,2025-12-20
USR_A8340FA5,TRUE,752860.4,2025-11-11,2025-11-11,2025-11-20,2025-11-20
USR_A8340FA5,TRUE,438713.34,2025-10-11,2025-10-11,2025-10-20,2025-10-20
USR_A8340FA5,TRUE,588300.28,2025-09-11,2025-09-11,2025-09-20,2025-09-20
USR_A8340FA5,TRUE,359138.66,2025-08-11,2025-08-11,2025-08-20,2025-08-20
USR_ACF8F156,TRUE,981766.58,2025-12-11,2025-12-11,2025-12-20,2025-12-20
USR_ACF8F156,TRUE,944928.94,2025-12-11,2025-12-11,2025-12-20,2025-12-20
USR_ACF8F156,TRUE,546877.07,2025-11-11,2025-11-11,2025-11-20,2025-11-20
USR_ACF8F156,TRUE,488302.65,2025-10-11,2025-10-11,2025-10-20,2025-10-20
USR_ACF8F156,TRUE,372758.97,2025-09-11,2025-09-11,2025-09-20,2025-09-20
USR_ACF8F156,TRUE,525664.22,2025-08-11,2025-08-11,2025-08-20,2025-08-20
USR_8709D372,FALSE,554905.75,2025-12-11,2026-01-09,2025-12-20,2026-01-18
USR_8709D372,FALSE,710469.05,2025-12-11,2025-12-27,2025-12-20,2025-12-31
USR_8709D372,FALSE,919412.93,2025-11-11,2025-12-05,2025-11-20,2025-12-15
USR_8709D372,FALSE,563261.31,2025-10-11,2025-10-23,2025-10-20,2025-10-30
USR_8709D372,FALSE,332271.4,2025-09-11,2025-09-27,2025-09-20,2025-09-23
USR_8709D372,FALSE,385224.8,2025-08-11,2025-08-19,2025-08-20,2025-09-10
USR_0ED4DE91,TRUE,694380.68,2025-12-11,2025-12-11,2025-12-20,2025-12-20
USR_0ED4DE91,TRUE,523505.14,2025-12-11,2025-12-11,2025-12-20,2025-12-20
USR_0ED4DE91,TRUE,912747.85,2025-11-11,2025-11-11,2025-11-20,2025-11-20
USR_0ED4DE91,TRUE,478237.35,2025-10-11,2025-10-11,2025-10-20,2025-10-20
USR_0ED4DE91,TRUE,221713.12,2025-09-11,2025-09-11,2025-09-20,2025-09-20
USR_0ED4DE91,TRUE,697746.42,2025-08-11,2025-08-11,2025-08-20,2025-08-20
USR_2B77247A,FALSE,185833.24,2025-12-11,2025-12-20,2025-12-20,2025-12-26
USR_2B77247A,FALSE,718633.89,2025-12-11,2026-01-08,2025-12-20,2025-12-25
USR_2B77247A,FALSE,334439.45,2025-11-11,2025-11-13,2025-11-20,2025-12-04
USR_2B77247A,FALSE,734608.14,2025-10-11,2025-11-03,2025-10-20,2025-10-31
USR_2B77247A,FALSE,882644.08,2025-09-11,2025-10-02,2025-09-20,2025-09-26
USR_2B77247A,FALSE,964702.56,2025-08-11,2025-09-09,2025-08-20,2025-09-11
USR_7D80D2F6,TRUE,979802.99,2025-12-11,2025-12-11,2025-12-20,2025-12-20
USR_7D80D2F6,TRUE,935845.12,2025-12-11,2025-12-11,2025-12-20,2025-12-20
USR_7D80D2F6,TRUE,837209.68,2025-11-11,2025-11-11,2025-11-20,2025-11-20
USR_7D80D2F6,TRUE,439824.92,2025-10-11,2025-10-11,2025-10-20,2025-10-20
USR_7D80D2F6,TRUE,151572.39,2025-09-11,2025-09-11,2025-09-20,2025-09-20
USR_7D80D2F6,TRUE,345293.81,2025-08-11,2025-08-11,2025-08-20,2025-08-20
USR_C7D17175,TRUE,762578.85,2025-12-11,2025-12-11,2025-12-20,2025-12-20
USR_C7D17175,TRUE,935555.89,2025-12-11,2025-12-11,2025-12-20,2025-12-20
USR_C7D17175,TRUE,863695.73,2025-11-11,2025-11-11,2025-11-20,2025-11-20
USR_C7D17175,TRUE,764820.2,2025-10-11,2025-10-11,2025-10-20,2025-10-20
USR_C7D17175,TRUE,345190.4,2025-09-11,2025-09-11,2025-09-20,2025-09-20
USR_C7D17175,TRUE,674067.05,2025-08-11,2025-08-11,2025-08-20,2025-08-20
USR_F8D76CF5,TRUE,925777.58,2025-12-11,2025-12-11,2025-12-20,2025-12-20
USR_F8D76CF5,TRUE,606400.99,2025-12-11,2025-12-11,2025-12-20,2025-12-20
USR_F8D76CF5,TRUE,374675.56,2025-11-11,2025-11-11,2025-11-20,2025-11-20
USR_F8D76CF5,TRUE,155760.93,2025-10-11,2025-10-11,2025-10-20,2025-10-20
USR_F8D76CF5,TRUE,904265.19,2025-09-11,2025-09-11,2025-09-20,2025-09-20
USR_F8D76CF5,TRUE,205125.29,2025-08-11,2025-08-11,2025-08-20,2025-08-20
USR_1AF45AAF,FALSE,844373.66,2025-12-11,2025-12-13,2025-12-20,2026-01-10
USR_1AF45AAF,FALSE,593118.81,2025-12-11,2025-12-29,2025-12-20,2026-01-17
USR_1AF45AAF,FALSE,845752.8,2025-11-11,2025-12-02,2025-11-20,2025-11-29
USR_1AF45AAF,FALSE,233441.79,2025-10-11,2025-11-02,2025-10-20,2025-10-25
USR_1AF45AAF,FALSE,523846.7,2025-09-11,2025-09-28,2025-09-20,2025-10-16
USR_1AF45AAF,FALSE,717623.79,2025-08-11,2025-09-07,2025-08-20,2025-09-15
USR_18928AD6,TRUE,590403.16,2025-12-11,2025-12-11,2025-12-20,2025-12-20
USR_18928AD6,TRUE,532236.72,2025-12-11,2025-12-11,2025-12-20,2025-12-20
USR_18928AD6,TRUE,350208.6,2025-11-11,2025-11-11,2025-11-20,2025-11-20
USR_18928AD6,TRUE,870163.75,2025-10-11,2025-10-11,2025-10-20,2025-10-20
USR_18928AD6,TRUE,244713.51,2025-09-11,2025-09-11,2025-09-20,2025-09-20
USR_18928AD6,TRUE,125729.45,2025-08-11,2025-08-11,2025-08-20,2025-08-20
USR_1C039212,FALSE,286972.4,2025-12-11,2026-01-09,2025-12-20,2026-01-19
USR_1C039212,FALSE,190824.96,2025-12-11,2025-12-25,2025-12-20,2026-01-07
USR_1C039212,FALSE,350666.78,2025-11-11,2025-11-13,2025-11-20,2025-11-26
USR_1C039212,FALSE,959485.08,2025-10-11,2025-11-03,2025-10-20,2025-11-13
USR_1C039212,FALSE,537466.17,2025-09-11,2025-09-16,2025-09-20,2025-10-02
USR_1C039212,FALSE,617922.38,2025-08-11,2025-09-03,2025-08-20,2025-09-05
USR_AB55C86D,TRUE,744652.5,2025-12-11,2025-12-11,2025-12-20,2025-12-20
USR_AB55C86D,TRUE,215082.14,2025-12-11,2025-12-11,2025-12-20,2025-12-20
USR_AB55C86D,TRUE,596711.14,2025-11-11,2025-11-11,2025-11-20,2025-11-20
USR_AB55C86D,TRUE,434355.64,2025-10-11,2025-10-11,2025-10-20,2025-10-20
USR_AB55C86D,TRUE,900440.9,2025-09-11,2025-09-11,2025-09-20,2025-09-20
USR_AB55C86D,TRUE,479566.11,2025-08-11,2025-08-11,2025-08-20,2025-08-20
USR_0A6ECCC3,TRUE,772926.62,2025-12-11,2025-12-11,2025-12-20,2025-12-20
USR_0A6ECCC3,TRUE,572306.91,2025-12-11,2025-12-11,2025-12-20,2025-12-20
USR_0A6ECCC3,TRUE,627146.77,2025-11-11,2025-11-11,2025-11-20,2025-11-20
USR_0A6ECCC3,TRUE,323931.45,2025-10-11,2025-10-11,2025-10-20,2025-10-20
USR_0A6ECCC3,TRUE,258092.54,2025-09-11,2025-09-11,2025-09-20,2025-09-20
USR_0A6ECCC3,TRUE,126661.72,2025-08-11,2025-08-11,2025-08-20,2025-08-20
USR_7EC55C95,TRUE,847386.05,2025-12-11,2025-12-11,2025-12-20,2025-12-20
USR_7EC55C95,TRUE,584896.53,2025-12-11,2025-12-11,2025-12-20,2025-12-20
USR_7EC55C95,TRUE,239051.19,2025-11-11,2025-11-11,2025-11-20,2025-11-20
USR_7EC55C95,TRUE,975849.71,2025-10-11,2025-10-11,2025-10-20,2025-10-20
USR_7EC55C95,TRUE,574590.13,2025-09-11,2025-09-11,2025-09-20,2025-09-20
USR_7EC55C95,TRUE,241262.64,2025-08-11,2025-08-11,2025-08-20,2025-08-20
USR_8A64CF3A,TRUE,382725.02,2025-12-11,2025-12-11,2025-12-20,2025-12-20
USR_8A64CF3A,TRUE,406155.91,2025-12-11,2025-12-11,2025-12-20,2025-12-20
USR_8A64CF3A,TRUE,577934.68,2025-11-11,2025-11-11,2025-11-20,2025-11-20
USR_8A64CF3A,TRUE,894130.41,2025-10-11,2025-10-11,2025-10-20,2025-10-20
USR_8A64CF3A,TRUE,934979.48,2025-09-11,2025-09-11,2025-09-20,2025-09-20
USR_8A64CF3A,TRUE,477665.82,2025-08-11,2025-08-11,2025-08-20,2025-08-20
USR_184A5DC9,TRUE,393625.27,2025-12-11,2025-12-11,2025-12-20,2025-12-20
USR_184A5DC9,TRUE,403954.51,2025-12-11,2025-12-11,2025-12-20,2025-12-20
USR_184A5DC9,TRUE,991606.53,2025-11-11,2025-11-11,2025-11-20,2025-11-20
USR_184A5DC9,TRUE,887182.98,2025-10-11,2025-10-11,2025-10-20,2025-10-20
USR_184A5DC9,TRUE,597921.01,2025-09-11,2025-09-11,2025-09-20,2025-09-20
USR_184A5DC9,TRUE,576501.98,2025-08-11,2025-08-11,2025-08-20,2025-08-20
USR_3A77F870,TRUE,557496.9,2025-12-11,2025-12-11,2025-12-20,2025-12-20
USR_3A77F870,TRUE,736198.29,2025-12-11,2025-12-11,2025-12-20,2025-12-20
USR_3A77F870,TRUE,533822.83,2025-11-11,2025-11-11,2025-11-20,2025-11-20
USR_3A77F870,TRUE,910892.13,2025-10-11,2025-10-11,2025-10-20,2025-10-20
USR_3A77F870,TRUE,832663.53,2025-09-11,2025-09-11,2025-09-20,2025-09-20
USR_3A77F870,TRUE,573673.89,2025-08-11,2025-08-11,2025-08-20,2025-08-20
USR_88DD0547,FALSE,643892.36,2025-12-11,2025-12-28,2025-12-20,2026-01-02
USR_88DD0547,FALSE,913404.88,2025-12-11,2025-12-27,2025-12-20,2025-12-29
USR_88DD0547,FALSE,348608.84,2025-11-11,2025-12-04,2025-11-20,2025-11-21
USR_88DD0547,FALSE,328074.88,2025-10-11,2025-10-28,2025-10-20,2025-11-01
USR_88DD0547,FALSE,891472.0,2025-09-11,2025-09-28,2025-09-20,2025-09-26
USR_88DD0547,FALSE,651139.58,2025-08-11,2025-08-14,2025-08-20,2025-09-17
USR_0A181BB9,TRUE,820227.3,2025-12-11,2025-12-11,2025-12-20,2025-12-20
USR_0A181BB9,TRUE,548628.78,2025-12-11,2025-12-11,2025-12-20,2025-12-20
USR_0A181BB9,TRUE,328223.09,2025-11-11,2025-11-11,2025-11-20,2025-11-20
USR_0A181BB9,TRUE,213569.41,2025-10-11,2025-10-11,2025-10-20,2025-10-20
USR_0A181BB9,TRUE,636032.05,2025-09-11,2025-09-11,2025-09-20,2025-09-20
USR_0A181BB9,TRUE,521338.85,2025-08-11,2025-08-11,2025-08-20,2025-08-20
USR_0FC1C03C,TRUE,572022.54,2025-12-11,2025-12-11,2025-12-20,2025-12-20
USR_0FC1C03C,TRUE,186428.42,2025-12-11,2025-12-11,2025-12-20,2025-12-20
USR_0FC1C03C,TRUE,224283.61,2025-11-11,2025-11-11,2025-11-20,2025-11-20
USR_0FC1C03C,TRUE,597186.47,2025-10-11,2025-10-11,2025-10-20,2025-10-20
USR_0FC1C03C,TRUE,702230.35,2025-09-11,2025-09-11,2025-09-20,2025-09-20
USR_0FC1C03C,TRUE,395426.12,2025-08-11,2025-08-11,2025-08-20,2025-08-20
USR_5D7DA687,TRUE,883735.07,2025-12-11,2025-12-11,2025-12-20,2025-12-20
USR_5D7DA687,TRUE,119465.94,2025-12-11,2025-12-11,2025-12-20,2025-12-20
USR_5D7DA687,TRUE,140126.37,2025-11-11,2025-11-11,2025-11-20,2025-11-20
USR_5D7DA687,TRUE,759523.89,2025-10-11,2025-10-11,2025-10-20,2025-10-20
USR_5D7DA687,TRUE,245990.99,2025-09-11,2025-09-11,2025-09-20,2025-09-20
USR_5D7DA687,TRUE,677135.84,2025-08-11,2025-08-11,2025-08-20,2025-08-20
USR_F108E0FB,FALSE,206218.7,2025-12-11,2026-01-02,2025-12-20,2026-01-16
USR_F108E0FB,FALSE,207795.17,2025-12-11,2025-12-12,2025-12-20,2026-01-10
USR_F108E0FB,FALSE,727373.37,2025-11-11,2025-11-28,2025-11-20,2025-12-04
USR_F108E0FB,FALSE,346342.6,2025-10-11,2025-11-09,2025-10-20,2025-10-30
USR_F108E0FB,FALSE,806382.24,2025-09-11,2025-10-06,2025-09-20,2025-10-10
USR_F108E0FB,FALSE,433536.61,2025-08-11,2025-09-09,2025-08-20,2025-08-31
USR_FDC92046,FALSE,508247.67,2025-12-11,2025-12-24,2025-12-20,2026-01-18
USR_FDC92046,FALSE,947091.11,2025-12-11,2025-12-26,2025-12-20,2025-12-27
USR_FDC92046,FALSE,578624.28,2025-11-11,2025-11-22,2025-11-20,2025-12-10
USR_FDC92046,FALSE,385065.91,2025-10-11,2025-10-18,2025-10-20,2025-10-28
USR_FDC92046,FALSE,224098.06,2025-09-11,2025-09-22,2025-09-20,2025-10-18
USR_FDC92046,FALSE,383228.52,2025-08-11,2025-09-05,2025-08-20,2025-08-22
USR_45FEB20D,TRUE,901481.01,2025-12-11,2025-12-11,2025-12-20,2025-12-20
USR_45FEB20D,TRUE,505270.4,2025-12-11,2025-12-11,2025-12-20,2025-12-20
USR_45FEB20D,TRUE,664764.23,2025-11-11,2025-11-11,2025-11-20,2025-11-20
USR_45FEB20D,TRUE,361614.26,2025-10-11,2025-10-11,2025-10-20,2025-10-20
USR_45FEB20D,TRUE,293559.58,2025-09-11,2025-09-11,2025-09-20,2025-09-20
USR_45FEB20D,TRUE,850131.78,2025-08-11,2025-08-11,2025-08-20,2025-08-20
USR_B9BEED9B,TRUE,164990.37,2025-12-11,2025-12-11,2025-12-20,2025-12-20
USR_B9BEED9B,TRUE,847456.37,2025-12-11,2025-12-11,2025-12-20,2025-12-20
USR_B9BEED9B,TRUE,977881.84,2025-11-11,2025-11-11,2025-11-20,2025-11-20
USR_B9BEED9B,TRUE,250337.51,2025-10-11,2025-10-11,2025-10-20,2025-10-20
USR_B9BEED9B,TRUE,406542.57,2025-09-11,2025-09-11,2025-09-20,2025-09-20
USR_B9BEED9B,TRUE,548468.24,2025-08-11,2025-08-11,2025-08-20,2025-08-20
USR_B4FD2CE0,TRUE,946807.65,2025-12-11,2025-12-11,2025-12-20,2025-12-20
USR_B4FD2CE0,TRUE,648808.79,2025-12-11,2025-12-11,2025-12-20,2025-12-20
USR_B4FD2CE0,TRUE,853113.34,2025-11-11,2025-11-11,2025-11-20,2025-11-20
USR_B4FD2CE0,TRUE,627560.83,2025-10-11,2025-10-11,2025-10-20,2025-10-20
USR_B4FD2CE0,TRUE,566578.62,2025-09-11,2025-09-11,2025-09-20,2025-09-20
USR_B4FD2CE0,TRUE,924001.65,2025-08-11,2025-08-11,2025-08-20,2025-08-20
USR_6A70B88F,TRUE,698125.3,2025-12-11,2025-12-11,2025-12-20,2025-12-20
USR_6A70B88F,TRUE,386550.03,2025-12-11,2025-12-11,2025-12-20,2025-12-20
USR_6A70B88F,TRUE,889508.9,2025-11-11,2025-11-11,2025-11-20,2025-11-20
USR_6A70B88F,TRUE,344398.69,2025-10-11,2025-10-11,2025-10-20,2025-10-20
USR_6A70B88F,TRUE,979400.58,2025-09-11,2025-09-11,2025-09-20,2025-09-20
USR_6A70B88F,TRUE,676697.29,2025-08-11,2025-08-11,2025-08-20,2025-08-20
USR_575C3689,TRUE,907670.75,2025-12-11,2025-12-11,2025-12-20,2025-12-20
USR_575C3689,TRUE,920826.58,2025-12-11,2025-12-11,2025-12-20,2025-12-20
USR_575C3689,TRUE,328560.07,2025-11-11,2025-11-11,2025-11-20,2025-11-20
USR_575C3689,TRUE,523041.51,2025-10-11,2025-10-11,2025-10-20,2025-10-20
USR_575C3689,TRUE,991889.32,2025-09-11,2025-09-11,2025-09-20,2025-09-20
USR_575C3689,TRUE,196657.62,2025-08-11,2025-08-11,2025-08-20,2025-08-20
USR_E9DEFE00,TRUE,183782.29,2025-12-11,2025-12-11,2025-12-20,2025-12-20
USR_E9DEFE00,TRUE,521473.77,2025-12-11,2025-12-11,2025-12-20,2025-12-20
USR_E9DEFE00,TRUE,321023.89,2025-11-11,2025-11-11,2025-11-20,2025-11-20
USR_E9DEFE00,TRUE,473809.45,2025-10-11,2025-10-11,2025-10-20,2025-10-20
USR_E9DEFE00,TRUE,259277.3,2025-09-11,2025-09-11,2025-09-20,2025-09-20
USR_E9DEFE00,TRUE,590529.46,2025-08-11,2025-08-11,2025-08-20,2025-08-20
USR_02D365F8,TRUE,509070.87,2025-12-11,2025-12-11,2025-12-20,2025-12-20
USR_02D365F8,TRUE,624054.19,2025-12-11,2025-12-11,2025-12-20,2025-12-20
USR_02D365F8,TRUE,377520.1,2025-11-11,2025-11-11,2025-11-20,2025-11-20
USR_02D365F8,TRUE,765241.34,2025-10-11,2025-10-11,2025-10-20,2025-10-20
USR_02D365F8,TRUE,998159.97,2025-09-11,2025-09-11,2025-09-20,2025-09-20
USR_02D365F8,TRUE,236158.75,2025-08-11,2025-08-11,2025-08-20,2025-08-20
USR_D28F71C7,TRUE,960092.33,2025-12-11,2025-12-11,2025-12-20,2025-12-20
USR_D28F71C7,TRUE,919323.61,2025-12-11,2025-12-11,2025-12-20,2025-12-20
USR_D28F71C7,TRUE,668126.21,2025-11-11,2025-11-11,2025-11-20,2025-11-20
USR_D28F71C7,TRUE,826631.53,2025-10-11,2025-10-11,2025-10-20,2025-10-20
USR_D28F71C7,TRUE,285331.24,2025-09-11,2025-09-11,2025-09-20,2025-09-20
USR_D28F71C7,TRUE,449707.21,2025-08-11,2025-08-11,2025-08-20,2025-08-20
USR_60D021C8,TRUE,699245.69,2025-12-11,2025-12-11,2025-12-20,2025-12-20
USR_60D021C8,TRUE,846835.18,2025-12-11,2025-12-11,2025-12-20,2025-12-20
USR_60D021C8,TRUE,572965.99,2025-11-11,2025-11-11,2025-11-20,2025-11-20
USR_60D021C8,TRUE,316251.7,2025-10-11,2025-10-11,2025-10-20,2025-10-20
USR_60D021C8,TRUE,716794.14,2025-09-11,2025-09-11,2025-09-20,2025-09-20
USR_60D021C8,TRUE,332207.7,2025-08-11,2025-08-11,2025-08-20,2025-08-20
USR_7153DD3A,TRUE,148535.72,2025-12-11,2025-12-11,2025-12-20,2025-12-20
USR_7153DD3A,TRUE,213744.86,2025-12-11,2025-12-11,2025-12-20,2025-12-20
USR_7153DD3A,TRUE,568711.27,2025-11-11,2025-11-11,2025-11-20,2025-11-20
USR_7153DD3A,TRUE,815847.48,2025-10-11,2025-10-11,2025-10-20,2025-10-20
USR_7153DD3A,TRUE,196677.61,2025-09-11,2025-09-11,2025-09-20,2025-09-20
USR_7153DD3A,TRUE,633028.69,2025-08-11,2025-08-11,2025-08-20,2025-08-20
USR_1F694DEB,TRUE,994202.0,2025-12-11,2025-12-11,2025-12-20,2025-12-20
USR_1F694DEB,TRUE,856378.58,2025-12-11,2025-12-11,2025-12-20,2025-12-20
USR_1F694DEB,TRUE,422949.39,2025-11-11,2025-11-11,2025-11-20,2025-11-20
USR_1F694DEB,TRUE,603192.9,2025-10-11,2025-10-11,2025-10-20,2025-10-20
USR_1F694DEB,TRUE,753775.34,2025-09-11,2025-09-11,2025-09-20,2025-09-20
USR_1F694DEB,TRUE,102367.71,2025-08-11,2025-08-11,2025-08-20,2025-08-20
USR_1592F854,TRUE,505153.77,2025-12-11,2025-12-11,2025-12-20,2025-12-20
USR_1592F854,TRUE,351080.41,2025-12-11,2025-12-11,2025-12-20,2025-12-20
USR_1592F854,TRUE,190684.76,2025-11-11,2025-11-11,2025-11-20,2025-11-20
USR_1592F854,TRUE,159116.55,2025-10-11,2025-10-11,2025-10-20,2025-10-20
USR_1592F854,TRUE,654587.39,2025-09-11,2025-09-11,2025-09-20,2025-09-20
USR_1592F854,TRUE,456310.24,2025-08-11,2025-08-11,2025-08-20,2025-08-20
USR_A120F232,TRUE,712121.32,2025-12-11,2025-12-11,2025-12-20,2025-12-20
USR_A120F232,TRUE,426163.88,2025-12-11,2025-12-11,2025-12-20,2025-12-20
USR_A120F232,TRUE,809028.07,2025-11-11,2025-11-11,2025-11-20,2025-11-20
USR_A120F232,TRUE,703508.33,2025-10-11,2025-10-11,2025-10-20,2025-10-20
USR_A120F232,TRUE,864889.56,2025-09-11,2025-09-11,2025-09-20,2025-09-20
USR_A120F232,TRUE,712773.25,2025-08-11,2025-08-11,2025-08-20,2025-08-20
USR_475407B6,TRUE,546150.46,2025-12-11,2025-12-11,2025-12-20,2025-12-20
USR_475407B6,TRUE,382580.7,2025-12-11,2025-12-11,2025-12-20,2025-12-20
USR_475407B6,TRUE,386219.25,2025-11-11,2025-11-11,2025-11-20,2025-11-20
USR_475407B6,TRUE,748184.34,2025-10-11,2025-10-11,2025-10-20,2025-10-20
USR_475407B6,TRUE,374973.24,2025-09-11,2025-09-11,2025-09-20,2025-09-20
USR_475407B6,TRUE,512634.03,2025-08-11,2025-08-11,2025-08-20,2025-08-20
USR_2BC0DB3B,FALSE,549257.06,2025-12-11,2026-01-10,2025-12-20,2025-12-25
USR_2BC0DB3B,FALSE,681127.97,2025-12-11,2025-12-24,2025-12-20,2026-01-19
USR_2BC0DB3B,FALSE,686181.53,2025-11-11,2025-11-20,2025-11-20,2025-11-23
USR_2BC0DB3B,FALSE,966907.56,2025-10-11,2025-10-21,2025-10-20,2025-11-13
USR_2BC0DB3B,FALSE,170705.23,2025-09-11,2025-09-18,2025-09-20,2025-10-17
USR_2BC0DB3B,FALSE,420214.84,2025-08-11,2025-09-09,2025-08-20,2025-09-05
USR_2127713F,TRUE,995991.21,2025-12-11,2025-12-11,2025-12-20,2025-12-20
USR_2127713F,TRUE,743491.79,2025-12-11,2025-12-11,2025-12-20,2025-12-20
USR_2127713F,TRUE,878913.87,2025-11-11,2025-11-11,2025-11-20,2025-11-20
USR_2127713F,TRUE,729686.9,2025-10-11,2025-10-11,2025-10-20,2025-10-20
USR_2127713F,TRUE,567009.41,2025-09-11,2025-09-11,2025-09-20,2025-09-20
USR_2127713F,TRUE,909894.24,2025-08-11,2025-08-11,2025-08-20,2025-08-20
USR_3FF80050,TRUE,998628.16,2025-12-11,2025-12-11,2025-12-20,2025-12-20
USR_3FF80050,TRUE,910644.1,2025-12-11,2025-12-11,2025-12-20,2025-12-20
USR_3FF80050,TRUE,191128.86,2025-11-11,2025-11-11,2025-11-20,2025-11-20
USR_3FF80050,TRUE,274892.61,2025-10-11,2025-10-11,2025-10-20,2025-10-20
USR_3FF80050,TRUE,592290.92,2025-09-11,2025-09-11,2025-09-20,2025-09-20
USR_3FF80050,TRUE,575424.56,2025-08-11,2025-08-11,2025-08-20,2025-08-20
USR_C7D97849,FALSE,279957.26,2025-12-11,2025-12-19,2025-12-20,2026-01-11
USR_C7D97849,FALSE,687708.29,2025-12-11,2026-01-09,2025-12-20,2026-01-15
USR_C7D97849,FALSE,862503.56,2025-11-11,2025-12-05,2025-11-20,2025-11-30
USR_C7D97849,FALSE,810201.62,2025-10-11,2025-11-07,2025-10-20,2025-11-15
USR_C7D97849,FALSE,146212.02,2025-09-11,2025-09-23,2025-09-20,2025-10-06
USR_C7D97849,FALSE,212725.76,2025-08-11,2025-08-21,2025-08-20,2025-08-30
USR_0705E4D0,TRUE,800405.43,2025-12-11,2025-12-11,2025-12-20,2025-12-20
USR_0705E4D0,TRUE,180403.48,2025-12-11,2025-12-11,2025-12-20,2025-12-20
USR_0705E4D0,TRUE,353991.41,2025-11-11,2025-11-11,2025-11-20,2025-11-20
USR_0705E4D0,TRUE,156600.66,2025-10-11,2025-10-11,2025-10-20,2025-10-20
USR_0705E4D0,TRUE,778810.27,2025-09-11,2025-09-11,2025-09-20,2025-09-20
USR_0705E4D0,TRUE,647579.44,2025-08-11,2025-08-11,2025-08-20,2025-08-20
USR_22C55F14,TRUE,224809.53,2025-12-11,2025-12-11,2025-12-20,2025-12-20
USR_22C55F14,TRUE,641129.84,2025-12-11,2025-12-11,2025-12-20,2025-12-20
USR_22C55F14,TRUE,877573.98,2025-11-11,2025-11-11,2025-11-20,2025-11-20
USR_22C55F14,TRUE,862093.25,2025-10-11,2025-10-11,2025-10-20,2025-10-20
USR_22C55F14,TRUE,452217.27,2025-09-11,2025-09-11,2025-09-20,2025-09-20
USR_22C55F14,TRUE,641939.84,2025-08-11,2025-08-11,2025-08-20,2025-08-20
USR_B3CE39DC,TRUE,586832.49,2025-12-11,2025-12-11,2025-12-20,2025-12-20
USR_B3CE39DC,TRUE,904852.73,2025-12-11,2025-12-11,2025-12-20,2025-12-20
USR_B3CE39DC,TRUE,958345.5,2025-11-11,2025-11-11,2025-11-20,2025-11-20
USR_B3CE39DC,TRUE,264571.74,2025-10-11,2025-10-11,2025-10-20,2025-10-20
USR_B3CE39DC,TRUE,133912.24,2025-09-11,2025-09-11,2025-09-20,2025-09-20
USR_B3CE39DC,TRUE,616922.31,2025-08-11,2025-08-11,2025-08-20,2025-08-20
USR_D2795A3C,TRUE,121665.01,2025-12-11,2025-12-11,2025-12-20,2025-12-20
USR_D2795A3C,TRUE,234465.57,2025-12-11,2025-12-11,2025-12-20,2025-12-20
USR_D2795A3C,TRUE,844555.51,2025-11-11,2025-11-11,2025-11-20,2025-11-20
USR_D2795A3C,TRUE,797286.41,2025-10-11,2025-10-11,2025-10-20,2025-10-20
USR_D2795A3C,TRUE,239593.91,2025-09-11,2025-09-11,2025-09-20,2025-09-20
USR_D2795A3C,TRUE,115984.22,2025-08-11,2025-08-11,2025-08-20,2025-08-20
USR_FC208BB3,TRUE,186697.14,2025-12-11,2025-12-11,2025-12-20,2025-12-20
USR_FC208BB3,TRUE,430524.35,2025-12-11,2025-12-11,2025-12-20,2025-12-20
USR_FC208BB3,TRUE,416321.51,2025-11-11,2025-11-11,2025-11-20,2025-11-20
USR_FC208BB3,TRUE,516200.8,2025-10-11,2025-10-11,2025-10-20,2025-10-20
USR_FC208BB3,TRUE,670624.3,2025-09-11,2025-09-11,2025-09-20,2025-09-20
USR_FC208BB3,TRUE,804755.6,2025-08-11,2025-08-11,2025-08-20,2025-08-20
USR_FB46F937,TRUE,866351.15,2025-12-11,2025-12-11,2025-12-20,2025-12-20
USR_FB46F937,TRUE,830463.59,2025-12-11,2025-12-11,2025-12-20,2025-12-20
USR_FB46F937,TRUE,596945.02,2025-11-11,2025-11-11,2025-11-20,2025-11-20
USR_FB46F937,TRUE,255550.86,2025-10-11,2025-10-11,2025-10-20,2025-10-20
USR_FB46F937,TRUE,552326.77,2025-09-11,2025-09-11,2025-09-20,2025-09-20
USR_FB46F937,TRUE,194143.56,2025-08-11,2025-08-11,2025-08-20,2025-08-20
USR_1FFE91B3,TRUE,643585.04,2025-12-11,2025-12-11,2025-12-20,2025-12-20
USR_1FFE91B3,TRUE,190923.52,2025-12-11,2025-12-11,2025-12-20,2025-12-20
USR_1FFE91B3,TRUE,765983.57,2025-11-11,2025-11-11,2025-11-20,2025-11-20
USR_1FFE91B3,TRUE,663905.1,2025-10-11,2025-10-11,2025-10-20,2025-10-20
USR_1FFE91B3,TRUE,724206.11,2025-09-11,2025-09-11,2025-09-20,2025-09-20
USR_1FFE91B3,TRUE,250103.64,2025-08-11,2025-08-11,2025-08-20,2025-08-20
USR_E55B6275,FALSE,237913.36,2025-12-11,2025-12-30,2025-12-20,2025-12-26
USR_E55B6275,FALSE,354423.2,2025-12-11,2025-12-20,2025-12-20,2026-01-13
USR_E55B6275,FALSE,289866.67,2025-11-11,2025-12-07,2025-11-20,2025-12-13
USR_E55B6275,FALSE,692357.17,2025-10-11,2025-10-18,2025-10-20,2025-10-30
USR_E55B6275,FALSE,114095.33,2025-09-11,2025-09-12,2025-09-20,2025-10-03
USR_E55B6275,FALSE,800403.3,2025-08-11,2025-09-02,2025-08-20,2025-08-22
USR_72D3B18E,FALSE,242831.96,2025-12-11,2025-12-12,2025-12-20,2026-01-14
USR_72D3B18E,FALSE,520862.07,2025-12-11,2025-12-23,2025-12-20,2026-01-19
USR_72D3B18E,FALSE,283847.6,2025-11-11,2025-12-04,2025-11-20,2025-12-02
USR_72D3B18E,FALSE,936600.32,2025-10-11,2025-11-05,2025-10-20,2025-11-09
USR_72D3B18E,FALSE,998421.11,2025-09-11,2025-10-09,2025-09-20,2025-09-27
USR_72D3B18E,FALSE,950031.75,2025-08-11,2025-08-12,2025-08-20,2025-08-25
USR_DBD11681,TRUE,992578.69,2025-12-11,2025-12-11,2025-12-20,2025-12-20
USR_DBD11681,TRUE,230172.79,2025-12-11,2025-12-11,2025-12-20,2025-12-20
USR_DBD11681,TRUE,502708.66,2025-11-11,2025-11-11,2025-11-20,2025-11-20
USR_DBD11681,TRUE,504587.87,2025-10-11,2025-10-11,2025-10-20,2025-10-20
USR_DBD11681,TRUE,492002.22,2025-09-11,2025-09-11,2025-09-20,2025-09-20
USR_DBD11681,TRUE,830824.72,2025-08-11,2025-08-11,2025-08-20,2025-08-20
USR_D21B68C7,FALSE,956677.35,2025-12-11,2025-12-14,2025-12-20,2025-12-28
USR_D21B68C7,FALSE,365958.26,2025-12-11,2025-12-13,2025-12-20,2025-12-28
USR_D21B68C7,FALSE,228377.77,2025-11-11,2025-11-17,2025-11-20,2025-12-19
USR_D21B68C7,FALSE,355886.48,2025-10-11,2025-10-29,2025-10-20,2025-11-02
USR_D21B68C7,FALSE,704659.44,2025-09-11,2025-09-25,2025-09-20,2025-09-28
USR_D21B68C7,FALSE,349451.9,2025-08-11,2025-09-10,2025-08-20,2025-09-06
USR_93817DBB,TRUE,200118.9,2025-12-11,2025-12-11,2025-12-20,2025-12-20
USR_93817DBB,TRUE,903288.56,2025-12-11,2025-12-11,2025-12-20,2025-12-20
USR_93817DBB,TRUE,506391.03,2025-11-11,2025-11-11,2025-11-20,2025-11-20
USR_93817DBB,TRUE,310136.23,2025-10-11,2025-10-11,2025-10-20,2025-10-20
USR_93817DBB,TRUE,416434.19,2025-09-11,2025-09-11,2025-09-20,2025-09-20
USR_93817DBB,TRUE,512223.92,2025-08-11,2025-08-11,2025-08-20,2025-08-20
USR_870BDBCB,FALSE,993164.5,2025-12-11,2025-12-30,2025-12-20,2026-01-18
USR_870BDBCB,FALSE,379686.42,2025-12-11,2026-01-07,2025-12-20,2025-12-30
USR_870BDBCB,FALSE,897299.07,2025-11-11,2025-11-15,2025-11-20,2025-11-28
USR_870BDBCB,FALSE,147229.46,2025-10-11,2025-10-31,2025-10-20,2025-11-18
USR_870BDBCB,FALSE,923324.14,2025-09-11,2025-09-24,2025-09-20,2025-09-24
USR_870BDBCB,FALSE,243071.4,2025-08-11,2025-08-28,2025-08-20,2025-09-03
USR_0B6F609A,TRUE,695688.38,2025-12-11,2025-12-11,2025-12-20,2025-12-20
USR_0B6F609A,TRUE,747601.44,2025-12-11,2025-12-11,2025-12-20,2025-12-20
USR_0B6F609A,TRUE,387317.32,2025-11-11,2025-11-11,2025-11-20,2025-11-20
USR_0B6F609A,TRUE,587039.35,2025-10-11,2025-10-11,2025-10-20,2025-10-20
USR_0B6F609A,TRUE,508122.36,2025-09-11,2025-09-11,2025-09-20,2025-09-20
USR_0B6F609A,TRUE,216945.64,2025-08-11,2025-08-11,2025-08-20,2025-08-20
USR_71CBB171,TRUE,483909.0,2025-12-11,2025-12-11,2025-12-20,2025-12-20
USR_71CBB171,TRUE,753334.56,2025-12-11,2025-12-11,2025-12-20,2025-12-20
USR_71CBB171,TRUE,479679.89,2025-11-11,2025-11-11,2025-11-20,2025-11-20
USR_71CBB171,TRUE,620993.96,2025-10-11,2025-10-11,2025-10-20,2025-10-20
USR_71CBB171,TRUE,330303.28,2025-09-11,2025-09-11,2025-09-20,2025-09-20
USR_71CBB171,TRUE,352746.65,2025-08-11,2025-08-11,2025-08-20,2025-08-20
USR_2677FE02,TRUE,356634.32,2025-12-11,2025-12-11,2025-12-20,2025-12-20
USR_2677FE02,TRUE,246248.33,2025-12-11,2025-12-11,2025-12-20,2025-12-20
USR_2677FE02,TRUE,627560.16,2025-11-11,2025-11-11,2025-11-20,2025-11-20
USR_2677FE02,TRUE,305854.01,2025-10-11,2025-10-11,2025-10-20,2025-10-20
USR_2677FE02,TRUE,758051.15,2025-09-11,2025-09-11,2025-09-20,2025-09-20
USR_2677FE02,TRUE,647138.85,2025-08-11,2025-08-11,2025-08-20,2025-08-20
USR_9C8F80B8,TRUE,401388.74,2025-12-11,2025-12-11,2025-12-20,2025-12-20
USR_9C8F80B8,TRUE,913708.05,2025-12-11,2025-12-11,2025-12-20,2025-12-20
USR_9C8F80B8,TRUE,285603.99,2025-11-11,2025-11-11,2025-11-20,2025-11-20
USR_9C8F80B8,TRUE,880099.03,2025-10-11,2025-10-11,2025-10-20,2025-10-20
USR_9C8F80B8,TRUE,564480.53,2025-09-11,2025-09-11,2025-09-20,2025-09-20
USR_9C8F80B8,TRUE,964172.83,2025-08-11,2025-08-11,2025-08-20,2025-08-20
USR_405A5F5A,TRUE,234646.26,2025-12-11,2025-12-11,2025-12-20,2025-12-20
USR_405A5F5A,TRUE,392271.81,2025-12-11,2025-12-11,2025-12-20,2025-12-20
USR_405A5F5A,TRUE,595016.87,2025-11-11,2025-11-11,2025-11-20,2025-11-20
USR_405A5F5A,TRUE,199974.4,2025-10-11,2025-10-11,2025-10-20,2025-10-20
USR_405A5F5A,TRUE,566822.95,2025-09-11,2025-09-11,2025-09-20,2025-09-20
USR_405A5F5A,TRUE,346060.51,2025-08-11,2025-08-11,2025-08-20,2025-08-20
USR_6936175E,TRUE,129621.9,2025-12-11,2025-12-11,2025-12-20,2025-12-20
USR_6936175E,TRUE,228099.57,2025-12-11,2025-12-11,2025-12-20,2025-12-20
USR_6936175E,TRUE,914040.69,2025-11-11,2025-11-11,2025-11-20,2025-11-20
USR_6936175E,TRUE,368793.37,2025-10-11,2025-10-11,2025-10-20,2025-10-20
USR_6936175E,TRUE,745794.24,2025-09-11,2025-09-11,2025-09-20,2025-09-20
USR_6936175E,TRUE,355162.29,2025-08-11,2025-08-11,2025-08-20,2025-08-20
USR_17BF9E30,TRUE,363479.3,2025-12-11,2025-12-11,2025-12-20,2025-12-20
USR_17BF9E30,TRUE,988731.04,2025-12-11,2025-12-11,2025-12-20,2025-12-20
USR_17BF9E30,TRUE,645756.28,2025-11-11,2025-11-11,2025-11-20,2025-11-20
USR_17BF9E30,TRUE,182940.69,2025-10-11,2025-10-11,2025-10-20,2025-10-20
USR_17BF9E30,TRUE,471655.9,2025-09-11,2025-09-11,2025-09-20,2025-09-20
USR_17BF9E30,TRUE,210188.86,2025-08-11,2025-08-11,2025-08-20,2025-08-20
USR_6CF67EBB,TRUE,770262.61,2025-12-11,2025-12-11,2025-12-20,2025-12-20
USR_6CF67EBB,TRUE,355018.47,2025-12-11,2025-12-11,2025-12-20,2025-12-20
USR_6CF67EBB,TRUE,819653.8,2025-11-11,2025-11-11,2025-11-20,2025-11-20
USR_6CF67EBB,TRUE,446444.51,2025-10-11,2025-10-11,2025-10-20,2025-10-20
USR_6CF67EBB,TRUE,231190.91,2025-09-11,2025-09-11,2025-09-20,2025-09-20
USR_6CF67EBB,TRUE,820570.36,2025-08-11,2025-08-11,2025-08-20,2025-08-20
USR_D6071672,TRUE,789885.94,2025-12-11,2025-12-11,2025-12-20,2025-12-20
USR_D6071672,TRUE,238742.39,2025-12-11,2025-12-11,2025-12-20,2025-12-20
USR_D6071672,TRUE,552109.9,2025-11-11,2025-11-11,2025-11-20,2025-11-20
USR_D6071672,TRUE,242323.4,2025-10-11,2025-10-11,2025-10-20,2025-10-20
USR_D6071672,TRUE,731385.2,2025-09-11,2025-09-11,2025-09-20,2025-09-20
USR_D6071672,TRUE,455948.5,2025-08-11,2025-08-11,2025-08-20,2025-08-20
USR_06713AB5,FALSE,805095.06,2025-12-11,2025-12-16,2025-12-20,2026-01-07
USR_06713AB5,FALSE,156449.01,2025-12-11,2025-12-22,2025-12-20,2025-12-29
USR_06713AB5,FALSE,525554.28,2025-11-11,2025-12-05,2025-11-20,2025-12-10
USR_06713AB5,FALSE,449321.38,2025-10-11,2025-10-31,2025-10-20,2025-10-31
USR_06713AB5,FALSE,505740.68,2025-09-11,2025-09-15,2025-09-20,2025-10-11
USR_06713AB5,FALSE,916433.91,2025-08-11,2025-08-13,2025-08-20,2025-08-23
USR_AE927BD0,TRUE,602028.34,2025-12-11,2025-12-11,2025-12-20,2025-12-20
USR_AE927BD0,TRUE,242020.5,2025-12-11,2025-12-11,2025-12-20,2025-12-20
USR_AE927BD0,TRUE,334778.99,2025-11-11,2025-11-11,2025-11-20,2025-11-20
USR_AE927BD0,TRUE,175568.63,2025-10-11,2025-10-11,2025-10-20,2025-10-20
USR_AE927BD0,TRUE,546548.23,2025-09-11,2025-09-11,2025-09-20,2025-09-20
USR_AE927BD0,TRUE,194192.97,2025-08-11,2025-08-11,2025-08-20,2025-08-20
USR_0CBC3348,TRUE,151624.49,2025-12-11,2025-12-11,2025-12-20,2025-12-20
USR_0CBC3348,TRUE,416325.76,2025-12-11,2025-12-11,2025-12-20,2025-12-20
USR_0CBC3348,TRUE,439978.34,2025-11-11,2025-11-11,2025-11-20,2025-11-20
USR_0CBC3348,TRUE,858184.95,2025-10-11,2025-10-11,2025-10-20,2025-10-20
USR_0CBC3348,TRUE,374606.01,2025-09-11,2025-09-11,2025-09-20,2025-09-20
USR_0CBC3348,TRUE,520628.57,2025-08-11,2025-08-11,2025-08-20,2025-08-20
USR_2C89205B,TRUE,594607.85,2025-12-11,2025-12-11,2025-12-20,2025-12-20
USR_2C89205B,TRUE,218899.68,2025-12-11,2025-12-11,2025-12-20,2025-12-20
USR_2C89205B,TRUE,747070.5,2025-11-11,2025-11-11,2025-11-20,2025-11-20
USR_2C89205B,TRUE,739627.69,2025-10-11,2025-10-11,2025-10-20,2025-10-20
USR_2C89205B,TRUE,505989.32,2025-09-11,2025-09-11,2025-09-20,2025-09-20
USR_2C89205B,TRUE,333529.54,2025-08-11,2025-08-11,2025-08-20,2025-08-20
USR_228FEE3E,TRUE,242397.6,2025-12-11,2025-12-11,2025-12-20,2025-12-20
USR_228FEE3E,TRUE,840096.47,2025-12-11,2025-12-11,2025-12-20,2025-12-20
USR_228FEE3E,TRUE,370387.42,2025-11-11,2025-11-11,2025-11-20,2025-11-20
USR_228FEE3E,TRUE,313465.12,2025-10-11,2025-10-11,2025-10-20,2025-10-20
USR_228FEE3E,TRUE,776582.36,2025-09-11,2025-09-11,2025-09-20,2025-09-20
USR_228FEE3E,TRUE,501528.45,2025-08-11,2025-08-11,2025-08-20,2025-08-20
USR_5133AE1D,FALSE,742600.11,2025-12-11,2025-12-13,2025-12-20,2026-01-02
USR_5133AE1D,FALSE,486274.43,2025-12-11,2025-12-13,2025-12-20,2026-01-04
USR_5133AE1D,FALSE,704233.7,2025-11-11,2025-11-30,2025-11-20,2025-11-21
USR_5133AE1D,FALSE,795984.04,2025-10-11,2025-11-02,2025-10-20,2025-11-01
USR_5133AE1D,FALSE,277109.44,2025-09-11,2025-09-14,2025-09-20,2025-10-20
USR_5133AE1D,FALSE,237332.77,2025-08-11,2025-09-09,2025-08-20,2025-09-14
USR_D759ADC6,TRUE,856653.08,2025-12-11,2025-12-11,2025-12-20,2025-12-20
USR_D759ADC6,TRUE,102939.31,2025-12-11,2025-12-11,2025-12-20,2025-12-20
USR_D759ADC6,TRUE,146940.74,2025-11-11,2025-11-11,2025-11-20,2025-11-20
USR_D759ADC6,TRUE,602426.88,2025-10-11,2025-10-11,2025-10-20,2025-10-20
USR_D759ADC6,TRUE,822302.63,2025-09-11,2025-09-11,2025-09-20,2025-09-20
USR_D759ADC6,TRUE,105866.99,2025-08-11,2025-08-11,2025-08-20,2025-08-20
USR_725EF4A9,TRUE,303638.64,2025-12-11,2025-12-11,2025-12-20,2025-12-20
USR_725EF4A9,TRUE,940497.2,2025-12-11,2025-12-11,2025-12-20,2025-12-20
USR_725EF4A9,TRUE,769250.34,2025-11-11,2025-11-11,2025-11-20,2025-11-20
USR_725EF4A9,TRUE,104393.24,2025-10-11,2025-10-11,2025-10-20,2025-10-20
USR_725EF4A9,TRUE,941147.16,2025-09-11,2025-09-11,2025-09-20,2025-09-20
USR_725EF4A9,TRUE,674901.61,2025-08-11,2025-08-11,2025-08-20,2025-08-20
USR_E49C4461,FALSE,464839.56,2025-12-11,2025-12-17,2025-12-20,2025-12-22
USR_E49C4461,FALSE,123707.34,2025-12-11,2026-01-10,2025-12-20,2026-01-16
USR_E49C4461,FALSE,866460.32,2025-11-11,2025-11-19,2025-11-20,2025-12-13
USR_E49C4461,FALSE,902298.81,2025-10-11,2025-10-23,2025-10-20,2025-11-13
USR_E49C4461,FALSE,884879.31,2025-09-11,2025-10-04,2025-09-20,2025-09-29
USR_E49C4461,FALSE,739137.43,2025-08-11,2025-09-10,2025-08-20,2025-09-05
USR_E791408E,FALSE,659035.33,2025-12-11,2026-01-03,2025-12-20,2026-01-17
USR_E791408E,FALSE,863276.23,2025-12-11,2025-12-26,2025-12-20,2025-12-25
USR_E791408E,FALSE,680842.9,2025-11-11,2025-12-02,2025-11-20,2025-12-02
USR_E791408E,FALSE,182258.19,2025-10-11,2025-11-01,2025-10-20,2025-11-16
USR_E791408E,FALSE,903534.65,2025-09-11,2025-09-12,2025-09-20,2025-09-27
USR_E791408E,FALSE,785411.65,2025-08-11,2025-08-19,2025-08-20,2025-09-02
USR_966F5B76,TRUE,914453.98,2025-12-11,2025-12-11,2025-12-20,2025-12-20
USR_966F5B76,TRUE,916205.48,2025-12-11,2025-12-11,2025-12-20,2025-12-20
USR_966F5B76,TRUE,434285.94,2025-11-11,2025-11-11,2025-11-20,2025-11-20
USR_966F5B76,TRUE,514093.45,2025-10-11,2025-10-11,2025-10-20,2025-10-20
USR_966F5B76,TRUE,554065.31,2025-09-11,2025-09-11,2025-09-20,2025-09-20
USR_966F5B76,TRUE,323442.79,2025-08-11,2025-08-11,2025-08-20,2025-08-20
USR_7F0D5E59,TRUE,354204.08,2025-12-11,2025-12-11,2025-12-20,2025-12-20
USR_7F0D5E59,TRUE,892738.86,2025-12-11,2025-12-11,2025-12-20,2025-12-20
USR_7F0D5E59,TRUE,123119.35,2025-11-11,2025-11-11,2025-11-20,2025-11-20
USR_7F0D5E59,TRUE,549402.61,2025-10-11,2025-10-11,2025-10-20,2025-10-20
USR_7F0D5E59,TRUE,401705.76,2025-09-11,2025-09-11,2025-09-20,2025-09-20
USR_7F0D5E59,TRUE,494997.47,2025-08-11,2025-08-11,2025-08-20,2025-08-20
USR_205D71DA,TRUE,671895.85,2025-12-11,2025-12-11,2025-12-20,2025-12-20
USR_205D71DA,TRUE,504960.28,2025-12-11,2025-12-11,2025-12-20,2025-12-20
USR_205D71DA,TRUE,610745.02,2025-11-11,2025-11-11,2025-11-20,2025-11-20
USR_205D71DA,TRUE,858899.34,2025-10-11,2025-10-11,2025-10-20,2025-10-20
USR_205D71DA,TRUE,885782.82,2025-09-11,2025-09-11,2025-09-20,2025-09-20
USR_205D71DA,TRUE,879042.06,2025-08-11,2025-08-11,2025-08-20,2025-08-20
USR_1A978FD4,FALSE,282777.78,2025-12-11,2026-01-05,2025-12-20,2025-12-24
USR_1A978FD4,FALSE,416501.62,2025-12-11,2025-12-14,2025-12-20,2025-12-26
USR_1A978FD4,FALSE,470647.76,2025-11-11,2025-12-01,2025-11-20,2025-12-05
USR_1A978FD4,FALSE,937935.38,2025-10-11,2025-11-07,2025-10-20,2025-10-31
USR_1A978FD4,FALSE,115007.66,2025-09-11,2025-10-04,2025-09-20,2025-10-04
USR_1A978FD4,FALSE,434432.05,2025-08-11,2025-08-25,2025-08-20,2025-08-26
USR_72C9FBE3,TRUE,807131.72,2025-12-11,2025-12-11,2025-12-20,2025-12-20
USR_72C9FBE3,TRUE,737712.26,2025-12-11,2025-12-11,2025-12-20,2025-12-20
USR_72C9FBE3,TRUE,852758.08,2025-11-11,2025-11-11,2025-11-20,2025-11-20
USR_72C9FBE3,TRUE,625756.28,2025-10-11,2025-10-11,2025-10-20,2025-10-20
USR_72C9FBE3,TRUE,305640.28,2025-09-11,2025-09-11,2025-09-20,2025-09-20
USR_72C9FBE3,TRUE,725015.03,2025-08-11,2025-08-11,2025-08-20,2025-08-20
USR_763BA17E,TRUE,148308.48,2025-12-11,2025-12-11,2025-12-20,2025-12-20
USR_763BA17E,TRUE,282127.86,2025-12-11,2025-12-11,2025-12-20,2025-12-20
USR_763BA17E,TRUE,624332.24,2025-11-11,2025-11-11,2025-11-20,2025-11-20
USR_763BA17E,TRUE,207751.11,2025-10-11,2025-10-11,2025-10-20,2025-10-20
USR_763BA17E,TRUE,370309.2,2025-09-11,2025-09-11,2025-09-20,2025-09-20
USR_763BA17E,TRUE,137331.49,2025-08-11,2025-08-11,2025-08-20,2025-08-20
USR_ECEF4CB0,FALSE,526668.05,2025-12-11,2025-12-27,2025-12-20,2026-01-07
USR_ECEF4CB0,FALSE,221694.91,2025-12-11,2026-01-08,2025-12-20,2025-12-31
USR_ECEF4CB0,FALSE,653470.57,2025-11-11,2025-11-14,2025-11-20,2025-12-16
USR_ECEF4CB0,FALSE,648628.67,2025-10-11,2025-11-03,2025-10-20,2025-10-31
USR_ECEF4CB0,FALSE,783723.33,2025-09-11,2025-09-19,2025-09-20,2025-10-20
USR_ECEF4CB0,FALSE,288782.58,2025-08-11,2025-08-26,2025-08-20,2025-09-08
USR_0F4ECFEB,TRUE,347556.68,2025-12-11,2025-12-11,2025-12-20,2025-12-20
USR_0F4ECFEB,TRUE,393372.8,2025-12-11,2025-12-11,2025-12-20,2025-12-20
USR_0F4ECFEB,TRUE,901235.53,2025-11-11,2025-11-11,2025-11-20,2025-11-20
USR_0F4ECFEB,TRUE,575977.21,2025-10-11,2025-10-11,2025-10-20,2025-10-20
USR_0F4ECFEB,TRUE,571117.26,2025-09-11,2025-09-11,2025-09-20,2025-09-20
USR_0F4ECFEB,TRUE,390807.79,2025-08-11,2025-08-11,2025-08-20,2025-08-20
USR_B878D318,TRUE,264257.64,2025-12-11,2025-12-11,2025-12-20,2025-12-20
USR_B878D318,TRUE,182133.62,2025-12-11,2025-12-11,2025-12-20,2025-12-20
USR_B878D318,TRUE,541630.11,2025-11-11,2025-11-11,2025-11-20,2025-11-20
USR_B878D318,TRUE,737400.83,2025-10-11,2025-10-11,2025-10-20,2025-10-20
USR_B878D318,TRUE,772735.88,2025-09-11,2025-09-11,2025-09-20,2025-09-20
USR_B878D318,TRUE,575117.42,2025-08-11,2025-08-11,2025-08-20,2025-08-20
USR_1FBE00CA,FALSE,579704.76,2025-12-11,2026-01-01,2025-12-20,2025-12-29
USR_1FBE00CA,FALSE,178486.85,2025-12-11,2026-01-07,2025-12-20,2026-01-12
USR_1FBE00CA,FALSE,479982.72,2025-11-11,2025-11-16,2025-11-20,2025-12-15
USR_1FBE00CA,FALSE,332922.04,2025-10-11,2025-11-07,2025-10-20,2025-10-22
USR_1FBE00CA,FALSE,147998.71,2025-09-11,2025-10-08,2025-09-20,2025-10-10
USR_1FBE00CA,FALSE,443098.16,2025-08-11,2025-09-03,2025-08-20,2025-09-10
USR_CE1AC6B8,TRUE,335589.49,2025-12-11,2025-12-11,2025-12-20,2025-12-20
USR_CE1AC6B8,TRUE,292268.74,2025-12-11,2025-12-11,2025-12-20,2025-12-20
USR_CE1AC6B8,TRUE,974033.37,2025-11-11,2025-11-11,2025-11-20,2025-11-20
USR_CE1AC6B8,TRUE,148767.41,2025-10-11,2025-10-11,2025-10-20,2025-10-20
USR_CE1AC6B8,TRUE,119440.01,2025-09-11,2025-09-11,2025-09-20,2025-09-20
USR_CE1AC6B8,TRUE,973285.39,2025-08-11,2025-08-11,2025-08-20,2025-08-20
USR_1A2147B3,TRUE,185742.81,2025-12-11,2025-12-11,2025-12-20,2025-12-20
USR_1A2147B3,TRUE,433654.93,2025-12-11,2025-12-11,2025-12-20,2025-12-20
USR_1A2147B3,TRUE,466562.77,2025-11-11,2025-11-11,2025-11-20,2025-11-20
USR_1A2147B3,TRUE,963574.37,2025-10-11,2025-10-11,2025-10-20,2025-10-20
USR_1A2147B3,TRUE,149805.92,2025-09-11,2025-09-11,2025-09-20,2025-09-20
USR_1A2147B3,TRUE,570706.76,2025-08-11,2025-08-11,2025-08-20,2025-08-20
USR_8E82DDBA,TRUE,458133.9,2025-12-11,2025-12-11,2025-12-20,2025-12-20
USR_8E82DDBA,TRUE,179512.84,2025-12-11,2025-12-11,2025-12-20,2025-12-20
USR_8E82DDBA,TRUE,827913.49,2025-11-11,2025-11-11,2025-11-20,2025-11-20
USR_8E82DDBA,TRUE,900923.8,2025-10-11,2025-10-11,2025-10-20,2025-10-20
USR_8E82DDBA,TRUE,679050.7,2025-09-11,2025-09-11,2025-09-20,2025-09-20
USR_8E82DDBA,TRUE,970267.77,2025-08-11,2025-08-11,2025-08-20,2025-08-20
USR_B58C25A0,TRUE,973544.15,2025-12-11,2025-12-11,2025-12-20,2025-12-20
USR_B58C25A0,TRUE,287647.64,2025-12-11,2025-12-11,2025-12-20,2025-12-20
USR_B58C25A0,TRUE,564920.72,2025-11-11,2025-11-11,2025-11-20,2025-11-20
USR_B58C25A0,TRUE,333864.13,2025-10-11,2025-10-11,2025-10-20,2025-10-20
USR_B58C25A0,TRUE,914493.16,2025-09-11,2025-09-11,2025-09-20,2025-09-20
USR_B58C25A0,TRUE,675359.76,2025-08-11,2025-08-11,2025-08-20,2025-08-20
USR_2A614AAA,TRUE,726033.79,2025-12-11,2025-12-11,2025-12-20,2025-12-20
USR_2A614AAA,TRUE,684283.25,2025-12-11,2025-12-11,2025-12-20,2025-12-20
USR_2A614AAA,TRUE,159257.87,2025-11-11,2025-11-11,2025-11-20,2025-11-20
USR_2A614AAA,TRUE,220447.34,2025-10-11,2025-10-11,2025-10-20,2025-10-20
USR_2A614AAA,TRUE,155935.3,2025-09-11,2025-09-11,2025-09-20,2025-09-20
USR_2A614AAA,TRUE,651596.62,2025-08-11,2025-08-11,2025-08-20,2025-08-20
USR_C466D58B,TRUE,396128.32,2025-12-11,2025-12-11,2025-12-20,2025-12-20
USR_C466D58B,TRUE,587671.29,2025-12-11,2025-12-11,2025-12-20,2025-12-20
USR_C466D58B,TRUE,909568.97,2025-11-11,2025-11-11,2025-11-20,2025-11-20
USR_C466D58B,TRUE,963552.27,2025-10-11,2025-10-11,2025-10-20,2025-10-20
USR_C466D58B,TRUE,701401.4,2025-09-11,2025-09-11,2025-09-20,2025-09-20
USR_C466D58B,TRUE,424633.97,2025-08-11,2025-08-11,2025-08-20,2025-08-20
USR_3378962A,TRUE,693679.76,2025-12-11,2025-12-11,2025-12-20,2025-12-20
USR_3378962A,TRUE,184277.54,2025-12-11,2025-12-11,2025-12-20,2025-12-20
USR_3378962A,TRUE,802343.87,2025-11-11,2025-11-11,2025-11-20,2025-11-20
USR_3378962A,TRUE,981882.18,2025-10-11,2025-10-11,2025-10-20,2025-10-20
USR_3378962A,TRUE,839945.77,2025-09-11,2025-09-11,2025-09-20,2025-09-20
USR_3378962A,TRUE,511795.4,2025-08-11,2025-08-11,2025-08-20,2025-08-20
USR_D80A2C79,TRUE,992089.35,2025-12-11,2025-12-11,2025-12-20,2025-12-20
USR_D80A2C79,TRUE,702729.18,2025-12-11,2025-12-11,2025-12-20,2025-12-20
USR_D80A2C79,TRUE,185631.71,2025-11-11,2025-11-11,2025-11-20,2025-11-20
USR_D80A2C79,TRUE,282799.51,2025-10-11,2025-10-11,2025-10-20,2025-10-20
USR_D80A2C79,TRUE,773464.55,2025-09-11,2025-09-11,2025-09-20,2025-09-20
USR_D80A2C79,TRUE,561223.09,2025-08-11,2025-08-11,2025-08-20,2025-08-20
USR_E530463D,TRUE,843781.94,2025-12-11,2025-12-11,2025-12-20,2025-12-20
USR_E530463D,TRUE,390116.96,2025-12-11,2025-12-11,2025-12-20,2025-12-20
USR_E530463D,TRUE,946009.06,2025-11-11,2025-11-11,2025-11-20,2025-11-20
USR_E530463D,TRUE,563529.32,2025-10-11,2025-10-11,2025-10-20,2025-10-20
USR_E530463D,TRUE,822383.59,2025-09-11,2025-09-11,2025-09-20,2025-09-20
USR_E530463D,TRUE,853093.66,2025-08-11,2025-08-11,2025-08-20,2025-08-20
USR_64583799,TRUE,687995.11,2025-12-11,2025-12-11,2025-12-20,2025-12-20
USR_64583799,TRUE,889603.59,2025-12-11,2025-12-11,2025-12-20,2025-12-20
USR_64583799,TRUE,235031.34,2025-11-11,2025-11-11,2025-11-20,2025-11-20
USR_64583799,TRUE,619869.2,2025-10-11,2025-10-11,2025-10-20,2025-10-20
USR_64583799,TRUE,588924.78,2025-09-11,2025-09-11,2025-09-20,2025-09-20
USR_64583799,TRUE,675837.16,2025-08-11,2025-08-11,2025-08-20,2025-08-20
USR_C92D9C08,TRUE,752110.33,2025-12-11,2025-12-11,2025-12-20,2025-12-20
USR_C92D9C08,TRUE,218607.36,2025-12-11,2025-12-11,2025-12-20,2025-12-20
USR_C92D9C08,TRUE,250186.7,2025-11-11,2025-11-11,2025-11-20,2025-11-20
USR_C92D9C08,TRUE,202648.87,2025-10-11,2025-10-11,2025-10-20,2025-10-20
USR_C92D9C08,TRUE,826729.94,2025-09-11,2025-09-11,2025-09-20,2025-09-20
USR_C92D9C08,TRUE,473760.23,2025-08-11,2025-08-11,2025-08-20,2025-08-20
USR_DF4F63BA,TRUE,412963.75,2025-12-11,2025-12-11,2025-12-20,2025-12-20
USR_DF4F63BA,TRUE,222328.52,2025-12-11,2025-12-11,2025-12-20,2025-12-20
USR_DF4F63BA,TRUE,403314.2,2025-11-11,2025-11-11,2025-11-20,2025-11-20
USR_DF4F63BA,TRUE,862278.5,2025-10-11,2025-10-11,2025-10-20,2025-10-20
USR_DF4F63BA,TRUE,752075.13,2025-09-11,2025-09-11,2025-09-20,2025-09-20
USR_DF4F63BA,TRUE,916115.1,2025-08-11,2025-08-11,2025-08-20,2025-08-20
USR_BEB74E1F,TRUE,337264.18,2025-12-11,2025-12-11,2025-12-20,2025-12-20
USR_BEB74E1F,TRUE,967349.97,2025-12-11,2025-12-11,2025-12-20,2025-12-20
USR_BEB74E1F,TRUE,821601.4,2025-11-11,2025-11-11,2025-11-20,2025-11-20
USR_BEB74E1F,TRUE,353691.6,2025-10-11,2025-10-11,2025-10-20,2025-10-20
USR_BEB74E1F,TRUE,916804.91,2025-09-11,2025-09-11,2025-09-20,2025-09-20
USR_BEB74E1F,TRUE,318015.27,2025-08-11,2025-08-11,2025-08-20,2025-08-20
USR_7FCAB7D0,TRUE,973589.43,2025-12-11,2025-12-11,2025-12-20,2025-12-20
USR_7FCAB7D0,TRUE,617004.32,2025-12-11,2025-12-11,2025-12-20,2025-12-20
USR_7FCAB7D0,TRUE,714374.18,2025-11-11,2025-11-11,2025-11-20,2025-11-20
USR_7FCAB7D0,TRUE,788950.88,2025-10-11,2025-10-11,2025-10-20,2025-10-20
USR_7FCAB7D0,TRUE,621471.97,2025-09-11,2025-09-11,2025-09-20,2025-09-20
USR_7FCAB7D0,TRUE,255626.35,2025-08-11,2025-08-11,2025-08-20,2025-08-20
USR_D5D38B1A,TRUE,951029.72,2025-12-11,2025-12-11,2025-12-20,2025-12-20
USR_D5D38B1A,TRUE,914805.3,2025-12-11,2025-12-11,2025-12-20,2025-12-20
USR_D5D38B1A,TRUE,789029.18,2025-11-11,2025-11-11,2025-11-20,2025-11-20
USR_D5D38B1A,TRUE,748662.0,2025-10-11,2025-10-11,2025-10-20,2025-10-20
USR_D5D38B1A,TRUE,546849.49,2025-09-11,2025-09-11,2025-09-20,2025-09-20
USR_D5D38B1A,TRUE,115432.16,2025-08-11,2025-08-11,2025-08-20,2025-08-20
USR_8D7914AA,TRUE,861527.99,2025-12-11,2025-12-11,2025-12-20,2025-12-20
USR_8D7914AA,TRUE,419953.61,2025-12-11,2025-12-11,2025-12-20,2025-12-20
USR_8D7914AA,TRUE,380848.59,2025-11-11,2025-11-11,2025-11-20,2025-11-20
USR_8D7914AA,TRUE,625436.91,2025-10-11,2025-10-11,2025-10-20,2025-10-20
USR_8D7914AA,TRUE,637004.4,2025-09-11,2025-09-11,2025-09-20,2025-09-20
USR_8D7914AA,TRUE,906500.25,2025-08-11,2025-08-11,2025-08-20,2025-08-20
USR_B89B54A1,TRUE,274453.35,2025-12-11,2025-12-11,2025-12-20,2025-12-20
USR_B89B54A1,TRUE,799992.18,2025-12-11,2025-12-11,2025-12-20,2025-12-20
USR_B89B54A1,TRUE,485774.59,2025-11-11,2025-11-11,2025-11-20,2025-11-20
USR_B89B54A1,TRUE,422501.0,2025-10-11,2025-10-11,2025-10-20,2025-10-20
USR_B89B54A1,TRUE,801730.84,2025-09-11,2025-09-11,2025-09-20,2025-09-20
USR_B89B54A1,TRUE,571471.99,2025-08-11,2025-08-11,2025-08-20,2025-08-20
USR_ECF74DFF,TRUE,432492.47,2025-12-11,2025-12-11,2025-12-20,2025-12-20
USR_ECF74DFF,TRUE,805407.46,2025-12-11,2025-12-11,2025-12-20,2025-12-20
USR_ECF74DFF,TRUE,509110.05,2025-11-11,2025-11-11,2025-11-20,2025-11-20
USR_ECF74DFF,TRUE,175350.15,2025-10-11,2025-10-11,2025-10-20,2025-10-20
USR_ECF74DFF,TRUE,854126.96,2025-09-11,2025-09-11,2025-09-20,2025-09-20
USR_ECF74DFF,TRUE,955924.77,2025-08-11,2025-08-11,2025-08-20,2025-08-20
USR_F48289E1,FALSE,315230.84,2025-12-11,2025-12-22,2025-12-20,2026-01-16
USR_F48289E1,FALSE,215287.89,2025-12-11,2025-12-24,2025-12-20,2025-12-31
USR_F48289E1,FALSE,901032.25,2025-11-11,2025-11-26,2025-11-20,2025-12-19
USR_F48289E1,FALSE,448502.53,2025-10-11,2025-11-08,2025-10-20,2025-10-26
USR_F48289E1,FALSE,911237.77,2025-09-11,2025-10-07,2025-09-20,2025-10-15
USR_F48289E1,FALSE,839195.58,2025-08-11,2025-08-25,2025-08-20,2025-08-21
USR_2996CE8A,TRUE,146374.15,2025-12-11,2025-12-11,2025-12-20,2025-12-20
USR_2996CE8A,TRUE,813728.21,2025-12-11,2025-12-11,2025-12-20,2025-12-20
USR_2996CE8A,TRUE,921472.36,2025-11-11,2025-11-11,2025-11-20,2025-11-20
USR_2996CE8A,TRUE,700125.38,2025-10-11,2025-10-11,2025-10-20,2025-10-20
USR_2996CE8A,TRUE,246318.61,2025-09-11,2025-09-11,2025-09-20,2025-09-20
USR_2996CE8A,TRUE,198780.75,2025-08-11,2025-08-11,2025-08-20,2025-08-20
USR_5BFA20B1,TRUE,715352.18,2025-12-11,2025-12-11,2025-12-20,2025-12-20
USR_5BFA20B1,TRUE,129681.06,2025-12-11,2025-12-11,2025-12-20,2025-12-20
USR_5BFA20B1,TRUE,900306.4,2025-11-11,2025-11-11,2025-11-20,2025-11-20
USR_5BFA20B1,TRUE,835918.73,2025-10-11,2025-10-11,2025-10-20,2025-10-20
USR_5BFA20B1,TRUE,109670.28,2025-09-11,2025-09-11,2025-09-20,2025-09-20
USR_5BFA20B1,TRUE,333913.17,2025-08-11,2025-08-11,2025-08-20,2025-08-20
USR_51C0C3DA,TRUE,264306.88,2025-12-11,2025-12-11,2025-12-20,2025-12-20
USR_51C0C3DA,TRUE,475384.33,2025-12-11,2025-12-11,2025-12-20,2025-12-20
USR_51C0C3DA,TRUE,950750.78,2025-11-11,2025-11-11,2025-11-20,2025-11-20
USR_51C0C3DA,TRUE,767750.85,2025-10-11,2025-10-11,2025-10-20,2025-10-20
USR_51C0C3DA,TRUE,221508.47,2025-09-11,2025-09-11,2025-09-20,2025-09-20
USR_51C0C3DA,TRUE,244491.64,2025-08-11,2025-08-11,2025-08-20,2025-08-20
USR_6C86EFBA,TRUE,612634.48,2025-12-11,2025-12-11,2025-12-20,2025-12-20
USR_6C86EFBA,TRUE,407155.24,2025-12-11,2025-12-11,2025-12-20,2025-12-20
USR_6C86EFBA,TRUE,855623.16,2025-11-11,2025-11-11,2025-11-20,2025-11-20
USR_6C86EFBA,TRUE,545522.66,2025-10-11,2025-10-11,2025-10-20,2025-10-20
USR_6C86EFBA,TRUE,887951.91,2025-09-11,2025-09-11,2025-09-20,2025-09-20
USR_6C86EFBA,TRUE,607269.74,2025-08-11,2025-08-11,2025-08-20,2025-08-20
USR_915CF357,TRUE,312065.49,2025-12-11,2025-12-11,2025-12-20,2025-12-20
USR_915CF357,TRUE,183373.49,2025-12-11,2025-12-11,2025-12-20,2025-12-20
USR_915CF357,TRUE,669320.79,2025-11-11,2025-11-11,2025-11-20,2025-11-20
USR_915CF357,TRUE,194808.65,2025-10-11,2025-10-11,2025-10-20,2025-10-20
USR_915CF357,TRUE,389094.03,2025-09-11,2025-09-11,2025-09-20,2025-09-20
USR_915CF357,TRUE,776717.75,2025-08-11,2025-08-11,2025-08-20,2025-08-20
USR_258643E0,TRUE,886686.4,2025-12-11,2025-12-11,2025-12-20,2025-12-20
USR_258643E0,TRUE,115857.63,2025-12-11,2025-12-11,2025-12-20,2025-12-20
USR_258643E0,TRUE,961290.71,2025-11-11,2025-11-11,2025-11-20,2025-11-20
USR_258643E0,TRUE,619756.45,2025-10-11,2025-10-11,2025-10-20,2025-10-20
USR_258643E0,TRUE,513853.82,2025-09-11,2025-09-11,2025-09-20,2025-09-20
USR_258643E0,TRUE,679901.06,2025-08-11,2025-08-11,2025-08-20,2025-08-20
USR_1C0B2879,TRUE,375771.55,2025-12-11,2025-12-11,2025-12-20,2025-12-20
USR_1C0B2879,TRUE,371380.27,2025-12-11,2025-12-11,2025-12-20,2025-12-20
USR_1C0B2879,TRUE,499358.91,2025-11-11,2025-11-11,2025-11-20,2025-11-20
USR_1C0B2879,TRUE,788415.25,2025-10-11,2025-10-11,2025-10-20,2025-10-20
USR_1C0B2879,TRUE,203450.0,2025-09-11,2025-09-11,2025-09-20,2025-09-20
USR_1C0B2879,TRUE,624724.79,2025-08-11,2025-08-11,2025-08-20,2025-08-20
USR_BE0A31A1,TRUE,245541.4,2025-12-11,2025-12-11,2025-12-20,2025-12-20
USR_BE0A31A1,TRUE,426959.83,2025-12-11,2025-12-11,2025-12-20,2025-12-20
USR_BE0A31A1,TRUE,443390.77,2025-11-11,2025-11-11,2025-11-20,2025-11-20
USR_BE0A31A1,TRUE,596057.72,2025-10-11,2025-10-11,2025-10-20,2025-10-20
USR_BE0A31A1,TRUE,169958.99,2025-09-11,2025-09-11,2025-09-20,2025-09-20
USR_BE0A31A1,TRUE,583414.74,2025-08-11,2025-08-11,2025-08-20,2025-08-20
USR_80F355E2,TRUE,735835.22,2025-12-11,2025-12-11,2025-12-20,2025-12-20
USR_80F355E2,TRUE,171313.92,2025-12-11,2025-12-11,2025-12-20,2025-12-20
USR_80F355E2,TRUE,473481.28,2025-11-11,2025-11-11,2025-11-20,2025-11-20
USR_80F355E2,TRUE,318740.14,2025-10-11,2025-10-11,2025-10-20,2025-10-20
USR_80F355E2,TRUE,825682.52,2025-09-11,2025-09-11,2025-09-20,2025-09-20
USR_80F355E2,TRUE,113278.15,2025-08-11,2025-08-11,2025-08-20,2025-08-20
USR_013E12D2,FALSE,730806.01,2025-12-11,2025-12-24,2025-12-20,2026-01-19
USR_013E12D2,FALSE,243448.93,2025-12-11,2025-12-17,2025-12-20,2025-12-30
USR_013E12D2,FALSE,368534.36,2025-11-11,2025-11-15,2025-11-20,2025-12-09
USR_013E12D2,FALSE,738367.45,2025-10-11,2025-11-04,2025-10-20,2025-10-27
USR_013E12D2,FALSE,592758.01,2025-09-11,2025-10-09,2025-09-20,2025-10-05
USR_013E12D2,FALSE,205261.28,2025-08-11,2025-09-03,2025-08-20,2025-08-30
USR_363AAFD7,TRUE,804314.99,2025-12-11,2025-12-11,2025-12-20,2025-12-20
USR_363AAFD7,TRUE,698388.74,2025-12-11,2025-12-11,2025-12-20,2025-12-20
USR_363AAFD7,TRUE,426578.8,2025-11-11,2025-11-11,2025-11-20,2025-11-20
USR_363AAFD7,TRUE,406581.18,2025-10-11,2025-10-11,2025-10-20,2025-10-20
USR_363AAFD7,TRUE,245331.31,2025-09-11,2025-09-11,2025-09-20,2025-09-20
USR_363AAFD7,TRUE,751182.03,2025-08-11,2025-08-11,2025-08-20,2025-08-20
USR_7835440F,TRUE,373610.71,2025-12-11,2025-12-11,2025-12-20,2025-12-20
USR_7835440F,TRUE,191218.94,2025-12-11,2025-12-11,2025-12-20,2025-12-20
USR_7835440F,TRUE,294382.07,2025-11-11,2025-11-11,2025-11-20,2025-11-20
USR_7835440F,TRUE,575475.28,2025-10-11,2025-10-11,2025-10-20,2025-10-20
USR_7835440F,TRUE,191468.67,2025-09-11,2025-09-11,2025-09-20,2025-09-20
USR_7835440F,TRUE,125937.6,2025-08-11,2025-08-11,2025-08-20,2025-08-20
USR_6F8D24A5,TRUE,818073.58,2025-12-11,2025-12-11,2025-12-20,2025-12-20
USR_6F8D24A5,TRUE,229635.4,2025-12-11,2025-12-11,2025-12-20,2025-12-20
USR_6F8D24A5,TRUE,904738.04,2025-11-11,2025-11-11,2025-11-20,2025-11-20
USR_6F8D24A5,TRUE,808728.23,2025-10-11,2025-10-11,2025-10-20,2025-10-20
USR_6F8D24A5,TRUE,359584.08,2025-09-11,2025-09-11,2025-09-20,2025-09-20
USR_6F8D24A5,TRUE,302565.84,2025-08-11,2025-08-11,2025-08-20,2025-08-20
USR_C182C460,TRUE,299733.78,2025-12-11,2025-12-11,2025-12-20,2025-12-20
USR_C182C460,TRUE,542860.81,2025-12-11,2025-12-11,2025-12-20,2025-12-20
USR_C182C460,TRUE,447362.42,2025-11-11,2025-11-11,2025-11-20,2025-11-20
USR_C182C460,TRUE,456410.68,2025-10-11,2025-10-11,2025-10-20,2025-10-20
USR_C182C460,TRUE,404241.18,2025-09-11,2025-09-11,2025-09-20,2025-09-20
USR_C182C460,TRUE,929667.05,2025-08-11,2025-08-11,2025-08-20,2025-08-20
USR_2713B35C,TRUE,201985.06,2025-12-11,2025-12-11,2025-12-20,2025-12-20
USR_2713B35C,TRUE,362587.56,2025-12-11,2025-12-11,2025-12-20,2025-12-20
USR_2713B35C,TRUE,568594.45,2025-11-11,2025-11-11,2025-11-20,2025-11-20
USR_2713B35C,TRUE,746030.8,2025-10-11,2025-10-11,2025-10-20,2025-10-20
USR_2713B35C,TRUE,908216.13,2025-09-11,2025-09-11,2025-09-20,2025-09-20
USR_2713B35C,TRUE,760274.94,2025-08-11,2025-08-11,2025-08-20,2025-08-20
USR_4D9FBFF6,FALSE,652237.21,2025-12-11,2025-12-16,2025-12-20,2026-01-19
USR_4D9FBFF6,FALSE,130352.77,2025-12-11,2026-01-08,2025-12-20,2025-12-23
USR_4D9FBFF6,FALSE,222726.72,2025-11-11,2025-12-01,2025-11-20,2025-12-02
USR_4D9FBFF6,FALSE,148688.76,2025-10-11,2025-11-10,2025-10-20,2025-11-18
USR_4D9FBFF6,FALSE,778612.68,2025-09-11,2025-09-16,2025-09-20,2025-09-22
USR_4D9FBFF6,FALSE,434650.81,2025-08-11,2025-08-30,2025-08-20,2025-09-09
USR_8F0C45F4,FALSE,664500.38,2025-12-11,2025-12-28,2025-12-20,2026-01-18
USR_8F0C45F4,FALSE,981341.85,2025-12-11,2025-12-14,2025-12-20,2026-01-05
USR_8F0C45F4,FALSE,587149.27,2025-11-11,2025-12-03,2025-11-20,2025-11-25
USR_8F0C45F4,FALSE,318186.69,2025-10-11,2025-10-31,2025-10-20,2025-10-26
USR_8F0C45F4,FALSE,503208.59,2025-09-11,2025-10-06,2025-09-20,2025-09-29
USR_8F0C45F4,FALSE,922898.93,2025-08-11,2025-08-26,2025-08-20,2025-09-09
USR_818CCF99,TRUE,600045.9,2025-12-11,2025-12-11,2025-12-20,2025-12-20
USR_818CCF99,TRUE,236596.31,2025-12-11,2025-12-11,2025-12-20,2025-12-20
USR_818CCF99,TRUE,862714.62,2025-11-11,2025-11-11,2025-11-20,2025-11-20
USR_818CCF99,TRUE,439548.08,2025-10-11,2025-10-11,2025-10-20,2025-10-20
USR_818CCF99,TRUE,746998.67,2025-09-11,2025-09-11,2025-09-20,2025-09-20
USR_818CCF99,TRUE,789040.19,2025-08-11,2025-08-11,2025-08-20,2025-08-20
USR_332FD8F1,TRUE,648477.92,2025-12-11,2025-12-11,2025-12-20,2025-12-20
USR_332FD8F1,TRUE,665509.62,2025-12-11,2025-12-11,2025-12-20,2025-12-20
USR_332FD8F1,TRUE,280213.92,2025-11-11,2025-11-11,2025-11-20,2025-11-20
USR_332FD8F1,TRUE,407757.77,2025-10-11,2025-10-11,2025-10-20,2025-10-20
USR_332FD8F1,TRUE,294217.85,2025-09-11,2025-09-11,2025-09-20,2025-09-20
USR_332FD8F1,TRUE,222024.73,2025-08-11,2025-08-11,2025-08-20,2025-08-20
USR_660C0C02,TRUE,913614.84,2025-12-11,2025-12-11,2025-12-20,2025-12-20
USR_660C0C02,TRUE,531623.04,2025-12-11,2025-12-11,2025-12-20,2025-12-20
USR_660C0C02,TRUE,305938.7,2025-11-11,2025-11-11,2025-11-20,2025-11-20
USR_660C0C02,TRUE,699197.52,2025-10-11,2025-10-11,2025-10-20,2025-10-20
USR_660C0C02,TRUE,820251.14,2025-09-11,2025-09-11,2025-09-20,2025-09-20
USR_660C0C02,TRUE,463905.77,2025-08-11,2025-08-11,2025-08-20,2025-08-20
USR_2AD9005B,TRUE,226646.06,2025-12-11,2025-12-11,2025-12-20,2025-12-20
USR_2AD9005B,TRUE,140916.49,2025-12-11,2025-12-11,2025-12-20,2025-12-20
USR_2AD9005B,TRUE,237340.83,2025-11-11,2025-11-11,2025-11-20,2025-11-20
USR_2AD9005B,TRUE,914730.19,2025-10-11,2025-10-11,2025-10-20,2025-10-20
USR_2AD9005B,TRUE,573459.72,2025-09-11,2025-09-11,2025-09-20,2025-09-20
USR_2AD9005B,TRUE,842810.15,2025-08-11,2025-08-11,2025-08-20,2025-08-20
USR_9E008601,FALSE,121709.9,2025-12-11,2026-01-02,2025-12-20,2025-12-31
USR_9E008601,FALSE,575451.63,2025-12-11,2025-12-26,2025-12-20,2026-01-04
USR_9E008601,FALSE,146547.96,2025-11-11,2025-12-03,2025-11-20,2025-11-30
USR_9E008601,FALSE,809607.57,2025-10-11,2025-11-06,2025-10-20,2025-10-22
USR_9E008601,FALSE,554622.69,2025-09-11,2025-09-19,2025-09-20,2025-10-07
USR_9E008601,FALSE,902378.03,2025-08-11,2025-08-14,2025-08-20,2025-08-23
USR_56916610,TRUE,445894.16,2025-12-11,2025-12-11,2025-12-20,2025-12-20
USR_56916610,TRUE,692900.78,2025-12-11,2025-12-11,2025-12-20,2025-12-20
USR_56916610,TRUE,511066.35,2025-11-11,2025-11-11,2025-11-20,2025-11-20
USR_56916610,TRUE,263855.05,2025-10-11,2025-10-11,2025-10-20,2025-10-20
USR_56916610,TRUE,120824.41,2025-09-11,2025-09-11,2025-09-20,2025-09-20
USR_56916610,TRUE,103185.84,2025-08-11,2025-08-11,2025-08-20,2025-08-20
USR_B9E7EA57,FALSE,178644.05,2025-12-11,2026-01-08,2025-12-20,2025-12-31
USR_B9E7EA57,FALSE,731287.32,2025-12-11,2025-12-17,2025-12-20,2026-01-09
USR_B9E7EA57,FALSE,831187.25,2025-11-11,2025-11-13,2025-11-20,2025-11-21
USR_B9E7EA57,FALSE,581802.63,2025-10-11,2025-11-10,2025-10-20,2025-11-07
USR_B9E7EA57,FALSE,600594.39,2025-09-11,2025-10-10,2025-09-20,2025-10-14
USR_B9E7EA57,FALSE,976854.24,2025-08-11,2025-08-14,2025-08-20,2025-09-05
USR_92392179,TRUE,858073.03,2025-12-11,2025-12-11,2025-12-20,2025-12-20
USR_92392179,TRUE,180599.09,2025-12-11,2025-12-11,2025-12-20,2025-12-20
USR_92392179,TRUE,757539.01,2025-11-11,2025-11-11,2025-11-20,2025-11-20
USR_92392179,TRUE,652096.2,2025-10-11,2025-10-11,2025-10-20,2025-10-20
USR_92392179,TRUE,101103.85,2025-09-11,2025-09-11,2025-09-20,2025-09-20
USR_92392179,TRUE,462287.46,2025-08-11,2025-08-11,2025-08-20,2025-08-20
USR_443F6A9D,TRUE,914005.16,2025-12-11,2025-12-11,2025-12-20,2025-12-20
USR_443F6A9D,TRUE,565036.32,2025-12-11,2025-12-11,2025-12-20,2025-12-20
USR_443F6A9D,TRUE,668142.7,2025-11-11,2025-11-11,2025-11-20,2025-11-20
USR_443F6A9D,TRUE,670195.64,2025-10-11,2025-10-11,2025-10-20,2025-10-20
USR_443F6A9D,TRUE,611112.73,2025-09-11,2025-09-11,2025-09-20,2025-09-20
USR_443F6A9D,TRUE,463714.55,2025-08-11,2025-08-11,2025-08-20,2025-08-20
USR_345AB029,TRUE,697861.26,2025-12-11,2025-12-11,2025-12-20,2025-12-20
USR_345AB029,TRUE,853622.73,2025-12-11,2025-12-11,2025-12-20,2025-12-20
USR_345AB029,TRUE,556242.77,2025-11-11,2025-11-11,2025-11-20,2025-11-20
USR_345AB029,TRUE,326816.9,2025-10-11,2025-10-11,2025-10-20,2025-10-20
USR_345AB029,TRUE,428402.54,2025-09-11,2025-09-11,2025-09-20,2025-09-20
USR_345AB029,TRUE,279600.46,2025-08-11,2025-08-11,2025-08-20,2025-08-20
USR_DCFD3FE3,TRUE,369454.2,2025-12-11,2025-12-11,2025-12-20,2025-12-20
USR_DCFD3FE3,TRUE,350415.3,2025-12-11,2025-12-11,2025-12-20,2025-12-20
USR_DCFD3FE3,TRUE,654434.3,2025-11-11,2025-11-11,2025-11-20,2025-11-20
USR_DCFD3FE3,TRUE,514036.97,2025-10-11,2025-10-11,2025-10-20,2025-10-20
USR_DCFD3FE3,TRUE,707253.29,2025-09-11,2025-09-11,2025-09-20,2025-09-20
USR_DCFD3FE3,TRUE,335454.68,2025-08-11,2025-08-11,2025-08-20,2025-08-20
USR_F82E3AFA,FALSE,700083.18,2025-12-11,2025-12-21,2025-12-20,2026-01-19
USR_F82E3AFA,FALSE,769580.89,2025-12-11,2025-12-26,2025-12-20,2026-01-16
USR_F82E3AFA,FALSE,856492.88,2025-11-11,2025-12-08,2025-11-20,2025-12-10
USR_F82E3AFA,FALSE,520010.04,2025-10-11,2025-11-09,2025-10-20,2025-10-21
USR_F82E3AFA,FALSE,599781.13,2025-09-11,2025-09-30,2025-09-20,2025-10-09
USR_F82E3AFA,FALSE,332980.36,2025-08-11,2025-08-30,2025-08-20,2025-08-29
USR_63599F64,TRUE,834338.12,2025-12-11,2025-12-11,2025-12-20,2025-12-20
USR_63599F64,TRUE,114371.92,2025-12-11,2025-12-11,2025-12-20,2025-12-20
USR_63599F64,TRUE,808982.35,2025-11-11,2025-11-11,2025-11-20,2025-11-20
USR_63599F64,TRUE,454242.72,2025-10-11,2025-10-11,2025-10-20,2025-10-20
USR_63599F64,TRUE,620269.59,2025-09-11,2025-09-11,2025-09-20,2025-09-20
USR_63599F64,TRUE,586843.54,2025-08-11,2025-08-11,2025-08-20,2025-08-20
USR_E91A0DEA,TRUE,439224.83,2025-12-11,2025-12-11,2025-12-20,2025-12-20
USR_E91A0DEA,TRUE,680154.27,2025-12-11,2025-12-11,2025-12-20,2025-12-20
USR_E91A0DEA,TRUE,420390.2,2025-11-11,2025-11-11,2025-11-20,2025-11-20
USR_E91A0DEA,TRUE,903792.72,2025-10-11,2025-10-11,2025-10-20,2025-10-20
USR_E91A0DEA,TRUE,196504.17,2025-09-11,2025-09-11,2025-09-20,2025-09-20
USR_E91A0DEA,TRUE,440719.88,2025-08-11,2025-08-11,2025-08-20,2025-08-20
USR_E7154CCF,TRUE,576584.44,2025-12-11,2025-12-11,2025-12-20,2025-12-20
USR_E7154CCF,TRUE,257446.84,2025-12-11,2025-12-11,2025-12-20,2025-12-20
USR_E7154CCF,TRUE,952466.84,2025-11-11,2025-11-11,2025-11-20,2025-11-20
USR_E7154CCF,TRUE,315295.3,2025-10-11,2025-10-11,2025-10-20,2025-10-20
USR_E7154CCF,TRUE,621045.49,2025-09-11,2025-09-11,2025-09-20,2025-09-20
USR_E7154CCF,TRUE,120960.25,2025-08-11,2025-08-11,2025-08-20,2025-08-20
USR_AEB13D3F,TRUE,959295.18,2025-12-11,2025-12-11,2025-12-20,2025-12-20
USR_AEB13D3F,TRUE,411008.12,2025-12-11,2025-12-11,2025-12-20,2025-12-20
USR_AEB13D3F,TRUE,388852.07,2025-11-11,2025-11-11,2025-11-20,2025-11-20
USR_AEB13D3F,TRUE,802425.39,2025-10-11,2025-10-11,2025-10-20,2025-10-20
USR_AEB13D3F,TRUE,278279.28,2025-09-11,2025-09-11,2025-09-20,2025-09-20
USR_AEB13D3F,TRUE,407519.62,2025-08-11,2025-08-11,2025-08-20,2025-08-20
USR_FFD30A3B,TRUE,797634.86,2025-12-11,2025-12-11,2025-12-20,2025-12-20
USR_FFD30A3B,TRUE,382678.51,2025-12-11,2025-12-11,2025-12-20,2025-12-20
USR_FFD30A3B,TRUE,204480.98,2025-11-11,2025-11-11,2025-11-20,2025-11-20
USR_FFD30A3B,TRUE,401574.15,2025-10-11,2025-10-11,2025-10-20,2025-10-20
USR_FFD30A3B,TRUE,874356.44,2025-09-11,2025-09-11,2025-09-20,2025-09-20
USR_FFD30A3B,TRUE,634201.62,2025-08-11,2025-08-11,2025-08-20,2025-08-20
USR_3766F70F,TRUE,798059.21,2025-12-11,2025-12-11,2025-12-20,2025-12-20
USR_3766F70F,TRUE,306686.36,2025-12-11,2025-12-11,2025-12-20,2025-12-20
USR_3766F70F,TRUE,390286.85,2025-11-11,2025-11-11,2025-11-20,2025-11-20
USR_3766F70F,TRUE,673159.92,2025-10-11,2025-10-11,2025-10-20,2025-10-20
USR_3766F70F,TRUE,955032.99,2025-09-11,2025-09-11,2025-09-20,2025-09-20
USR_3766F70F,TRUE,998090.38,2025-08-11,2025-08-11,2025-08-20,2025-08-20
USR_465009E1,TRUE,748671.4,2025-12-11,2025-12-11,2025-12-20,2025-12-20
USR_465009E1,TRUE,353143.83,2025-12-11,2025-12-11,2025-12-20,2025-12-20
USR_465009E1,TRUE,446162.44,2025-11-11,2025-11-11,2025-11-20,2025-11-20
USR_465009E1,TRUE,419204.61,2025-10-11,2025-10-11,2025-10-20,2025-10-20
USR_465009E1,TRUE,109215.92,2025-09-11,2025-09-11,2025-09-20,2025-09-20
USR_465009E1,TRUE,213513.26,2025-08-11,2025-08-11,2025-08-20,2025-08-20
USR_9CE76E1D,FALSE,408205.78,2025-12-11,2025-12-16,2025-12-20,2026-01-16
USR_9CE76E1D,FALSE,717107.46,2025-12-11,2026-01-10,2025-12-20,2025-12-25
USR_9CE76E1D,FALSE,994688.08,2025-11-11,2025-11-16,2025-11-20,2025-12-08
USR_9CE76E1D,FALSE,882086.71,2025-10-11,2025-10-30,2025-10-20,2025-10-27
USR_9CE76E1D,FALSE,980114.72,2025-09-11,2025-09-30,2025-09-20,2025-09-22
USR_9CE76E1D,FALSE,681997.25,2025-08-11,2025-09-06,2025-08-20,2025-08-23
USR_57655714,TRUE,496800.11,2025-12-11,2025-12-11,2025-12-20,2025-12-20
USR_57655714,TRUE,903012.85,2025-12-11,2025-12-11,2025-12-20,2025-12-20
USR_57655714,TRUE,163039.68,2025-11-11,2025-11-11,2025-11-20,2025-11-20
USR_57655714,TRUE,368483.6,2025-10-11,2025-10-11,2025-10-20,2025-10-20
USR_57655714,TRUE,963329.94,2025-09-11,2025-09-11,2025-09-20,2025-09-20
USR_57655714,TRUE,480240.57,2025-08-11,2025-08-11,2025-08-20,2025-08-20
USR_98D1A60A,FALSE,519066.48,2025-12-11,2025-12-18,2025-12-20,2026-01-12
USR_98D1A60A,FALSE,514061.41,2025-12-11,2026-01-04,2025-12-20,2025-12-25
USR_98D1A60A,FALSE,412268.67,2025-11-11,2025-11-13,2025-11-20,2025-12-07
USR_98D1A60A,FALSE,971776.05,2025-10-11,2025-10-30,2025-10-20,2025-10-29
USR_98D1A60A,FALSE,771433.57,2025-09-11,2025-10-11,2025-09-20,2025-10-19
USR_98D1A60A,FALSE,740385.98,2025-08-11,2025-08-20,2025-08-20,2025-08-28
USR_D6516BFF,TRUE,592232.61,2025-12-11,2025-12-11,2025-12-20,2025-12-20
USR_D6516BFF,TRUE,769779.11,2025-12-11,2025-12-11,2025-12-20,2025-12-20
USR_D6516BFF,TRUE,766781.54,2025-11-11,2025-11-11,2025-11-20,2025-11-20
USR_D6516BFF,TRUE,185138.58,2025-10-11,2025-10-11,2025-10-20,2025-10-20
USR_D6516BFF,TRUE,888437.42,2025-09-11,2025-09-11,2025-09-20,2025-09-20
USR_D6516BFF,TRUE,977429.49,2025-08-11,2025-08-11,2025-08-20,2025-08-20
USR_755DF901,TRUE,430826.36,2025-12-11,2025-12-11,2025-12-20,2025-12-20
USR_755DF901,TRUE,821582.78,2025-12-11,2025-12-11,2025-12-20,2025-12-20
USR_755DF901,TRUE,125215.97,2025-11-11,2025-11-11,2025-11-20,2025-11-20
USR_755DF901,TRUE,811834.25,2025-10-11,2025-10-11,2025-10-20,2025-10-20
USR_755DF901,TRUE,669429.3,2025-09-11,2025-09-11,2025-09-20,2025-09-20
USR_755DF901,TRUE,744586.91,2025-08-11,2025-08-11,2025-08-20,2025-08-20
USR_1E2CC3AB,TRUE,744513.05,2025-12-11,2025-12-11,2025-12-20,2025-12-20
USR_1E2CC3AB,TRUE,763889.78,2025-12-11,2025-12-11,2025-12-20,2025-12-20
USR_1E2CC3AB,TRUE,376621.01,2025-11-11,2025-11-11,2025-11-20,2025-11-20
USR_1E2CC3AB,TRUE,806032.68,2025-10-11,2025-10-11,2025-10-20,2025-10-20
USR_1E2CC3AB,TRUE,148203.95,2025-09-11,2025-09-11,2025-09-20,2025-09-20
USR_1E2CC3AB,TRUE,737140.17,2025-08-11,2025-08-11,2025-08-20,2025-08-20
USR_8C49F09A,TRUE,156483.8,2025-12-11,2025-12-11,2025-12-20,2025-12-20
USR_8C49F09A,TRUE,917648.89,2025-12-11,2025-12-11,2025-12-20,2025-12-20
USR_8C49F09A,TRUE,248692.47,2025-11-11,2025-11-11,2025-11-20,2025-11-20
USR_8C49F09A,TRUE,350452.54,2025-10-11,2025-10-11,2025-10-20,2025-10-20
USR_8C49F09A,TRUE,191494.12,2025-09-11,2025-09-11,2025-09-20,2025-09-20
USR_8C49F09A,TRUE,706433.1,2025-08-11,2025-08-11,2025-08-20,2025-08-20
USR_8870D9AF,FALSE,884277.95,2025-12-11,2025-12-31,2025-12-20,2026-01-06
USR_8870D9AF,FALSE,941977.03,2025-12-11,2026-01-10,2025-12-20,2026-01-09
USR_8870D9AF,FALSE,287150.98,2025-11-11,2025-12-02,2025-11-20,2025-12-11
USR_8870D9AF,FALSE,636331.11,2025-10-11,2025-10-21,2025-10-20,2025-11-08
USR_8870D9AF,FALSE,513402.62,2025-09-11,2025-09-23,2025-09-20,2025-10-04
USR_8870D9AF,FALSE,145426.95,2025-08-11,2025-08-13,2025-08-20,2025-08-31
USR_B7DA36D3,FALSE,504814.83,2025-12-11,2025-12-25,2025-12-20,2025-12-21
USR_B7DA36D3,FALSE,812671.56,2025-12-11,2025-12-13,2025-12-20,2026-01-18
USR_B7DA36D3,FALSE,590394.53,2025-11-11,2025-11-18,2025-11-20,2025-12-07
USR_B7DA36D3,FALSE,756209.55,2025-10-11,2025-10-14,2025-10-20,2025-11-11
USR_B7DA36D3,FALSE,128659.46,2025-09-11,2025-09-17,2025-09-20,2025-10-03
USR_B7DA36D3,FALSE,872592.4,2025-08-11,2025-09-08,2025-08-20,2025-08-24
USR_19CC60B1,TRUE,703900.1,2025-12-11,2025-12-11,2025-12-20,2025-12-20
USR_19CC60B1,TRUE,384286.64,2025-12-11,2025-12-11,2025-12-20,2025-12-20
USR_19CC60B1,TRUE,200109.04,2025-11-11,2025-11-11,2025-11-20,2025-11-20
USR_19CC60B1,TRUE,999409.77,2025-10-11,2025-10-11,2025-10-20,2025-10-20
USR_19CC60B1,TRUE,603023.21,2025-09-11,2025-09-11,2025-09-20,2025-09-20
USR_19CC60B1,TRUE,622615.77,2025-08-11,2025-08-11,2025-08-20,2025-08-20
USR_7B1C9C69,TRUE,297735.45,2025-12-11,2025-12-11,2025-12-20,2025-12-20
USR_7B1C9C69,TRUE,516125.87,2025-12-11,2025-12-11,2025-12-20,2025-12-20
USR_7B1C9C69,TRUE,108923.4,2025-11-11,2025-11-11,2025-11-20,2025-11-20
USR_7B1C9C69,TRUE,619266.23,2025-10-11,2025-10-11,2025-10-20,2025-10-20
USR_7B1C9C69,TRUE,181738.3,2025-09-11,2025-09-11,2025-09-20,2025-09-20
USR_7B1C9C69,TRUE,962676.84,2025-08-11,2025-08-11,2025-08-20,2025-08-20
USR_084FEF19,TRUE,178771.79,2025-12-11,2025-12-11,2025-12-20,2025-12-20
USR_084FEF19,TRUE,973345.3,2025-12-11,2025-12-11,2025-12-20,2025-12-20
USR_084FEF19,TRUE,823563.06,2025-11-11,2025-11-11,2025-11-20,2025-11-20
USR_084FEF19,TRUE,878862.61,2025-10-11,2025-10-11,2025-10-20,2025-10-20
USR_084FEF19,TRUE,983308.62,2025-09-11,2025-09-11,2025-09-20,2025-09-20
USR_084FEF19,TRUE,724854.68,2025-08-11,2025-08-11,2025-08-20,2025-08-20
USR_06CCD972,TRUE,833262.31,2025-12-11,2025-12-11,2025-12-20,2025-12-20
USR_06CCD972,TRUE,649099.39,2025-12-11,2025-12-11,2025-12-20,2025-12-20
USR_06CCD972,TRUE,369961.51,2025-11-11,2025-11-11,2025-11-20,2025-11-20
USR_06CCD972,TRUE,599360.71,2025-10-11,2025-10-11,2025-10-20,2025-10-20
USR_06CCD972,TRUE,990761.21,2025-09-11,2025-09-11,2025-09-20,2025-09-20
USR_06CCD972,TRUE,220915.28,2025-08-11,2025-08-11,2025-08-20,2025-08-20
USR_45A9FC04,FALSE,650695.43,2025-12-11,2025-12-23,2025-12-20,2026-01-09
USR_45A9FC04,FALSE,468362.67,2025-12-11,2025-12-21,2025-12-20,2026-01-15
USR_45A9FC04,FALSE,693744.74,2025-11-11,2025-11-26,2025-11-20,2025-12-10
USR_45A9FC04,FALSE,908444.72,2025-10-11,2025-10-22,2025-10-20,2025-11-13
USR_45A9FC04,FALSE,548571.58,2025-09-11,2025-09-27,2025-09-20,2025-10-03
USR_45A9FC04,FALSE,782392.82,2025-08-11,2025-08-17,2025-08-20,2025-08-31
USR_09862374,TRUE,168214.13,2025-12-11,2025-12-11,2025-12-20,2025-12-20
USR_09862374,TRUE,295634.67,2025-12-11,2025-12-11,2025-12-20,2025-12-20
USR_09862374,TRUE,649126.63,2025-11-11,2025-11-11,2025-11-20,2025-11-20
USR_09862374,TRUE,517023.25,2025-10-11,2025-10-11,2025-10-20,2025-10-20
USR_09862374,TRUE,316297.75,2025-09-11,2025-09-11,2025-09-20,2025-09-20
USR_09862374,TRUE,388893.43,2025-08-11,2025-08-11,2025-08-20,2025-08-20
USR_7562D23D,TRUE,720961.08,2025-12-11,2025-12-11,2025-12-20,2025-12-20
USR_7562D23D,TRUE,650255.22,2025-12-11,2025-12-11,2025-12-20,2025-12-20
USR_7562D23D,TRUE,356804.24,2025-11-11,2025-11-11,2025-11-20,2025-11-20
USR_7562D23D,TRUE,145425.07,2025-10-11,2025-10-11,2025-10-20,2025-10-20
USR_7562D23D,TRUE,781743.99,2025-09-11,2025-09-11,2025-09-20,2025-09-20
USR_7562D23D,TRUE,246253.41,2025-08-11,2025-08-11,2025-08-20,2025-08-20
USR_5EE30742,TRUE,790793.24,2025-12-11,2025-12-11,2025-12-20,2025-12-20
USR_5EE30742,TRUE,100235.99,2025-12-11,2025-12-11,2025-12-20,2025-12-20
USR_5EE30742,TRUE,973675.17,2025-11-11,2025-11-11,2025-11-20,2025-11-20
USR_5EE30742,TRUE,242366.85,2025-10-11,2025-10-11,2025-10-20,2025-10-20
USR_5EE30742,TRUE,774567.11,2025-09-11,2025-09-11,2025-09-20,2025-09-20
USR_5EE30742,TRUE,736154.48,2025-08-11,2025-08-11,2025-08-20,2025-08-20
USR_5D5AB554,TRUE,851770.55,2025-12-11,2025-12-11,2025-12-20,2025-12-20
USR_5D5AB554,TRUE,597073.24,2025-12-11,2025-12-11,2025-12-20,2025-12-20
USR_5D5AB554,TRUE,499082.59,2025-11-11,2025-11-11,2025-11-20,2025-11-20
USR_5D5AB554,TRUE,515581.52,2025-10-11,2025-10-11,2025-10-20,2025-10-20
USR_5D5AB554,TRUE,890385.04,2025-09-11,2025-09-11,2025-09-20,2025-09-20
USR_5D5AB554,TRUE,867413.66,2025-08-11,2025-08-11,2025-08-20,2025-08-20
USR_EAB06DC5,TRUE,379564.4,2025-12-11,2025-12-11,2025-12-20,2025-12-20
USR_EAB06DC5,TRUE,162798.65,2025-12-11,2025-12-11,2025-12-20,2025-12-20
USR_EAB06DC5,TRUE,709403.71,2025-11-11,2025-11-11,2025-11-20,2025-11-20
USR_EAB06DC5,TRUE,597609.89,2025-10-11,2025-10-11,2025-10-20,2025-10-20
USR_EAB06DC5,TRUE,578985.21,2025-09-11,2025-09-11,2025-09-20,2025-09-20
USR_EAB06DC5,TRUE,378049.9,2025-08-11,2025-08-11,2025-08-20,2025-08-20
USR_91DE09D4,FALSE,785540.73,2025-12-11,2026-01-06,2025-12-20,2026-01-10
USR_91DE09D4,FALSE,220127.9,2025-12-11,2026-01-07,2025-12-20,2026-01-13
USR_91DE09D4,FALSE,432926.15,2025-11-11,2025-11-24,2025-11-20,2025-12-09
USR_91DE09D4,FALSE,391166.3,2025-10-11,2025-11-07,2025-10-20,2025-10-22
USR_91DE09D4,FALSE,854635.06,2025-09-11,2025-10-04,2025-09-20,2025-10-07
USR_91DE09D4,FALSE,833820.97,2025-08-11,2025-08-20,2025-08-20,2025-08-27
USR_36FFFF3D,FALSE,176906.73,2025-12-11,2026-01-08,2025-12-20,2026-01-03
USR_36FFFF3D,FALSE,905541.82,2025-12-11,2026-01-01,2025-12-20,2026-01-16
USR_36FFFF3D,FALSE,198087.12,2025-11-11,2025-12-11,2025-11-20,2025-11-24
USR_36FFFF3D,FALSE,256008.74,2025-10-11,2025-10-15,2025-10-20,2025-10-23
USR_36FFFF3D,FALSE,373495.56,2025-09-11,2025-09-12,2025-09-20,2025-10-20
USR_36FFFF3D,FALSE,668249.84,2025-08-11,2025-08-19,2025-08-20,2025-09-01
USR_144E80FB,TRUE,871127.12,2025-12-11,2025-12-11,2025-12-20,2025-12-20
USR_144E80FB,TRUE,902105.93,2025-12-11,2025-12-11,2025-12-20,2025-12-20
USR_144E80FB,TRUE,880265.1,2025-11-11,2025-11-11,2025-11-20,2025-11-20
USR_144E80FB,TRUE,539916.86,2025-10-11,2025-10-11,2025-10-20,2025-10-20
USR_144E80FB,TRUE,317463.06,2025-09-11,2025-09-11,2025-09-20,2025-09-20
USR_144E80FB,TRUE,645535.43,2025-08-11,2025-08-11,2025-08-20,2025-08-20
USR_5E55A8A9,TRUE,661471.35,2025-12-11,2025-12-11,2025-12-20,2025-12-20
USR_5E55A8A9,TRUE,128307.53,2025-12-11,2025-12-11,2025-12-20,2025-12-20
USR_5E55A8A9,TRUE,986320.26,2025-11-11,2025-11-11,2025-11-20,2025-11-20
USR_5E55A8A9,TRUE,837897.08,2025-10-11,2025-10-11,2025-10-20,2025-10-20
USR_5E55A8A9,TRUE,740901.67,2025-09-11,2025-09-11,2025-09-20,2025-09-20
USR_5E55A8A9,TRUE,121798.9,2025-08-11,2025-08-11,2025-08-20,2025-08-20
USR_825CCFDF,TRUE,284460.18,2025-12-11,2025-12-11,2025-12-20,2025-12-20
USR_825CCFDF,TRUE,460011.89,2025-12-11,2025-12-11,2025-12-20,2025-12-20
USR_825CCFDF,TRUE,700539.71,2025-11-11,2025-11-11,2025-11-20,2025-11-20
USR_825CCFDF,TRUE,152880.31,2025-10-11,2025-10-11,2025-10-20,2025-10-20
USR_825CCFDF,TRUE,756799.23,2025-09-11,2025-09-11,2025-09-20,2025-09-20
USR_825CCFDF,TRUE,610600.71,2025-08-11,2025-08-11,2025-08-20,2025-08-20
USR_D30F9DD6,TRUE,714635.8,2025-12-11,2025-12-11,2025-12-20,2025-12-20
USR_D30F9DD6,TRUE,229967.48,2025-12-11,2025-12-11,2025-12-20,2025-12-20
USR_D30F9DD6,TRUE,957423.6,2025-11-11,2025-11-11,2025-11-20,2025-11-20
USR_D30F9DD6,TRUE,281087.37,2025-10-11,2025-10-11,2025-10-20,2025-10-20
USR_D30F9DD6,TRUE,504354.07,2025-09-11,2025-09-11,2025-09-20,2025-09-20
USR_D30F9DD6,TRUE,134172.46,2025-08-11,2025-08-11,2025-08-20,2025-08-20
USR_FB277C3A,FALSE,842974.8,2025-12-11,2025-12-21,2025-12-20,2025-12-28
USR_FB277C3A,FALSE,843005.2,2025-12-11,2026-01-04,2025-12-20,2026-01-05
USR_FB277C3A,FALSE,626293.46,2025-11-11,2025-11-14,2025-11-20,2025-12-20
USR_FB277C3A,FALSE,123435.95,2025-10-11,2025-11-05,2025-10-20,2025-11-10
USR_FB277C3A,FALSE,361671.17,2025-09-11,2025-09-17,2025-09-20,2025-09-22
USR_FB277C3A,FALSE,953767.9,2025-08-11,2025-08-28,2025-08-20,2025-09-13
USR_5FB8BA19,TRUE,310390.33,2025-12-11,2025-12-11,2025-12-20,2025-12-20
USR_5FB8BA19,TRUE,186681.13,2025-12-11,2025-12-11,2025-12-20,2025-12-20
USR_5FB8BA19,TRUE,630861.58,2025-11-11,2025-11-11,2025-11-20,2025-11-20
USR_5FB8BA19,TRUE,857409.31,2025-10-11,2025-10-11,2025-10-20,2025-10-20
USR_5FB8BA19,TRUE,746528.83,2025-09-11,2025-09-11,2025-09-20,2025-09-20
USR_5FB8BA19,TRUE,353212.6,2025-08-11,2025-08-11,2025-08-20,2025-08-20
USR_B6F19000,TRUE,475766.72,2025-12-11,2025-12-11,2025-12-20,2025-12-20
USR_B6F19000,TRUE,392697.36,2025-12-11,2025-12-11,2025-12-20,2025-12-20
USR_B6F19000,TRUE,566881.63,2025-11-11,2025-11-11,2025-11-20,2025-11-20
USR_B6F19000,TRUE,376010.35,2025-10-11,2025-10-11,2025-10-20,2025-10-20
USR_B6F19000,TRUE,128004.73,2025-09-11,2025-09-11,2025-09-20,2025-09-20
USR_B6F19000,TRUE,448078.29,2025-08-11,2025-08-11,2025-08-20,2025-08-20
USR_7DE9B2A8,FALSE,732075.83,2025-12-11,2025-12-13,2025-12-20,2025-12-26
USR_7DE9B2A8,FALSE,392325.78,2025-12-11,2026-01-02,2025-12-20,2025-12-30
USR_7DE9B2A8,FALSE,455963.11,2025-11-11,2025-11-21,2025-11-20,2025-12-04
USR_7DE9B2A8,FALSE,253182.53,2025-10-11,2025-10-30,2025-10-20,2025-11-10
USR_7DE9B2A8,FALSE,135289.63,2025-09-11,2025-09-22,2025-09-20,2025-10-09
USR_7DE9B2A8,FALSE,458893.86,2025-08-11,2025-09-04,2025-08-20,2025-08-21
USR_242D1EE9,TRUE,863211.67,2025-12-11,2025-12-11,2025-12-20,2025-12-20
USR_242D1EE9,TRUE,548126.4,2025-12-11,2025-12-11,2025-12-20,2025-12-20
USR_242D1EE9,TRUE,251093.19,2025-11-11,2025-11-11,2025-11-20,2025-11-20
USR_242D1EE9,TRUE,719077.94,2025-10-11,2025-10-11,2025-10-20,2025-10-20
USR_242D1EE9,TRUE,207233.39,2025-09-11,2025-09-11,2025-09-20,2025-09-20
USR_242D1EE9,TRUE,735095.94,2025-08-11,2025-08-11,2025-08-20,2025-08-20
USR_FE64BFB5,TRUE,335889.28,2025-12-11,2025-12-11,2025-12-20,2025-12-20
USR_FE64BFB5,TRUE,781169.58,2025-12-11,2025-12-11,2025-12-20,2025-12-20
USR_FE64BFB5,TRUE,737127.3,2025-11-11,2025-11-11,2025-11-20,2025-11-20
USR_FE64BFB5,TRUE,355625.21,2025-10-11,2025-10-11,2025-10-20,2025-10-20
USR_FE64BFB5,TRUE,560489.74,2025-09-11,2025-09-11,2025-09-20,2025-09-20
USR_FE64BFB5,TRUE,576326.94,2025-08-11,2025-08-11,2025-08-20,2025-08-20
USR_FAC65156,FALSE,111335.35,2025-12-11,2025-12-17,2025-12-20,2026-01-11
USR_FAC65156,FALSE,263961.26,2025-12-11,2025-12-18,2025-12-20,2026-01-14
USR_FAC65156,FALSE,282834.4,2025-11-11,2025-12-06,2025-11-20,2025-12-11
USR_FAC65156,FALSE,740675.73,2025-10-11,2025-11-04,2025-10-20,2025-10-28
USR_FAC65156,FALSE,886853.52,2025-09-11,2025-09-22,2025-09-20,2025-09-27
USR_FAC65156,FALSE,696206.82,2025-08-11,2025-08-12,2025-08-20,2025-09-19
USR_086634EB,TRUE,587048.88,2025-12-11,2025-12-11,2025-12-20,2025-12-20
USR_086634EB,TRUE,885477.43,2025-12-11,2025-12-11,2025-12-20,2025-12-20
USR_086634EB,TRUE,600806.56,2025-11-11,2025-11-11,2025-11-20,2025-11-20
USR_086634EB,TRUE,677342.96,2025-10-11,2025-10-11,2025-10-20,2025-10-20
USR_086634EB,TRUE,321989.66,2025-09-11,2025-09-11,2025-09-20,2025-09-20
USR_086634EB,TRUE,117086.67,2025-08-11,2025-08-11,2025-08-20,2025-08-20
USR_69F2F051,TRUE,278533.0,2025-12-11,2025-12-11,2025-12-20,2025-12-20
USR_69F2F051,TRUE,337336.58,2025-12-11,2025-12-11,2025-12-20,2025-12-20
USR_69F2F051,TRUE,348389.82,2025-11-11,2025-11-11,2025-11-20,2025-11-20
USR_69F2F051,TRUE,504545.06,2025-10-11,2025-10-11,2025-10-20,2025-10-20
USR_69F2F051,TRUE,959121.94,2025-09-11,2025-09-11,2025-09-20,2025-09-20
USR_69F2F051,TRUE,316435.2,2025-08-11,2025-08-11,2025-08-20,2025-08-20
USR_A19BFA1C,TRUE,677126.86,2025-12-11,2025-12-11,2025-12-20,2025-12-20
USR_A19BFA1C,TRUE,121258.64,2025-12-11,2025-12-11,2025-12-20,2025-12-20
USR_A19BFA1C,TRUE,258713.1,2025-11-11,2025-11-11,2025-11-20,2025-11-20
USR_A19BFA1C,TRUE,216060.17,2025-10-11,2025-10-11,2025-10-20,2025-10-20
USR_A19BFA1C,TRUE,256481.95,2025-09-11,2025-09-11,2025-09-20,2025-09-20
USR_A19BFA1C,TRUE,286850.77,2025-08-11,2025-08-11,2025-08-20,2025-08-20
USR_FE7E74D6,TRUE,262893.85,2025-12-11,2025-12-11,2025-12-20,2025-12-20
USR_FE7E74D6,TRUE,577507.44,2025-12-11,2025-12-11,2025-12-20,2025-12-20
USR_FE7E74D6,TRUE,750534.08,2025-11-11,2025-11-11,2025-11-20,2025-11-20
USR_FE7E74D6,TRUE,878857.59,2025-10-11,2025-10-11,2025-10-20,2025-10-20
USR_FE7E74D6,TRUE,475621.05,2025-09-11,2025-09-11,2025-09-20,2025-09-20
USR_FE7E74D6,TRUE,958949.84,2025-08-11,2025-08-11,2025-08-20,2025-08-20
USR_6102E06E,FALSE,765966.49,2025-12-11,2025-12-22,2025-12-20,2026-01-16
USR_6102E06E,FALSE,117536.8,2025-12-11,2025-12-28,2025-12-20,2025-12-26
USR_6102E06E,FALSE,908713.23,2025-11-11,2025-11-26,2025-11-20,2025-12-18
USR_6102E06E,FALSE,860467.32,2025-10-11,2025-10-17,2025-10-20,2025-10-28
USR_6102E06E,FALSE,182642.46,2025-09-11,2025-09-28,2025-09-20,2025-09-22
USR_6102E06E,FALSE,149479.35,2025-08-11,2025-08-22,2025-08-20,2025-08-28
USR_55FD6ABD,TRUE,114388.9,2025-12-11,2025-12-11,2025-12-20,2025-12-20
USR_55FD6ABD,TRUE,616898.96,2025-12-11,2025-12-11,2025-12-20,2025-12-20
USR_55FD6ABD,TRUE,330503.3,2025-11-11,2025-11-11,2025-11-20,2025-11-20
USR_55FD6ABD,TRUE,597290.89,2025-10-11,2025-10-11,2025-10-20,2025-10-20
USR_55FD6ABD,TRUE,927900.59,2025-09-11,2025-09-11,2025-09-20,2025-09-20
USR_55FD6ABD,TRUE,952629.47,2025-08-11,2025-08-11,2025-08-20,2025-08-20
USR_72ADDD54,TRUE,679195.26,2025-12-11,2025-12-11,2025-12-20,2025-12-20
USR_72ADDD54,TRUE,296179.97,2025-12-11,2025-12-11,2025-12-20,2025-12-20
USR_72ADDD54,TRUE,772602.84,2025-11-11,2025-11-11,2025-11-20,2025-11-20
USR_72ADDD54,TRUE,550250.3,2025-10-11,2025-10-11,2025-10-20,2025-10-20
USR_72ADDD54,TRUE,126021.09,2025-09-11,2025-09-11,2025-09-20,2025-09-20
USR_72ADDD54,TRUE,994121.21,2025-08-11,2025-08-11,2025-08-20,2025-08-20
USR_A221426C,TRUE,392551.01,2025-12-11,2025-12-11,2025-12-20,2025-12-20
USR_A221426C,TRUE,299480.25,2025-12-11,2025-12-11,2025-12-20,2025-12-20
USR_A221426C,TRUE,549092.72,2025-11-11,2025-11-11,2025-11-20,2025-11-20
USR_A221426C,TRUE,997063.57,2025-10-11,2025-10-11,2025-10-20,2025-10-20
USR_A221426C,TRUE,335816.61,2025-09-11,2025-09-11,2025-09-20,2025-09-20
USR_A221426C,TRUE,992428.1,2025-08-11,2025-08-11,2025-08-20,2025-08-20
USR_B3C4DAE9,TRUE,113026.08,2025-12-11,2025-12-11,2025-12-20,2025-12-20
USR_B3C4DAE9,TRUE,750017.23,2025-12-11,2025-12-11,2025-12-20,2025-12-20
USR_B3C4DAE9,TRUE,177551.98,2025-11-11,2025-11-11,2025-11-20,2025-11-20
USR_B3C4DAE9,TRUE,242314.25,2025-10-11,2025-10-11,2025-10-20,2025-10-20
USR_B3C4DAE9,TRUE,443499.26,2025-09-11,2025-09-11,2025-09-20,2025-09-20
USR_B3C4DAE9,TRUE,185027.74,2025-08-11,2025-08-11,2025-08-20,2025-08-20
USR_9321D5E4,FALSE,237860.6,2025-12-11,2025-12-13,2025-12-20,2026-01-02
USR_9321D5E4,FALSE,575033.26,2025-12-11,2025-12-23,2025-12-20,2026-01-08
USR_9321D5E4,FALSE,674340.18,2025-11-11,2025-11-26,2025-11-20,2025-11-21
USR_9321D5E4,FALSE,816209.95,2025-10-11,2025-10-14,2025-10-20,2025-10-29
USR_9321D5E4,FALSE,946839.49,2025-09-11,2025-09-21,2025-09-20,2025-10-11
USR_9321D5E4,FALSE,562595.86,2025-08-11,2025-08-14,2025-08-20,2025-09-16
USR_97AA3EAA,TRUE,740007.12,2025-12-11,2025-12-11,2025-12-20,2025-12-20
USR_97AA3EAA,TRUE,203701.82,2025-12-11,2025-12-11,2025-12-20,2025-12-20
USR_97AA3EAA,TRUE,733496.14,2025-11-11,2025-11-11,2025-11-20,2025-11-20
USR_97AA3EAA,TRUE,108510.0,2025-10-11,2025-10-11,2025-10-20,2025-10-20
USR_97AA3EAA,TRUE,152704.24,2025-09-11,2025-09-11,2025-09-20,2025-09-20
USR_97AA3EAA,TRUE,429829.01,2025-08-11,2025-08-11,2025-08-20,2025-08-20
USR_353EE2EB,TRUE,629535.57,2025-12-11,2025-12-11,2025-12-20,2025-12-20
USR_353EE2EB,TRUE,739517.77,2025-12-11,2025-12-11,2025-12-20,2025-12-20
USR_353EE2EB,TRUE,566033.52,2025-11-11,2025-11-11,2025-11-20,2025-11-20
USR_353EE2EB,TRUE,451340.15,2025-10-11,2025-10-11,2025-10-20,2025-10-20
USR_353EE2EB,TRUE,510167.47,2025-09-11,2025-09-11,2025-09-20,2025-09-20
USR_353EE2EB,TRUE,565644.58,2025-08-11,2025-08-11,2025-08-20,2025-08-20
USR_090387A6,FALSE,275126.4,2025-12-11,2025-12-21,2025-12-20,2026-01-15
USR_090387A6,FALSE,404149.7,2025-12-11,2025-12-28,2025-12-20,2026-01-12
USR_090387A6,FALSE,757507.94,2025-11-11,2025-11-13,2025-11-20,2025-12-14
USR_090387A6,FALSE,207576.96,2025-10-11,2025-11-04,2025-10-20,2025-11-16
USR_090387A6,FALSE,922490.03,2025-09-11,2025-09-26,2025-09-20,2025-10-20
USR_090387A6,FALSE,525031.48,2025-08-11,2025-09-09,2025-08-20,2025-08-28
USR_8E3FBCD4,TRUE,899089.51,2025-12-11,2025-12-11,2025-12-20,2025-12-20
USR_8E3FBCD4,TRUE,971522.6,2025-12-11,2025-12-11,2025-12-20,2025-12-20
USR_8E3FBCD4,TRUE,932958.51,2025-11-11,2025-11-11,2025-11-20,2025-11-20
USR_8E3FBCD4,TRUE,362061.23,2025-10-11,2025-10-11,2025-10-20,2025-10-20
USR_8E3FBCD4,TRUE,931582.6,2025-09-11,2025-09-11,2025-09-20,2025-09-20
USR_8E3FBCD4,TRUE,525568.59,2025-08-11,2025-08-11,2025-08-20,2025-08-20
USR_1CBA486D,TRUE,727773.52,2025-12-11,2025-12-11,2025-12-20,2025-12-20
USR_1CBA486D,TRUE,780746.67,2025-12-11,2025-12-11,2025-12-20,2025-12-20
USR_1CBA486D,TRUE,217226.12,2025-11-11,2025-11-11,2025-11-20,2025-11-20
USR_1CBA486D,TRUE,408763.16,2025-10-11,2025-10-11,2025-10-20,2025-10-20
USR_1CBA486D,TRUE,450134.93,2025-09-11,2025-09-11,2025-09-20,2025-09-20
USR_1CBA486D,TRUE,784611.1,2025-08-11,2025-08-11,2025-08-20,2025-08-20
USR_754846AC,TRUE,413823.11,2025-12-11,2025-12-11,2025-12-20,2025-12-20
USR_754846AC,TRUE,822187.07,2025-12-11,2025-12-11,2025-12-20,2025-12-20
USR_754846AC,TRUE,358714.19,2025-11-11,2025-11-11,2025-11-20,2025-11-20
USR_754846AC,TRUE,879554.25,2025-10-11,2025-10-11,2025-10-20,2025-10-20
USR_754846AC,TRUE,363793.81,2025-09-11,2025-09-11,2025-09-20,2025-09-20
USR_754846AC,TRUE,152077.41,2025-08-11,2025-08-11,2025-08-20,2025-08-20
USR_85DA6220,TRUE,615070.74,2025-12-11,2025-12-11,2025-12-20,2025-12-20
USR_85DA6220,TRUE,979314.67,2025-12-11,2025-12-11,2025-12-20,2025-12-20
USR_85DA6220,TRUE,671404.95,2025-11-11,2025-11-11,2025-11-20,2025-11-20
USR_85DA6220,TRUE,738043.16,2025-10-11,2025-10-11,2025-10-20,2025-10-20
USR_85DA6220,TRUE,265997.38,2025-09-11,2025-09-11,2025-09-20,2025-09-20
USR_85DA6220,TRUE,750217.14,2025-08-11,2025-08-11,2025-08-20,2025-08-20
USR_E94B78E6,FALSE,958773.06,2025-12-11,2026-01-01,2025-12-20,2026-01-18
USR_E94B78E6,FALSE,230645.68,2025-12-11,2026-01-07,2025-12-20,2026-01-19
USR_E94B78E6,FALSE,259182.96,2025-11-11,2025-11-28,2025-11-20,2025-12-12
USR_E94B78E6,FALSE,552111.39,2025-10-11,2025-11-01,2025-10-20,2025-11-02
USR_E94B78E6,FALSE,225952.06,2025-09-11,2025-10-11,2025-09-20,2025-10-06
USR_E94B78E6,FALSE,565897.16,2025-08-11,2025-09-09,2025-08-20,2025-09-02
USR_3AA57C82,TRUE,617344.44,2025-12-11,2025-12-11,2025-12-20,2025-12-20
USR_3AA57C82,TRUE,764921.56,2025-12-11,2025-12-11,2025-12-20,2025-12-20
USR_3AA57C82,TRUE,943574.25,2025-11-11,2025-11-11,2025-11-20,2025-11-20
USR_3AA57C82,TRUE,882296.66,2025-10-11,2025-10-11,2025-10-20,2025-10-20
USR_3AA57C82,TRUE,414634.45,2025-09-11,2025-09-11,2025-09-20,2025-09-20
USR_3AA57C82,TRUE,393035.76,2025-08-11,2025-08-11,2025-08-20,2025-08-20
USR_5C1E32CD,TRUE,655694.09,2025-12-11,2025-12-11,2025-12-20,2025-12-20
USR_5C1E32CD,TRUE,834284.92,2025-12-11,2025-12-11,2025-12-20,2025-12-20
USR_5C1E32CD,TRUE,510153.62,2025-11-11,2025-11-11,2025-11-20,2025-11-20
USR_5C1E32CD,TRUE,214148.39,2025-10-11,2025-10-11,2025-10-20,2025-10-20
USR_5C1E32CD,TRUE,990226.16,2025-09-11,2025-09-11,2025-09-20,2025-09-20
USR_5C1E32CD,TRUE,531224.97,2025-08-11,2025-08-11,2025-08-20,2025-08-20
USR_3D10FADA,TRUE,724000.88,2025-12-11,2025-12-11,2025-12-20,2025-12-20
USR_3D10FADA,TRUE,547354.53,2025-12-11,2025-12-11,2025-12-20,2025-12-20
USR_3D10FADA,TRUE,884113.64,2025-11-11,2025-11-11,2025-11-20,2025-11-20
USR_3D10FADA,TRUE,928173.29,2025-10-11,2025-10-11,2025-10-20,2025-10-20
USR_3D10FADA,TRUE,369339.58,2025-09-11,2025-09-11,2025-09-20,2025-09-20
USR_3D10FADA,TRUE,650472.27,2025-08-11,2025-08-11,2025-08-20,2025-08-20
USR_88FAD78D,TRUE,380734.6,2025-12-11,2025-12-11,2025-12-20,2025-12-20
USR_88FAD78D,TRUE,950131.55,2025-12-11,2025-12-11,2025-12-20,2025-12-20
USR_88FAD78D,TRUE,757306.54,2025-11-11,2025-11-11,2025-11-20,2025-11-20
USR_88FAD78D,TRUE,865051.97,2025-10-11,2025-10-11,2025-10-20,2025-10-20
USR_88FAD78D,TRUE,784717.92,2025-09-11,2025-09-11,2025-09-20,2025-09-20
USR_88FAD78D,TRUE,624196.17,2025-08-11,2025-08-11,2025-08-20,2025-08-20
USR_DA92374C,TRUE,327521.44,2025-12-11,2025-12-11,2025-12-20,2025-12-20
USR_DA92374C,TRUE,969173.61,2025-12-11,2025-12-11,2025-12-20,2025-12-20
USR_DA92374C,TRUE,734795.81,2025-11-11,2025-11-11,2025-11-20,2025-11-20
USR_DA92374C,TRUE,424355.48,2025-10-11,2025-10-11,2025-10-20,2025-10-20
USR_DA92374C,TRUE,416162.76,2025-09-11,2025-09-11,2025-09-20,2025-09-20
USR_DA92374C,TRUE,105533.22,2025-08-11,2025-08-11,2025-08-20,2025-08-20
USR_E7BE05B3,TRUE,139092.06,2025-12-11,2025-12-11,2025-12-20,2025-12-20
USR_E7BE05B3,TRUE,305982.95,2025-12-11,2025-12-11,2025-12-20,2025-12-20
USR_E7BE05B3,TRUE,976898.83,2025-11-11,2025-11-11,2025-11-20,2025-11-20
USR_E7BE05B3,TRUE,909683.54,2025-10-11,2025-10-11,2025-10-20,2025-10-20
USR_E7BE05B3,TRUE,348000.02,2025-09-11,2025-09-11,2025-09-20,2025-09-20
USR_E7BE05B3,TRUE,993894.7,2025-08-11,2025-08-11,2025-08-20,2025-08-20
USR_9358B673,FALSE,136598.81,2025-12-11,2025-12-15,2025-12-20,2026-01-01
USR_9358B673,FALSE,544968.54,2025-12-11,2025-12-25,2025-12-20,2026-01-09
USR_9358B673,FALSE,154253.2,2025-11-11,2025-11-21,2025-11-20,2025-12-05
USR_9358B673,FALSE,615643.17,2025-10-11,2025-10-14,2025-10-20,2025-11-18
USR_9358B673,FALSE,724535.96,2025-09-11,2025-10-10,2025-09-20,2025-09-22
USR_9358B673,FALSE,976593.94,2025-08-11,2025-09-10,2025-08-20,2025-08-26
USR_0DFFC949,FALSE,454050.62,2025-12-11,2025-12-12,2025-12-20,2026-01-10
USR_0DFFC949,FALSE,143423.4,2025-12-11,2026-01-05,2025-12-20,2025-12-24
USR_0DFFC949,FALSE,130103.36,2025-11-11,2025-11-15,2025-11-20,2025-11-30
USR_0DFFC949,FALSE,921430.64,2025-10-11,2025-11-05,2025-10-20,2025-11-04
USR_0DFFC949,FALSE,428162.5,2025-09-11,2025-09-21,2025-09-20,2025-10-04
USR_0DFFC949,FALSE,476510.58,2025-08-11,2025-09-03,2025-08-20,2025-09-09
USR_1025B254,TRUE,472707.37,2025-12-11,2025-12-11,2025-12-20,2025-12-20
USR_1025B254,TRUE,342798.87,2025-12-11,2025-12-11,2025-12-20,2025-12-20
USR_1025B254,TRUE,633573.79,2025-11-11,2025-11-11,2025-11-20,2025-11-20
USR_1025B254,TRUE,161521.6,2025-10-11,2025-10-11,2025-10-20,2025-10-20
USR_1025B254,TRUE,916574.12,2025-09-11,2025-09-11,2025-09-20,2025-09-20
USR_1025B254,TRUE,111178.36,2025-08-11,2025-08-11,2025-08-20,2025-08-20
USR_894C8ED5,TRUE,898068.56,2025-12-11,2025-12-11,2025-12-20,2025-12-20
USR_894C8ED5,TRUE,961396.61,2025-12-11,2025-12-11,2025-12-20,2025-12-20
USR_894C8ED5,TRUE,878232.98,2025-11-11,2025-11-11,2025-11-20,2025-11-20
USR_894C8ED5,TRUE,502247.91,2025-10-11,2025-10-11,2025-10-20,2025-10-20
USR_894C8ED5,TRUE,286963.88,2025-09-11,2025-09-11,2025-09-20,2025-09-20
USR_894C8ED5,TRUE,935877.28,2025-08-11,2025-08-11,2025-08-20,2025-08-20
USR_9FB70AD3,TRUE,115380.73,2025-12-11,2025-12-11,2025-12-20,2025-12-20
USR_9FB70AD3,TRUE,660264.49,2025-12-11,2025-12-11,2025-12-20,2025-12-20
USR_9FB70AD3,TRUE,840563.6,2025-11-11,2025-11-11,2025-11-20,2025-11-20
USR_9FB70AD3,TRUE,711101.66,2025-10-11,2025-10-11,2025-10-20,2025-10-20
USR_9FB70AD3,TRUE,515547.86,2025-09-11,2025-09-11,2025-09-20,2025-09-20
USR_9FB70AD3,TRUE,796311.88,2025-08-11,2025-08-11,2025-08-20,2025-08-20
USR_3F14E1DC,TRUE,231395.46,2025-12-11,2025-12-11,2025-12-20,2025-12-20
USR_3F14E1DC,TRUE,890805.3,2025-12-11,2025-12-11,2025-12-20,2025-12-20
USR_3F14E1DC,TRUE,755446.62,2025-11-11,2025-11-11,2025-11-20,2025-11-20
USR_3F14E1DC,TRUE,312998.08,2025-10-11,2025-10-11,2025-10-20,2025-10-20
USR_3F14E1DC,TRUE,888629.02,2025-09-11,2025-09-11,2025-09-20,2025-09-20
USR_3F14E1DC,TRUE,407718.01,2025-08-11,2025-08-11,2025-08-20,2025-08-20
USR_EF6FB447,TRUE,655978.95,2025-12-11,2025-12-11,2025-12-20,2025-12-20
USR_EF6FB447,TRUE,741099.45,2025-12-11,2025-12-11,2025-12-20,2025-12-20
USR_EF6FB447,TRUE,682586.15,2025-11-11,2025-11-11,2025-11-20,2025-11-20
USR_EF6FB447,TRUE,405490.5,2025-10-11,2025-10-11,2025-10-20,2025-10-20
USR_EF6FB447,TRUE,475357.34,2025-09-11,2025-09-11,2025-09-20,2025-09-20
USR_EF6FB447,TRUE,786953.39,2025-08-11,2025-08-11,2025-08-20,2025-08-20
USR_D8ACB5C5,TRUE,747676.65,2025-12-11,2025-12-11,2025-12-20,2025-12-20
USR_D8ACB5C5,TRUE,972903.35,2025-12-11,2025-12-11,2025-12-20,2025-12-20
USR_D8ACB5C5,TRUE,529949.45,2025-11-11,2025-11-11,2025-11-20,2025-11-20
USR_D8ACB5C5,TRUE,887986.22,2025-10-11,2025-10-11,2025-10-20,2025-10-20
USR_D8ACB5C5,TRUE,877001.91,2025-09-11,2025-09-11,2025-09-20,2025-09-20
USR_D8ACB5C5,TRUE,459508.36,2025-08-11,2025-08-11,2025-08-20,2025-08-20
USR_3410EFC3,TRUE,995957.1,2025-12-11,2025-12-11,2025-12-20,2025-12-20
USR_3410EFC3,TRUE,973951.03,2025-12-11,2025-12-11,2025-12-20,2025-12-20
USR_3410EFC3,TRUE,816297.27,2025-11-11,2025-11-11,2025-11-20,2025-11-20
USR_3410EFC3,TRUE,738640.48,2025-10-11,2025-10-11,2025-10-20,2025-10-20
USR_3410EFC3,TRUE,736281.91,2025-09-11,2025-09-11,2025-09-20,2025-09-20
USR_3410EFC3,TRUE,824366.25,2025-08-11,2025-08-11,2025-08-20,2025-08-20
USR_9B756391,FALSE,651725.31,2025-12-11,2025-12-15,2025-12-20,2025-12-31
USR_9B756391,FALSE,225243.58,2025-12-11,2026-01-04,2025-12-20,2026-01-03
USR_9B756391,FALSE,896130.55,2025-11-11,2025-11-28,2025-11-20,2025-12-03
USR_9B756391,FALSE,131823.93,2025-10-11,2025-10-18,2025-10-20,2025-11-09
USR_9B756391,FALSE,970468.49,2025-09-11,2025-09-17,2025-09-20,2025-09-29
USR_9B756391,FALSE,781047.04,2025-08-11,2025-09-01,2025-08-20,2025-09-04
USR_CA98ABFF,TRUE,403894.81,2025-12-11,2025-12-11,2025-12-20,2025-12-20
USR_CA98ABFF,TRUE,203617.78,2025-12-11,2025-12-11,2025-12-20,2025-12-20
USR_CA98ABFF,TRUE,268479.92,2025-11-11,2025-11-11,2025-11-20,2025-11-20
USR_CA98ABFF,TRUE,145813.35,2025-10-11,2025-10-11,2025-10-20,2025-10-20
USR_CA98ABFF,TRUE,238467.95,2025-09-11,2025-09-11,2025-09-20,2025-09-20
USR_CA98ABFF,TRUE,992211.53,2025-08-11,2025-08-11,2025-08-20,2025-08-20
USR_0561E83D,TRUE,272597.41,2025-12-11,2025-12-11,2025-12-20,2025-12-20
USR_0561E83D,TRUE,260739.41,2025-12-11,2025-12-11,2025-12-20,2025-12-20
USR_0561E83D,TRUE,909339.37,2025-11-11,2025-11-11,2025-11-20,2025-11-20
USR_0561E83D,TRUE,509209.5,2025-10-11,2025-10-11,2025-10-20,2025-10-20
USR_0561E83D,TRUE,221295.96,2025-09-11,2025-09-11,2025-09-20,2025-09-20
USR_0561E83D,TRUE,217244.75,2025-08-11,2025-08-11,2025-08-20,2025-08-20
USR_70FFA26D,TRUE,302816.99,2025-12-11,2025-12-11,2025-12-20,2025-12-20
USR_70FFA26D,TRUE,849296.91,2025-12-11,2025-12-11,2025-12-20,2025-12-20
USR_70FFA26D,TRUE,519169.85,2025-11-11,2025-11-11,2025-11-20,2025-11-20
USR_70FFA26D,TRUE,436679.09,2025-10-11,2025-10-11,2025-10-20,2025-10-20
USR_70FFA26D,TRUE,523872.45,2025-09-11,2025-09-11,2025-09-20,2025-09-20
USR_70FFA26D,TRUE,645040.7,2025-08-11,2025-08-11,2025-08-20,2025-08-20
USR_1F2F3BCA,TRUE,348797.93,2025-12-11,2025-12-11,2025-12-20,2025-12-20
USR_1F2F3BCA,TRUE,614024.25,2025-12-11,2025-12-11,2025-12-20,2025-12-20
USR_1F2F3BCA,TRUE,769903.39,2025-11-11,2025-11-11,2025-11-20,2025-11-20
USR_1F2F3BCA,TRUE,775118.5,2025-10-11,2025-10-11,2025-10-20,2025-10-20
USR_1F2F3BCA,TRUE,245393.85,2025-09-11,2025-09-11,2025-09-20,2025-09-20
USR_1F2F3BCA,TRUE,172823.48,2025-08-11,2025-08-11,2025-08-20,2025-08-20
USR_58FCDB9D,TRUE,549885.04,2025-12-11,2025-12-11,2025-12-20,2025-12-20
USR_58FCDB9D,TRUE,937352.66,2025-12-11,2025-12-11,2025-12-20,2025-12-20
USR_58FCDB9D,TRUE,897882.83,2025-11-11,2025-11-11,2025-11-20,2025-11-20
USR_58FCDB9D,TRUE,837216.67,2025-10-11,2025-10-11,2025-10-20,2025-10-20
USR_58FCDB9D,TRUE,636236.61,2025-09-11,2025-09-11,2025-09-20,2025-09-20
USR_58FCDB9D,TRUE,284484.97,2025-08-11,2025-08-11,2025-08-20,2025-08-20
USR_617E0112,FALSE,298377.24,2025-12-11,2025-12-26,2025-12-20,2026-01-14
USR_617E0112,FALSE,493714.79,2025-12-11,2026-01-06,2025-12-20,2026-01-09
USR_617E0112,FALSE,654044.12,2025-11-11,2025-11-18,2025-11-20,2025-12-09
USR_617E0112,FALSE,447004.56,2025-10-11,2025-10-20,2025-10-20,2025-10-22
USR_617E0112,FALSE,345194.98,2025-09-11,2025-09-26,2025-09-20,2025-09-22
USR_617E0112,FALSE,804519.39,2025-08-11,2025-08-24,2025-08-20,2025-08-26
USR_7EE05B07,TRUE,562340.5,2025-12-11,2025-12-11,2025-12-20,2025-12-20
USR_7EE05B07,TRUE,786733.25,2025-12-11,2025-12-11,2025-12-20,2025-12-20
USR_7EE05B07,TRUE,120370.77,2025-11-11,2025-11-11,2025-11-20,2025-11-20
USR_7EE05B07,TRUE,110775.54,2025-10-11,2025-10-11,2025-10-20,2025-10-20
USR_7EE05B07,TRUE,993750.82,2025-09-11,2025-09-11,2025-09-20,2025-09-20
USR_7EE05B07,TRUE,567869.69,2025-08-11,2025-08-11,2025-08-20,2025-08-20
USR_75033AEF,TRUE,606629.39,2025-12-11,2025-12-11,2025-12-20,2025-12-20
USR_75033AEF,TRUE,891009.27,2025-12-11,2025-12-11,2025-12-20,2025-12-20
USR_75033AEF,TRUE,549546.99,2025-11-11,2025-11-11,2025-11-20,2025-11-20
USR_75033AEF,TRUE,360521.44,2025-10-11,2025-10-11,2025-10-20,2025-10-20
USR_75033AEF,TRUE,125353.33,2025-09-11,2025-09-11,2025-09-20,2025-09-20
USR_75033AEF,TRUE,135122.72,2025-08-11,2025-08-11,2025-08-20,2025-08-20
USR_7885FF84,TRUE,276032.56,2025-12-11,2025-12-11,2025-12-20,2025-12-20
USR_7885FF84,TRUE,538809.79,2025-12-11,2025-12-11,2025-12-20,2025-12-20
USR_7885FF84,TRUE,436344.0,2025-11-11,2025-11-11,2025-11-20,2025-11-20
USR_7885FF84,TRUE,171485.55,2025-10-11,2025-10-11,2025-10-20,2025-10-20
USR_7885FF84,TRUE,636051.13,2025-09-11,2025-09-11,2025-09-20,2025-09-20
USR_7885FF84,TRUE,385345.35,2025-08-11,2025-08-11,2025-08-20,2025-08-20
USR_2A43AD14,TRUE,443124.93,2025-12-11,2025-12-11,2025-12-20,2025-12-20
USR_2A43AD14,TRUE,333838.95,2025-12-11,2025-12-11,2025-12-20,2025-12-20
USR_2A43AD14,TRUE,499671.99,2025-11-11,2025-11-11,2025-11-20,2025-11-20
USR_2A43AD14,TRUE,909353.36,2025-10-11,2025-10-11,2025-10-20,2025-10-20
USR_2A43AD14,TRUE,312867.54,2025-09-11,2025-09-11,2025-09-20,2025-09-20
USR_2A43AD14,TRUE,618926.79,2025-08-11,2025-08-11,2025-08-20,2025-08-20
USR_39006813,TRUE,936374.06,2025-12-11,2025-12-11,2025-12-20,2025-12-20
USR_39006813,TRUE,254529.92,2025-12-11,2025-12-11,2025-12-20,2025-12-20
USR_39006813,TRUE,943403.09,2025-11-11,2025-11-11,2025-11-20,2025-11-20
USR_39006813,TRUE,571975.63,2025-10-11,2025-10-11,2025-10-20,2025-10-20
USR_39006813,TRUE,336578.67,2025-09-11,2025-09-11,2025-09-20,2025-09-20
USR_39006813,TRUE,693098.68,2025-08-11,2025-08-11,2025-08-20,2025-08-20
USR_3E6115C5,TRUE,409569.15,2025-12-11,2025-12-11,2025-12-20,2025-12-20
USR_3E6115C5,TRUE,536623.93,2025-12-11,2025-12-11,2025-12-20,2025-12-20
USR_3E6115C5,TRUE,704711.04,2025-11-11,2025-11-11,2025-11-20,2025-11-20
USR_3E6115C5,TRUE,977634.92,2025-10-11,2025-10-11,2025-10-20,2025-10-20
USR_3E6115C5,TRUE,897023.98,2025-09-11,2025-09-11,2025-09-20,2025-09-20
USR_3E6115C5,TRUE,131269.21,2025-08-11,2025-08-11,2025-08-20,2025-08-20
USR_2CC89019,FALSE,904641.18,2025-12-11,2025-12-18,2025-12-20,2025-12-23
USR_2CC89019,FALSE,861651.55,2025-12-11,2025-12-30,2025-12-20,2025-12-25
USR_2CC89019,FALSE,893726.4,2025-11-11,2025-11-18,2025-11-20,2025-11-28
USR_2CC89019,FALSE,544387.41,2025-10-11,2025-10-15,2025-10-20,2025-10-21
USR_2CC89019,FALSE,581847.3,2025-09-11,2025-09-23,2025-09-20,2025-10-20
USR_2CC89019,FALSE,560901.68,2025-08-11,2025-08-13,2025-08-20,2025-08-27
USR_C1DCDA33,TRUE,938332.22,2025-12-11,2025-12-11,2025-12-20,2025-12-20
USR_C1DCDA33,TRUE,682625.19,2025-12-11,2025-12-11,2025-12-20,2025-12-20
USR_C1DCDA33,TRUE,212960.42,2025-11-11,2025-11-11,2025-11-20,2025-11-20
USR_C1DCDA33,TRUE,999420.83,2025-10-11,2025-10-11,2025-10-20,2025-10-20
USR_C1DCDA33,TRUE,747544.25,2025-09-11,2025-09-11,2025-09-20,2025-09-20
USR_C1DCDA33,TRUE,207120.66,2025-08-11,2025-08-11,2025-08-20,2025-08-20
USR_C89C4872,TRUE,598614.15,2025-12-11,2025-12-11,2025-12-20,2025-12-20
USR_C89C4872,TRUE,499763.89,2025-12-11,2025-12-11,2025-12-20,2025-12-20
USR_C89C4872,TRUE,149540.32,2025-11-11,2025-11-11,2025-11-20,2025-11-20
USR_C89C4872,TRUE,601743.22,2025-10-11,2025-10-11,2025-10-20,2025-10-20
USR_C89C4872,TRUE,319338.55,2025-09-11,2025-09-11,2025-09-20,2025-09-20
USR_C89C4872,TRUE,807030.65,2025-08-11,2025-08-11,2025-08-20,2025-08-20
USR_90258B48,TRUE,852125.92,2025-12-11,2025-12-11,2025-12-20,2025-12-20
USR_90258B48,TRUE,504726.96,2025-12-11,2025-12-11,2025-12-20,2025-12-20
USR_90258B48,TRUE,277449.04,2025-11-11,2025-11-11,2025-11-20,2025-11-20
USR_90258B48,TRUE,293576.15,2025-10-11,2025-10-11,2025-10-20,2025-10-20
USR_90258B48,TRUE,278644.82,2025-09-11,2025-09-11,2025-09-20,2025-09-20
USR_90258B48,TRUE,712334.48,2025-08-11,2025-08-11,2025-08-20,2025-08-20
USR_521EF0C6,TRUE,373793.74,2025-12-11,2025-12-11,2025-12-20,2025-12-20
USR_521EF0C6,TRUE,756446.6,2025-12-11,2025-12-11,2025-12-20,2025-12-20
USR_521EF0C6,TRUE,600265.75,2025-11-11,2025-11-11,2025-11-20,2025-11-20
USR_521EF0C6,TRUE,176235.16,2025-10-11,2025-10-11,2025-10-20,2025-10-20
USR_521EF0C6,TRUE,855857.52,2025-09-11,2025-09-11,2025-09-20,2025-09-20
USR_521EF0C6,TRUE,293479.88,2025-08-11,2025-08-11,2025-08-20,2025-08-20
USR_1E339C7E,FALSE,875139.41,2025-12-11,2025-12-23,2025-12-20,2026-01-09
USR_1E339C7E,FALSE,876242.1,2025-12-11,2025-12-22,2025-12-20,2026-01-14
USR_1E339C7E,FALSE,369469.35,2025-11-11,2025-11-26,2025-11-20,2025-12-18
USR_1E339C7E,FALSE,155667.23,2025-10-11,2025-11-04,2025-10-20,2025-10-21
USR_1E339C7E,FALSE,209178.42,2025-09-11,2025-09-15,2025-09-20,2025-09-28
USR_1E339C7E,FALSE,587541.08,2025-08-11,2025-08-16,2025-08-20,2025-09-07
USR_EF02B13C,TRUE,481891.42,2025-12-11,2025-12-11,2025-12-20,2025-12-20
USR_EF02B13C,TRUE,150325.89,2025-12-11,2025-12-11,2025-12-20,2025-12-20
USR_EF02B13C,TRUE,740958.46,2025-11-11,2025-11-11,2025-11-20,2025-11-20
USR_EF02B13C,TRUE,914991.6,2025-10-11,2025-10-11,2025-10-20,2025-10-20
USR_EF02B13C,TRUE,388206.25,2025-09-11,2025-09-11,2025-09-20,2025-09-20
USR_EF02B13C,TRUE,482494.9,2025-08-11,2025-08-11,2025-08-20,2025-08-20
USR_CFC5C315,TRUE,905700.46,2025-12-11,2025-12-11,2025-12-20,2025-12-20
USR_CFC5C315,TRUE,508233.41,2025-12-11,2025-12-11,2025-12-20,2025-12-20
USR_CFC5C315,TRUE,931441.01,2025-11-11,2025-11-11,2025-11-20,2025-11-20
USR_CFC5C315,TRUE,288238.47,2025-10-11,2025-10-11,2025-10-20,2025-10-20
USR_CFC5C315,TRUE,549014.51,2025-09-11,2025-09-11,2025-09-20,2025-09-20
USR_CFC5C315,TRUE,210497.16,2025-08-11,2025-08-11,2025-08-20,2025-08-20
USR_E88F4F00,TRUE,704702.03,2025-12-11,2025-12-11,2025-12-20,2025-12-20
USR_E88F4F00,TRUE,395496.07,2025-12-11,2025-12-11,2025-12-20,2025-12-20
USR_E88F4F00,TRUE,273335.46,2025-11-11,2025-11-11,2025-11-20,2025-11-20
USR_E88F4F00,TRUE,910025.35,2025-10-11,2025-10-11,2025-10-20,2025-10-20
USR_E88F4F00,TRUE,745620.25,2025-09-11,2025-09-11,2025-09-20,2025-09-20
USR_E88F4F00,TRUE,196387.99,2025-08-11,2025-08-11,2025-08-20,2025-08-20
USR_C1ABBC1F,TRUE,325647.4,2025-12-11,2025-12-11,2025-12-20,2025-12-20
USR_C1ABBC1F,TRUE,490444.77,2025-12-11,2025-12-11,2025-12-20,2025-12-20
USR_C1ABBC1F,TRUE,570081.7,2025-11-11,2025-11-11,2025-11-20,2025-11-20
USR_C1ABBC1F,TRUE,696769.71,2025-10-11,2025-10-11,2025-10-20,2025-10-20
USR_C1ABBC1F,TRUE,817081.76,2025-09-11,2025-09-11,2025-09-20,2025-09-20
USR_C1ABBC1F,TRUE,672522.57,2025-08-11,2025-08-11,2025-08-20,2025-08-20
USR_DA5F7FEA,TRUE,370027.72,2025-12-11,2025-12-11,2025-12-20,2025-12-20
USR_DA5F7FEA,TRUE,864305.19,2025-12-11,2025-12-11,2025-12-20,2025-12-20
USR_DA5F7FEA,TRUE,271680.95,2025-11-11,2025-11-11,2025-11-20,2025-11-20
USR_DA5F7FEA,TRUE,926157.65,2025-10-11,2025-10-11,2025-10-20,2025-10-20
USR_DA5F7FEA,TRUE,273086.4,2025-09-11,2025-09-11,2025-09-20,2025-09-20
USR_DA5F7FEA,TRUE,950045.69,2025-08-11,2025-08-11,2025-08-20,2025-08-20
USR_00F9E421,TRUE,510971.67,2025-12-11,2025-12-11,2025-12-20,2025-12-20
USR_00F9E421,TRUE,121034.36,2025-12-11,2025-12-11,2025-12-20,2025-12-20
USR_00F9E421,TRUE,857204.54,2025-11-11,2025-11-11,2025-11-20,2025-11-20
USR_00F9E421,TRUE,732918.73,2025-10-11,2025-10-11,2025-10-20,2025-10-20
USR_00F9E421,TRUE,404262.7,2025-09-11,2025-09-11,2025-09-20,2025-09-20
USR_00F9E421,TRUE,527484.23,2025-08-11,2025-08-11,2025-08-20,2025-08-20
USR_C22E6BD0,FALSE,241632.19,2025-12-11,2025-12-21,2025-12-20,2026-01-12
USR_C22E6BD0,FALSE,904135.67,2025-12-11,2025-12-28,2025-12-20,2025-12-23
USR_C22E6BD0,FALSE,586371.81,2025-11-11,2025-12-04,2025-11-20,2025-11-25
USR_C22E6BD0,FALSE,110811.42,2025-10-11,2025-10-27,2025-10-20,2025-11-10
USR_C22E6BD0,FALSE,206285.47,2025-09-11,2025-09-17,2025-09-20,2025-09-28
USR_C22E6BD0,FALSE,963755.94,2025-08-11,2025-09-08,2025-08-20,2025-09-09
USR_27C09DA4,TRUE,762748.41,2025-12-11,2025-12-11,2025-12-20,2025-12-20
USR_27C09DA4,TRUE,182759.68,2025-12-11,2025-12-11,2025-12-20,2025-12-20
USR_27C09DA4,TRUE,919460.2,2025-11-11,2025-11-11,2025-11-20,2025-11-20
USR_27C09DA4,TRUE,755614.01,2025-10-11,2025-10-11,2025-10-20,2025-10-20
USR_27C09DA4,TRUE,330375.33,2025-09-11,2025-09-11,2025-09-20,2025-09-20
USR_27C09DA4,TRUE,352461.12,2025-08-11,2025-08-11,2025-08-20,2025-08-20
USR_5CB1678C,FALSE,986126.37,2025-12-11,2026-01-03,2025-12-20,2026-01-05
USR_5CB1678C,FALSE,619833.53,2025-12-11,2025-12-15,2025-12-20,2025-12-28
USR_5CB1678C,FALSE,707692.77,2025-11-11,2025-11-21,2025-11-20,2025-11-30
USR_5CB1678C,FALSE,150882.84,2025-10-11,2025-10-17,2025-10-20,2025-11-17
USR_5CB1678C,FALSE,745366.86,2025-09-11,2025-09-27,2025-09-20,2025-10-13
USR_5CB1678C,FALSE,646176.33,2025-08-11,2025-08-25,2025-08-20,2025-09-16
USR_7714FC10,TRUE,391380.38,2025-12-11,2025-12-11,2025-12-20,2025-12-20
USR_7714FC10,TRUE,253538.44,2025-12-11,2025-12-11,2025-12-20,2025-12-20
USR_7714FC10,TRUE,136445.42,2025-11-11,2025-11-11,2025-11-20,2025-11-20
USR_7714FC10,TRUE,496577.19,2025-10-11,2025-10-11,2025-10-20,2025-10-20
USR_7714FC10,TRUE,241900.86,2025-09-11,2025-09-11,2025-09-20,2025-09-20
USR_7714FC10,TRUE,111189.05,2025-08-11,2025-08-11,2025-08-20,2025-08-20
USR_90FED1DD,TRUE,154912.14,2025-12-11,2025-12-11,2025-12-20,2025-12-20
USR_90FED1DD,TRUE,140593.82,2025-12-11,2025-12-11,2025-12-20,2025-12-20
USR_90FED1DD,TRUE,267945.92,2025-11-11,2025-11-11,2025-11-20,2025-11-20
USR_90FED1DD,TRUE,183789.58,2025-10-11,2025-10-11,2025-10-20,2025-10-20
USR_90FED1DD,TRUE,586298.76,2025-09-11,2025-09-11,2025-09-20,2025-09-20
USR_90FED1DD,TRUE,248489.97,2025-08-11,2025-08-11,2025-08-20,2025-08-20
USR_D7A945B2,TRUE,184296.02,2025-12-11,2025-12-11,2025-12-20,2025-12-20
USR_D7A945B2,TRUE,364071.71,2025-12-11,2025-12-11,2025-12-20,2025-12-20
USR_D7A945B2,TRUE,753203.75,2025-11-11,2025-11-11,2025-11-20,2025-11-20
USR_D7A945B2,TRUE,981838.32,2025-10-11,2025-10-11,2025-10-20,2025-10-20
USR_D7A945B2,TRUE,203803.24,2025-09-11,2025-09-11,2025-09-20,2025-09-20
USR_D7A945B2,TRUE,666014.55,2025-08-11,2025-08-11,2025-08-20,2025-08-20
USR_161F3CBC,FALSE,394463.74,2025-12-11,2026-01-09,2025-12-20,2026-01-14
USR_161F3CBC,FALSE,317532.01,2025-12-11,2025-12-18,2025-12-20,2026-01-16
USR_161F3CBC,FALSE,971705.81,2025-11-11,2025-11-13,2025-11-20,2025-11-28
USR_161F3CBC,FALSE,635908.58,2025-10-11,2025-11-02,2025-10-20,2025-10-27
USR_161F3CBC,FALSE,317886.19,2025-09-11,2025-10-09,2025-09-20,2025-10-03
USR_161F3CBC,FALSE,350253.51,2025-08-11,2025-09-09,2025-08-20,2025-09-12
USR_4208FB9D,FALSE,141988.24,2025-12-11,2025-12-22,2025-12-20,2026-01-08
USR_4208FB9D,FALSE,103150.75,2025-12-11,2025-12-14,2025-12-20,2026-01-18
USR_4208FB9D,FALSE,590942.01,2025-11-11,2025-11-22,2025-11-20,2025-12-08
USR_4208FB9D,FALSE,401611.0,2025-10-11,2025-11-06,2025-10-20,2025-11-07
USR_4208FB9D,FALSE,683023.49,2025-09-11,2025-09-28,2025-09-20,2025-10-14
USR_4208FB9D,FALSE,144294.95,2025-08-11,2025-08-18,2025-08-20,2025-09-02
USR_F1F39A9C,FALSE,959416.11,2025-12-11,2025-12-19,2025-12-20,2026-01-18
USR_F1F39A9C,FALSE,870732.85,2025-12-11,2026-01-02,2025-12-20,2026-01-18
USR_F1F39A9C,FALSE,946418.39,2025-11-11,2025-11-13,2025-11-20,2025-12-08
USR_F1F39A9C,FALSE,187369.78,2025-10-11,2025-10-23,2025-10-20,2025-10-26
USR_F1F39A9C,FALSE,178039.27,2025-09-11,2025-10-02,2025-09-20,2025-10-05
USR_F1F39A9C,FALSE,835443.54,2025-08-11,2025-08-20,2025-08-20,2025-08-29
USR_EBEA44C8,TRUE,233408.34,2025-12-11,2025-12-11,2025-12-20,2025-12-20
USR_EBEA44C8,TRUE,832217.12,2025-12-11,2025-12-11,2025-12-20,2025-12-20
USR_EBEA44C8,TRUE,337870.81,2025-11-11,2025-11-11,2025-11-20,2025-11-20
USR_EBEA44C8,TRUE,854793.23,2025-10-11,2025-10-11,2025-10-20,2025-10-20
USR_EBEA44C8,TRUE,592895.78,2025-09-11,2025-09-11,2025-09-20,2025-09-20
USR_EBEA44C8,TRUE,378915.84,2025-08-11,2025-08-11,2025-08-20,2025-08-20
USR_26EA1401,FALSE,917603.68,2025-12-11,2026-01-01,2025-12-20,2026-01-05
USR_26EA1401,FALSE,960093.71,2025-12-11,2025-12-26,2025-12-20,2025-12-26
USR_26EA1401,FALSE,641633.42,2025-11-11,2025-11-29,2025-11-20,2025-12-20
USR_26EA1401,FALSE,200682.7,2025-10-11,2025-10-21,2025-10-20,2025-10-30
USR_26EA1401,FALSE,593020.54,2025-09-11,2025-09-19,2025-09-20,2025-10-03
USR_26EA1401,FALSE,269362.12,2025-08-11,2025-09-02,2025-08-20,2025-09-06
USR_9DD3B705,TRUE,973729.08,2025-12-11,2025-12-11,2025-12-20,2025-12-20
USR_9DD3B705,TRUE,526054.77,2025-12-11,2025-12-11,2025-12-20,2025-12-20
USR_9DD3B705,TRUE,173355.23,2025-11-11,2025-11-11,2025-11-20,2025-11-20
USR_9DD3B705,TRUE,321775.07,2025-10-11,2025-10-11,2025-10-20,2025-10-20
USR_9DD3B705,TRUE,127019.54,2025-09-11,2025-09-11,2025-09-20,2025-09-20
USR_9DD3B705,TRUE,964423.69,2025-08-11,2025-08-11,2025-08-20,2025-08-20
USR_2A6A9814,TRUE,790590.38,2025-12-11,2025-12-11,2025-12-20,2025-12-20
USR_2A6A9814,TRUE,725323.38,2025-12-11,2025-12-11,2025-12-20,2025-12-20
USR_2A6A9814,TRUE,567627.08,2025-11-11,2025-11-11,2025-11-20,2025-11-20
USR_2A6A9814,TRUE,924674.92,2025-10-11,2025-10-11,2025-10-20,2025-10-20
USR_2A6A9814,TRUE,541590.18,2025-09-11,2025-09-11,2025-09-20,2025-09-20
USR_2A6A9814,TRUE,846474.87,2025-08-11,2025-08-11,2025-08-20,2025-08-20
USR_6547ACEA,FALSE,458598.47,2025-12-11,2025-12-31,2025-12-20,2026-01-13
USR_6547ACEA,FALSE,469854.63,2025-12-11,2025-12-24,2025-12-20,2025-12-29
USR_6547ACEA,FALSE,200789.39,2025-11-11,2025-12-05,2025-11-20,2025-12-16
USR_6547ACEA,FALSE,542897.8,2025-10-11,2025-10-30,2025-10-20,2025-11-01
USR_6547ACEA,FALSE,357442.85,2025-09-11,2025-09-17,2025-09-20,2025-10-09
USR_6547ACEA,FALSE,804194.04,2025-08-11,2025-08-16,2025-08-20,2025-08-29
USR_3739B5FB,TRUE,153118.9,2025-12-11,2025-12-11,2025-12-20,2025-12-20
USR_3739B5FB,TRUE,651870.32,2025-12-11,2025-12-11,2025-12-20,2025-12-20
USR_3739B5FB,TRUE,600339.69,2025-11-11,2025-11-11,2025-11-20,2025-11-20
USR_3739B5FB,TRUE,184031.31,2025-10-11,2025-10-11,2025-10-20,2025-10-20
USR_3739B5FB,TRUE,227447.11,2025-09-11,2025-09-11,2025-09-20,2025-09-20
USR_3739B5FB,TRUE,961889.67,2025-08-11,2025-08-11,2025-08-20,2025-08-20
USR_30D3FE86,TRUE,461108.64,2025-12-11,2025-12-11,2025-12-20,2025-12-20
USR_30D3FE86,TRUE,105553.31,2025-12-11,2025-12-11,2025-12-20,2025-12-20
USR_30D3FE86,TRUE,127331.46,2025-11-11,2025-11-11,2025-11-20,2025-11-20
USR_30D3FE86,TRUE,594578.38,2025-10-11,2025-10-11,2025-10-20,2025-10-20
USR_30D3FE86,TRUE,885460.27,2025-09-11,2025-09-11,2025-09-20,2025-09-20
USR_30D3FE86,TRUE,200653.8,2025-08-11,2025-08-11,2025-08-20,2025-08-20
USR_5B04B033,FALSE,275584.84,2025-12-11,2026-01-07,2025-12-20,2026-01-01
USR_5B04B033,FALSE,934045.33,2025-12-11,2026-01-03,2025-12-20,2025-12-21
USR_5B04B033,FALSE,207437.3,2025-11-11,2025-12-07,2025-11-20,2025-12-07
USR_5B04B033,FALSE,577899.19,2025-10-11,2025-10-17,2025-10-20,2025-11-01
USR_5B04B033,FALSE,196356.11,2025-09-11,2025-09-30,2025-09-20,2025-10-05
USR_5B04B033,FALSE,916226.48,2025-08-11,2025-08-12,2025-08-20,2025-09-04
USR_B50CFA55,TRUE,219436.04,2025-12-11,2025-12-11,2025-12-20,2025-12-20
USR_B50CFA55,TRUE,400452.41,2025-12-11,2025-12-11,2025-12-20,2025-12-20
USR_B50CFA55,TRUE,527578.45,2025-11-11,2025-11-11,2025-11-20,2025-11-20
USR_B50CFA55,TRUE,748058.02,2025-10-11,2025-10-11,2025-10-20,2025-10-20
USR_B50CFA55,TRUE,146224.6,2025-09-11,2025-09-11,2025-09-20,2025-09-20
USR_B50CFA55,TRUE,743288.6,2025-08-11,2025-08-11,2025-08-20,2025-08-20
USR_DD7D8684,TRUE,486139.34,2025-12-11,2025-12-11,2025-12-20,2025-12-20
USR_DD7D8684,TRUE,994882.44,2025-12-11,2025-12-11,2025-12-20,2025-12-20
USR_DD7D8684,TRUE,800280.43,2025-11-11,2025-11-11,2025-11-20,2025-11-20
USR_DD7D8684,TRUE,933243.59,2025-10-11,2025-10-11,2025-10-20,2025-10-20
USR_DD7D8684,TRUE,181339.8,2025-09-11,2025-09-11,2025-09-20,2025-09-20
USR_DD7D8684,TRUE,875028.78,2025-08-11,2025-08-11,2025-08-20,2025-08-20
USR_07F78972,TRUE,512299.3,2025-12-11,2025-12-11,2025-12-20,2025-12-20
USR_07F78972,TRUE,408493.6,2025-12-11,2025-12-11,2025-12-20,2025-12-20
USR_07F78972,TRUE,344948.99,2025-11-11,2025-11-11,2025-11-20,2025-11-20
USR_07F78972,TRUE,443220.55,2025-10-11,2025-10-11,2025-10-20,2025-10-20
USR_07F78972,TRUE,872671.38,2025-09-11,2025-09-11,2025-09-20,2025-09-20
USR_07F78972,TRUE,866134.4,2025-08-11,2025-08-11,2025-08-20,2025-08-20
USR_8B78D831,FALSE,615262.36,2025-12-11,2025-12-26,2025-12-20,2026-01-14
USR_8B78D831,FALSE,511092.61,2025-12-11,2025-12-31,2025-12-20,2026-01-04
USR_8B78D831,FALSE,165883.98,2025-11-11,2025-11-27,2025-11-20,2025-12-12
USR_8B78D831,FALSE,675842.47,2025-10-11,2025-10-28,2025-10-20,2025-10-31
USR_8B78D831,FALSE,654693.15,2025-09-11,2025-10-07,2025-09-20,2025-10-15
USR_8B78D831,FALSE,979140.1,2025-08-11,2025-08-31,2025-08-20,2025-09-15
USR_D746CB23,TRUE,533696.15,2025-12-11,2025-12-11,2025-12-20,2025-12-20
USR_D746CB23,TRUE,413347.25,2025-12-11,2025-12-11,2025-12-20,2025-12-20
USR_D746CB23,TRUE,976565.55,2025-11-11,2025-11-11,2025-11-20,2025-11-20
USR_D746CB23,TRUE,485789.89,2025-10-11,2025-10-11,2025-10-20,2025-10-20
USR_D746CB23,TRUE,850153.25,2025-09-11,2025-09-11,2025-09-20,2025-09-20
USR_D746CB23,TRUE,650462.6,2025-08-11,2025-08-11,2025-08-20,2025-08-20
USR_5CF24CBF,TRUE,914370.76,2025-12-11,2025-12-11,2025-12-20,2025-12-20
USR_5CF24CBF,TRUE,873326.41,2025-12-11,2025-12-11,2025-12-20,2025-12-20
USR_5CF24CBF,TRUE,994484.93,2025-11-11,2025-11-11,2025-11-20,2025-11-20
USR_5CF24CBF,TRUE,824194.01,2025-10-11,2025-10-11,2025-10-20,2025-10-20
USR_5CF24CBF,TRUE,897930.0,2025-09-11,2025-09-11,2025-09-20,2025-09-20
USR_5CF24CBF,TRUE,141657.65,2025-08-11,2025-08-11,2025-08-20,2025-08-20
USR_D0975B08,TRUE,415647.2,2025-12-11,2025-12-11,2025-12-20,2025-12-20
USR_D0975B08,TRUE,484784.33,2025-12-11,2025-12-11,2025-12-20,2025-12-20
USR_D0975B08,TRUE,934858.71,2025-11-11,2025-11-11,2025-11-20,2025-11-20
USR_D0975B08,TRUE,615895.18,2025-10-11,2025-10-11,2025-10-20,2025-10-20
USR_D0975B08,TRUE,325100.99,2025-09-11,2025-09-11,2025-09-20,2025-09-20
USR_D0975B08,TRUE,701027.15,2025-08-11,2025-08-11,2025-08-20,2025-08-20
USR_B6E18FEE,TRUE,710748.19,2025-12-11,2025-12-11,2025-12-20,2025-12-20
USR_B6E18FEE,TRUE,554756.27,2025-12-11,2025-12-11,2025-12-20,2025-12-20
USR_B6E18FEE,TRUE,345307.61,2025-11-11,2025-11-11,2025-11-20,2025-11-20
USR_B6E18FEE,TRUE,139615.28,2025-10-11,2025-10-11,2025-10-20,2025-10-20
USR_B6E18FEE,TRUE,522986.0,2025-09-11,2025-09-11,2025-09-20,2025-09-20
USR_B6E18FEE,TRUE,464701.88,2025-08-11,2025-08-11,2025-08-20,2025-08-20
USR_8B1C1817,FALSE,815733.45,2025-12-11,2026-01-09,2025-12-20,2025-12-27
USR_8B1C1817,FALSE,563594.35,2025-12-11,2025-12-30,2025-12-20,2026-01-18
USR_8B1C1817,FALSE,195529.14,2025-11-11,2025-12-02,2025-11-20,2025-12-01
USR_8B1C1817,FALSE,817580.21,2025-10-11,2025-11-06,2025-10-20,2025-11-08
USR_8B1C1817,FALSE,353439.79,2025-09-11,2025-09-17,2025-09-20,2025-10-16
USR_8B1C1817,FALSE,596617.47,2025-08-11,2025-09-01,2025-08-20,2025-09-07
USR_DA444797,FALSE,873339.76,2025-12-11,2025-12-20,2025-12-20,2026-01-03
USR_DA444797,FALSE,671826.71,2025-12-11,2026-01-01,2025-12-20,2026-01-06
USR_DA444797,FALSE,633817.82,2025-11-11,2025-12-01,2025-11-20,2025-12-06
USR_DA444797,FALSE,525092.53,2025-10-11,2025-10-29,2025-10-20,2025-11-15
USR_DA444797,FALSE,869618.15,2025-09-11,2025-09-22,2025-09-20,2025-09-24
USR_DA444797,FALSE,571112.14,2025-08-11,2025-08-31,2025-08-20,2025-09-16
USR_F9051882,TRUE,551858.71,2025-12-11,2025-12-11,2025-12-20,2025-12-20
USR_F9051882,TRUE,626273.68,2025-12-11,2025-12-11,2025-12-20,2025-12-20
USR_F9051882,TRUE,532979.88,2025-11-11,2025-11-11,2025-11-20,2025-11-20
USR_F9051882,TRUE,971179.56,2025-10-11,2025-10-11,2025-10-20,2025-10-20
USR_F9051882,TRUE,209437.84,2025-09-11,2025-09-11,2025-09-20,2025-09-20
USR_F9051882,TRUE,737838.31,2025-08-11,2025-08-11,2025-08-20,2025-08-20
USR_EF97A199,FALSE,197490.31,2025-12-11,2025-12-18,2025-12-20,2025-12-25
USR_EF97A199,FALSE,333423.12,2025-12-11,2025-12-17,2025-12-20,2026-01-01
USR_EF97A199,FALSE,873476.95,2025-11-11,2025-12-04,2025-11-20,2025-12-14
USR_EF97A199,FALSE,595908.53,2025-10-11,2025-11-09,2025-10-20,2025-11-08
USR_EF97A199,FALSE,840878.08,2025-09-11,2025-09-23,2025-09-20,2025-09-21
USR_EF97A199,FALSE,259227.14,2025-08-11,2025-08-31,2025-08-20,2025-09-12
USR_ECA0F7C5,TRUE,913872.6,2025-12-11,2025-12-11,2025-12-20,2025-12-20
USR_ECA0F7C5,TRUE,376387.76,2025-12-11,2025-12-11,2025-12-20,2025-12-20
USR_ECA0F7C5,TRUE,336803.92,2025-11-11,2025-11-11,2025-11-20,2025-11-20
USR_ECA0F7C5,TRUE,910384.99,2025-10-11,2025-10-11,2025-10-20,2025-10-20
USR_ECA0F7C5,TRUE,485607.74,2025-09-11,2025-09-11,2025-09-20,2025-09-20
USR_ECA0F7C5,TRUE,274850.51,2025-08-11,2025-08-11,2025-08-20,2025-08-20
USR_48B20E49,TRUE,769770.59,2025-12-11,2025-12-11,2025-12-20,2025-12-20
USR_48B20E49,TRUE,828305.87,2025-12-11,2025-12-11,2025-12-20,2025-12-20
USR_48B20E49,TRUE,404053.39,2025-11-11,2025-11-11,2025-11-20,2025-11-20
USR_48B20E49,TRUE,259912.33,2025-10-11,2025-10-11,2025-10-20,2025-10-20
USR_48B20E49,TRUE,458503.64,2025-09-11,2025-09-11,2025-09-20,2025-09-20
USR_48B20E49,TRUE,107625.92,2025-08-11,2025-08-11,2025-08-20,2025-08-20
USR_9E1CD2CA,TRUE,565445.76,2025-12-11,2025-12-11,2025-12-20,2025-12-20
USR_9E1CD2CA,TRUE,678611.91,2025-12-11,2025-12-11,2025-12-20,2025-12-20
USR_9E1CD2CA,TRUE,775138.31,2025-11-11,2025-11-11,2025-11-20,2025-11-20
USR_9E1CD2CA,TRUE,871078.36,2025-10-11,2025-10-11,2025-10-20,2025-10-20
USR_9E1CD2CA,TRUE,258880.38,2025-09-11,2025-09-11,2025-09-20,2025-09-20
USR_9E1CD2CA,TRUE,507590.45,2025-08-11,2025-08-11,2025-08-20,2025-08-20
USR_A6242357,TRUE,330706.77,2025-12-11,2025-12-11,2025-12-20,2025-12-20
USR_A6242357,TRUE,819032.92,2025-12-11,2025-12-11,2025-12-20,2025-12-20
USR_A6242357,TRUE,610530.14,2025-11-11,2025-11-11,2025-11-20,2025-11-20
USR_A6242357,TRUE,960955.87,2025-10-11,2025-10-11,2025-10-20,2025-10-20
USR_A6242357,TRUE,578912.04,2025-09-11,2025-09-11,2025-09-20,2025-09-20
USR_A6242357,TRUE,901195.09,2025-08-11,2025-08-11,2025-08-20,2025-08-20
USR_1BB0A72A,FALSE,337873.84,2025-12-11,2025-12-15,2025-12-20,2026-01-08
USR_1BB0A72A,FALSE,817442.86,2025-12-11,2025-12-17,2025-12-20,2026-01-05
USR_1BB0A72A,FALSE,830708.4,2025-11-11,2025-12-05,2025-11-20,2025-11-25
USR_1BB0A72A,FALSE,966069.05,2025-10-11,2025-10-31,2025-10-20,2025-11-03
USR_1BB0A72A,FALSE,100464.57,2025-09-11,2025-09-24,2025-09-20,2025-09-29
USR_1BB0A72A,FALSE,677822.84,2025-08-11,2025-08-13,2025-08-20,2025-09-07
USR_B1FEECD4,FALSE,303624.06,2025-12-11,2025-12-25,2025-12-20,2026-01-13
USR_B1FEECD4,FALSE,208675.62,2025-12-11,2025-12-13,2025-12-20,2026-01-10
USR_B1FEECD4,FALSE,307594.06,2025-11-11,2025-11-13,2025-11-20,2025-12-12
USR_B1FEECD4,FALSE,259793.71,2025-10-11,2025-11-07,2025-10-20,2025-11-14
USR_B1FEECD4,FALSE,997580.47,2025-09-11,2025-09-16,2025-09-20,2025-10-11
USR_B1FEECD4,FALSE,399209.53,2025-08-11,2025-08-24,2025-08-20,2025-08-27
USR_2F3F89FA,TRUE,449656.73,2025-12-11,2025-12-11,2025-12-20,2025-12-20
USR_2F3F89FA,TRUE,839727.66,2025-12-11,2025-12-11,2025-12-20,2025-12-20
USR_2F3F89FA,TRUE,608914.2,2025-11-11,2025-11-11,2025-11-20,2025-11-20
USR_2F3F89FA,TRUE,924709.72,2025-10-11,2025-10-11,2025-10-20,2025-10-20
USR_2F3F89FA,TRUE,397930.78,2025-09-11,2025-09-11,2025-09-20,2025-09-20
USR_2F3F89FA,TRUE,455799.39,2025-08-11,2025-08-11,2025-08-20,2025-08-20
USR_810B1123,FALSE,831950.53,2025-12-11,2026-01-01,2025-12-20,2025-12-30
USR_810B1123,FALSE,863981.37,2025-12-11,2025-12-30,2025-12-20,2026-01-06
USR_810B1123,FALSE,790248.42,2025-11-11,2025-12-05,2025-11-20,2025-12-02
USR_810B1123,FALSE,655677.94,2025-10-11,2025-11-05,2025-10-20,2025-11-12
USR_810B1123,FALSE,277389.58,2025-09-11,2025-10-10,2025-09-20,2025-10-02
USR_810B1123,FALSE,988559.67,2025-08-11,2025-08-14,2025-08-20,2025-09-10
USR_F6A6A4F0,TRUE,877759.07,2025-12-11,2025-12-11,2025-12-20,2025-12-20
USR_F6A6A4F0,TRUE,699439.79,2025-12-11,2025-12-11,2025-12-20,2025-12-20
USR_F6A6A4F0,TRUE,411805.58,2025-11-11,2025-11-11,2025-11-20,2025-11-20
USR_F6A6A4F0,TRUE,949798.12,2025-10-11,2025-10-11,2025-10-20,2025-10-20
USR_F6A6A4F0,TRUE,397581.22,2025-09-11,2025-09-11,2025-09-20,2025-09-20
USR_F6A6A4F0,TRUE,202597.38,2025-08-11,2025-08-11,2025-08-20,2025-08-20
USR_82973CF1,FALSE,180865.09,2025-12-11,2025-12-17,2025-12-20,2026-01-08
USR_82973CF1,FALSE,214625.88,2025-12-11,2025-12-29,2025-12-20,2025-12-25
USR_82973CF1,FALSE,565732.69,2025-11-11,2025-11-20,2025-11-20,2025-12-14
USR_82973CF1,FALSE,150447.88,2025-10-11,2025-10-20,2025-10-20,2025-10-21
USR_82973CF1,FALSE,500834.36,2025-09-11,2025-10-07,2025-09-20,2025-09-24
USR_82973CF1,FALSE,966035.99,2025-08-11,2025-08-20,2025-08-20,2025-08-25
USR_A4867F85,TRUE,296772.65,2025-12-11,2025-12-11,2025-12-20,2025-12-20
USR_A4867F85,TRUE,315267.44,2025-12-11,2025-12-11,2025-12-20,2025-12-20
USR_A4867F85,TRUE,678766.97,2025-11-11,2025-11-11,2025-11-20,2025-11-20
USR_A4867F85,TRUE,219505.95,2025-10-11,2025-10-11,2025-10-20,2025-10-20
USR_A4867F85,TRUE,783677.88,2025-09-11,2025-09-11,2025-09-20,2025-09-20
USR_A4867F85,TRUE,169773.83,2025-08-11,2025-08-11,2025-08-20,2025-08-20
USR_9F0D113E,TRUE,998190.84,2025-12-11,2025-12-11,2025-12-20,2025-12-20
USR_9F0D113E,TRUE,757883.06,2025-12-11,2025-12-11,2025-12-20,2025-12-20
USR_9F0D113E,TRUE,495112.14,2025-11-11,2025-11-11,2025-11-20,2025-11-20
USR_9F0D113E,TRUE,793051.97,2025-10-11,2025-10-11,2025-10-20,2025-10-20
USR_9F0D113E,TRUE,501053.47,2025-09-11,2025-09-11,2025-09-20,2025-09-20
USR_9F0D113E,TRUE,104785.13,2025-08-11,2025-08-11,2025-08-20,2025-08-20
USR_CBF5DA28,TRUE,450347.82,2025-12-11,2025-12-11,2025-12-20,2025-12-20
USR_CBF5DA28,TRUE,152634.34,2025-12-11,2025-12-11,2025-12-20,2025-12-20
USR_CBF5DA28,TRUE,800651.71,2025-11-11,2025-11-11,2025-11-20,2025-11-20
USR_CBF5DA28,TRUE,996704.97,2025-10-11,2025-10-11,2025-10-20,2025-10-20
USR_CBF5DA28,TRUE,133445.84,2025-09-11,2025-09-11,2025-09-20,2025-09-20
USR_CBF5DA28,TRUE,421177.13,2025-08-11,2025-08-11,2025-08-20,2025-08-20
USR_0AE866C2,TRUE,688975.56,2025-12-11,2025-12-11,2025-12-20,2025-12-20
USR_0AE866C2,TRUE,348881.36,2025-12-11,2025-12-11,2025-12-20,2025-12-20
USR_0AE866C2,TRUE,760534.18,2025-11-11,2025-11-11,2025-11-20,2025-11-20
USR_0AE866C2,TRUE,138247.58,2025-10-11,2025-10-11,2025-10-20,2025-10-20
USR_0AE866C2,TRUE,953159.85,2025-09-11,2025-09-11,2025-09-20,2025-09-20
USR_0AE866C2,TRUE,821671.12,2025-08-11,2025-08-11,2025-08-20,2025-08-20
USR_1C34FF58,FALSE,346447.71,2025-12-11,2025-12-21,2025-12-20,2025-12-27
USR_1C34FF58,FALSE,167682.96,2025-12-11,2026-01-01,2025-12-20,2026-01-08
USR_1C34FF58,FALSE,896920.88,2025-11-11,2025-12-10,2025-11-20,2025-11-29
USR_1C34FF58,FALSE,118736.19,2025-10-11,2025-10-23,2025-10-20,2025-10-25
USR_1C34FF58,FALSE,143638.56,2025-09-11,2025-09-19,2025-09-20,2025-10-10
USR_1C34FF58,FALSE,497155.6,2025-08-11,2025-09-03,2025-08-20,2025-09-14
USR_32851081,TRUE,666173.6,2025-12-11,2025-12-11,2025-12-20,2025-12-20
USR_32851081,TRUE,871870.87,2025-12-11,2025-12-11,2025-12-20,2025-12-20
USR_32851081,TRUE,590011.08,2025-11-11,2025-11-11,2025-11-20,2025-11-20
USR_32851081,TRUE,514385.45,2025-10-11,2025-10-11,2025-10-20,2025-10-20
USR_32851081,TRUE,731094.49,2025-09-11,2025-09-11,2025-09-20,2025-09-20
USR_32851081,TRUE,525440.22,2025-08-11,2025-08-11,2025-08-20,2025-08-20
USR_BE03555D,TRUE,628462.51,2025-12-11,2025-12-11,2025-12-20,2025-12-20
USR_BE03555D,TRUE,216714.39,2025-12-11,2025-12-11,2025-12-20,2025-12-20
USR_BE03555D,TRUE,576385.56,2025-11-11,2025-11-11,2025-11-20,2025-11-20
USR_BE03555D,TRUE,272086.92,2025-10-11,2025-10-11,2025-10-20,2025-10-20
USR_BE03555D,TRUE,315453.45,2025-09-11,2025-09-11,2025-09-20,2025-09-20
USR_BE03555D,TRUE,663506.51,2025-08-11,2025-08-11,2025-08-20,2025-08-20
USR_6656FF8C,TRUE,977476.23,2025-12-11,2025-12-11,2025-12-20,2025-12-20
USR_6656FF8C,TRUE,403800.06,2025-12-11,2025-12-11,2025-12-20,2025-12-20
USR_6656FF8C,TRUE,921225.55,2025-11-11,2025-11-11,2025-11-20,2025-11-20
USR_6656FF8C,TRUE,560959.42,2025-10-11,2025-10-11,2025-10-20,2025-10-20
USR_6656FF8C,TRUE,327493.89,2025-09-11,2025-09-11,2025-09-20,2025-09-20
USR_6656FF8C,TRUE,322670.33,2025-08-11,2025-08-11,2025-08-20,2025-08-20
USR_1F5C7159,TRUE,355344.13,2025-12-11,2025-12-11,2025-12-20,2025-12-20
USR_1F5C7159,TRUE,433721.27,2025-12-11,2025-12-11,2025-12-20,2025-12-20
USR_1F5C7159,TRUE,932004.36,2025-11-11,2025-11-11,2025-11-20,2025-11-20
USR_1F5C7159,TRUE,421527.69,2025-10-11,2025-10-11,2025-10-20,2025-10-20
USR_1F5C7159,TRUE,418179.07,2025-09-11,2025-09-11,2025-09-20,2025-09-20
USR_1F5C7159,TRUE,370016.58,2025-08-11,2025-08-11,2025-08-20,2025-08-20
USR_CDEC0C32,TRUE,280208.08,2025-12-11,2025-12-11,2025-12-20,2025-12-20
USR_CDEC0C32,TRUE,476359.81,2025-12-11,2025-12-11,2025-12-20,2025-12-20
USR_CDEC0C32,TRUE,772174.31,2025-11-11,2025-11-11,2025-11-20,2025-11-20
USR_CDEC0C32,TRUE,418495.96,2025-10-11,2025-10-11,2025-10-20,2025-10-20
USR_CDEC0C32,TRUE,192834.91,2025-09-11,2025-09-11,2025-09-20,2025-09-20
USR_CDEC0C32,TRUE,852495.15,2025-08-11,2025-08-11,2025-08-20,2025-08-20
USR_2134841A,FALSE,847804.72,2025-12-11,2026-01-06,2025-12-20,2026-01-16
USR_2134841A,FALSE,506818.01,2025-12-11,2026-01-09,2025-12-20,2026-01-19
USR_2134841A,FALSE,722601.17,2025-11-11,2025-11-14,2025-11-20,2025-12-08
USR_2134841A,FALSE,247644.4,2025-10-11,2025-10-26,2025-10-20,2025-11-18
USR_2134841A,FALSE,233395.16,2025-09-11,2025-10-04,2025-09-20,2025-10-02
USR_2134841A,FALSE,140237.96,2025-08-11,2025-09-10,2025-08-20,2025-08-31
USR_4D4E1E65,TRUE,812830.37,2025-12-11,2025-12-11,2025-12-20,2025-12-20
USR_4D4E1E65,TRUE,228396.64,2025-12-11,2025-12-11,2025-12-20,2025-12-20
USR_4D4E1E65,TRUE,685368.99,2025-11-11,2025-11-11,2025-11-20,2025-11-20
USR_4D4E1E65,TRUE,200335.53,2025-10-11,2025-10-11,2025-10-20,2025-10-20
USR_4D4E1E65,TRUE,621348.05,2025-09-11,2025-09-11,2025-09-20,2025-09-20
USR_4D4E1E65,TRUE,993505.98,2025-08-11,2025-08-11,2025-08-20,2025-08-20
USR_F7E3B9BE,FALSE,214129.43,2025-12-11,2025-12-25,2025-12-20,2026-01-13
USR_F7E3B9BE,FALSE,493538.04,2025-12-11,2026-01-02,2025-12-20,2026-01-14
USR_F7E3B9BE,FALSE,756115.84,2025-11-11,2025-11-24,2025-11-20,2025-11-27
USR_F7E3B9BE,FALSE,254561.11,2025-10-11,2025-10-16,2025-10-20,2025-10-21
USR_F7E3B9BE,FALSE,394710.15,2025-09-11,2025-10-08,2025-09-20,2025-09-24
USR_F7E3B9BE,FALSE,499685.04,2025-08-11,2025-09-07,2025-08-20,2025-08-26
USR_05441A49,TRUE,721431.81,2025-12-11,2025-12-11,2025-12-20,2025-12-20
USR_05441A49,TRUE,824108.52,2025-12-11,2025-12-11,2025-12-20,2025-12-20
USR_05441A49,TRUE,624400.72,2025-11-11,2025-11-11,2025-11-20,2025-11-20
USR_05441A49,TRUE,140181.95,2025-10-11,2025-10-11,2025-10-20,2025-10-20
USR_05441A49,TRUE,934155.88,2025-09-11,2025-09-11,2025-09-20,2025-09-20
USR_05441A49,TRUE,641673.22,2025-08-11,2025-08-11,2025-08-20,2025-08-20
USR_9B940F69,FALSE,185762.82,2025-12-11,2025-12-25,2025-12-20,2025-12-29
USR_9B940F69,FALSE,239342.46,2025-12-11,2025-12-16,2025-12-20,2026-01-14
USR_9B940F69,FALSE,976422.62,2025-11-11,2025-11-21,2025-11-20,2025-12-06
USR_9B940F69,FALSE,776872.31,2025-10-11,2025-10-14,2025-10-20,2025-11-07
USR_9B940F69,FALSE,669927.01,2025-09-11,2025-09-29,2025-09-20,2025-09-24
USR_9B940F69,FALSE,888489.01,2025-08-11,2025-08-22,2025-08-20,2025-09-11
USR_538AC153,TRUE,794418.07,2025-12-11,2025-12-11,2025-12-20,2025-12-20
USR_538AC153,TRUE,693537.1,2025-12-11,2025-12-11,2025-12-20,2025-12-20
USR_538AC153,TRUE,125849.17,2025-11-11,2025-11-11,2025-11-20,2025-11-20
USR_538AC153,TRUE,349207.25,2025-10-11,2025-10-11,2025-10-20,2025-10-20
USR_538AC153,TRUE,558981.99,2025-09-11,2025-09-11,2025-09-20,2025-09-20
USR_538AC153,TRUE,324766.85,2025-08-11,2025-08-11,2025-08-20,2025-08-20
USR_A2FBE834,FALSE,832442.87,2025-12-11,2025-12-31,2025-12-20,2025-12-31
USR_A2FBE834,FALSE,515733.33,2025-12-11,2026-01-04,2025-12-20,2025-12-21
USR_A2FBE834,FALSE,973579.95,2025-11-11,2025-12-05,2025-11-20,2025-12-13
USR_A2FBE834,FALSE,466017.0,2025-10-11,2025-11-04,2025-10-20,2025-11-18
USR_A2FBE834,FALSE,331096.19,2025-09-11,2025-10-05,2025-09-20,2025-10-18
USR_A2FBE834,FALSE,203255.14,2025-08-11,2025-09-07,2025-08-20,2025-09-14
USR_C9F32068,TRUE,654366.06,2025-12-11,2025-12-11,2025-12-20,2025-12-20
USR_C9F32068,TRUE,839020.52,2025-12-11,2025-12-11,2025-12-20,2025-12-20
USR_C9F32068,TRUE,402130.95,2025-11-11,2025-11-11,2025-11-20,2025-11-20
USR_C9F32068,TRUE,822859.72,2025-10-11,2025-10-11,2025-10-20,2025-10-20
USR_C9F32068,TRUE,372706.77,2025-09-11,2025-09-11,2025-09-20,2025-09-20
USR_C9F32068,TRUE,730011.09,2025-08-11,2025-08-11,2025-08-20,2025-08-20
USR_4731CC8C,TRUE,582574.69,2025-12-11,2025-12-11,2025-12-20,2025-12-20
USR_4731CC8C,TRUE,514960.88,2025-12-11,2025-12-11,2025-12-20,2025-12-20
USR_4731CC8C,TRUE,142054.86,2025-11-11,2025-11-11,2025-11-20,2025-11-20
USR_4731CC8C,TRUE,406170.19,2025-10-11,2025-10-11,2025-10-20,2025-10-20
USR_4731CC8C,TRUE,885101.61,2025-09-11,2025-09-11,2025-09-20,2025-09-20
USR_4731CC8C,TRUE,958818.26,2025-08-11,2025-08-11,2025-08-20,2025-08-20
USR_34B76305,FALSE,870300.57,2025-12-11,2025-12-24,2025-12-20,2026-01-02
USR_34B76305,FALSE,301057.72,2025-12-11,2025-12-14,2025-12-20,2025-12-28
USR_34B76305,FALSE,896532.33,2025-11-11,2025-11-22,2025-11-20,2025-12-12
USR_34B76305,FALSE,856390.49,2025-10-11,2025-10-19,2025-10-20,2025-10-22
USR_34B76305,FALSE,922739.33,2025-09-11,2025-10-05,2025-09-20,2025-10-19
USR_34B76305,FALSE,348576.12,2025-08-11,2025-08-19,2025-08-20,2025-08-26
USR_4DA7C352,TRUE,357889.0,2025-12-11,2025-12-11,2025-12-20,2025-12-20
USR_4DA7C352,TRUE,487863.03,2025-12-11,2025-12-11,2025-12-20,2025-12-20
USR_4DA7C352,TRUE,749738.03,2025-11-11,2025-11-11,2025-11-20,2025-11-20
USR_4DA7C352,TRUE,855889.93,2025-10-11,2025-10-11,2025-10-20,2025-10-20
USR_4DA7C352,TRUE,640889.09,2025-09-11,2025-09-11,2025-09-20,2025-09-20
USR_4DA7C352,TRUE,150985.98,2025-08-11,2025-08-11,2025-08-20,2025-08-20
USR_E2C1731D,TRUE,431319.45,2025-12-11,2025-12-11,2025-12-20,2025-12-20
USR_E2C1731D,TRUE,320498.8,2025-12-11,2025-12-11,2025-12-20,2025-12-20
USR_E2C1731D,TRUE,258347.67,2025-11-11,2025-11-11,2025-11-20,2025-11-20
USR_E2C1731D,TRUE,772851.05,2025-10-11,2025-10-11,2025-10-20,2025-10-20
USR_E2C1731D,TRUE,947590.08,2025-09-11,2025-09-11,2025-09-20,2025-09-20
USR_E2C1731D,TRUE,847972.47,2025-08-11,2025-08-11,2025-08-20,2025-08-20
USR_39A80354,TRUE,917428.27,2025-12-11,2025-12-11,2025-12-20,2025-12-20
USR_39A80354,TRUE,370903.37,2025-12-11,2025-12-11,2025-12-20,2025-12-20
USR_39A80354,TRUE,948909.77,2025-11-11,2025-11-11,2025-11-20,2025-11-20
USR_39A80354,TRUE,750488.83,2025-10-11,2025-10-11,2025-10-20,2025-10-20
USR_39A80354,TRUE,910858.91,2025-09-11,2025-09-11,2025-09-20,2025-09-20
USR_39A80354,TRUE,239847.17,2025-08-11,2025-08-11,2025-08-20,2025-08-20
USR_AD8CBD55,TRUE,998785.54,2025-12-11,2025-12-11,2025-12-20,2025-12-20
USR_AD8CBD55,TRUE,107357.98,2025-12-11,2025-12-11,2025-12-20,2025-12-20
USR_AD8CBD55,TRUE,901334.79,2025-11-11,2025-11-11,2025-11-20,2025-11-20
USR_AD8CBD55,TRUE,306920.56,2025-10-11,2025-10-11,2025-10-20,2025-10-20
USR_AD8CBD55,TRUE,774190.29,2025-09-11,2025-09-11,2025-09-20,2025-09-20
USR_AD8CBD55,TRUE,642518.46,2025-08-11,2025-08-11,2025-08-20,2025-08-20
USR_FE203405,TRUE,700056.37,2025-12-11,2025-12-11,2025-12-20,2025-12-20
USR_FE203405,TRUE,353555.39,2025-12-11,2025-12-11,2025-12-20,2025-12-20
USR_FE203405,TRUE,321731.92,2025-11-11,2025-11-11,2025-11-20,2025-11-20
USR_FE203405,TRUE,248393.44,2025-10-11,2025-10-11,2025-10-20,2025-10-20
USR_FE203405,TRUE,751482.72,2025-09-11,2025-09-11,2025-09-20,2025-09-20
USR_FE203405,TRUE,546419.09,2025-08-11,2025-08-11,2025-08-20,2025-08-20
USR_A67B9B2C,TRUE,475274.93,2025-12-11,2025-12-11,2025-12-20,2025-12-20
USR_A67B9B2C,TRUE,706959.03,2025-12-11,2025-12-11,2025-12-20,2025-12-20
USR_A67B9B2C,TRUE,989885.17,2025-11-11,2025-11-11,2025-11-20,2025-11-20
USR_A67B9B2C,TRUE,963653.65,2025-10-11,2025-10-11,2025-10-20,2025-10-20
USR_A67B9B2C,TRUE,420038.39,2025-09-11,2025-09-11,2025-09-20,2025-09-20
USR_A67B9B2C,TRUE,163452.01,2025-08-11,2025-08-11,2025-08-20,2025-08-20
USR_5B184A1E,TRUE,685563.32,2025-12-11,2025-12-11,2025-12-20,2025-12-20
USR_5B184A1E,TRUE,816552.36,2025-12-11,2025-12-11,2025-12-20,2025-12-20
USR_5B184A1E,TRUE,826652.64,2025-11-11,2025-11-11,2025-11-20,2025-11-20
USR_5B184A1E,TRUE,276770.42,2025-10-11,2025-10-11,2025-10-20,2025-10-20
USR_5B184A1E,TRUE,109663.22,2025-09-11,2025-09-11,2025-09-20,2025-09-20
USR_5B184A1E,TRUE,717621.18,2025-08-11,2025-08-11,2025-08-20,2025-08-20
USR_58ACF047,TRUE,410580.1,2025-12-11,2025-12-11,2025-12-20,2025-12-20
USR_58ACF047,TRUE,353654.75,2025-12-11,2025-12-11,2025-12-20,2025-12-20
USR_58ACF047,TRUE,445450.96,2025-11-11,2025-11-11,2025-11-20,2025-11-20
USR_58ACF047,TRUE,910692.82,2025-10-11,2025-10-11,2025-10-20,2025-10-20
USR_58ACF047,TRUE,859157.0,2025-09-11,2025-09-11,2025-09-20,2025-09-20
USR_58ACF047,TRUE,641281.17,2025-08-11,2025-08-11,2025-08-20,2025-08-20
USR_3DC016FA,TRUE,180232.87,2025-12-11,2025-12-11,2025-12-20,2025-12-20
USR_3DC016FA,TRUE,367507.22,2025-12-11,2025-12-11,2025-12-20,2025-12-20
USR_3DC016FA,TRUE,266650.64,2025-11-11,2025-11-11,2025-11-20,2025-11-20
USR_3DC016FA,TRUE,658885.77,2025-10-11,2025-10-11,2025-10-20,2025-10-20
USR_3DC016FA,TRUE,271999.4,2025-09-11,2025-09-11,2025-09-20,2025-09-20
USR_3DC016FA,TRUE,349073.84,2025-08-11,2025-08-11,2025-08-20,2025-08-20
USR_47E434EF,TRUE,723379.37,2025-12-11,2025-12-11,2025-12-20,2025-12-20
USR_47E434EF,TRUE,117993.09,2025-12-11,2025-12-11,2025-12-20,2025-12-20
USR_47E434EF,TRUE,940480.73,2025-11-11,2025-11-11,2025-11-20,2025-11-20
USR_47E434EF,TRUE,902447.47,2025-10-11,2025-10-11,2025-10-20,2025-10-20
USR_47E434EF,TRUE,360868.77,2025-09-11,2025-09-11,2025-09-20,2025-09-20
USR_47E434EF,TRUE,267767.33,2025-08-11,2025-08-11,2025-08-20,2025-08-20
USR_AFADE152,TRUE,608877.0,2025-12-11,2025-12-11,2025-12-20,2025-12-20
USR_AFADE152,TRUE,341007.95,2025-12-11,2025-12-11,2025-12-20,2025-12-20
USR_AFADE152,TRUE,184687.64,2025-11-11,2025-11-11,2025-11-20,2025-11-20
USR_AFADE152,TRUE,879157.79,2025-10-11,2025-10-11,2025-10-20,2025-10-20
USR_AFADE152,TRUE,930394.86,2025-09-11,2025-09-11,2025-09-20,2025-09-20
USR_AFADE152,TRUE,690578.82,2025-08-11,2025-08-11,2025-08-20,2025-08-20
USR_07FA5CBA,TRUE,519323.47,2025-12-11,2025-12-11,2025-12-20,2025-12-20
USR_07FA5CBA,TRUE,942255.13,2025-12-11,2025-12-11,2025-12-20,2025-12-20
USR_07FA5CBA,TRUE,487079.0,2025-11-11,2025-11-11,2025-11-20,2025-11-20
USR_07FA5CBA,TRUE,424639.83,2025-10-11,2025-10-11,2025-10-20,2025-10-20
USR_07FA5CBA,TRUE,616392.21,2025-09-11,2025-09-11,2025-09-20,2025-09-20
USR_07FA5CBA,TRUE,564443.64,2025-08-11,2025-08-11,2025-08-20,2025-08-20
USR_134A7B4A,TRUE,996343.86,2025-12-11,2025-12-11,2025-12-20,2025-12-20
USR_134A7B4A,TRUE,540882.9,2025-12-11,2025-12-11,2025-12-20,2025-12-20
USR_134A7B4A,TRUE,861441.64,2025-11-11,2025-11-11,2025-11-20,2025-11-20
USR_134A7B4A,TRUE,902644.58,2025-10-11,2025-10-11,2025-10-20,2025-10-20
USR_134A7B4A,TRUE,297647.36,2025-09-11,2025-09-11,2025-09-20,2025-09-20
USR_134A7B4A,TRUE,143329.31,2025-08-11,2025-08-11,2025-08-20,2025-08-20
USR_01FC330A,TRUE,191942.43,2025-12-11,2025-12-11,2025-12-20,2025-12-20
USR_01FC330A,TRUE,217115.47,2025-12-11,2025-12-11,2025-12-20,2025-12-20
USR_01FC330A,TRUE,481030.92,2025-11-11,2025-11-11,2025-11-20,2025-11-20
USR_01FC330A,TRUE,341317.89,2025-10-11,2025-10-11,2025-10-20,2025-10-20
USR_01FC330A,TRUE,208895.53,2025-09-11,2025-09-11,2025-09-20,2025-09-20
USR_01FC330A,TRUE,675747.82,2025-08-11,2025-08-11,2025-08-20,2025-08-20
USR_348C2ECE,TRUE,343537.04,2025-12-11,2025-12-11,2025-12-20,2025-12-20
USR_348C2ECE,TRUE,498767.0,2025-12-11,2025-12-11,2025-12-20,2025-12-20
USR_348C2ECE,TRUE,511889.04,2025-11-11,2025-11-11,2025-11-20,2025-11-20
USR_348C2ECE,TRUE,628161.07,2025-10-11,2025-10-11,2025-10-20,2025-10-20
USR_348C2ECE,TRUE,919014.75,2025-09-11,2025-09-11,2025-09-20,2025-09-20
USR_348C2ECE,TRUE,367315.06,2025-08-11,2025-08-11,2025-08-20,2025-08-20
USR_052B6F7B,TRUE,520738.57,2025-12-11,2025-12-11,2025-12-20,2025-12-20
USR_052B6F7B,TRUE,418108.43,2025-12-11,2025-12-11,2025-12-20,2025-12-20
USR_052B6F7B,TRUE,548729.3,2025-11-11,2025-11-11,2025-11-20,2025-11-20
USR_052B6F7B,TRUE,829836.31,2025-10-11,2025-10-11,2025-10-20,2025-10-20
USR_052B6F7B,TRUE,259593.52,2025-09-11,2025-09-11,2025-09-20,2025-09-20
USR_052B6F7B,TRUE,264373.44,2025-08-11,2025-08-11,2025-08-20,2025-08-20
USR_06ED8E94,TRUE,586839.73,2025-12-11,2025-12-11,2025-12-20,2025-12-20
USR_06ED8E94,TRUE,323166.97,2025-12-11,2025-12-11,2025-12-20,2025-12-20
USR_06ED8E94,TRUE,692668.63,2025-11-11,2025-11-11,2025-11-20,2025-11-20
USR_06ED8E94,TRUE,866093.51,2025-10-11,2025-10-11,2025-10-20,2025-10-20
USR_06ED8E94,TRUE,210623.76,2025-09-11,2025-09-11,2025-09-20,2025-09-20
USR_06ED8E94,TRUE,289840.41,2025-08-11,2025-08-11,2025-08-20,2025-08-20
USR_751AEA9E,TRUE,779450.67,2025-12-11,2025-12-11,2025-12-20,2025-12-20
USR_751AEA9E,TRUE,447710.61,2025-12-11,2025-12-11,2025-12-20,2025-12-20
USR_751AEA9E,TRUE,555765.69,2025-11-11,2025-11-11,2025-11-20,2025-11-20
USR_751AEA9E,TRUE,298552.55,2025-10-11,2025-10-11,2025-10-20,2025-10-20
USR_751AEA9E,TRUE,841062.14,2025-09-11,2025-09-11,2025-09-20,2025-09-20
USR_751AEA9E,TRUE,776928.38,2025-08-11,2025-08-11,2025-08-20,2025-08-20
USR_3DEBA8D8,TRUE,492563.73,2025-12-11,2025-12-11,2025-12-20,2025-12-20
USR_3DEBA8D8,TRUE,107550.81,2025-12-11,2025-12-11,2025-12-20,2025-12-20
USR_3DEBA8D8,TRUE,570400.8,2025-11-11,2025-11-11,2025-11-20,2025-11-20
USR_3DEBA8D8,TRUE,269569.78,2025-10-11,2025-10-11,2025-10-20,2025-10-20
USR_3DEBA8D8,TRUE,597463.67,2025-09-11,2025-09-11,2025-09-20,2025-09-20
USR_3DEBA8D8,TRUE,584947.62,2025-08-11,2025-08-11,2025-08-20,2025-08-20
USR_30F95D1C,TRUE,542719.39,2025-12-11,2025-12-11,2025-12-20,2025-12-20
USR_30F95D1C,TRUE,944931.17,2025-12-11,2025-12-11,2025-12-20,2025-12-20
USR_30F95D1C,TRUE,316911.01,2025-11-11,2025-11-11,2025-11-20,2025-11-20
USR_30F95D1C,TRUE,586550.94,2025-10-11,2025-10-11,2025-10-20,2025-10-20
USR_30F95D1C,TRUE,720258.68,2025-09-11,2025-09-11,2025-09-20,2025-09-20
USR_30F95D1C,TRUE,311211.83,2025-08-11,2025-08-11,2025-08-20,2025-08-20
USR_A706279D,TRUE,484394.14,2025-12-11,2025-12-11,2025-12-20,2025-12-20
USR_A706279D,TRUE,232454.7,2025-12-11,2025-12-11,2025-12-20,2025-12-20
USR_A706279D,TRUE,826206.45,2025-11-11,2025-11-11,2025-11-20,2025-11-20
USR_A706279D,TRUE,873300.96,2025-10-11,2025-10-11,2025-10-20,2025-10-20
USR_A706279D,TRUE,657475.94,2025-09-11,2025-09-11,2025-09-20,2025-09-20
USR_A706279D,TRUE,147425.32,2025-08-11,2025-08-11,2025-08-20,2025-08-20
USR_C8FAC633,TRUE,966339.13,2025-12-11,2025-12-11,2025-12-20,2025-12-20
USR_C8FAC633,TRUE,195231.8,2025-12-11,2025-12-11,2025-12-20,2025-12-20
USR_C8FAC633,TRUE,271475.44,2025-11-11,2025-11-11,2025-11-20,2025-11-20
USR_C8FAC633,TRUE,631476.07,2025-10-11,2025-10-11,2025-10-20,2025-10-20
USR_C8FAC633,TRUE,971544.68,2025-09-11,2025-09-11,2025-09-20,2025-09-20
USR_C8FAC633,TRUE,714235.59,2025-08-11,2025-08-11,2025-08-20,2025-08-20
USR_A588029D,TRUE,229302.73,2025-12-11,2025-12-11,2025-12-20,2025-12-20
USR_A588029D,TRUE,691790.69,2025-12-11,2025-12-11,2025-12-20,2025-12-20
USR_A588029D,TRUE,735803.32,2025-11-11,2025-11-11,2025-11-20,2025-11-20
USR_A588029D,TRUE,750065.03,2025-10-11,2025-10-11,2025-10-20,2025-10-20
USR_A588029D,TRUE,657205.65,2025-09-11,2025-09-11,2025-09-20,2025-09-20
USR_A588029D,TRUE,416905.68,2025-08-11,2025-08-11,2025-08-20,2025-08-20
USR_A9C001DE,TRUE,783548.02,2025-12-11,2025-12-11,2025-12-20,2025-12-20
USR_A9C001DE,TRUE,762404.41,2025-12-11,2025-12-11,2025-12-20,2025-12-20
USR_A9C001DE,TRUE,458609.28,2025-11-11,2025-11-11,2025-11-20,2025-11-20
USR_A9C001DE,TRUE,722749.11,2025-10-11,2025-10-11,2025-10-20,2025-10-20
USR_A9C001DE,TRUE,315668.67,2025-09-11,2025-09-11,2025-09-20,2025-09-20
USR_A9C001DE,TRUE,819155.28,2025-08-11,2025-08-11,2025-08-20,2025-08-20
USR_C4906175,TRUE,822073.46,2025-12-11,2025-12-11,2025-12-20,2025-12-20
USR_C4906175,TRUE,559663.24,2025-12-11,2025-12-11,2025-12-20,2025-12-20
USR_C4906175,TRUE,822210.14,2025-11-11,2025-11-11,2025-11-20,2025-11-20
USR_C4906175,TRUE,667413.37,2025-10-11,2025-10-11,2025-10-20,2025-10-20
USR_C4906175,TRUE,365123.55,2025-09-11,2025-09-11,2025-09-20,2025-09-20
USR_C4906175,TRUE,261595.93,2025-08-11,2025-08-11,2025-08-20,2025-08-20
USR_2DAD8EA1,TRUE,759106.81,2025-12-11,2025-12-11,2025-12-20,2025-12-20
USR_2DAD8EA1,TRUE,737477.62,2025-12-11,2025-12-11,2025-12-20,2025-12-20
USR_2DAD8EA1,TRUE,845344.66,2025-11-11,2025-11-11,2025-11-20,2025-11-20
USR_2DAD8EA1,TRUE,509137.72,2025-10-11,2025-10-11,2025-10-20,2025-10-20
USR_2DAD8EA1,TRUE,574466.4,2025-09-11,2025-09-11,2025-09-20,2025-09-20
USR_2DAD8EA1,TRUE,168893.79,2025-08-11,2025-08-11,2025-08-20,2025-08-20
USR_E8E49770,TRUE,638268.65,2025-12-11,2025-12-11,2025-12-20,2025-12-20
USR_E8E49770,TRUE,259136.37,2025-12-11,2025-12-11,2025-12-20,2025-12-20
USR_E8E49770,TRUE,516542.97,2025-11-11,2025-11-11,2025-11-20,2025-11-20
USR_E8E49770,TRUE,632772.55,2025-10-11,2025-10-11,2025-10-20,2025-10-20
USR_E8E49770,TRUE,121405.85,2025-09-11,2025-09-11,2025-09-20,2025-09-20
USR_E8E49770,TRUE,401803.59,2025-08-11,2025-08-11,2025-08-20,2025-08-20
USR_A8A6CE23,TRUE,413444.55,2025-12-11,2025-12-11,2025-12-20,2025-12-20
USR_A8A6CE23,TRUE,858316.38,2025-12-11,2025-12-11,2025-12-20,2025-12-20
USR_A8A6CE23,TRUE,417053.15,2025-11-11,2025-11-11,2025-11-20,2025-11-20
USR_A8A6CE23,TRUE,870533.73,2025-10-11,2025-10-11,2025-10-20,2025-10-20
USR_A8A6CE23,TRUE,744781.0,2025-09-11,2025-09-11,2025-09-20,2025-09-20
USR_A8A6CE23,TRUE,238269.28,2025-08-11,2025-08-11,2025-08-20,2025-08-20
USR_8AC1067F,TRUE,234068.44,2025-12-11,2025-12-11,2025-12-20,2025-12-20
USR_8AC1067F,TRUE,589372.83,2025-12-11,2025-12-11,2025-12-20,2025-12-20
USR_8AC1067F,TRUE,392190.83,2025-11-11,2025-11-11,2025-11-20,2025-11-20
USR_8AC1067F,TRUE,477539.9,2025-10-11,2025-10-11,2025-10-20,2025-10-20
USR_8AC1067F,TRUE,226730.35,2025-09-11,2025-09-11,2025-09-20,2025-09-20
USR_8AC1067F,TRUE,855972.87,2025-08-11,2025-08-11,2025-08-20,2025-08-20
USR_3E0B3053,TRUE,586875.71,2025-12-11,2025-12-11,2025-12-20,2025-12-20
USR_3E0B3053,TRUE,462280.25,2025-12-11,2025-12-11,2025-12-20,2025-12-20
USR_3E0B3053,TRUE,670063.02,2025-11-11,2025-11-11,2025-11-20,2025-11-20
USR_3E0B3053,TRUE,306650.24,2025-10-11,2025-10-11,2025-10-20,2025-10-20
USR_3E0B3053,TRUE,144539.95,2025-09-11,2025-09-11,2025-09-20,2025-09-20
USR_3E0B3053,TRUE,299879.99,2025-08-11,2025-08-11,2025-08-20,2025-08-20
USR_37A0A6CB,TRUE,356258.36,2025-12-11,2025-12-11,2025-12-20,2025-12-20
USR_37A0A6CB,TRUE,350402.09,2025-12-11,2025-12-11,2025-12-20,2025-12-20
USR_37A0A6CB,TRUE,664936.25,2025-11-11,2025-11-11,2025-11-20,2025-11-20
USR_37A0A6CB,TRUE,588395.42,2025-10-11,2025-10-11,2025-10-20,2025-10-20
USR_37A0A6CB,TRUE,462345.0,2025-09-11,2025-09-11,2025-09-20,2025-09-20
USR_37A0A6CB,TRUE,943834.82,2025-08-11,2025-08-11,2025-08-20,2025-08-20
USR_65C0D990,TRUE,184839.4,2025-12-11,2025-12-11,2025-12-20,2025-12-20
USR_65C0D990,TRUE,220498.59,2025-12-11,2025-12-11,2025-12-20,2025-12-20
USR_65C0D990,TRUE,175356.1,2025-11-11,2025-11-11,2025-11-20,2025-11-20
USR_65C0D990,TRUE,466336.61,2025-10-11,2025-10-11,2025-10-20,2025-10-20
USR_65C0D990,TRUE,567648.32,2025-09-11,2025-09-11,2025-09-20,2025-09-20
USR_65C0D990,TRUE,554215.4,2025-08-11,2025-08-11,2025-08-20,2025-08-20
USR_BE83B903,TRUE,144712.08,2025-12-11,2025-12-11,2025-12-20,2025-12-20
USR_BE83B903,TRUE,380397.05,2025-12-11,2025-12-11,2025-12-20,2025-12-20
USR_BE83B903,TRUE,544544.58,2025-11-11,2025-11-11,2025-11-20,2025-11-20
USR_BE83B903,TRUE,683210.77,2025-10-11,2025-10-11,2025-10-20,2025-10-20
USR_BE83B903,TRUE,284866.78,2025-09-11,2025-09-11,2025-09-20,2025-09-20
USR_BE83B903,TRUE,917670.31,2025-08-11,2025-08-11,2025-08-20,2025-08-20
USR_36AE10F2,FALSE,637067.89,2025-12-11,2026-01-02,2025-12-20,2025-12-21
USR_36AE10F2,FALSE,652118.93,2025-12-11,2026-01-03,2025-12-20,2026-01-14
USR_36AE10F2,FALSE,282872.31,2025-11-11,2025-11-21,2025-11-20,2025-11-23
USR_36AE10F2,FALSE,471754.88,2025-10-11,2025-11-07,2025-10-20,2025-11-05
USR_36AE10F2,FALSE,135380.78,2025-09-11,2025-10-05,2025-09-20,2025-10-15
USR_36AE10F2,FALSE,199644.19,2025-08-11,2025-08-12,2025-08-20,2025-09-12
USR_B2D8D018,TRUE,103803.5,2025-12-11,2025-12-11,2025-12-20,2025-12-20
USR_B2D8D018,TRUE,661943.45,2025-12-11,2025-12-11,2025-12-20,2025-12-20
USR_B2D8D018,TRUE,268929.51,2025-11-11,2025-11-11,2025-11-20,2025-11-20
USR_B2D8D018,TRUE,923724.01,2025-10-11,2025-10-11,2025-10-20,2025-10-20
USR_B2D8D018,TRUE,816909.54,2025-09-11,2025-09-11,2025-09-20,2025-09-20
USR_B2D8D018,TRUE,217776.21,2025-08-11,2025-08-11,2025-08-20,2025-08-20
USR_186913F0,TRUE,521336.64,2025-12-11,2025-12-11,2025-12-20,2025-12-20
USR_186913F0,TRUE,344583.27,2025-12-11,2025-12-11,2025-12-20,2025-12-20
USR_186913F0,TRUE,328758.5,2025-11-11,2025-11-11,2025-11-20,2025-11-20
USR_186913F0,TRUE,973433.75,2025-10-11,2025-10-11,2025-10-20,2025-10-20
USR_186913F0,TRUE,702386.32,2025-09-11,2025-09-11,2025-09-20,2025-09-20
USR_186913F0,TRUE,207361.48,2025-08-11,2025-08-11,2025-08-20,2025-08-20
USR_6AD79EA5,TRUE,215420.97,2025-12-11,2025-12-11,2025-12-20,2025-12-20
USR_6AD79EA5,TRUE,166816.51,2025-12-11,2025-12-11,2025-12-20,2025-12-20
USR_6AD79EA5,TRUE,531646.69,2025-11-11,2025-11-11,2025-11-20,2025-11-20
USR_6AD79EA5,TRUE,513661.14,2025-10-11,2025-10-11,2025-10-20,2025-10-20
USR_6AD79EA5,TRUE,171172.04,2025-09-11,2025-09-11,2025-09-20,2025-09-20
USR_6AD79EA5,TRUE,761756.87,2025-08-11,2025-08-11,2025-08-20,2025-08-20
USR_4B2EFA3E,TRUE,271068.25,2025-12-11,2025-12-11,2025-12-20,2025-12-20
USR_4B2EFA3E,TRUE,240382.74,2025-12-11,2025-12-11,2025-12-20,2025-12-20
USR_4B2EFA3E,TRUE,962250.87,2025-11-11,2025-11-11,2025-11-20,2025-11-20
USR_4B2EFA3E,TRUE,657122.66,2025-10-11,2025-10-11,2025-10-20,2025-10-20
USR_4B2EFA3E,TRUE,158790.45,2025-09-11,2025-09-11,2025-09-20,2025-09-20
USR_4B2EFA3E,TRUE,192595.27,2025-08-11,2025-08-11,2025-08-20,2025-08-20
USR_9D62D9C2,TRUE,825056.76,2025-12-11,2025-12-11,2025-12-20,2025-12-20
USR_9D62D9C2,TRUE,547184.14,2025-12-11,2025-12-11,2025-12-20,2025-12-20
USR_9D62D9C2,TRUE,579435.67,2025-11-11,2025-11-11,2025-11-20,2025-11-20
USR_9D62D9C2,TRUE,609017.11,2025-10-11,2025-10-11,2025-10-20,2025-10-20
USR_9D62D9C2,TRUE,903960.05,2025-09-11,2025-09-11,2025-09-20,2025-09-20
USR_9D62D9C2,TRUE,549068.52,2025-08-11,2025-08-11,2025-08-20,2025-08-20
USR_59B56940,FALSE,378997.42,2025-12-11,2025-12-20,2025-12-20,2026-01-11
USR_59B56940,FALSE,721206.94,2025-12-11,2026-01-05,2025-12-20,2026-01-17
USR_59B56940,FALSE,918674.69,2025-11-11,2025-12-06,2025-11-20,2025-11-29
USR_59B56940,FALSE,160053.09,2025-10-11,2025-10-19,2025-10-20,2025-11-11
USR_59B56940,FALSE,492318.35,2025-09-11,2025-10-06,2025-09-20,2025-09-23
USR_59B56940,FALSE,184872.18,2025-08-11,2025-08-18,2025-08-20,2025-09-16
USR_431A8909,FALSE,147106.06,2025-12-11,2025-12-19,2025-12-20,2026-01-02
USR_431A8909,FALSE,769664.44,2025-12-11,2025-12-24,2025-12-20,2025-12-26
USR_431A8909,FALSE,341144.61,2025-11-11,2025-12-02,2025-11-20,2025-12-11
USR_431A8909,FALSE,425810.95,2025-10-11,2025-10-21,2025-10-20,2025-10-21
USR_431A8909,FALSE,629781.96,2025-09-11,2025-10-08,2025-09-20,2025-10-08
USR_431A8909,FALSE,493572.4,2025-08-11,2025-08-17,2025-08-20,2025-09-13
USR_1FFED907,TRUE,337593.02,2025-12-11,2025-12-11,2025-12-20,2025-12-20
USR_1FFED907,TRUE,244149.76,2025-12-11,2025-12-11,2025-12-20,2025-12-20
USR_1FFED907,TRUE,433666.92,2025-11-11,2025-11-11,2025-11-20,2025-11-20
USR_1FFED907,TRUE,322645.3,2025-10-11,2025-10-11,2025-10-20,2025-10-20
USR_1FFED907,TRUE,727795.3,2025-09-11,2025-09-11,2025-09-20,2025-09-20
USR_1FFED907,TRUE,483217.26,2025-08-11,2025-08-11,2025-08-20,2025-08-20
USR_FAF60A15,FALSE,598095.6,2025-12-11,2026-01-10,2025-12-20,2026-01-01
USR_FAF60A15,FALSE,934962.99,2025-12-11,2025-12-22,2025-12-20,2026-01-14
USR_FAF60A15,FALSE,635390.03,2025-11-11,2025-12-07,2025-11-20,2025-12-13
USR_FAF60A15,FALSE,772869.66,2025-10-11,2025-11-02,2025-10-20,2025-11-15
USR_FAF60A15,FALSE,702088.8,2025-09-11,2025-09-14,2025-09-20,2025-09-25
USR_FAF60A15,FALSE,293190.83,2025-08-11,2025-08-26,2025-08-20,2025-09-13
USR_ED404F3E,TRUE,999413.89,2025-12-11,2025-12-11,2025-12-20,2025-12-20
USR_ED404F3E,TRUE,489255.6,2025-12-11,2025-12-11,2025-12-20,2025-12-20
USR_ED404F3E,TRUE,927495.81,2025-11-11,2025-11-11,2025-11-20,2025-11-20
USR_ED404F3E,TRUE,820894.32,2025-10-11,2025-10-11,2025-10-20,2025-10-20
USR_ED404F3E,TRUE,352496.76,2025-09-11,2025-09-11,2025-09-20,2025-09-20
USR_ED404F3E,TRUE,452208.65,2025-08-11,2025-08-11,2025-08-20,2025-08-20
USR_C09E55E2,TRUE,157470.73,2025-12-11,2025-12-11,2025-12-20,2025-12-20
USR_C09E55E2,TRUE,644114.06,2025-12-11,2025-12-11,2025-12-20,2025-12-20
USR_C09E55E2,TRUE,413521.66,2025-11-11,2025-11-11,2025-11-20,2025-11-20
USR_C09E55E2,TRUE,592698.85,2025-10-11,2025-10-11,2025-10-20,2025-10-20
USR_C09E55E2,TRUE,925746.69,2025-09-11,2025-09-11,2025-09-20,2025-09-20
USR_C09E55E2,TRUE,904177.13,2025-08-11,2025-08-11,2025-08-20,2025-08-20
USR_200D87C1,TRUE,237747.23,2025-12-11,2025-12-11,2025-12-20,2025-12-20
USR_200D87C1,TRUE,332460.29,2025-12-11,2025-12-11,2025-12-20,2025-12-20
USR_200D87C1,TRUE,998286.31,2025-11-11,2025-11-11,2025-11-20,2025-11-20
USR_200D87C1,TRUE,790647.69,2025-10-11,2025-10-11,2025-10-20,2025-10-20
USR_200D87C1,TRUE,721590.21,2025-09-11,2025-09-11,2025-09-20,2025-09-20
USR_200D87C1,TRUE,571091.11,2025-08-11,2025-08-11,2025-08-20,2025-08-20
USR_BA4181DD,FALSE,899147.96,2025-12-11,2025-12-20,2025-12-20,2026-01-06
USR_BA4181DD,FALSE,869287.64,2025-12-11,2026-01-03,2025-12-20,2025-12-27
USR_BA4181DD,FALSE,500729.22,2025-11-11,2025-12-08,2025-11-20,2025-12-04
USR_BA4181DD,FALSE,911369.02,2025-10-11,2025-10-31,2025-10-20,2025-11-15
USR_BA4181DD,FALSE,319494.14,2025-09-11,2025-09-24,2025-09-20,2025-10-19
USR_BA4181DD,FALSE,125502.94,2025-08-11,2025-08-17,2025-08-20,2025-09-15
USR_72829E41,TRUE,993905.4,2025-12-11,2025-12-11,2025-12-20,2025-12-20
USR_72829E41,TRUE,810273.91,2025-12-11,2025-12-11,2025-12-20,2025-12-20
USR_72829E41,TRUE,763207.15,2025-11-11,2025-11-11,2025-11-20,2025-11-20
USR_72829E41,TRUE,484017.27,2025-10-11,2025-10-11,2025-10-20,2025-10-20
USR_72829E41,TRUE,677604.23,2025-09-11,2025-09-11,2025-09-20,2025-09-20
USR_72829E41,TRUE,436835.57,2025-08-11,2025-08-11,2025-08-20,2025-08-20
USR_3670CB53,FALSE,673281.87,2025-12-11,2026-01-04,2025-12-20,2026-01-11
USR_3670CB53,FALSE,670569.7,2025-12-11,2025-12-28,2025-12-20,2026-01-03
USR_3670CB53,FALSE,649716.74,2025-11-11,2025-11-24,2025-11-20,2025-12-15
USR_3670CB53,FALSE,524804.78,2025-10-11,2025-10-20,2025-10-20,2025-11-10
USR_3670CB53,FALSE,706101.4,2025-09-11,2025-10-09,2025-09-20,2025-09-22
USR_3670CB53,FALSE,760873.28,2025-08-11,2025-08-12,2025-08-20,2025-09-19
USR_46D7B5F9,TRUE,637578.25,2025-12-11,2025-12-11,2025-12-20,2025-12-20
USR_46D7B5F9,TRUE,537229.94,2025-12-11,2025-12-11,2025-12-20,2025-12-20
USR_46D7B5F9,TRUE,880688.93,2025-11-11,2025-11-11,2025-11-20,2025-11-20
USR_46D7B5F9,TRUE,854150.9,2025-10-11,2025-10-11,2025-10-20,2025-10-20
USR_46D7B5F9,TRUE,699265.48,2025-09-11,2025-09-11,2025-09-20,2025-09-20
USR_46D7B5F9,TRUE,117760.7,2025-08-11,2025-08-11,2025-08-20,2025-08-20
USR_BB99F276,TRUE,651560.26,2025-12-11,2025-12-11,2025-12-20,2025-12-20
USR_BB99F276,TRUE,615056.78,2025-12-11,2025-12-11,2025-12-20,2025-12-20
USR_BB99F276,TRUE,307114.5,2025-11-11,2025-11-11,2025-11-20,2025-11-20
USR_BB99F276,TRUE,259125.03,2025-10-11,2025-10-11,2025-10-20,2025-10-20
USR_BB99F276,TRUE,794143.4,2025-09-11,2025-09-11,2025-09-20,2025-09-20
USR_BB99F276,TRUE,261215.1,2025-08-11,2025-08-11,2025-08-20,2025-08-20
USR_D786B630,TRUE,365525.44,2025-12-11,2025-12-11,2025-12-20,2025-12-20
USR_D786B630,TRUE,463476.53,2025-12-11,2025-12-11,2025-12-20,2025-12-20
USR_D786B630,TRUE,704669.45,2025-11-11,2025-11-11,2025-11-20,2025-11-20
USR_D786B630,TRUE,556623.5,2025-10-11,2025-10-11,2025-10-20,2025-10-20
USR_D786B630,TRUE,984083.18,2025-09-11,2025-09-11,2025-09-20,2025-09-20
USR_D786B630,TRUE,999501.39,2025-08-11,2025-08-11,2025-08-20,2025-08-20
USR_B410A3D4,TRUE,445736.78,2025-12-11,2025-12-11,2025-12-20,2025-12-20
USR_B410A3D4,TRUE,226803.76,2025-12-11,2025-12-11,2025-12-20,2025-12-20
USR_B410A3D4,TRUE,630733.8,2025-11-11,2025-11-11,2025-11-20,2025-11-20
USR_B410A3D4,TRUE,905314.19,2025-10-11,2025-10-11,2025-10-20,2025-10-20
USR_B410A3D4,TRUE,108247.9,2025-09-11,2025-09-11,2025-09-20,2025-09-20
USR_B410A3D4,TRUE,805988.91,2025-08-11,2025-08-11,2025-08-20,2025-08-20
USR_67DA8DD0,TRUE,116918.74,2025-12-11,2025-12-11,2025-12-20,2025-12-20
USR_67DA8DD0,TRUE,995681.78,2025-12-11,2025-12-11,2025-12-20,2025-12-20
USR_67DA8DD0,TRUE,122283.02,2025-11-11,2025-11-11,2025-11-20,2025-11-20
USR_67DA8DD0,TRUE,966739.27,2025-10-11,2025-10-11,2025-10-20,2025-10-20
USR_67DA8DD0,TRUE,809926.68,2025-09-11,2025-09-11,2025-09-20,2025-09-20
USR_67DA8DD0,TRUE,950547.72,2025-08-11,2025-08-11,2025-08-20,2025-08-20
USR_18438032,TRUE,393334.08,2025-12-11,2025-12-11,2025-12-20,2025-12-20
USR_18438032,TRUE,432307.01,2025-12-11,2025-12-11,2025-12-20,2025-12-20
USR_18438032,TRUE,107732.44,2025-11-11,2025-11-11,2025-11-20,2025-11-20
USR_18438032,TRUE,226208.29,2025-10-11,2025-10-11,2025-10-20,2025-10-20
USR_18438032,TRUE,343331.15,2025-09-11,2025-09-11,2025-09-20,2025-09-20
USR_18438032,TRUE,521978.89,2025-08-11,2025-08-11,2025-08-20,2025-08-20
USR_61FA6975,TRUE,707142.54,2025-12-11,2025-12-11,2025-12-20,2025-12-20
USR_61FA6975,TRUE,534558.28,2025-12-11,2025-12-11,2025-12-20,2025-12-20
USR_61FA6975,TRUE,817995.43,2025-11-11,2025-11-11,2025-11-20,2025-11-20
USR_61FA6975,TRUE,491400.35,2025-10-11,2025-10-11,2025-10-20,2025-10-20
USR_61FA6975,TRUE,968212.91,2025-09-11,2025-09-11,2025-09-20,2025-09-20
USR_61FA6975,TRUE,396055.9,2025-08-11,2025-08-11,2025-08-20,2025-08-20
USR_32AAC9A4,TRUE,453669.42,2025-12-11,2025-12-11,2025-12-20,2025-12-20
USR_32AAC9A4,TRUE,436163.48,2025-12-11,2025-12-11,2025-12-20,2025-12-20
USR_32AAC9A4,TRUE,981763.78,2025-11-11,2025-11-11,2025-11-20,2025-11-20
USR_32AAC9A4,TRUE,275233.14,2025-10-11,2025-10-11,2025-10-20,2025-10-20
USR_32AAC9A4,TRUE,190764.37,2025-09-11,2025-09-11,2025-09-20,2025-09-20
USR_32AAC9A4,TRUE,731984.72,2025-08-11,2025-08-11,2025-08-20,2025-08-20
USR_4FA91FFB,TRUE,926542.09,2025-12-11,2025-12-11,2025-12-20,2025-12-20
USR_4FA91FFB,TRUE,990538.33,2025-12-11,2025-12-11,2025-12-20,2025-12-20
USR_4FA91FFB,TRUE,402942.39,2025-11-11,2025-11-11,2025-11-20,2025-11-20
USR_4FA91FFB,TRUE,537985.97,2025-10-11,2025-10-11,2025-10-20,2025-10-20
USR_4FA91FFB,TRUE,954073.21,2025-09-11,2025-09-11,2025-09-20,2025-09-20
USR_4FA91FFB,TRUE,670079.51,2025-08-11,2025-08-11,2025-08-20,2025-08-20
USR_5AC430A3,TRUE,736723.62,2025-12-11,2025-12-11,2025-12-20,2025-12-20
USR_5AC430A3,TRUE,498167.49,2025-12-11,2025-12-11,2025-12-20,2025-12-20
USR_5AC430A3,TRUE,839196.09,2025-11-11,2025-11-11,2025-11-20,2025-11-20
USR_5AC430A3,TRUE,927464.47,2025-10-11,2025-10-11,2025-10-20,2025-10-20
USR_5AC430A3,TRUE,313288.95,2025-09-11,2025-09-11,2025-09-20,2025-09-20
USR_5AC430A3,TRUE,929974.17,2025-08-11,2025-08-11,2025-08-20,2025-08-20
USR_88D20D9C,TRUE,902567.08,2025-12-11,2025-12-11,2025-12-20,2025-12-20
USR_88D20D9C,TRUE,794688.26,2025-12-11,2025-12-11,2025-12-20,2025-12-20
USR_88D20D9C,TRUE,554148.27,2025-11-11,2025-11-11,2025-11-20,2025-11-20
USR_88D20D9C,TRUE,641467.17,2025-10-11,2025-10-11,2025-10-20,2025-10-20
USR_88D20D9C,TRUE,528671.78,2025-09-11,2025-09-11,2025-09-20,2025-09-20
USR_88D20D9C,TRUE,810589.85,2025-08-11,2025-08-11,2025-08-20,2025-08-20
USR_FF5424E2,TRUE,202291.1,2025-12-11,2025-12-11,2025-12-20,2025-12-20
USR_FF5424E2,TRUE,798456.67,2025-12-11,2025-12-11,2025-12-20,2025-12-20
USR_FF5424E2,TRUE,274092.53,2025-11-11,2025-11-11,2025-11-20,2025-11-20
USR_FF5424E2,TRUE,908354.59,2025-10-11,2025-10-11,2025-10-20,2025-10-20
USR_FF5424E2,TRUE,314711.15,2025-09-11,2025-09-11,2025-09-20,2025-09-20
USR_FF5424E2,TRUE,553980.78,2025-08-11,2025-08-11,2025-08-20,2025-08-20
USR_E8583A3F,TRUE,722608.56,2025-12-11,2025-12-11,2025-12-20,2025-12-20
USR_E8583A3F,TRUE,538482.62,2025-12-11,2025-12-11,2025-12-20,2025-12-20
USR_E8583A3F,TRUE,338177.93,2025-11-11,2025-11-11,2025-11-20,2025-11-20
USR_E8583A3F,TRUE,556930.63,2025-10-11,2025-10-11,2025-10-20,2025-10-20
USR_E8583A3F,TRUE,510671.45,2025-09-11,2025-09-11,2025-09-20,2025-09-20
USR_E8583A3F,TRUE,772536.53,2025-08-11,2025-08-11,2025-08-20,2025-08-20
USR_83D780E8,TRUE,341492.75,2025-12-11,2025-12-11,2025-12-20,2025-12-20
USR_83D780E8,TRUE,111622.02,2025-12-11,2025-12-11,2025-12-20,2025-12-20
USR_83D780E8,TRUE,860340.32,2025-11-11,2025-11-11,2025-11-20,2025-11-20
USR_83D780E8,TRUE,411924.4,2025-10-11,2025-10-11,2025-10-20,2025-10-20
USR_83D780E8,TRUE,146141.79,2025-09-11,2025-09-11,2025-09-20,2025-09-20
USR_83D780E8,TRUE,351085.5,2025-08-11,2025-08-11,2025-08-20,2025-08-20
USR_03E9FDFD,TRUE,636346.84,2025-12-11,2025-12-11,2025-12-20,2025-12-20
USR_03E9FDFD,TRUE,224625.61,2025-12-11,2025-12-11,2025-12-20,2025-12-20
USR_03E9FDFD,TRUE,337153.42,2025-11-11,2025-11-11,2025-11-20,2025-11-20
USR_03E9FDFD,TRUE,321346.0,2025-10-11,2025-10-11,2025-10-20,2025-10-20
USR_03E9FDFD,TRUE,699769.16,2025-09-11,2025-09-11,2025-09-20,2025-09-20
USR_03E9FDFD,TRUE,581273.48,2025-08-11,2025-08-11,2025-08-20,2025-08-20
USR_A0BA6593,FALSE,174894.74,2025-12-11,2025-12-31,2025-12-20,2025-12-28
USR_A0BA6593,FALSE,100338.59,2025-12-11,2025-12-25,2025-12-20,2026-01-01
USR_A0BA6593,FALSE,563034.55,2025-11-11,2025-12-02,2025-11-20,2025-12-18
USR_A0BA6593,FALSE,970987.47,2025-10-11,2025-10-15,2025-10-20,2025-11-10
USR_A0BA6593,FALSE,256811.64,2025-09-11,2025-10-08,2025-09-20,2025-10-06
USR_A0BA6593,FALSE,222550.53,2025-08-11,2025-08-28,2025-08-20,2025-09-02
USR_BE6B69C6,TRUE,229402.7,2025-12-11,2025-12-11,2025-12-20,2025-12-20
USR_BE6B69C6,TRUE,804513.87,2025-12-11,2025-12-11,2025-12-20,2025-12-20
USR_BE6B69C6,TRUE,477084.04,2025-11-11,2025-11-11,2025-11-20,2025-11-20
USR_BE6B69C6,TRUE,641351.1,2025-10-11,2025-10-11,2025-10-20,2025-10-20
USR_BE6B69C6,TRUE,767046.52,2025-09-11,2025-09-11,2025-09-20,2025-09-20
USR_BE6B69C6,TRUE,489563.05,2025-08-11,2025-08-11,2025-08-20,2025-08-20
USR_B5B4EC62,FALSE,377773.62,2025-12-11,2026-01-10,2025-12-20,2026-01-14
USR_B5B4EC62,FALSE,773987.55,2025-12-11,2025-12-31,2025-12-20,2026-01-18
USR_B5B4EC62,FALSE,770449.17,2025-11-11,2025-12-04,2025-11-20,2025-12-02
USR_B5B4EC62,FALSE,874805.42,2025-10-11,2025-11-07,2025-10-20,2025-11-06
USR_B5B4EC62,FALSE,901380.22,2025-09-11,2025-09-28,2025-09-20,2025-10-19
USR_B5B4EC62,FALSE,788182.85,2025-08-11,2025-09-10,2025-08-20,2025-09-14
USR_4DA7CB78,TRUE,793569.94,2025-12-11,2025-12-11,2025-12-20,2025-12-20
USR_4DA7CB78,TRUE,339470.23,2025-12-11,2025-12-11,2025-12-20,2025-12-20
USR_4DA7CB78,TRUE,215582.49,2025-11-11,2025-11-11,2025-11-20,2025-11-20
USR_4DA7CB78,TRUE,992434.91,2025-10-11,2025-10-11,2025-10-20,2025-10-20
USR_4DA7CB78,TRUE,320585.8,2025-09-11,2025-09-11,2025-09-20,2025-09-20
USR_4DA7CB78,TRUE,153217.45,2025-08-11,2025-08-11,2025-08-20,2025-08-20
USR_1A6B8C4E,TRUE,737663.88,2025-12-11,2025-12-11,2025-12-20,2025-12-20
USR_1A6B8C4E,TRUE,349508.66,2025-12-11,2025-12-11,2025-12-20,2025-12-20
USR_1A6B8C4E,TRUE,130485.79,2025-11-11,2025-11-11,2025-11-20,2025-11-20
USR_1A6B8C4E,TRUE,417309.03,2025-10-11,2025-10-11,2025-10-20,2025-10-20
USR_1A6B8C4E,TRUE,469395.73,2025-09-11,2025-09-11,2025-09-20,2025-09-20
USR_1A6B8C4E,TRUE,135566.99,2025-08-11,2025-08-11,2025-08-20,2025-08-20
USR_79F21772,FALSE,553839.83,2025-12-11,2025-12-15,2025-12-20,2026-01-15
USR_79F21772,FALSE,411339.07,2025-12-11,2026-01-06,2025-12-20,2025-12-26
USR_79F21772,FALSE,615700.49,2025-11-11,2025-12-08,2025-11-20,2025-11-26
USR_79F21772,FALSE,688531.9,2025-10-11,2025-10-25,2025-10-20,2025-11-11
USR_79F21772,FALSE,414032.42,2025-09-11,2025-10-08,2025-09-20,2025-10-08
USR_79F21772,FALSE,687268.84,2025-08-11,2025-09-06,2025-08-20,2025-08-23
USR_502BB21F,TRUE,721048.58,2025-12-11,2025-12-11,2025-12-20,2025-12-20
USR_502BB21F,TRUE,458990.06,2025-12-11,2025-12-11,2025-12-20,2025-12-20
USR_502BB21F,TRUE,725276.96,2025-11-11,2025-11-11,2025-11-20,2025-11-20
USR_502BB21F,TRUE,925525.59,2025-10-11,2025-10-11,2025-10-20,2025-10-20
USR_502BB21F,TRUE,898919.84,2025-09-11,2025-09-11,2025-09-20,2025-09-20
USR_502BB21F,TRUE,136974.48,2025-08-11,2025-08-11,2025-08-20,2025-08-20
USR_6B57AA45,TRUE,942097.03,2025-12-11,2025-12-11,2025-12-20,2025-12-20
USR_6B57AA45,TRUE,769801.81,2025-12-11,2025-12-11,2025-12-20,2025-12-20
USR_6B57AA45,TRUE,418794.39,2025-11-11,2025-11-11,2025-11-20,2025-11-20
USR_6B57AA45,TRUE,140785.42,2025-10-11,2025-10-11,2025-10-20,2025-10-20
USR_6B57AA45,TRUE,767904.79,2025-09-11,2025-09-11,2025-09-20,2025-09-20
USR_6B57AA45,TRUE,472535.5,2025-08-11,2025-08-11,2025-08-20,2025-08-20
USR_17B1E2B9,TRUE,103412.21,2025-12-11,2025-12-11,2025-12-20,2025-12-20
USR_17B1E2B9,TRUE,488531.93,2025-12-11,2025-12-11,2025-12-20,2025-12-20
USR_17B1E2B9,TRUE,315141.91,2025-11-11,2025-11-11,2025-11-20,2025-11-20
USR_17B1E2B9,TRUE,236920.7,2025-10-11,2025-10-11,2025-10-20,2025-10-20
USR_17B1E2B9,TRUE,835235.44,2025-09-11,2025-09-11,2025-09-20,2025-09-20
USR_17B1E2B9,TRUE,738448.16,2025-08-11,2025-08-11,2025-08-20,2025-08-20
USR_2FCD60C8,TRUE,114087.65,2025-12-11,2025-12-11,2025-12-20,2025-12-20
USR_2FCD60C8,TRUE,800758.48,2025-12-11,2025-12-11,2025-12-20,2025-12-20
USR_2FCD60C8,TRUE,134931.38,2025-11-11,2025-11-11,2025-11-20,2025-11-20
USR_2FCD60C8,TRUE,787173.71,2025-10-11,2025-10-11,2025-10-20,2025-10-20
USR_2FCD60C8,TRUE,537144.24,2025-09-11,2025-09-11,2025-09-20,2025-09-20
USR_2FCD60C8,TRUE,903376.96,2025-08-11,2025-08-11,2025-08-20,2025-08-20
USR_C97CC7EC,TRUE,347918.88,2025-12-11,2025-12-11,2025-12-20,2025-12-20
USR_C97CC7EC,TRUE,183152.61,2025-12-11,2025-12-11,2025-12-20,2025-12-20
USR_C97CC7EC,TRUE,259930.52,2025-11-11,2025-11-11,2025-11-20,2025-11-20
USR_C97CC7EC,TRUE,991029.33,2025-10-11,2025-10-11,2025-10-20,2025-10-20
USR_C97CC7EC,TRUE,108222.99,2025-09-11,2025-09-11,2025-09-20,2025-09-20
USR_C97CC7EC,TRUE,106582.48,2025-08-11,2025-08-11,2025-08-20,2025-08-20
USR_38EDE1EF,FALSE,456642.05,2025-12-11,2025-12-29,2025-12-20,2026-01-15
USR_38EDE1EF,FALSE,880044.1,2025-12-11,2026-01-04,2025-12-20,2025-12-24
USR_38EDE1EF,FALSE,363054.03,2025-11-11,2025-11-23,2025-11-20,2025-12-19
USR_38EDE1EF,FALSE,555860.03,2025-10-11,2025-11-01,2025-10-20,2025-10-28
USR_38EDE1EF,FALSE,685045.93,2025-09-11,2025-10-09,2025-09-20,2025-09-26
USR_38EDE1EF,FALSE,332251.73,2025-08-11,2025-08-28,2025-08-20,2025-09-02
USR_4D36A757,TRUE,920147.57,2025-12-11,2025-12-11,2025-12-20,2025-12-20
USR_4D36A757,TRUE,885463.29,2025-12-11,2025-12-11,2025-12-20,2025-12-20
USR_4D36A757,TRUE,632619.52,2025-11-11,2025-11-11,2025-11-20,2025-11-20
USR_4D36A757,TRUE,647204.8,2025-10-11,2025-10-11,2025-10-20,2025-10-20
USR_4D36A757,TRUE,402977.9,2025-09-11,2025-09-11,2025-09-20,2025-09-20
USR_4D36A757,TRUE,819444.24,2025-08-11,2025-08-11,2025-08-20,2025-08-20
USR_D0EEB75A,FALSE,941426.46,2025-12-11,2025-12-18,2025-12-20,2026-01-18
USR_D0EEB75A,FALSE,655693.75,2025-12-11,2026-01-08,2025-12-20,2026-01-17
USR_D0EEB75A,FALSE,120689.08,2025-11-11,2025-11-17,2025-11-20,2025-11-23
USR_D0EEB75A,FALSE,894246.6,2025-10-11,2025-10-21,2025-10-20,2025-11-09
USR_D0EEB75A,FALSE,354520.85,2025-09-11,2025-09-20,2025-09-20,2025-09-21
USR_D0EEB75A,FALSE,393656.52,2025-08-11,2025-09-10,2025-08-20,2025-09-16
USR_87267649,TRUE,592017.33,2025-12-11,2025-12-11,2025-12-20,2025-12-20
USR_87267649,TRUE,769580.77,2025-12-11,2025-12-11,2025-12-20,2025-12-20
USR_87267649,TRUE,319896.1,2025-11-11,2025-11-11,2025-11-20,2025-11-20
USR_87267649,TRUE,754344.81,2025-10-11,2025-10-11,2025-10-20,2025-10-20
USR_87267649,TRUE,250566.44,2025-09-11,2025-09-11,2025-09-20,2025-09-20
USR_87267649,TRUE,696908.4,2025-08-11,2025-08-11,2025-08-20,2025-08-20
USR_6D8F7056,FALSE,120874.38,2025-12-11,2025-12-17,2025-12-20,2025-12-28
USR_6D8F7056,FALSE,853534.03,2025-12-11,2026-01-09,2025-12-20,2025-12-25
USR_6D8F7056,FALSE,829529.63,2025-11-11,2025-12-10,2025-11-20,2025-12-12
USR_6D8F7056,FALSE,336119.11,2025-10-11,2025-10-15,2025-10-20,2025-10-22
USR_6D8F7056,FALSE,561970.88,2025-09-11,2025-10-03,2025-09-20,2025-10-05
USR_6D8F7056,FALSE,888482.63,2025-08-11,2025-09-02,2025-08-20,2025-08-30
USR_8217BCAD,TRUE,156228.32,2025-12-11,2025-12-11,2025-12-20,2025-12-20
USR_8217BCAD,TRUE,339557.96,2025-12-11,2025-12-11,2025-12-20,2025-12-20
USR_8217BCAD,TRUE,814721.48,2025-11-11,2025-11-11,2025-11-20,2025-11-20
USR_8217BCAD,TRUE,928434.17,2025-10-11,2025-10-11,2025-10-20,2025-10-20
USR_8217BCAD,TRUE,939727.04,2025-09-11,2025-09-11,2025-09-20,2025-09-20
USR_8217BCAD,TRUE,254891.44,2025-08-11,2025-08-11,2025-08-20,2025-08-20
USR_98E0F251,TRUE,430935.53,2025-12-11,2025-12-11,2025-12-20,2025-12-20
USR_98E0F251,TRUE,107974.87,2025-12-11,2025-12-11,2025-12-20,2025-12-20
USR_98E0F251,TRUE,993112.8,2025-11-11,2025-11-11,2025-11-20,2025-11-20
USR_98E0F251,TRUE,624099.28,2025-10-11,2025-10-11,2025-10-20,2025-10-20
USR_98E0F251,TRUE,512639.16,2025-09-11,2025-09-11,2025-09-20,2025-09-20
USR_98E0F251,TRUE,181786.41,2025-08-11,2025-08-11,2025-08-20,2025-08-20
USR_A564003F,TRUE,549270.53,2025-12-11,2025-12-11,2025-12-20,2025-12-20
USR_A564003F,TRUE,862698.43,2025-12-11,2025-12-11,2025-12-20,2025-12-20
USR_A564003F,TRUE,609354.06,2025-11-11,2025-11-11,2025-11-20,2025-11-20
USR_A564003F,TRUE,169765.82,2025-10-11,2025-10-11,2025-10-20,2025-10-20
USR_A564003F,TRUE,642353.71,2025-09-11,2025-09-11,2025-09-20,2025-09-20
USR_A564003F,TRUE,547142.24,2025-08-11,2025-08-11,2025-08-20,2025-08-20
USR_8ECAED70,TRUE,129462.25,2025-12-11,2025-12-11,2025-12-20,2025-12-20
USR_8ECAED70,TRUE,584118.45,2025-12-11,2025-12-11,2025-12-20,2025-12-20
USR_8ECAED70,TRUE,194122.94,2025-11-11,2025-11-11,2025-11-20,2025-11-20
USR_8ECAED70,TRUE,127946.23,2025-10-11,2025-10-11,2025-10-20,2025-10-20
USR_8ECAED70,TRUE,313606.07,2025-09-11,2025-09-11,2025-09-20,2025-09-20
USR_8ECAED70,TRUE,619996.27,2025-08-11,2025-08-11,2025-08-20,2025-08-20
USR_7F04482D,FALSE,963666.99,2025-12-11,2025-12-12,2025-12-20,2025-12-27
USR_7F04482D,FALSE,897855.58,2025-12-11,2025-12-14,2025-12-20,2025-12-21
USR_7F04482D,FALSE,994767.94,2025-11-11,2025-11-19,2025-11-20,2025-11-25
USR_7F04482D,FALSE,378317.07,2025-10-11,2025-10-13,2025-10-20,2025-10-26
USR_7F04482D,FALSE,263218.41,2025-09-11,2025-10-10,2025-09-20,2025-10-07
USR_7F04482D,FALSE,366373.38,2025-08-11,2025-09-09,2025-08-20,2025-09-14
USR_4EB415D7,TRUE,766429.05,2025-12-11,2025-12-11,2025-12-20,2025-12-20
USR_4EB415D7,TRUE,843628.11,2025-12-11,2025-12-11,2025-12-20,2025-12-20
USR_4EB415D7,TRUE,608901.26,2025-11-11,2025-11-11,2025-11-20,2025-11-20
USR_4EB415D7,TRUE,241097.22,2025-10-11,2025-10-11,2025-10-20,2025-10-20
USR_4EB415D7,TRUE,291660.34,2025-09-11,2025-09-11,2025-09-20,2025-09-20
USR_4EB415D7,TRUE,433315.37,2025-08-11,2025-08-11,2025-08-20,2025-08-20
USR_3B74A406,TRUE,807537.91,2025-12-11,2025-12-11,2025-12-20,2025-12-20
USR_3B74A406,TRUE,771158.91,2025-12-11,2025-12-11,2025-12-20,2025-12-20
USR_3B74A406,TRUE,583709.46,2025-11-11,2025-11-11,2025-11-20,2025-11-20
USR_3B74A406,TRUE,460406.42,2025-10-11,2025-10-11,2025-10-20,2025-10-20
USR_3B74A406,TRUE,789570.94,2025-09-11,2025-09-11,2025-09-20,2025-09-20
USR_3B74A406,TRUE,841448.37,2025-08-11,2025-08-11,2025-08-20,2025-08-20
USR_94660C94,TRUE,594699.3,2025-12-11,2025-12-11,2025-12-20,2025-12-20
USR_94660C94,TRUE,689917.87,2025-12-11,2025-12-11,2025-12-20,2025-12-20
USR_94660C94,TRUE,802153.17,2025-11-11,2025-11-11,2025-11-20,2025-11-20
USR_94660C94,TRUE,569243.86,2025-10-11,2025-10-11,2025-10-20,2025-10-20
USR_94660C94,TRUE,288015.13,2025-09-11,2025-09-11,2025-09-20,2025-09-20
USR_94660C94,TRUE,810869.63,2025-08-11,2025-08-11,2025-08-20,2025-08-20
USR_C36D9703,TRUE,326437.51,2025-12-11,2025-12-11,2025-12-20,2025-12-20
USR_C36D9703,TRUE,436154.29,2025-12-11,2025-12-11,2025-12-20,2025-12-20
USR_C36D9703,TRUE,440748.7,2025-11-11,2025-11-11,2025-11-20,2025-11-20
USR_C36D9703,TRUE,182104.99,2025-10-11,2025-10-11,2025-10-20,2025-10-20
USR_C36D9703,TRUE,962767.55,2025-09-11,2025-09-11,2025-09-20,2025-09-20
USR_C36D9703,TRUE,400036.74,2025-08-11,2025-08-11,2025-08-20,2025-08-20
USR_F4A050B4,TRUE,995790.39,2025-12-11,2025-12-11,2025-12-20,2025-12-20
USR_F4A050B4,TRUE,789304.49,2025-12-11,2025-12-11,2025-12-20,2025-12-20
USR_F4A050B4,TRUE,886443.27,2025-11-11,2025-11-11,2025-11-20,2025-11-20
USR_F4A050B4,TRUE,132072.58,2025-10-11,2025-10-11,2025-10-20,2025-10-20
USR_F4A050B4,TRUE,572179.4,2025-09-11,2025-09-11,2025-09-20,2025-09-20
USR_F4A050B4,TRUE,851189.64,2025-08-11,2025-08-11,2025-08-20,2025-08-20
USR_CF259D68,TRUE,962981.47,2025-12-11,2025-12-11,2025-12-20,2025-12-20
USR_CF259D68,TRUE,380944.97,2025-12-11,2025-12-11,2025-12-20,2025-12-20
USR_CF259D68,TRUE,550732.06,2025-11-11,2025-11-11,2025-11-20,2025-11-20
USR_CF259D68,TRUE,898471.42,2025-10-11,2025-10-11,2025-10-20,2025-10-20
USR_CF259D68,TRUE,814127.57,2025-09-11,2025-09-11,2025-09-20,2025-09-20
USR_CF259D68,TRUE,191572.9,2025-08-11,2025-08-11,2025-08-20,2025-08-20
USR_376BAD4E,TRUE,974812.52,2025-12-11,2025-12-11,2025-12-20,2025-12-20
USR_376BAD4E,TRUE,748034.57,2025-12-11,2025-12-11,2025-12-20,2025-12-20
USR_376BAD4E,TRUE,861593.53,2025-11-11,2025-11-11,2025-11-20,2025-11-20
USR_376BAD4E,TRUE,647937.78,2025-10-11,2025-10-11,2025-10-20,2025-10-20
USR_376BAD4E,TRUE,498402.32,2025-09-11,2025-09-11,2025-09-20,2025-09-20
USR_376BAD4E,TRUE,703797.44,2025-08-11,2025-08-11,2025-08-20,2025-08-20
USR_D5A32DFD,TRUE,701230.79,2025-12-11,2025-12-11,2025-12-20,2025-12-20
USR_D5A32DFD,TRUE,521518.52,2025-12-11,2025-12-11,2025-12-20,2025-12-20
USR_D5A32DFD,TRUE,396360.4,2025-11-11,2025-11-11,2025-11-20,2025-11-20
USR_D5A32DFD,TRUE,911930.33,2025-10-11,2025-10-11,2025-10-20,2025-10-20
USR_D5A32DFD,TRUE,940474.87,2025-09-11,2025-09-11,2025-09-20,2025-09-20
USR_D5A32DFD,TRUE,656683.14,2025-08-11,2025-08-11,2025-08-20,2025-08-20
USR_A7C0EDB8,FALSE,396709.38,2025-12-11,2025-12-14,2025-12-20,2026-01-12
USR_A7C0EDB8,FALSE,357114.56,2025-12-11,2025-12-15,2025-12-20,2026-01-05
USR_A7C0EDB8,FALSE,705350.71,2025-11-11,2025-12-02,2025-11-20,2025-12-02
USR_A7C0EDB8,FALSE,545171.87,2025-10-11,2025-10-30,2025-10-20,2025-10-23
USR_A7C0EDB8,FALSE,730230.06,2025-09-11,2025-09-19,2025-09-20,2025-09-28
USR_A7C0EDB8,FALSE,439561.72,2025-08-11,2025-08-25,2025-08-20,2025-08-21
USR_C9E553B9,TRUE,959137.48,2025-12-11,2025-12-11,2025-12-20,2025-12-20
USR_C9E553B9,TRUE,105277.36,2025-12-11,2025-12-11,2025-12-20,2025-12-20
USR_C9E553B9,TRUE,152014.69,2025-11-11,2025-11-11,2025-11-20,2025-11-20
USR_C9E553B9,TRUE,540999.6,2025-10-11,2025-10-11,2025-10-20,2025-10-20
USR_C9E553B9,TRUE,720408.6,2025-09-11,2025-09-11,2025-09-20,2025-09-20
USR_C9E553B9,TRUE,233197.04,2025-08-11,2025-08-11,2025-08-20,2025-08-20
USR_8598272F,TRUE,508901.59,2025-12-11,2025-12-11,2025-12-20,2025-12-20
USR_8598272F,TRUE,318139.99,2025-12-11,2025-12-11,2025-12-20,2025-12-20
USR_8598272F,TRUE,415268.68,2025-11-11,2025-11-11,2025-11-20,2025-11-20
USR_8598272F,TRUE,859475.49,2025-10-11,2025-10-11,2025-10-20,2025-10-20
USR_8598272F,TRUE,915889.27,2025-09-11,2025-09-11,2025-09-20,2025-09-20
USR_8598272F,TRUE,527459.07,2025-08-11,2025-08-11,2025-08-20,2025-08-20
USR_90B48988,TRUE,320270.21,2025-12-11,2025-12-11,2025-12-20,2025-12-20
USR_90B48988,TRUE,986402.14,2025-12-11,2025-12-11,2025-12-20,2025-12-20
USR_90B48988,TRUE,301237.37,2025-11-11,2025-11-11,2025-11-20,2025-11-20
USR_90B48988,TRUE,280711.82,2025-10-11,2025-10-11,2025-10-20,2025-10-20
USR_90B48988,TRUE,527825.5,2025-09-11,2025-09-11,2025-09-20,2025-09-20
USR_90B48988,TRUE,110523.35,2025-08-11,2025-08-11,2025-08-20,2025-08-20
USR_A135917E,TRUE,898412.72,2025-12-11,2025-12-11,2025-12-20,2025-12-20
USR_A135917E,TRUE,547208.31,2025-12-11,2025-12-11,2025-12-20,2025-12-20
USR_A135917E,TRUE,282898.4,2025-11-11,2025-11-11,2025-11-20,2025-11-20
USR_A135917E,TRUE,433946.74,2025-10-11,2025-10-11,2025-10-20,2025-10-20
USR_A135917E,TRUE,825162.67,2025-09-11,2025-09-11,2025-09-20,2025-09-20
USR_A135917E,TRUE,663412.67,2025-08-11,2025-08-11,2025-08-20,2025-08-20
USR_90C2CC5D,FALSE,902814.04,2025-12-11,2025-12-13,2025-12-20,2026-01-15
USR_90C2CC5D,FALSE,512318.78,2025-12-11,2026-01-10,2025-12-20,2025-12-21
USR_90C2CC5D,FALSE,392333.5,2025-11-11,2025-11-23,2025-11-20,2025-12-08
USR_90C2CC5D,FALSE,816866.2,2025-10-11,2025-10-18,2025-10-20,2025-11-06
USR_90C2CC5D,FALSE,785397.16,2025-09-11,2025-10-07,2025-09-20,2025-09-22
USR_90C2CC5D,FALSE,861117.54,2025-08-11,2025-09-01,2025-08-20,2025-09-02
USR_1C71E5A3,TRUE,790896.25,2025-12-11,2025-12-11,2025-12-20,2025-12-20
USR_1C71E5A3,TRUE,551750.31,2025-12-11,2025-12-11,2025-12-20,2025-12-20
USR_1C71E5A3,TRUE,965470.31,2025-11-11,2025-11-11,2025-11-20,2025-11-20
USR_1C71E5A3,TRUE,361502.97,2025-10-11,2025-10-11,2025-10-20,2025-10-20
USR_1C71E5A3,TRUE,561551.48,2025-09-11,2025-09-11,2025-09-20,2025-09-20
USR_1C71E5A3,TRUE,795437.35,2025-08-11,2025-08-11,2025-08-20,2025-08-20
USR_85E9EB8B,TRUE,270487.89,2025-12-11,2025-12-11,2025-12-20,2025-12-20
USR_85E9EB8B,TRUE,711014.71,2025-12-11,2025-12-11,2025-12-20,2025-12-20
USR_85E9EB8B,TRUE,509155.98,2025-11-11,2025-11-11,2025-11-20,2025-11-20
USR_85E9EB8B,TRUE,956648.26,2025-10-11,2025-10-11,2025-10-20,2025-10-20
USR_85E9EB8B,TRUE,623283.47,2025-09-11,2025-09-11,2025-09-20,2025-09-20
USR_85E9EB8B,TRUE,764846.4,2025-08-11,2025-08-11,2025-08-20,2025-08-20
USR_8A8C141E,FALSE,727663.59,2025-12-11,2026-01-01,2025-12-20,2026-01-01
USR_8A8C141E,FALSE,627734.1,2025-12-11,2026-01-03,2025-12-20,2026-01-08
USR_8A8C141E,FALSE,799146.75,2025-11-11,2025-12-02,2025-11-20,2025-12-06
USR_8A8C141E,FALSE,595451.99,2025-10-11,2025-11-06,2025-10-20,2025-10-28
USR_8A8C141E,FALSE,952749.97,2025-09-11,2025-10-06,2025-09-20,2025-10-11
USR_8A8C141E,FALSE,857722.45,2025-08-11,2025-08-12,2025-08-20,2025-08-22
USR_4797FE3F,TRUE,261908.85,2025-12-11,2025-12-11,2025-12-20,2025-12-20
USR_4797FE3F,TRUE,690261.31,2025-12-11,2025-12-11,2025-12-20,2025-12-20
USR_4797FE3F,TRUE,291190.13,2025-11-11,2025-11-11,2025-11-20,2025-11-20
USR_4797FE3F,TRUE,484340.88,2025-10-11,2025-10-11,2025-10-20,2025-10-20
USR_4797FE3F,TRUE,739453.6,2025-09-11,2025-09-11,2025-09-20,2025-09-20
USR_4797FE3F,TRUE,715643.35,2025-08-11,2025-08-11,2025-08-20,2025-08-20
USR_AE07BA83,TRUE,989420.33,2025-12-11,2025-12-11,2025-12-20,2025-12-20
USR_AE07BA83,TRUE,762504.99,2025-12-11,2025-12-11,2025-12-20,2025-12-20
USR_AE07BA83,TRUE,609916.79,2025-11-11,2025-11-11,2025-11-20,2025-11-20
USR_AE07BA83,TRUE,925868.05,2025-10-11,2025-10-11,2025-10-20,2025-10-20
USR_AE07BA83,TRUE,319935.9,2025-09-11,2025-09-11,2025-09-20,2025-09-20
USR_AE07BA83,TRUE,968719.53,2025-08-11,2025-08-11,2025-08-20,2025-08-20
USR_ED9F2217,TRUE,367254.61,2025-12-11,2025-12-11,2025-12-20,2025-12-20
USR_ED9F2217,TRUE,995481.11,2025-12-11,2025-12-11,2025-12-20,2025-12-20
USR_ED9F2217,TRUE,102063.11,2025-11-11,2025-11-11,2025-11-20,2025-11-20
USR_ED9F2217,TRUE,305149.85,2025-10-11,2025-10-11,2025-10-20,2025-10-20
USR_ED9F2217,TRUE,760238.99,2025-09-11,2025-09-11,2025-09-20,2025-09-20
USR_ED9F2217,TRUE,765726.7,2025-08-11,2025-08-11,2025-08-20,2025-08-20
USR_50778629,TRUE,449294.14,2025-12-11,2025-12-11,2025-12-20,2025-12-20
USR_50778629,TRUE,989457.79,2025-12-11,2025-12-11,2025-12-20,2025-12-20
USR_50778629,TRUE,513955.38,2025-11-11,2025-11-11,2025-11-20,2025-11-20
USR_50778629,TRUE,407537.99,2025-10-11,2025-10-11,2025-10-20,2025-10-20
USR_50778629,TRUE,518675.83,2025-09-11,2025-09-11,2025-09-20,2025-09-20
USR_50778629,TRUE,370528.7,2025-08-11,2025-08-11,2025-08-20,2025-08-20
USR_EDC18DBA,TRUE,353693.67,2025-12-11,2025-12-11,2025-12-20,2025-12-20
USR_EDC18DBA,TRUE,245970.7,2025-12-11,2025-12-11,2025-12-20,2025-12-20
USR_EDC18DBA,TRUE,363621.76,2025-11-11,2025-11-11,2025-11-20,2025-11-20
USR_EDC18DBA,TRUE,499815.43,2025-10-11,2025-10-11,2025-10-20,2025-10-20
USR_EDC18DBA,TRUE,644271.27,2025-09-11,2025-09-11,2025-09-20,2025-09-20
USR_EDC18DBA,TRUE,542610.4,2025-08-11,2025-08-11,2025-08-20,2025-08-20
USR_60C6E048,TRUE,839546.83,2025-12-11,2025-12-11,2025-12-20,2025-12-20
USR_60C6E048,TRUE,698205.4,2025-12-11,2025-12-11,2025-12-20,2025-12-20
USR_60C6E048,TRUE,727647.55,2025-11-11,2025-11-11,2025-11-20,2025-11-20
USR_60C6E048,TRUE,655562.81,2025-10-11,2025-10-11,2025-10-20,2025-10-20
USR_60C6E048,TRUE,752481.2,2025-09-11,2025-09-11,2025-09-20,2025-09-20
USR_60C6E048,TRUE,512664.49,2025-08-11,2025-08-11,2025-08-20,2025-08-20
USR_4BDA7F26,TRUE,515227.47,2025-12-11,2025-12-11,2025-12-20,2025-12-20
USR_4BDA7F26,TRUE,236410.93,2025-12-11,2025-12-11,2025-12-20,2025-12-20
USR_4BDA7F26,TRUE,647476.56,2025-11-11,2025-11-11,2025-11-20,2025-11-20
USR_4BDA7F26,TRUE,825867.76,2025-10-11,2025-10-11,2025-10-20,2025-10-20
USR_4BDA7F26,TRUE,161931.87,2025-09-11,2025-09-11,2025-09-20,2025-09-20
USR_4BDA7F26,TRUE,913799.51,2025-08-11,2025-08-11,2025-08-20,2025-08-20
USR_FAE72BB4,FALSE,931521.59,2025-12-11,2025-12-16,2025-12-20,2026-01-05
USR_FAE72BB4,FALSE,740572.62,2025-12-11,2026-01-04,2025-12-20,2025-12-23
USR_FAE72BB4,FALSE,898974.96,2025-11-11,2025-12-03,2025-11-20,2025-12-16
USR_FAE72BB4,FALSE,401563.53,2025-10-11,2025-10-23,2025-10-20,2025-11-15
USR_FAE72BB4,FALSE,701203.91,2025-09-11,2025-10-02,2025-09-20,2025-10-04
USR_FAE72BB4,FALSE,625867.34,2025-08-11,2025-09-05,2025-08-20,2025-08-25
USR_06C355F3,TRUE,554413.15,2025-12-11,2025-12-11,2025-12-20,2025-12-20
USR_06C355F3,TRUE,809405.04,2025-12-11,2025-12-11,2025-12-20,2025-12-20
USR_06C355F3,TRUE,406087.18,2025-11-11,2025-11-11,2025-11-20,2025-11-20
USR_06C355F3,TRUE,769321.97,2025-10-11,2025-10-11,2025-10-20,2025-10-20
USR_06C355F3,TRUE,811916.75,2025-09-11,2025-09-11,2025-09-20,2025-09-20
USR_06C355F3,TRUE,344012.67,2025-08-11,2025-08-11,2025-08-20,2025-08-20
USR_F38FD50B,TRUE,199880.42,2025-12-11,2025-12-11,2025-12-20,2025-12-20
USR_F38FD50B,TRUE,714538.57,2025-12-11,2025-12-11,2025-12-20,2025-12-20
USR_F38FD50B,TRUE,440668.24,2025-11-11,2025-11-11,2025-11-20,2025-11-20
USR_F38FD50B,TRUE,674436.17,2025-10-11,2025-10-11,2025-10-20,2025-10-20
USR_F38FD50B,TRUE,813669.21,2025-09-11,2025-09-11,2025-09-20,2025-09-20
USR_F38FD50B,TRUE,514173.02,2025-08-11,2025-08-11,2025-08-20,2025-08-20
USR_6372EEC0,TRUE,188328.22,2025-12-11,2025-12-11,2025-12-20,2025-12-20
USR_6372EEC0,TRUE,234966.01,2025-12-11,2025-12-11,2025-12-20,2025-12-20
USR_6372EEC0,TRUE,871968.63,2025-11-11,2025-11-11,2025-11-20,2025-11-20
USR_6372EEC0,TRUE,624705.28,2025-10-11,2025-10-11,2025-10-20,2025-10-20
USR_6372EEC0,TRUE,234192.21,2025-09-11,2025-09-11,2025-09-20,2025-09-20
USR_6372EEC0,TRUE,285021.68,2025-08-11,2025-08-11,2025-08-20,2025-08-20
USR_A0E4C0C5,FALSE,153334.49,2025-12-11,2026-01-08,2025-12-20,2026-01-05
USR_A0E4C0C5,FALSE,547817.21,2025-12-11,2026-01-06,2025-12-20,2026-01-19
USR_A0E4C0C5,FALSE,949830.84,2025-11-11,2025-11-26,2025-11-20,2025-11-30
USR_A0E4C0C5,FALSE,246543.67,2025-10-11,2025-10-13,2025-10-20,2025-11-18
USR_A0E4C0C5,FALSE,618747.54,2025-09-11,2025-10-02,2025-09-20,2025-10-20
USR_A0E4C0C5,FALSE,880347.41,2025-08-11,2025-08-27,2025-08-20,2025-09-19
USR_B4446255,TRUE,455627.55,2025-12-11,2025-12-11,2025-12-20,2025-12-20
USR_B4446255,TRUE,585489.33,2025-12-11,2025-12-11,2025-12-20,2025-12-20
USR_B4446255,TRUE,113918.02,2025-11-11,2025-11-11,2025-11-20,2025-11-20
USR_B4446255,TRUE,552920.48,2025-10-11,2025-10-11,2025-10-20,2025-10-20
USR_B4446255,TRUE,818168.69,2025-09-11,2025-09-11,2025-09-20,2025-09-20
USR_B4446255,TRUE,181632.11,2025-08-11,2025-08-11,2025-08-20,2025-08-20
USR_197D637F,TRUE,583270.59,2025-12-11,2025-12-11,2025-12-20,2025-12-20
USR_197D637F,TRUE,437179.83,2025-12-11,2025-12-11,2025-12-20,2025-12-20
USR_197D637F,TRUE,967273.31,2025-11-11,2025-11-11,2025-11-20,2025-11-20
USR_197D637F,TRUE,905129.85,2025-10-11,2025-10-11,2025-10-20,2025-10-20
USR_197D637F,TRUE,269056.55,2025-09-11,2025-09-11,2025-09-20,2025-09-20
USR_197D637F,TRUE,413362.92,2025-08-11,2025-08-11,2025-08-20,2025-08-20
USR_2DEE1A59,FALSE,869137.72,2025-12-11,2026-01-09,2025-12-20,2026-01-15
USR_2DEE1A59,FALSE,506215.98,2025-12-11,2025-12-31,2025-12-20,2025-12-25
USR_2DEE1A59,FALSE,841097.81,2025-11-11,2025-11-26,2025-11-20,2025-12-17
USR_2DEE1A59,FALSE,514638.25,2025-10-11,2025-10-16,2025-10-20,2025-11-03
USR_2DEE1A59,FALSE,334348.26,2025-09-11,2025-09-17,2025-09-20,2025-10-18
USR_2DEE1A59,FALSE,200694.03,2025-08-11,2025-09-05,2025-08-20,2025-09-12
USR_D0CD9C7A,FALSE,320771.64,2025-12-11,2025-12-18,2025-12-20,2025-12-30
USR_D0CD9C7A,FALSE,832274.63,2025-12-11,2025-12-17,2025-12-20,2026-01-07
USR_D0CD9C7A,FALSE,976596.75,2025-11-11,2025-11-30,2025-11-20,2025-12-03
USR_D0CD9C7A,FALSE,159844.97,2025-10-11,2025-11-05,2025-10-20,2025-11-01
USR_D0CD9C7A,FALSE,945180.28,2025-09-11,2025-10-05,2025-09-20,2025-10-09
USR_D0CD9C7A,FALSE,588045.15,2025-08-11,2025-08-17,2025-08-20,2025-08-23
USR_F4D552F9,TRUE,156940.56,2025-12-11,2025-12-11,2025-12-20,2025-12-20
USR_F4D552F9,TRUE,118180.57,2025-12-11,2025-12-11,2025-12-20,2025-12-20
USR_F4D552F9,TRUE,520513.44,2025-11-11,2025-11-11,2025-11-20,2025-11-20
USR_F4D552F9,TRUE,494085.82,2025-10-11,2025-10-11,2025-10-20,2025-10-20
USR_F4D552F9,TRUE,606437.54,2025-09-11,2025-09-11,2025-09-20,2025-09-20
USR_F4D552F9,TRUE,118730.42,2025-08-11,2025-08-11,2025-08-20,2025-08-20
USR_02235FE0,FALSE,739443.92,2025-12-11,2026-01-05,2025-12-20,2026-01-15
USR_02235FE0,FALSE,848317.25,2025-12-11,2025-12-30,2025-12-20,2026-01-02
USR_02235FE0,FALSE,738835.44,2025-11-11,2025-12-06,2025-11-20,2025-12-13
USR_02235FE0,FALSE,795804.19,2025-10-11,2025-10-30,2025-10-20,2025-10-28
USR_02235FE0,FALSE,365668.0,2025-09-11,2025-09-19,2025-09-20,2025-10-15
USR_02235FE0,FALSE,161763.29,2025-08-11,2025-08-21,2025-08-20,2025-09-15
USR_58D26CB4,TRUE,272879.54,2025-12-11,2025-12-11,2025-12-20,2025-12-20
USR_58D26CB4,TRUE,331829.21,2025-12-11,2025-12-11,2025-12-20,2025-12-20
USR_58D26CB4,TRUE,430756.74,2025-11-11,2025-11-11,2025-11-20,2025-11-20
USR_58D26CB4,TRUE,640064.54,2025-10-11,2025-10-11,2025-10-20,2025-10-20
USR_58D26CB4,TRUE,374921.6,2025-09-11,2025-09-11,2025-09-20,2025-09-20
USR_58D26CB4,TRUE,691143.17,2025-08-11,2025-08-11,2025-08-20,2025-08-20
USR_B255B4AE,TRUE,411148.43,2025-12-11,2025-12-11,2025-12-20,2025-12-20
USR_B255B4AE,TRUE,186849.44,2025-12-11,2025-12-11,2025-12-20,2025-12-20
USR_B255B4AE,TRUE,120767.64,2025-11-11,2025-11-11,2025-11-20,2025-11-20
USR_B255B4AE,TRUE,633895.87,2025-10-11,2025-10-11,2025-10-20,2025-10-20
USR_B255B4AE,TRUE,217959.18,2025-09-11,2025-09-11,2025-09-20,2025-09-20
USR_B255B4AE,TRUE,599443.09,2025-08-11,2025-08-11,2025-08-20,2025-08-20
USR_79B55E87,FALSE,745466.67,2025-12-11,2025-12-12,2025-12-20,2026-01-15
USR_79B55E87,FALSE,341181.07,2025-12-11,2026-01-07,2025-12-20,2026-01-12
USR_79B55E87,FALSE,170746.37,2025-11-11,2025-12-06,2025-11-20,2025-11-25
USR_79B55E87,FALSE,326802.49,2025-10-11,2025-10-18,2025-10-20,2025-10-25
USR_79B55E87,FALSE,477194.82,2025-09-11,2025-09-16,2025-09-20,2025-10-05
USR_79B55E87,FALSE,411417.91,2025-08-11,2025-08-17,2025-08-20,2025-08-21
USR_EC66F068,TRUE,341717.8,2025-12-11,2025-12-11,2025-12-20,2025-12-20
USR_EC66F068,TRUE,730748.27,2025-12-11,2025-12-11,2025-12-20,2025-12-20
USR_EC66F068,TRUE,706278.36,2025-11-11,2025-11-11,2025-11-20,2025-11-20
USR_EC66F068,TRUE,568724.25,2025-10-11,2025-10-11,2025-10-20,2025-10-20
USR_EC66F068,TRUE,385757.39,2025-09-11,2025-09-11,2025-09-20,2025-09-20
USR_EC66F068,TRUE,341457.02,2025-08-11,2025-08-11,2025-08-20,2025-08-20
USR_9F9CFEA0,TRUE,939492.65,2025-12-11,2025-12-11,2025-12-20,2025-12-20
USR_9F9CFEA0,TRUE,414278.19,2025-12-11,2025-12-11,2025-12-20,2025-12-20
USR_9F9CFEA0,TRUE,839061.22,2025-11-11,2025-11-11,2025-11-20,2025-11-20
USR_9F9CFEA0,TRUE,112442.32,2025-10-11,2025-10-11,2025-10-20,2025-10-20
USR_9F9CFEA0,TRUE,887926.56,2025-09-11,2025-09-11,2025-09-20,2025-09-20
USR_9F9CFEA0,TRUE,209853.27,2025-08-11,2025-08-11,2025-08-20,2025-08-20
USR_F54AE324,TRUE,195914.53,2025-12-11,2025-12-11,2025-12-20,2025-12-20
USR_F54AE324,TRUE,775320.22,2025-12-11,2025-12-11,2025-12-20,2025-12-20
USR_F54AE324,TRUE,770385.76,2025-11-11,2025-11-11,2025-11-20,2025-11-20
USR_F54AE324,TRUE,380870.9,2025-10-11,2025-10-11,2025-10-20,2025-10-20
USR_F54AE324,TRUE,823472.77,2025-09-11,2025-09-11,2025-09-20,2025-09-20
USR_F54AE324,TRUE,941999.54,2025-08-11,2025-08-11,2025-08-20,2025-08-20
USR_B0B8A599,FALSE,869490.14,2025-12-11,2026-01-03,2025-12-20,2026-01-05
USR_B0B8A599,FALSE,913982.46,2025-12-11,2025-12-27,2025-12-20,2025-12-29
USR_B0B8A599,FALSE,495673.75,2025-11-11,2025-12-06,2025-11-20,2025-11-25
USR_B0B8A599,FALSE,608196.23,2025-10-11,2025-11-02,2025-10-20,2025-11-01
USR_B0B8A599,FALSE,776741.03,2025-09-11,2025-10-11,2025-09-20,2025-10-09
USR_B0B8A599,FALSE,377816.89,2025-08-11,2025-09-02,2025-08-20,2025-09-09
USR_4DF8FACF,TRUE,269092.22,2025-12-11,2025-12-11,2025-12-20,2025-12-20
USR_4DF8FACF,TRUE,272286.25,2025-12-11,2025-12-11,2025-12-20,2025-12-20
USR_4DF8FACF,TRUE,949768.61,2025-11-11,2025-11-11,2025-11-20,2025-11-20
USR_4DF8FACF,TRUE,981394.33,2025-10-11,2025-10-11,2025-10-20,2025-10-20
USR_4DF8FACF,TRUE,448167.89,2025-09-11,2025-09-11,2025-09-20,2025-09-20
USR_4DF8FACF,TRUE,260851.3,2025-08-11,2025-08-11,2025-08-20,2025-08-20
USR_249340C9,TRUE,365132.83,2025-12-11,2025-12-11,2025-12-20,2025-12-20
USR_249340C9,TRUE,434107.07,2025-12-11,2025-12-11,2025-12-20,2025-12-20
USR_249340C9,TRUE,638214.49,2025-11-11,2025-11-11,2025-11-20,2025-11-20
USR_249340C9,TRUE,780423.97,2025-10-11,2025-10-11,2025-10-20,2025-10-20
USR_249340C9,TRUE,231503.08,2025-09-11,2025-09-11,2025-09-20,2025-09-20
USR_249340C9,TRUE,767630.29,2025-08-11,2025-08-11,2025-08-20,2025-08-20
USR_A9E1DACE,FALSE,324248.98,2025-12-11,2025-12-12,2025-12-20,2026-01-11
USR_A9E1DACE,FALSE,389736.27,2025-12-11,2025-12-22,2025-12-20,2026-01-03
USR_A9E1DACE,FALSE,703070.16,2025-11-11,2025-11-27,2025-11-20,2025-12-05
USR_A9E1DACE,FALSE,480472.55,2025-10-11,2025-11-07,2025-10-20,2025-10-30
USR_A9E1DACE,FALSE,937182.21,2025-09-11,2025-09-13,2025-09-20,2025-10-14
USR_A9E1DACE,FALSE,325800.62,2025-08-11,2025-08-18,2025-08-20,2025-09-06
USR_987394B4,TRUE,933406.14,2025-12-11,2025-12-11,2025-12-20,2025-12-20
USR_987394B4,TRUE,217967.72,2025-12-11,2025-12-11,2025-12-20,2025-12-20
USR_987394B4,TRUE,257465.0,2025-11-11,2025-11-11,2025-11-20,2025-11-20
USR_987394B4,TRUE,119692.72,2025-10-11,2025-10-11,2025-10-20,2025-10-20
USR_987394B4,TRUE,310562.67,2025-09-11,2025-09-11,2025-09-20,2025-09-20
USR_987394B4,TRUE,783203.05,2025-08-11,2025-08-11,2025-08-20,2025-08-20
USR_35B3678B,TRUE,167032.22,2025-12-11,2025-12-11,2025-12-20,2025-12-20
USR_35B3678B,TRUE,130083.14,2025-12-11,2025-12-11,2025-12-20,2025-12-20
USR_35B3678B,TRUE,936687.38,2025-11-11,2025-11-11,2025-11-20,2025-11-20
USR_35B3678B,TRUE,959118.82,2025-10-11,2025-10-11,2025-10-20,2025-10-20
USR_35B3678B,TRUE,667274.81,2025-09-11,2025-09-11,2025-09-20,2025-09-20
USR_35B3678B,TRUE,605805.08,2025-08-11,2025-08-11,2025-08-20,2025-08-20
USR_5FA3C442,TRUE,699855.87,2025-12-11,2025-12-11,2025-12-20,2025-12-20
USR_5FA3C442,TRUE,894081.47,2025-12-11,2025-12-11,2025-12-20,2025-12-20
USR_5FA3C442,TRUE,244424.6,2025-11-11,2025-11-11,2025-11-20,2025-11-20
USR_5FA3C442,TRUE,244236.85,2025-10-11,2025-10-11,2025-10-20,2025-10-20
USR_5FA3C442,TRUE,398874.49,2025-09-11,2025-09-11,2025-09-20,2025-09-20
USR_5FA3C442,TRUE,906762.43,2025-08-11,2025-08-11,2025-08-20,2025-08-20
USR_AD235633,TRUE,938301.96,2025-12-11,2025-12-11,2025-12-20,2025-12-20
USR_AD235633,TRUE,125281.11,2025-12-11,2025-12-11,2025-12-20,2025-12-20
USR_AD235633,TRUE,920261.97,2025-11-11,2025-11-11,2025-11-20,2025-11-20
USR_AD235633,TRUE,342144.72,2025-10-11,2025-10-11,2025-10-20,2025-10-20
USR_AD235633,TRUE,676046.02,2025-09-11,2025-09-11,2025-09-20,2025-09-20
USR_AD235633,TRUE,899932.84,2025-08-11,2025-08-11,2025-08-20,2025-08-20
USR_AB35258D,FALSE,607531.15,2025-12-11,2025-12-23,2025-12-20,2026-01-06
USR_AB35258D,FALSE,442405.6,2025-12-11,2026-01-07,2025-12-20,2026-01-15
USR_AB35258D,FALSE,137393.21,2025-11-11,2025-11-24,2025-11-20,2025-12-09
USR_AB35258D,FALSE,455507.49,2025-10-11,2025-10-26,2025-10-20,2025-11-12
USR_AB35258D,FALSE,546863.6,2025-09-11,2025-09-15,2025-09-20,2025-10-01
USR_AB35258D,FALSE,916167.24,2025-08-11,2025-08-24,2025-08-20,2025-09-02
USR_2EE08ACF,TRUE,852486.45,2025-12-11,2025-12-11,2025-12-20,2025-12-20
USR_2EE08ACF,TRUE,898191.59,2025-12-11,2025-12-11,2025-12-20,2025-12-20
USR_2EE08ACF,TRUE,258746.78,2025-11-11,2025-11-11,2025-11-20,2025-11-20
USR_2EE08ACF,TRUE,510562.96,2025-10-11,2025-10-11,2025-10-20,2025-10-20
USR_2EE08ACF,TRUE,257230.16,2025-09-11,2025-09-11,2025-09-20,2025-09-20
USR_2EE08ACF,TRUE,839662.72,2025-08-11,2025-08-11,2025-08-20,2025-08-20
USR_334D5F5E,TRUE,446405.62,2025-12-11,2025-12-11,2025-12-20,2025-12-20
USR_334D5F5E,TRUE,829888.47,2025-12-11,2025-12-11,2025-12-20,2025-12-20
USR_334D5F5E,TRUE,842654.41,2025-11-11,2025-11-11,2025-11-20,2025-11-20
USR_334D5F5E,TRUE,757851.82,2025-10-11,2025-10-11,2025-10-20,2025-10-20
USR_334D5F5E,TRUE,558991.07,2025-09-11,2025-09-11,2025-09-20,2025-09-20
USR_334D5F5E,TRUE,673461.45,2025-08-11,2025-08-11,2025-08-20,2025-08-20
USR_274999E1,TRUE,425751.29,2025-12-11,2025-12-11,2025-12-20,2025-12-20
USR_274999E1,TRUE,408806.99,2025-12-11,2025-12-11,2025-12-20,2025-12-20
USR_274999E1,TRUE,762881.82,2025-11-11,2025-11-11,2025-11-20,2025-11-20
USR_274999E1,TRUE,122666.45,2025-10-11,2025-10-11,2025-10-20,2025-10-20
USR_274999E1,TRUE,563829.81,2025-09-11,2025-09-11,2025-09-20,2025-09-20
USR_274999E1,TRUE,486839.7,2025-08-11,2025-08-11,2025-08-20,2025-08-20
USR_89FD808D,FALSE,762973.13,2025-12-11,2026-01-01,2025-12-20,2026-01-08
USR_89FD808D,FALSE,132887.94,2025-12-11,2026-01-09,2025-12-20,2025-12-29
USR_89FD808D,FALSE,803178.59,2025-11-11,2025-11-17,2025-11-20,2025-11-22
USR_89FD808D,FALSE,116217.82,2025-10-11,2025-10-28,2025-10-20,2025-10-23
USR_89FD808D,FALSE,630540.81,2025-09-11,2025-09-13,2025-09-20,2025-10-05
USR_89FD808D,FALSE,846061.79,2025-08-11,2025-08-30,2025-08-20,2025-09-18
USR_B0494202,TRUE,291562.99,2025-12-11,2025-12-11,2025-12-20,2025-12-20
USR_B0494202,TRUE,506564.3,2025-12-11,2025-12-11,2025-12-20,2025-12-20
USR_B0494202,TRUE,497269.21,2025-11-11,2025-11-11,2025-11-20,2025-11-20
USR_B0494202,TRUE,349253.44,2025-10-11,2025-10-11,2025-10-20,2025-10-20
USR_B0494202,TRUE,977557.3,2025-09-11,2025-09-11,2025-09-20,2025-09-20
USR_B0494202,TRUE,155307.11,2025-08-11,2025-08-11,2025-08-20,2025-08-20
USR_4D1A4D30,TRUE,882646.64,2025-12-11,2025-12-11,2025-12-20,2025-12-20
USR_4D1A4D30,TRUE,739535.68,2025-12-11,2025-12-11,2025-12-20,2025-12-20
USR_4D1A4D30,TRUE,365085.87,2025-11-11,2025-11-11,2025-11-20,2025-11-20
USR_4D1A4D30,TRUE,363600.25,2025-10-11,2025-10-11,2025-10-20,2025-10-20
USR_4D1A4D30,TRUE,393073.5,2025-09-11,2025-09-11,2025-09-20,2025-09-20
USR_4D1A4D30,TRUE,631068.37,2025-08-11,2025-08-11,2025-08-20,2025-08-20
USR_610BD5AF,TRUE,132758.26,2025-12-11,2025-12-11,2025-12-20,2025-12-20
USR_610BD5AF,TRUE,959606.73,2025-12-11,2025-12-11,2025-12-20,2025-12-20
USR_610BD5AF,TRUE,705988.15,2025-11-11,2025-11-11,2025-11-20,2025-11-20
USR_610BD5AF,TRUE,981985.63,2025-10-11,2025-10-11,2025-10-20,2025-10-20
USR_610BD5AF,TRUE,556627.4,2025-09-11,2025-09-11,2025-09-20,2025-09-20
USR_610BD5AF,TRUE,950373.91,2025-08-11,2025-08-11,2025-08-20,2025-08-20
USR_668FC8AC,TRUE,217537.94,2025-12-11,2025-12-11,2025-12-20,2025-12-20
USR_668FC8AC,TRUE,752322.52,2025-12-11,2025-12-11,2025-12-20,2025-12-20
USR_668FC8AC,TRUE,783433.6,2025-11-11,2025-11-11,2025-11-20,2025-11-20
USR_668FC8AC,TRUE,213869.53,2025-10-11,2025-10-11,2025-10-20,2025-10-20
USR_668FC8AC,TRUE,903604.65,2025-09-11,2025-09-11,2025-09-20,2025-09-20
USR_668FC8AC,TRUE,852001.06,2025-08-11,2025-08-11,2025-08-20,2025-08-20
USR_A1874E82,FALSE,848300.44,2025-12-11,2026-01-10,2025-12-20,2026-01-19
USR_A1874E82,FALSE,388851.79,2025-12-11,2026-01-06,2025-12-20,2025-12-26
USR_A1874E82,FALSE,954100.75,2025-11-11,2025-11-26,2025-11-20,2025-11-21
USR_A1874E82,FALSE,927720.08,2025-10-11,2025-10-31,2025-10-20,2025-10-21
USR_A1874E82,FALSE,233179.44,2025-09-11,2025-10-03,2025-09-20,2025-09-21
USR_A1874E82,FALSE,400690.12,2025-08-11,2025-08-24,2025-08-20,2025-09-16
USR_EA5857F9,TRUE,857349.48,2025-12-11,2025-12-11,2025-12-20,2025-12-20
USR_EA5857F9,TRUE,724415.15,2025-12-11,2025-12-11,2025-12-20,2025-12-20
USR_EA5857F9,TRUE,285320.05,2025-11-11,2025-11-11,2025-11-20,2025-11-20
USR_EA5857F9,TRUE,956458.07,2025-10-11,2025-10-11,2025-10-20,2025-10-20
USR_EA5857F9,TRUE,162529.99,2025-09-11,2025-09-11,2025-09-20,2025-09-20
USR_EA5857F9,TRUE,931897.23,2025-08-11,2025-08-11,2025-08-20,2025-08-20
USR_447EABE4,TRUE,817928.74,2025-12-11,2025-12-11,2025-12-20,2025-12-20
USR_447EABE4,TRUE,185019.68,2025-12-11,2025-12-11,2025-12-20,2025-12-20
USR_447EABE4,TRUE,161130.56,2025-11-11,2025-11-11,2025-11-20,2025-11-20
USR_447EABE4,TRUE,633571.88,2025-10-11,2025-10-11,2025-10-20,2025-10-20
USR_447EABE4,TRUE,622842.14,2025-09-11,2025-09-11,2025-09-20,2025-09-20
USR_447EABE4,TRUE,660901.34,2025-08-11,2025-08-11,2025-08-20,2025-08-20
USR_65ADEEF8,FALSE,683006.62,2025-12-11,2025-12-14,2025-12-20,2026-01-14
USR_65ADEEF8,FALSE,999249.12,2025-12-11,2025-12-21,2025-12-20,2026-01-06
USR_65ADEEF8,FALSE,172777.59,2025-11-11,2025-11-29,2025-11-20,2025-12-18
USR_65ADEEF8,FALSE,409638.83,2025-10-11,2025-11-04,2025-10-20,2025-10-29
USR_65ADEEF8,FALSE,663428.77,2025-09-11,2025-10-08,2025-09-20,2025-10-06
USR_65ADEEF8,FALSE,464056.78,2025-08-11,2025-08-18,2025-08-20,2025-09-05
USR_748F942A,TRUE,532348.49,2025-12-11,2025-12-11,2025-12-20,2025-12-20
USR_748F942A,TRUE,263095.23,2025-12-11,2025-12-11,2025-12-20,2025-12-20
USR_748F942A,TRUE,729152.62,2025-11-11,2025-11-11,2025-11-20,2025-11-20
USR_748F942A,TRUE,495012.04,2025-10-11,2025-10-11,2025-10-20,2025-10-20
USR_748F942A,TRUE,646192.6,2025-09-11,2025-09-11,2025-09-20,2025-09-20
USR_748F942A,TRUE,982927.63,2025-08-11,2025-08-11,2025-08-20,2025-08-20
USR_1D78A729,TRUE,463109.34,2025-12-11,2025-12-11,2025-12-20,2025-12-20
USR_1D78A729,TRUE,569247.12,2025-12-11,2025-12-11,2025-12-20,2025-12-20
USR_1D78A729,TRUE,416917.3,2025-11-11,2025-11-11,2025-11-20,2025-11-20
USR_1D78A729,TRUE,877797.26,2025-10-11,2025-10-11,2025-10-20,2025-10-20
USR_1D78A729,TRUE,327188.48,2025-09-11,2025-09-11,2025-09-20,2025-09-20
USR_1D78A729,TRUE,667021.62,2025-08-11,2025-08-11,2025-08-20,2025-08-20
USR_0F275C0B,TRUE,377344.34,2025-12-11,2025-12-11,2025-12-20,2025-12-20
USR_0F275C0B,TRUE,894321.26,2025-12-11,2025-12-11,2025-12-20,2025-12-20
USR_0F275C0B,TRUE,849646.35,2025-11-11,2025-11-11,2025-11-20,2025-11-20
USR_0F275C0B,TRUE,357276.09,2025-10-11,2025-10-11,2025-10-20,2025-10-20
USR_0F275C0B,TRUE,364993.74,2025-09-11,2025-09-11,2025-09-20,2025-09-20
USR_0F275C0B,TRUE,150292.3,2025-08-11,2025-08-11,2025-08-20,2025-08-20
USR_41B5C0E7,TRUE,487526.85,2025-12-11,2025-12-11,2025-12-20,2025-12-20
USR_41B5C0E7,TRUE,859657.24,2025-12-11,2025-12-11,2025-12-20,2025-12-20
USR_41B5C0E7,TRUE,308024.4,2025-11-11,2025-11-11,2025-11-20,2025-11-20
USR_41B5C0E7,TRUE,754969.1,2025-10-11,2025-10-11,2025-10-20,2025-10-20
USR_41B5C0E7,TRUE,988206.17,2025-09-11,2025-09-11,2025-09-20,2025-09-20
USR_41B5C0E7,TRUE,281851.8,2025-08-11,2025-08-11,2025-08-20,2025-08-20
USR_B9829883,TRUE,150456.67,2025-12-11,2025-12-11,2025-12-20,2025-12-20
USR_B9829883,TRUE,820058.13,2025-12-11,2025-12-11,2025-12-20,2025-12-20
USR_B9829883,TRUE,177872.01,2025-11-11,2025-11-11,2025-11-20,2025-11-20
USR_B9829883,TRUE,446309.18,2025-10-11,2025-10-11,2025-10-20,2025-10-20
USR_B9829883,TRUE,485325.83,2025-09-11,2025-09-11,2025-09-20,2025-09-20
USR_B9829883,TRUE,275485.51,2025-08-11,2025-08-11,2025-08-20,2025-08-20
USR_B968133C,FALSE,366851.99,2025-12-11,2025-12-31,2025-12-20,2025-12-30
USR_B968133C,FALSE,319481.77,2025-12-11,2025-12-22,2025-12-20,2026-01-15
USR_B968133C,FALSE,624354.12,2025-11-11,2025-11-25,2025-11-20,2025-12-08
USR_B968133C,FALSE,918342.83,2025-10-11,2025-10-15,2025-10-20,2025-11-19
USR_B968133C,FALSE,677547.21,2025-09-11,2025-09-20,2025-09-20,2025-10-14
USR_B968133C,FALSE,401000.3,2025-08-11,2025-08-13,2025-08-20,2025-08-30
USR_E3E66088,TRUE,942337.96,2025-12-11,2025-12-11,2025-12-20,2025-12-20
USR_E3E66088,TRUE,245440.38,2025-12-11,2025-12-11,2025-12-20,2025-12-20
USR_E3E66088,TRUE,509407.0,2025-11-11,2025-11-11,2025-11-20,2025-11-20
USR_E3E66088,TRUE,418853.39,2025-10-11,2025-10-11,2025-10-20,2025-10-20
USR_E3E66088,TRUE,126997.18,2025-09-11,2025-09-11,2025-09-20,2025-09-20
USR_E3E66088,TRUE,335185.3,2025-08-11,2025-08-11,2025-08-20,2025-08-20
USR_5B494238,TRUE,691981.79,2025-12-11,2025-12-11,2025-12-20,2025-12-20
USR_5B494238,TRUE,329126.93,2025-12-11,2025-12-11,2025-12-20,2025-12-20
USR_5B494238,TRUE,265167.44,2025-11-11,2025-11-11,2025-11-20,2025-11-20
USR_5B494238,TRUE,602233.27,2025-10-11,2025-10-11,2025-10-20,2025-10-20
USR_5B494238,TRUE,333785.21,2025-09-11,2025-09-11,2025-09-20,2025-09-20
USR_5B494238,TRUE,223445.91,2025-08-11,2025-08-11,2025-08-20,2025-08-20
USR_157B0617,TRUE,683318.55,2025-12-11,2025-12-11,2025-12-20,2025-12-20
USR_157B0617,TRUE,422035.91,2025-12-11,2025-12-11,2025-12-20,2025-12-20
USR_157B0617,TRUE,435919.83,2025-11-11,2025-11-11,2025-11-20,2025-11-20
USR_157B0617,TRUE,748587.23,2025-10-11,2025-10-11,2025-10-20,2025-10-20
USR_157B0617,TRUE,818258.34,2025-09-11,2025-09-11,2025-09-20,2025-09-20
USR_157B0617,TRUE,664135.57,2025-08-11,2025-08-11,2025-08-20,2025-08-20
USR_D6ED5E5D,TRUE,178276.43,2025-12-11,2025-12-11,2025-12-20,2025-12-20
USR_D6ED5E5D,TRUE,619897.92,2025-12-11,2025-12-11,2025-12-20,2025-12-20
USR_D6ED5E5D,TRUE,604095.86,2025-11-11,2025-11-11,2025-11-20,2025-11-20
USR_D6ED5E5D,TRUE,531899.61,2025-10-11,2025-10-11,2025-10-20,2025-10-20
USR_D6ED5E5D,TRUE,199776.94,2025-09-11,2025-09-11,2025-09-20,2025-09-20
USR_D6ED5E5D,TRUE,224140.36,2025-08-11,2025-08-11,2025-08-20,2025-08-20
USR_CA6182AE,TRUE,816575.66,2025-12-11,2025-12-11,2025-12-20,2025-12-20
USR_CA6182AE,TRUE,656050.42,2025-12-11,2025-12-11,2025-12-20,2025-12-20
USR_CA6182AE,TRUE,643983.3,2025-11-11,2025-11-11,2025-11-20,2025-11-20
USR_CA6182AE,TRUE,413226.26,2025-10-11,2025-10-11,2025-10-20,2025-10-20
USR_CA6182AE,TRUE,258155.33,2025-09-11,2025-09-11,2025-09-20,2025-09-20
USR_CA6182AE,TRUE,280443.73,2025-08-11,2025-08-11,2025-08-20,2025-08-20
USR_7866EEC0,TRUE,798057.1,2025-12-11,2025-12-11,2025-12-20,2025-12-20
USR_7866EEC0,TRUE,901582.47,2025-12-11,2025-12-11,2025-12-20,2025-12-20
USR_7866EEC0,TRUE,569306.88,2025-11-11,2025-11-11,2025-11-20,2025-11-20
USR_7866EEC0,TRUE,864769.5,2025-10-11,2025-10-11,2025-10-20,2025-10-20
USR_7866EEC0,TRUE,799382.93,2025-09-11,2025-09-11,2025-09-20,2025-09-20
USR_7866EEC0,TRUE,674379.07,2025-08-11,2025-08-11,2025-08-20,2025-08-20
USR_01CC2781,TRUE,556000.18,2025-12-11,2025-12-11,2025-12-20,2025-12-20
USR_01CC2781,TRUE,331357.97,2025-12-11,2025-12-11,2025-12-20,2025-12-20
USR_01CC2781,TRUE,636055.71,2025-11-11,2025-11-11,2025-11-20,2025-11-20
USR_01CC2781,TRUE,214730.67,2025-10-11,2025-10-11,2025-10-20,2025-10-20
USR_01CC2781,TRUE,158483.34,2025-09-11,2025-09-11,2025-09-20,2025-09-20
USR_01CC2781,TRUE,773137.83,2025-08-11,2025-08-11,2025-08-20,2025-08-20
USR_C65F5D2E,TRUE,831976.55,2025-12-11,2025-12-11,2025-12-20,2025-12-20
USR_C65F5D2E,TRUE,881723.42,2025-12-11,2025-12-11,2025-12-20,2025-12-20
USR_C65F5D2E,TRUE,611513.98,2025-11-11,2025-11-11,2025-11-20,2025-11-20
USR_C65F5D2E,TRUE,926113.41,2025-10-11,2025-10-11,2025-10-20,2025-10-20
USR_C65F5D2E,TRUE,593976.6,2025-09-11,2025-09-11,2025-09-20,2025-09-20
USR_C65F5D2E,TRUE,950416.8,2025-08-11,2025-08-11,2025-08-20,2025-08-20
USR_BF9E39E2,TRUE,990840.87,2025-12-11,2025-12-11,2025-12-20,2025-12-20
USR_BF9E39E2,TRUE,625652.98,2025-12-11,2025-12-11,2025-12-20,2025-12-20
USR_BF9E39E2,TRUE,413690.39,2025-11-11,2025-11-11,2025-11-20,2025-11-20
USR_BF9E39E2,TRUE,543511.87,2025-10-11,2025-10-11,2025-10-20,2025-10-20
USR_BF9E39E2,TRUE,269799.0,2025-09-11,2025-09-11,2025-09-20,2025-09-20
USR_BF9E39E2,TRUE,856371.56,2025-08-11,2025-08-11,2025-08-20,2025-08-20
USR_E0F7D70A,FALSE,371915.72,2025-12-11,2025-12-15,2025-12-20,2026-01-07
USR_E0F7D70A,FALSE,365342.68,2025-12-11,2026-01-05,2025-12-20,2025-12-26
USR_E0F7D70A,FALSE,188461.85,2025-11-11,2025-12-01,2025-11-20,2025-12-09
USR_E0F7D70A,FALSE,437541.57,2025-10-11,2025-11-04,2025-10-20,2025-11-11
USR_E0F7D70A,FALSE,123776.96,2025-09-11,2025-10-02,2025-09-20,2025-09-23
USR_E0F7D70A,FALSE,190922.62,2025-08-11,2025-08-30,2025-08-20,2025-09-19
USR_2F98D9BB,TRUE,686455.97,2025-12-11,2025-12-11,2025-12-20,2025-12-20
USR_2F98D9BB,TRUE,361897.0,2025-12-11,2025-12-11,2025-12-20,2025-12-20
USR_2F98D9BB,TRUE,254280.77,2025-11-11,2025-11-11,2025-11-20,2025-11-20
USR_2F98D9BB,TRUE,678558.39,2025-10-11,2025-10-11,2025-10-20,2025-10-20
USR_2F98D9BB,TRUE,211357.78,2025-09-11,2025-09-11,2025-09-20,2025-09-20
USR_2F98D9BB,TRUE,562576.75,2025-08-11,2025-08-11,2025-08-20,2025-08-20
USR_2B284EBE,TRUE,260226.36,2025-12-11,2025-12-11,2025-12-20,2025-12-20
USR_2B284EBE,TRUE,815367.62,2025-12-11,2025-12-11,2025-12-20,2025-12-20
USR_2B284EBE,TRUE,564990.94,2025-11-11,2025-11-11,2025-11-20,2025-11-20
USR_2B284EBE,TRUE,361149.3,2025-10-11,2025-10-11,2025-10-20,2025-10-20
USR_2B284EBE,TRUE,244326.97,2025-09-11,2025-09-11,2025-09-20,2025-09-20
USR_2B284EBE,TRUE,833585.56,2025-08-11,2025-08-11,2025-08-20,2025-08-20
USR_5EBDE3E4,FALSE,299061.42,2025-12-11,2026-01-03,2025-12-20,2026-01-08
USR_5EBDE3E4,FALSE,864475.9,2025-12-11,2025-12-13,2025-12-20,2025-12-28
USR_5EBDE3E4,FALSE,526209.27,2025-11-11,2025-11-28,2025-11-20,2025-12-09
USR_5EBDE3E4,FALSE,485472.49,2025-10-11,2025-11-02,2025-10-20,2025-10-23
USR_5EBDE3E4,FALSE,956586.87,2025-09-11,2025-09-28,2025-09-20,2025-10-18
USR_5EBDE3E4,FALSE,942182.3,2025-08-11,2025-08-19,2025-08-20,2025-09-07
USR_DAF062D5,TRUE,441837.76,2025-12-11,2025-12-11,2025-12-20,2025-12-20
USR_DAF062D5,TRUE,431601.2,2025-12-11,2025-12-11,2025-12-20,2025-12-20
USR_DAF062D5,TRUE,272418.65,2025-11-11,2025-11-11,2025-11-20,2025-11-20
USR_DAF062D5,TRUE,844033.63,2025-10-11,2025-10-11,2025-10-20,2025-10-20
USR_DAF062D5,TRUE,381249.47,2025-09-11,2025-09-11,2025-09-20,2025-09-20
USR_DAF062D5,TRUE,126488.15,2025-08-11,2025-08-11,2025-08-20,2025-08-20
USR_D98F029C,TRUE,340607.6,2025-12-11,2025-12-11,2025-12-20,2025-12-20
USR_D98F029C,TRUE,691973.9,2025-12-11,2025-12-11,2025-12-20,2025-12-20
USR_D98F029C,TRUE,777738.49,2025-11-11,2025-11-11,2025-11-20,2025-11-20
USR_D98F029C,TRUE,322368.9,2025-10-11,2025-10-11,2025-10-20,2025-10-20
USR_D98F029C,TRUE,474234.33,2025-09-11,2025-09-11,2025-09-20,2025-09-20
USR_D98F029C,TRUE,321837.87,2025-08-11,2025-08-11,2025-08-20,2025-08-20
USR_7BA9A3EF,TRUE,258719.12,2025-12-11,2025-12-11,2025-12-20,2025-12-20
USR_7BA9A3EF,TRUE,761704.12,2025-12-11,2025-12-11,2025-12-20,2025-12-20
USR_7BA9A3EF,TRUE,137777.39,2025-11-11,2025-11-11,2025-11-20,2025-11-20
USR_7BA9A3EF,TRUE,445564.21,2025-10-11,2025-10-11,2025-10-20,2025-10-20
USR_7BA9A3EF,TRUE,547881.38,2025-09-11,2025-09-11,2025-09-20,2025-09-20
USR_7BA9A3EF,TRUE,158884.68,2025-08-11,2025-08-11,2025-08-20,2025-08-20
USR_CCFA85DF,TRUE,461733.57,2025-12-11,2025-12-11,2025-12-20,2025-12-20
USR_CCFA85DF,TRUE,629579.6,2025-12-11,2025-12-11,2025-12-20,2025-12-20
USR_CCFA85DF,TRUE,897888.44,2025-11-11,2025-11-11,2025-11-20,2025-11-20
USR_CCFA85DF,TRUE,217624.35,2025-10-11,2025-10-11,2025-10-20,2025-10-20
USR_CCFA85DF,TRUE,189304.86,2025-09-11,2025-09-11,2025-09-20,2025-09-20
USR_CCFA85DF,TRUE,517168.91,2025-08-11,2025-08-11,2025-08-20,2025-08-20
USR_5B32EBC4,TRUE,804741.46,2025-12-11,2025-12-11,2025-12-20,2025-12-20
USR_5B32EBC4,TRUE,970067.37,2025-12-11,2025-12-11,2025-12-20,2025-12-20
USR_5B32EBC4,TRUE,119703.12,2025-11-11,2025-11-11,2025-11-20,2025-11-20
USR_5B32EBC4,TRUE,740798.27,2025-10-11,2025-10-11,2025-10-20,2025-10-20
USR_5B32EBC4,TRUE,442176.47,2025-09-11,2025-09-11,2025-09-20,2025-09-20
USR_5B32EBC4,TRUE,907847.76,2025-08-11,2025-08-11,2025-08-20,2025-08-20
USR_67B75297,TRUE,858164.65,2025-12-11,2025-12-11,2025-12-20,2025-12-20
USR_67B75297,TRUE,800797.27,2025-12-11,2025-12-11,2025-12-20,2025-12-20
USR_67B75297,TRUE,450915.68,2025-11-11,2025-11-11,2025-11-20,2025-11-20
USR_67B75297,TRUE,755611.03,2025-10-11,2025-10-11,2025-10-20,2025-10-20
USR_67B75297,TRUE,592397.94,2025-09-11,2025-09-11,2025-09-20,2025-09-20
USR_67B75297,TRUE,894886.08,2025-08-11,2025-08-11,2025-08-20,2025-08-20
USR_59BCB205,TRUE,216000.12,2025-12-11,2025-12-11,2025-12-20,2025-12-20
USR_59BCB205,TRUE,468002.27,2025-12-11,2025-12-11,2025-12-20,2025-12-20
USR_59BCB205,TRUE,708740.37,2025-11-11,2025-11-11,2025-11-20,2025-11-20
USR_59BCB205,TRUE,894518.34,2025-10-11,2025-10-11,2025-10-20,2025-10-20
USR_59BCB205,TRUE,294290.5,2025-09-11,2025-09-11,2025-09-20,2025-09-20
USR_59BCB205,TRUE,456362.84,2025-08-11,2025-08-11,2025-08-20,2025-08-20
USR_94C30E03,TRUE,842478.69,2025-12-11,2025-12-11,2025-12-20,2025-12-20
USR_94C30E03,TRUE,149771.45,2025-12-11,2025-12-11,2025-12-20,2025-12-20
USR_94C30E03,TRUE,902330.59,2025-11-11,2025-11-11,2025-11-20,2025-11-20
USR_94C30E03,TRUE,749071.14,2025-10-11,2025-10-11,2025-10-20,2025-10-20
USR_94C30E03,TRUE,814195.54,2025-09-11,2025-09-11,2025-09-20,2025-09-20
USR_94C30E03,TRUE,927159.92,2025-08-11,2025-08-11,2025-08-20,2025-08-20
USR_C11CCB7C,TRUE,937210.96,2025-12-11,2025-12-11,2025-12-20,2025-12-20
USR_C11CCB7C,TRUE,550112.82,2025-12-11,2025-12-11,2025-12-20,2025-12-20
USR_C11CCB7C,TRUE,767983.81,2025-11-11,2025-11-11,2025-11-20,2025-11-20
USR_C11CCB7C,TRUE,999566.14,2025-10-11,2025-10-11,2025-10-20,2025-10-20
USR_C11CCB7C,TRUE,878695.35,2025-09-11,2025-09-11,2025-09-20,2025-09-20
USR_C11CCB7C,TRUE,987079.07,2025-08-11,2025-08-11,2025-08-20,2025-08-20
USR_E9AE8213,FALSE,532739.76,2025-12-11,2025-12-26,2025-12-20,2025-12-24
USR_E9AE8213,FALSE,786142.09,2025-12-11,2025-12-24,2025-12-20,2025-12-31
USR_E9AE8213,FALSE,569083.74,2025-11-11,2025-12-11,2025-11-20,2025-11-24
USR_E9AE8213,FALSE,894192.4,2025-10-11,2025-10-12,2025-10-20,2025-11-10
USR_E9AE8213,FALSE,227101.25,2025-09-11,2025-09-22,2025-09-20,2025-10-08
USR_E9AE8213,FALSE,504770.49,2025-08-11,2025-09-03,2025-08-20,2025-09-17
USR_FA001907,FALSE,960090.02,2025-12-11,2026-01-09,2025-12-20,2026-01-08
USR_FA001907,FALSE,206141.74,2025-12-11,2025-12-29,2025-12-20,2026-01-11
USR_FA001907,FALSE,384015.67,2025-11-11,2025-12-02,2025-11-20,2025-12-04
USR_FA001907,FALSE,693729.48,2025-10-11,2025-10-14,2025-10-20,2025-11-11
USR_FA001907,FALSE,141366.67,2025-09-11,2025-09-21,2025-09-20,2025-09-26
USR_FA001907,FALSE,543360.37,2025-08-11,2025-08-23,2025-08-20,2025-09-02
USR_772C62A5,TRUE,304631.24,2025-12-11,2025-12-11,2025-12-20,2025-12-20
USR_772C62A5,TRUE,507190.26,2025-12-11,2025-12-11,2025-12-20,2025-12-20
USR_772C62A5,TRUE,406042.48,2025-11-11,2025-11-11,2025-11-20,2025-11-20
USR_772C62A5,TRUE,220756.48,2025-10-11,2025-10-11,2025-10-20,2025-10-20
USR_772C62A5,TRUE,587323.78,2025-09-11,2025-09-11,2025-09-20,2025-09-20
USR_772C62A5,TRUE,584161.46,2025-08-11,2025-08-11,2025-08-20,2025-08-20
USR_4DF76D48,TRUE,441863.81,2025-12-11,2025-12-11,2025-12-20,2025-12-20
USR_4DF76D48,TRUE,244165.41,2025-12-11,2025-12-11,2025-12-20,2025-12-20
USR_4DF76D48,TRUE,847977.93,2025-11-11,2025-11-11,2025-11-20,2025-11-20
USR_4DF76D48,TRUE,974891.51,2025-10-11,2025-10-11,2025-10-20,2025-10-20
USR_4DF76D48,TRUE,932282.27,2025-09-11,2025-09-11,2025-09-20,2025-09-20
USR_4DF76D48,TRUE,944764.65,2025-08-11,2025-08-11,2025-08-20,2025-08-20
USR_814BA551,TRUE,852921.83,2025-12-11,2025-12-11,2025-12-20,2025-12-20
USR_814BA551,TRUE,363028.83,2025-12-11,2025-12-11,2025-12-20,2025-12-20
USR_814BA551,TRUE,787665.94,2025-11-11,2025-11-11,2025-11-20,2025-11-20
USR_814BA551,TRUE,365352.75,2025-10-11,2025-10-11,2025-10-20,2025-10-20
USR_814BA551,TRUE,151147.22,2025-09-11,2025-09-11,2025-09-20,2025-09-20
USR_814BA551,TRUE,116183.45,2025-08-11,2025-08-11,2025-08-20,2025-08-20
USR_2A356996,TRUE,808567.32,2025-12-11,2025-12-11,2025-12-20,2025-12-20
USR_2A356996,TRUE,826275.98,2025-12-11,2025-12-11,2025-12-20,2025-12-20
USR_2A356996,TRUE,813766.38,2025-11-11,2025-11-11,2025-11-20,2025-11-20
USR_2A356996,TRUE,702776.56,2025-10-11,2025-10-11,2025-10-20,2025-10-20
USR_2A356996,TRUE,761834.44,2025-09-11,2025-09-11,2025-09-20,2025-09-20
USR_2A356996,TRUE,231436.09,2025-08-11,2025-08-11,2025-08-20,2025-08-20
USR_2DF12483,TRUE,584371.88,2025-12-11,2025-12-11,2025-12-20,2025-12-20
USR_2DF12483,TRUE,145211.79,2025-12-11,2025-12-11,2025-12-20,2025-12-20
USR_2DF12483,TRUE,356795.26,2025-11-11,2025-11-11,2025-11-20,2025-11-20
USR_2DF12483,TRUE,862542.87,2025-10-11,2025-10-11,2025-10-20,2025-10-20
USR_2DF12483,TRUE,966359.24,2025-09-11,2025-09-11,2025-09-20,2025-09-20
USR_2DF12483,TRUE,966775.41,2025-08-11,2025-08-11,2025-08-20,2025-08-20
USR_AEC0283B,TRUE,307926.28,2025-12-11,2025-12-11,2025-12-20,2025-12-20
USR_AEC0283B,TRUE,988525.96,2025-12-11,2025-12-11,2025-12-20,2025-12-20
USR_AEC0283B,TRUE,471043.91,2025-11-11,2025-11-11,2025-11-20,2025-11-20
USR_AEC0283B,TRUE,835433.53,2025-10-11,2025-10-11,2025-10-20,2025-10-20
USR_AEC0283B,TRUE,673998.52,2025-09-11,2025-09-11,2025-09-20,2025-09-20
USR_AEC0283B,TRUE,517799.36,2025-08-11,2025-08-11,2025-08-20,2025-08-20
USR_182D3A42,TRUE,294273.91,2025-12-11,2025-12-11,2025-12-20,2025-12-20
USR_182D3A42,TRUE,445057.8,2025-12-11,2025-12-11,2025-12-20,2025-12-20
USR_182D3A42,TRUE,129275.29,2025-11-11,2025-11-11,2025-11-20,2025-11-20
USR_182D3A42,TRUE,873863.41,2025-10-11,2025-10-11,2025-10-20,2025-10-20
USR_182D3A42,TRUE,696780.93,2025-09-11,2025-09-11,2025-09-20,2025-09-20
USR_182D3A42,TRUE,642034.95,2025-08-11,2025-08-11,2025-08-20,2025-08-20
USR_CFEFC578,FALSE,314944.52,2025-12-11,2025-12-19,2025-12-20,2025-12-21
USR_CFEFC578,FALSE,170742.95,2025-12-11,2025-12-13,2025-12-20,2025-12-22
USR_CFEFC578,FALSE,727552.13,2025-11-11,2025-11-19,2025-11-20,2025-12-01
USR_CFEFC578,FALSE,875363.59,2025-10-11,2025-10-26,2025-10-20,2025-10-26
USR_CFEFC578,FALSE,909259.9,2025-09-11,2025-09-14,2025-09-20,2025-10-17
USR_CFEFC578,FALSE,862818.87,2025-08-11,2025-08-29,2025-08-20,2025-08-26
USR_F1377674,TRUE,884396.93,2025-12-11,2025-12-11,2025-12-20,2025-12-20
USR_F1377674,TRUE,269498.87,2025-12-11,2025-12-11,2025-12-20,2025-12-20
USR_F1377674,TRUE,625942.15,2025-11-11,2025-11-11,2025-11-20,2025-11-20
USR_F1377674,TRUE,565860.84,2025-10-11,2025-10-11,2025-10-20,2025-10-20
USR_F1377674,TRUE,708060.05,2025-09-11,2025-09-11,2025-09-20,2025-09-20
USR_F1377674,TRUE,325518.29,2025-08-11,2025-08-11,2025-08-20,2025-08-20
USR_5513FD1A,TRUE,751194.03,2025-12-11,2025-12-11,2025-12-20,2025-12-20
USR_5513FD1A,TRUE,803007.68,2025-12-11,2025-12-11,2025-12-20,2025-12-20
USR_5513FD1A,TRUE,294707.39,2025-11-11,2025-11-11,2025-11-20,2025-11-20
USR_5513FD1A,TRUE,607961.06,2025-10-11,2025-10-11,2025-10-20,2025-10-20
USR_5513FD1A,TRUE,929529.19,2025-09-11,2025-09-11,2025-09-20,2025-09-20
USR_5513FD1A,TRUE,382682.31,2025-08-11,2025-08-11,2025-08-20,2025-08-20
USR_EDCBD164,TRUE,156123.53,2025-12-11,2025-12-11,2025-12-20,2025-12-20
USR_EDCBD164,TRUE,708384.43,2025-12-11,2025-12-11,2025-12-20,2025-12-20
USR_EDCBD164,TRUE,971893.15,2025-11-11,2025-11-11,2025-11-20,2025-11-20
USR_EDCBD164,TRUE,123937.25,2025-10-11,2025-10-11,2025-10-20,2025-10-20
USR_EDCBD164,TRUE,912714.89,2025-09-11,2025-09-11,2025-09-20,2025-09-20
USR_EDCBD164,TRUE,455008.48,2025-08-11,2025-08-11,2025-08-20,2025-08-20
USR_1C0687D6,FALSE,681318.0,2025-12-11,2026-01-08,2025-12-20,2026-01-14
USR_1C0687D6,FALSE,869759.54,2025-12-11,2025-12-19,2025-12-20,2025-12-22
USR_1C0687D6,FALSE,229340.59,2025-11-11,2025-12-05,2025-11-20,2025-12-13
USR_1C0687D6,FALSE,391210.28,2025-10-11,2025-10-15,2025-10-20,2025-11-12
USR_1C0687D6,FALSE,179429.64,2025-09-11,2025-09-13,2025-09-20,2025-10-07
USR_1C0687D6,FALSE,701346.79,2025-08-11,2025-08-21,2025-08-20,2025-09-02
USR_FC98A6EF,TRUE,147267.57,2025-12-11,2025-12-11,2025-12-20,2025-12-20
USR_FC98A6EF,TRUE,734131.9,2025-12-11,2025-12-11,2025-12-20,2025-12-20
USR_FC98A6EF,TRUE,944009.73,2025-11-11,2025-11-11,2025-11-20,2025-11-20
USR_FC98A6EF,TRUE,203026.28,2025-10-11,2025-10-11,2025-10-20,2025-10-20
USR_FC98A6EF,TRUE,472033.55,2025-09-11,2025-09-11,2025-09-20,2025-09-20
USR_FC98A6EF,TRUE,496011.68,2025-08-11,2025-08-11,2025-08-20,2025-08-20
USR_39415CD6,TRUE,159010.55,2025-12-11,2025-12-11,2025-12-20,2025-12-20
USR_39415CD6,TRUE,709169.32,2025-12-11,2025-12-11,2025-12-20,2025-12-20
USR_39415CD6,TRUE,691675.11,2025-11-11,2025-11-11,2025-11-20,2025-11-20
USR_39415CD6,TRUE,360134.95,2025-10-11,2025-10-11,2025-10-20,2025-10-20
USR_39415CD6,TRUE,468903.41,2025-09-11,2025-09-11,2025-09-20,2025-09-20
USR_39415CD6,TRUE,332325.79,2025-08-11,2025-08-11,2025-08-20,2025-08-20
USR_E4B6A84B,TRUE,973624.47,2025-12-11,2025-12-11,2025-12-20,2025-12-20
USR_E4B6A84B,TRUE,767695.2,2025-12-11,2025-12-11,2025-12-20,2025-12-20
USR_E4B6A84B,TRUE,750796.88,2025-11-11,2025-11-11,2025-11-20,2025-11-20
USR_E4B6A84B,TRUE,454800.56,2025-10-11,2025-10-11,2025-10-20,2025-10-20
USR_E4B6A84B,TRUE,572562.79,2025-09-11,2025-09-11,2025-09-20,2025-09-20
USR_E4B6A84B,TRUE,195686.37,2025-08-11,2025-08-11,2025-08-20,2025-08-20
USR_FDAA2C1E,FALSE,273721.8,2025-12-11,2025-12-30,2025-12-20,2026-01-06
USR_FDAA2C1E,FALSE,670110.35,2025-12-11,2026-01-03,2025-12-20,2026-01-02
USR_FDAA2C1E,FALSE,639912.27,2025-11-11,2025-11-17,2025-11-20,2025-11-23
USR_FDAA2C1E,FALSE,468098.31,2025-10-11,2025-10-26,2025-10-20,2025-10-22
USR_FDAA2C1E,FALSE,609906.19,2025-09-11,2025-09-24,2025-09-20,2025-09-23
USR_FDAA2C1E,FALSE,345219.29,2025-08-11,2025-08-15,2025-08-20,2025-09-12
USR_4911CD56,TRUE,557122.39,2025-12-11,2025-12-11,2025-12-20,2025-12-20
USR_4911CD56,TRUE,257432.64,2025-12-11,2025-12-11,2025-12-20,2025-12-20
USR_4911CD56,TRUE,478496.98,2025-11-11,2025-11-11,2025-11-20,2025-11-20
USR_4911CD56,TRUE,142032.56,2025-10-11,2025-10-11,2025-10-20,2025-10-20
USR_4911CD56,TRUE,767598.45,2025-09-11,2025-09-11,2025-09-20,2025-09-20
USR_4911CD56,TRUE,845862.64,2025-08-11,2025-08-11,2025-08-20,2025-08-20
USR_BBCAD664,FALSE,756979.27,2025-12-11,2025-12-13,2025-12-20,2025-12-21
USR_BBCAD664,FALSE,352654.3,2025-12-11,2025-12-26,2025-12-20,2025-12-31
USR_BBCAD664,FALSE,491301.75,2025-11-11,2025-11-22,2025-11-20,2025-12-20
USR_BBCAD664,FALSE,207262.78,2025-10-11,2025-10-28,2025-10-20,2025-10-22
USR_BBCAD664,FALSE,570899.95,2025-09-11,2025-09-30,2025-09-20,2025-10-17
USR_BBCAD664,FALSE,825593.58,2025-08-11,2025-08-21,2025-08-20,2025-09-11
USR_5361E998,TRUE,381542.13,2025-12-11,2025-12-11,2025-12-20,2025-12-20
USR_5361E998,TRUE,458777.52,2025-12-11,2025-12-11,2025-12-20,2025-12-20
USR_5361E998,TRUE,558082.55,2025-11-11,2025-11-11,2025-11-20,2025-11-20
USR_5361E998,TRUE,258009.25,2025-10-11,2025-10-11,2025-10-20,2025-10-20
USR_5361E998,TRUE,985293.2,2025-09-11,2025-09-11,2025-09-20,2025-09-20
USR_5361E998,TRUE,716663.89,2025-08-11,2025-08-11,2025-08-20,2025-08-20
USR_2DAE4260,TRUE,694879.19,2025-12-11,2025-12-11,2025-12-20,2025-12-20
USR_2DAE4260,TRUE,232064.62,2025-12-11,2025-12-11,2025-12-20,2025-12-20
USR_2DAE4260,TRUE,409841.51,2025-11-11,2025-11-11,2025-11-20,2025-11-20
USR_2DAE4260,TRUE,675830.38,2025-10-11,2025-10-11,2025-10-20,2025-10-20
USR_2DAE4260,TRUE,560424.85,2025-09-11,2025-09-11,2025-09-20,2025-09-20
USR_2DAE4260,TRUE,375950.39,2025-08-11,2025-08-11,2025-08-20,2025-08-20
USR_DDC5A200,FALSE,742635.49,2025-12-11,2025-12-22,2025-12-20,2026-01-06
USR_DDC5A200,FALSE,640870.33,2025-12-11,2025-12-19,2025-12-20,2025-12-22
USR_DDC5A200,FALSE,563092.21,2025-11-11,2025-12-06,2025-11-20,2025-12-03
USR_DDC5A200,FALSE,929474.45,2025-10-11,2025-10-12,2025-10-20,2025-11-02
USR_DDC5A200,FALSE,614827.87,2025-09-11,2025-10-01,2025-09-20,2025-10-14
USR_DDC5A200,FALSE,323473.22,2025-08-11,2025-08-15,2025-08-20,2025-09-04
USR_323E0C0F,FALSE,288459.99,2025-12-11,2025-12-15,2025-12-20,2025-12-27
USR_323E0C0F,FALSE,651946.58,2025-12-11,2025-12-14,2025-12-20,2026-01-05
USR_323E0C0F,FALSE,223427.82,2025-11-11,2025-12-05,2025-11-20,2025-12-20
USR_323E0C0F,FALSE,537317.36,2025-10-11,2025-10-12,2025-10-20,2025-11-15
USR_323E0C0F,FALSE,641369.13,2025-09-11,2025-10-01,2025-09-20,2025-10-10
USR_323E0C0F,FALSE,879976.6,2025-08-11,2025-08-28,2025-08-20,2025-08-27
USR_B3085F96,TRUE,504639.01,2025-12-11,2025-12-11,2025-12-20,2025-12-20
USR_B3085F96,TRUE,636479.87,2025-12-11,2025-12-11,2025-12-20,2025-12-20
USR_B3085F96,TRUE,552644.5,2025-11-11,2025-11-11,2025-11-20,2025-11-20
USR_B3085F96,TRUE,652533.51,2025-10-11,2025-10-11,2025-10-20,2025-10-20
USR_B3085F96,TRUE,641315.18,2025-09-11,2025-09-11,2025-09-20,2025-09-20
USR_B3085F96,TRUE,877193.77,2025-08-11,2025-08-11,2025-08-20,2025-08-20
USR_4EFA39FA,TRUE,958836.33,2025-12-11,2025-12-11,2025-12-20,2025-12-20
USR_4EFA39FA,TRUE,962844.5,2025-12-11,2025-12-11,2025-12-20,2025-12-20
USR_4EFA39FA,TRUE,804811.74,2025-11-11,2025-11-11,2025-11-20,2025-11-20
USR_4EFA39FA,TRUE,780149.31,2025-10-11,2025-10-11,2025-10-20,2025-10-20
USR_4EFA39FA,TRUE,277405.19,2025-09-11,2025-09-11,2025-09-20,2025-09-20
USR_4EFA39FA,TRUE,294129.61,2025-08-11,2025-08-11,2025-08-20,2025-08-20
USR_E15D683C,TRUE,298477.01,2025-12-11,2025-12-11,2025-12-20,2025-12-20
USR_E15D683C,TRUE,886728.35,2025-12-11,2025-12-11,2025-12-20,2025-12-20
USR_E15D683C,TRUE,898890.67,2025-11-11,2025-11-11,2025-11-20,2025-11-20
USR_E15D683C,TRUE,719997.07,2025-10-11,2025-10-11,2025-10-20,2025-10-20
USR_E15D683C,TRUE,214499.82,2025-09-11,2025-09-11,2025-09-20,2025-09-20
USR_E15D683C,TRUE,964348.93,2025-08-11,2025-08-11,2025-08-20,2025-08-20
USR_A97A496B,TRUE,969281.95,2025-12-11,2025-12-11,2025-12-20,2025-12-20
USR_A97A496B,TRUE,101422.07,2025-12-11,2025-12-11,2025-12-20,2025-12-20
USR_A97A496B,TRUE,990310.2,2025-11-11,2025-11-11,2025-11-20,2025-11-20
USR_A97A496B,TRUE,539880.49,2025-10-11,2025-10-11,2025-10-20,2025-10-20
USR_A97A496B,TRUE,648857.11,2025-09-11,2025-09-11,2025-09-20,2025-09-20
USR_A97A496B,TRUE,760514.13,2025-08-11,2025-08-11,2025-08-20,2025-08-20
USR_2B383E26,TRUE,534597.84,2025-12-11,2025-12-11,2025-12-20,2025-12-20
USR_2B383E26,TRUE,359608.74,2025-12-11,2025-12-11,2025-12-20,2025-12-20
USR_2B383E26,TRUE,706320.71,2025-11-11,2025-11-11,2025-11-20,2025-11-20
USR_2B383E26,TRUE,314604.83,2025-10-11,2025-10-11,2025-10-20,2025-10-20
USR_2B383E26,TRUE,608319.31,2025-09-11,2025-09-11,2025-09-20,2025-09-20
USR_2B383E26,TRUE,297474.65,2025-08-11,2025-08-11,2025-08-20,2025-08-20
USR_46452400,TRUE,246827.09,2025-12-11,2025-12-11,2025-12-20,2025-12-20
USR_46452400,TRUE,686141.92,2025-12-11,2025-12-11,2025-12-20,2025-12-20
USR_46452400,TRUE,950991.36,2025-11-11,2025-11-11,2025-11-20,2025-11-20
USR_46452400,TRUE,244247.51,2025-10-11,2025-10-11,2025-10-20,2025-10-20
USR_46452400,TRUE,427798.61,2025-09-11,2025-09-11,2025-09-20,2025-09-20
USR_46452400,TRUE,460971.11,2025-08-11,2025-08-11,2025-08-20,2025-08-20
USR_B1B687CF,FALSE,149987.96,2025-12-11,2025-12-17,2025-12-20,2025-12-24
USR_B1B687CF,FALSE,112608.25,2025-12-11,2025-12-18,2025-12-20,2026-01-19
USR_B1B687CF,FALSE,923879.64,2025-11-11,2025-11-19,2025-11-20,2025-12-01
USR_B1B687CF,FALSE,545513.99,2025-10-11,2025-11-01,2025-10-20,2025-11-14
USR_B1B687CF,FALSE,776590.16,2025-09-11,2025-09-24,2025-09-20,2025-10-01
USR_B1B687CF,FALSE,205841.12,2025-08-11,2025-08-14,2025-08-20,2025-09-05
USR_81F9C392,TRUE,932039.77,2025-12-11,2025-12-11,2025-12-20,2025-12-20
USR_81F9C392,TRUE,711758.13,2025-12-11,2025-12-11,2025-12-20,2025-12-20
USR_81F9C392,TRUE,351292.15,2025-11-11,2025-11-11,2025-11-20,2025-11-20
USR_81F9C392,TRUE,752321.68,2025-10-11,2025-10-11,2025-10-20,2025-10-20
USR_81F9C392,TRUE,811952.25,2025-09-11,2025-09-11,2025-09-20,2025-09-20
USR_81F9C392,TRUE,599801.01,2025-08-11,2025-08-11,2025-08-20,2025-08-20
USR_F38AA073,TRUE,256695.89,2025-12-11,2025-12-11,2025-12-20,2025-12-20
USR_F38AA073,TRUE,865022.67,2025-12-11,2025-12-11,2025-12-20,2025-12-20
USR_F38AA073,TRUE,916516.07,2025-11-11,2025-11-11,2025-11-20,2025-11-20
USR_F38AA073,TRUE,714466.79,2025-10-11,2025-10-11,2025-10-20,2025-10-20
USR_F38AA073,TRUE,380878.21,2025-09-11,2025-09-11,2025-09-20,2025-09-20
USR_F38AA073,TRUE,114828.07,2025-08-11,2025-08-11,2025-08-20,2025-08-20
USR_45BBE7F6,FALSE,379871.33,2025-12-11,2025-12-12,2025-12-20,2026-01-16
USR_45BBE7F6,FALSE,170447.47,2025-12-11,2025-12-22,2025-12-20,2026-01-16
USR_45BBE7F6,FALSE,262111.9,2025-11-11,2025-11-22,2025-11-20,2025-11-22
USR_45BBE7F6,FALSE,355314.12,2025-10-11,2025-10-31,2025-10-20,2025-11-05
USR_45BBE7F6,FALSE,761834.16,2025-09-11,2025-10-08,2025-09-20,2025-10-06
USR_45BBE7F6,FALSE,611273.74,2025-08-11,2025-08-26,2025-08-20,2025-09-14
USR_DE38486D,TRUE,485559.63,2025-12-11,2025-12-11,2025-12-20,2025-12-20
USR_DE38486D,TRUE,320673.48,2025-12-11,2025-12-11,2025-12-20,2025-12-20
USR_DE38486D,TRUE,626367.52,2025-11-11,2025-11-11,2025-11-20,2025-11-20
USR_DE38486D,TRUE,361286.99,2025-10-11,2025-10-11,2025-10-20,2025-10-20
USR_DE38486D,TRUE,586850.13,2025-09-11,2025-09-11,2025-09-20,2025-09-20
USR_DE38486D,TRUE,148104.09,2025-08-11,2025-08-11,2025-08-20,2025-08-20
USR_98510C62,FALSE,320466.05,2025-12-11,2025-12-15,2025-12-20,2025-12-21
USR_98510C62,FALSE,924579.65,2025-12-11,2025-12-19,2025-12-20,2025-12-22
USR_98510C62,FALSE,147869.49,2025-11-11,2025-12-09,2025-11-20,2025-12-18
USR_98510C62,FALSE,436613.26,2025-10-11,2025-10-12,2025-10-20,2025-11-18
USR_98510C62,FALSE,718135.24,2025-09-11,2025-10-08,2025-09-20,2025-09-30
USR_98510C62,FALSE,747693.73,2025-08-11,2025-08-18,2025-08-20,2025-08-28
USR_BF7960D8,TRUE,586067.65,2025-12-11,2025-12-11,2025-12-20,2025-12-20
USR_BF7960D8,TRUE,235730.9,2025-12-11,2025-12-11,2025-12-20,2025-12-20
USR_BF7960D8,TRUE,621743.56,2025-11-11,2025-11-11,2025-11-20,2025-11-20
USR_BF7960D8,TRUE,992274.53,2025-10-11,2025-10-11,2025-10-20,2025-10-20
USR_BF7960D8,TRUE,560945.06,2025-09-11,2025-09-11,2025-09-20,2025-09-20
USR_BF7960D8,TRUE,648216.43,2025-08-11,2025-08-11,2025-08-20,2025-08-20
USR_FD9A49BF,TRUE,408230.91,2025-12-11,2025-12-11,2025-12-20,2025-12-20
USR_FD9A49BF,TRUE,361930.42,2025-12-11,2025-12-11,2025-12-20,2025-12-20
USR_FD9A49BF,TRUE,349407.7,2025-11-11,2025-11-11,2025-11-20,2025-11-20
USR_FD9A49BF,TRUE,621254.83,2025-10-11,2025-10-11,2025-10-20,2025-10-20
USR_FD9A49BF,TRUE,289375.15,2025-09-11,2025-09-11,2025-09-20,2025-09-20
USR_FD9A49BF,TRUE,835368.0,2025-08-11,2025-08-11,2025-08-20,2025-08-20
USR_D3D40CB2,FALSE,401549.22,2025-12-11,2025-12-23,2025-12-20,2026-01-10
USR_D3D40CB2,FALSE,205402.14,2025-12-11,2025-12-23,2025-12-20,2026-01-16
USR_D3D40CB2,FALSE,305017.76,2025-11-11,2025-12-04,2025-11-20,2025-12-10
USR_D3D40CB2,FALSE,269422.29,2025-10-11,2025-10-31,2025-10-20,2025-11-10
USR_D3D40CB2,FALSE,255284.51,2025-09-11,2025-10-08,2025-09-20,2025-10-14
USR_D3D40CB2,FALSE,388284.13,2025-08-11,2025-08-17,2025-08-20,2025-09-04
USR_40A7FE30,TRUE,551896.07,2025-12-11,2025-12-11,2025-12-20,2025-12-20
USR_40A7FE30,TRUE,700030.37,2025-12-11,2025-12-11,2025-12-20,2025-12-20
USR_40A7FE30,TRUE,708765.35,2025-11-11,2025-11-11,2025-11-20,2025-11-20
USR_40A7FE30,TRUE,330943.5,2025-10-11,2025-10-11,2025-10-20,2025-10-20
USR_40A7FE30,TRUE,132724.61,2025-09-11,2025-09-11,2025-09-20,2025-09-20
USR_40A7FE30,TRUE,113503.65,2025-08-11,2025-08-11,2025-08-20,2025-08-20
USR_A1596375,TRUE,732709.93,2025-12-11,2025-12-11,2025-12-20,2025-12-20
USR_A1596375,TRUE,707416.0,2025-12-11,2025-12-11,2025-12-20,2025-12-20
USR_A1596375,TRUE,780691.85,2025-11-11,2025-11-11,2025-11-20,2025-11-20
USR_A1596375,TRUE,254874.5,2025-10-11,2025-10-11,2025-10-20,2025-10-20
USR_A1596375,TRUE,315171.83,2025-09-11,2025-09-11,2025-09-20,2025-09-20
USR_A1596375,TRUE,837293.35,2025-08-11,2025-08-11,2025-08-20,2025-08-20
USR_745BEE39,TRUE,918671.22,2025-12-11,2025-12-11,2025-12-20,2025-12-20
USR_745BEE39,TRUE,853304.91,2025-12-11,2025-12-11,2025-12-20,2025-12-20
USR_745BEE39,TRUE,453416.38,2025-11-11,2025-11-11,2025-11-20,2025-11-20
USR_745BEE39,TRUE,314500.74,2025-10-11,2025-10-11,2025-10-20,2025-10-20
USR_745BEE39,TRUE,113016.11,2025-09-11,2025-09-11,2025-09-20,2025-09-20
USR_745BEE39,TRUE,551987.98,2025-08-11,2025-08-11,2025-08-20,2025-08-20
USR_DCA2B8AA,TRUE,975090.56,2025-12-11,2025-12-11,2025-12-20,2025-12-20
USR_DCA2B8AA,TRUE,924888.73,2025-12-11,2025-12-11,2025-12-20,2025-12-20
USR_DCA2B8AA,TRUE,674474.13,2025-11-11,2025-11-11,2025-11-20,2025-11-20
USR_DCA2B8AA,TRUE,696975.22,2025-10-11,2025-10-11,2025-10-20,2025-10-20
USR_DCA2B8AA,TRUE,544989.1,2025-09-11,2025-09-11,2025-09-20,2025-09-20
USR_DCA2B8AA,TRUE,626170.57,2025-08-11,2025-08-11,2025-08-20,2025-08-20
USR_4E887147,TRUE,464252.34,2025-12-11,2025-12-11,2025-12-20,2025-12-20
USR_4E887147,TRUE,271459.7,2025-12-11,2025-12-11,2025-12-20,2025-12-20
USR_4E887147,TRUE,761429.99,2025-11-11,2025-11-11,2025-11-20,2025-11-20
USR_4E887147,TRUE,577555.09,2025-10-11,2025-10-11,2025-10-20,2025-10-20
USR_4E887147,TRUE,188239.73,2025-09-11,2025-09-11,2025-09-20,2025-09-20
USR_4E887147,TRUE,258359.9,2025-08-11,2025-08-11,2025-08-20,2025-08-20
USR_F78B2E1B,FALSE,845650.64,2025-12-11,2025-12-28,2025-12-20,2025-12-28
USR_F78B2E1B,FALSE,272953.87,2025-12-11,2025-12-16,2025-12-20,2026-01-16
USR_F78B2E1B,FALSE,514467.26,2025-11-11,2025-12-10,2025-11-20,2025-12-16
USR_F78B2E1B,FALSE,468880.27,2025-10-11,2025-10-31,2025-10-20,2025-11-11
USR_F78B2E1B,FALSE,307492.2,2025-09-11,2025-09-21,2025-09-20,2025-09-22
USR_F78B2E1B,FALSE,708425.49,2025-08-11,2025-08-19,2025-08-20,2025-09-12
USR_7C9B6C22,TRUE,956133.66,2025-12-11,2025-12-11,2025-12-20,2025-12-20
USR_7C9B6C22,TRUE,585537.71,2025-12-11,2025-12-11,2025-12-20,2025-12-20
USR_7C9B6C22,TRUE,792132.7,2025-11-11,2025-11-11,2025-11-20,2025-11-20
USR_7C9B6C22,TRUE,263098.86,2025-10-11,2025-10-11,2025-10-20,2025-10-20
USR_7C9B6C22,TRUE,147612.07,2025-09-11,2025-09-11,2025-09-20,2025-09-20
USR_7C9B6C22,TRUE,388571.16,2025-08-11,2025-08-11,2025-08-20,2025-08-20
USR_7EFC0666,TRUE,186860.37,2025-12-11,2025-12-11,2025-12-20,2025-12-20
USR_7EFC0666,TRUE,155078.53,2025-12-11,2025-12-11,2025-12-20,2025-12-20
USR_7EFC0666,TRUE,842480.72,2025-11-11,2025-11-11,2025-11-20,2025-11-20
USR_7EFC0666,TRUE,212713.24,2025-10-11,2025-10-11,2025-10-20,2025-10-20
USR_7EFC0666,TRUE,894166.21,2025-09-11,2025-09-11,2025-09-20,2025-09-20
USR_7EFC0666,TRUE,955069.89,2025-08-11,2025-08-11,2025-08-20,2025-08-20
USR_21C55D97,TRUE,310034.6,2025-12-11,2025-12-11,2025-12-20,2025-12-20
USR_21C55D97,TRUE,378408.09,2025-12-11,2025-12-11,2025-12-20,2025-12-20
USR_21C55D97,TRUE,658041.91,2025-11-11,2025-11-11,2025-11-20,2025-11-20
USR_21C55D97,TRUE,819656.53,2025-10-11,2025-10-11,2025-10-20,2025-10-20
USR_21C55D97,TRUE,853867.11,2025-09-11,2025-09-11,2025-09-20,2025-09-20
USR_21C55D97,TRUE,301993.51,2025-08-11,2025-08-11,2025-08-20,2025-08-20
USR_A7815783,TRUE,563413.29,2025-12-11,2025-12-11,2025-12-20,2025-12-20
USR_A7815783,TRUE,976783.53,2025-12-11,2025-12-11,2025-12-20,2025-12-20
USR_A7815783,TRUE,949833.27,2025-11-11,2025-11-11,2025-11-20,2025-11-20
USR_A7815783,TRUE,363526.02,2025-10-11,2025-10-11,2025-10-20,2025-10-20
USR_A7815783,TRUE,414444.1,2025-09-11,2025-09-11,2025-09-20,2025-09-20
USR_A7815783,TRUE,511694.85,2025-08-11,2025-08-11,2025-08-20,2025-08-20
USR_8FDE8549,TRUE,629361.02,2025-12-11,2025-12-11,2025-12-20,2025-12-20
USR_8FDE8549,TRUE,625907.85,2025-12-11,2025-12-11,2025-12-20,2025-12-20
USR_8FDE8549,TRUE,443646.98,2025-11-11,2025-11-11,2025-11-20,2025-11-20
USR_8FDE8549,TRUE,455117.72,2025-10-11,2025-10-11,2025-10-20,2025-10-20
USR_8FDE8549,TRUE,363377.98,2025-09-11,2025-09-11,2025-09-20,2025-09-20
USR_8FDE8549,TRUE,954028.69,2025-08-11,2025-08-11,2025-08-20,2025-08-20
USR_8CE910FC,TRUE,227447.73,2025-12-11,2025-12-11,2025-12-20,2025-12-20
USR_8CE910FC,TRUE,846309.11,2025-12-11,2025-12-11,2025-12-20,2025-12-20
USR_8CE910FC,TRUE,319453.45,2025-11-11,2025-11-11,2025-11-20,2025-11-20
USR_8CE910FC,TRUE,656192.47,2025-10-11,2025-10-11,2025-10-20,2025-10-20
USR_8CE910FC,TRUE,501829.02,2025-09-11,2025-09-11,2025-09-20,2025-09-20
USR_8CE910FC,TRUE,325557.29,2025-08-11,2025-08-11,2025-08-20,2025-08-20
USR_129BC910,TRUE,536264.47,2025-12-11,2025-12-11,2025-12-20,2025-12-20
USR_129BC910,TRUE,355803.29,2025-12-11,2025-12-11,2025-12-20,2025-12-20
USR_129BC910,TRUE,187964.29,2025-11-11,2025-11-11,2025-11-20,2025-11-20
USR_129BC910,TRUE,846166.48,2025-10-11,2025-10-11,2025-10-20,2025-10-20
USR_129BC910,TRUE,161053.68,2025-09-11,2025-09-11,2025-09-20,2025-09-20
USR_129BC910,TRUE,818661.31,2025-08-11,2025-08-11,2025-08-20,2025-08-20
USR_37FCCF48,TRUE,832399.16,2025-12-11,2025-12-11,2025-12-20,2025-12-20
USR_37FCCF48,TRUE,144113.51,2025-12-11,2025-12-11,2025-12-20,2025-12-20
USR_37FCCF48,TRUE,381950.91,2025-11-11,2025-11-11,2025-11-20,2025-11-20
USR_37FCCF48,TRUE,509881.73,2025-10-11,2025-10-11,2025-10-20,2025-10-20
USR_37FCCF48,TRUE,524898.59,2025-09-11,2025-09-11,2025-09-20,2025-09-20
USR_37FCCF48,TRUE,317285.88,2025-08-11,2025-08-11,2025-08-20,2025-08-20
USR_EA3BCDF0,TRUE,944619.37,2025-12-11,2025-12-11,2025-12-20,2025-12-20
USR_EA3BCDF0,TRUE,341448.9,2025-12-11,2025-12-11,2025-12-20,2025-12-20
USR_EA3BCDF0,TRUE,356980.85,2025-11-11,2025-11-11,2025-11-20,2025-11-20
USR_EA3BCDF0,TRUE,496900.72,2025-10-11,2025-10-11,2025-10-20,2025-10-20
USR_EA3BCDF0,TRUE,627861.96,2025-09-11,2025-09-11,2025-09-20,2025-09-20
USR_EA3BCDF0,TRUE,407693.24,2025-08-11,2025-08-11,2025-08-20,2025-08-20
USR_F0D421EB,TRUE,891429.75,2025-12-11,2025-12-11,2025-12-20,2025-12-20
USR_F0D421EB,TRUE,888936.47,2025-12-11,2025-12-11,2025-12-20,2025-12-20
USR_F0D421EB,TRUE,361933.65,2025-11-11,2025-11-11,2025-11-20,2025-11-20
USR_F0D421EB,TRUE,489115.9,2025-10-11,2025-10-11,2025-10-20,2025-10-20
USR_F0D421EB,TRUE,962099.32,2025-09-11,2025-09-11,2025-09-20,2025-09-20
USR_F0D421EB,TRUE,510858.18,2025-08-11,2025-08-11,2025-08-20,2025-08-20
USR_A5EFC51F,FALSE,155903.06,2025-12-11,2026-01-02,2025-12-20,2026-01-16
USR_A5EFC51F,FALSE,864000.69,2025-12-11,2025-12-26,2025-12-20,2026-01-03
USR_A5EFC51F,FALSE,423341.79,2025-11-11,2025-11-25,2025-11-20,2025-12-20
USR_A5EFC51F,FALSE,162726.24,2025-10-11,2025-10-23,2025-10-20,2025-10-25
USR_A5EFC51F,FALSE,251811.95,2025-09-11,2025-10-10,2025-09-20,2025-10-09
USR_A5EFC51F,FALSE,654148.34,2025-08-11,2025-09-07,2025-08-20,2025-08-30
USR_1BB82D3B,FALSE,487077.37,2025-12-11,2026-01-04,2025-12-20,2026-01-19
USR_1BB82D3B,FALSE,199920.32,2025-12-11,2025-12-21,2025-12-20,2026-01-08
USR_1BB82D3B,FALSE,211546.54,2025-11-11,2025-11-29,2025-11-20,2025-11-30
USR_1BB82D3B,FALSE,798615.07,2025-10-11,2025-10-30,2025-10-20,2025-11-12
USR_1BB82D3B,FALSE,780334.18,2025-09-11,2025-09-17,2025-09-20,2025-09-26
USR_1BB82D3B,FALSE,276259.19,2025-08-11,2025-08-15,2025-08-20,2025-09-02
USR_F47AB1E5,TRUE,740324.33,2025-12-11,2025-12-11,2025-12-20,2025-12-20
USR_F47AB1E5,TRUE,762870.25,2025-12-11,2025-12-11,2025-12-20,2025-12-20
USR_F47AB1E5,TRUE,497735.77,2025-11-11,2025-11-11,2025-11-20,2025-11-20
USR_F47AB1E5,TRUE,222631.2,2025-10-11,2025-10-11,2025-10-20,2025-10-20
USR_F47AB1E5,TRUE,118863.31,2025-09-11,2025-09-11,2025-09-20,2025-09-20
USR_F47AB1E5,TRUE,572692.09,2025-08-11,2025-08-11,2025-08-20,2025-08-20
USR_5AA0DF4E,TRUE,414604.18,2025-12-11,2025-12-11,2025-12-20,2025-12-20
USR_5AA0DF4E,TRUE,692760.58,2025-12-11,2025-12-11,2025-12-20,2025-12-20
USR_5AA0DF4E,TRUE,402827.59,2025-11-11,2025-11-11,2025-11-20,2025-11-20
USR_5AA0DF4E,TRUE,869834.59,2025-10-11,2025-10-11,2025-10-20,2025-10-20
USR_5AA0DF4E,TRUE,736530.32,2025-09-11,2025-09-11,2025-09-20,2025-09-20
USR_5AA0DF4E,TRUE,401707.72,2025-08-11,2025-08-11,2025-08-20,2025-08-20
USR_18623A7C,TRUE,765095.85,2025-12-11,2025-12-11,2025-12-20,2025-12-20
USR_18623A7C,TRUE,136063.98,2025-12-11,2025-12-11,2025-12-20,2025-12-20
USR_18623A7C,TRUE,757848.76,2025-11-11,2025-11-11,2025-11-20,2025-11-20
USR_18623A7C,TRUE,622593.35,2025-10-11,2025-10-11,2025-10-20,2025-10-20
USR_18623A7C,TRUE,675757.81,2025-09-11,2025-09-11,2025-09-20,2025-09-20
USR_18623A7C,TRUE,387250.15,2025-08-11,2025-08-11,2025-08-20,2025-08-20
USR_AFB5D26C,TRUE,300113.44,2025-12-11,2025-12-11,2025-12-20,2025-12-20
USR_AFB5D26C,TRUE,432281.45,2025-12-11,2025-12-11,2025-12-20,2025-12-20
USR_AFB5D26C,TRUE,158902.19,2025-11-11,2025-11-11,2025-11-20,2025-11-20
USR_AFB5D26C,TRUE,772402.36,2025-10-11,2025-10-11,2025-10-20,2025-10-20
USR_AFB5D26C,TRUE,432164.69,2025-09-11,2025-09-11,2025-09-20,2025-09-20
USR_AFB5D26C,TRUE,567794.35,2025-08-11,2025-08-11,2025-08-20,2025-08-20
USR_15C27709,TRUE,510333.01,2025-12-11,2025-12-11,2025-12-20,2025-12-20
USR_15C27709,TRUE,971177.83,2025-12-11,2025-12-11,2025-12-20,2025-12-20
USR_15C27709,TRUE,183524.15,2025-11-11,2025-11-11,2025-11-20,2025-11-20
USR_15C27709,TRUE,147453.43,2025-10-11,2025-10-11,2025-10-20,2025-10-20
USR_15C27709,TRUE,888585.52,2025-09-11,2025-09-11,2025-09-20,2025-09-20
USR_15C27709,TRUE,844528.37,2025-08-11,2025-08-11,2025-08-20,2025-08-20
USR_0AD7FEE9,TRUE,421129.96,2025-12-11,2025-12-11,2025-12-20,2025-12-20
USR_0AD7FEE9,TRUE,182978.81,2025-12-11,2025-12-11,2025-12-20,2025-12-20
USR_0AD7FEE9,TRUE,704428.39,2025-11-11,2025-11-11,2025-11-20,2025-11-20
USR_0AD7FEE9,TRUE,336270.41,2025-10-11,2025-10-11,2025-10-20,2025-10-20
USR_0AD7FEE9,TRUE,482467.4,2025-09-11,2025-09-11,2025-09-20,2025-09-20
USR_0AD7FEE9,TRUE,493270.08,2025-08-11,2025-08-11,2025-08-20,2025-08-20
USR_41D6A746,TRUE,555032.54,2025-12-11,2025-12-11,2025-12-20,2025-12-20
USR_41D6A746,TRUE,903952.02,2025-12-11,2025-12-11,2025-12-20,2025-12-20
USR_41D6A746,TRUE,577891.41,2025-11-11,2025-11-11,2025-11-20,2025-11-20
USR_41D6A746,TRUE,987080.15,2025-10-11,2025-10-11,2025-10-20,2025-10-20
USR_41D6A746,TRUE,540528.46,2025-09-11,2025-09-11,2025-09-20,2025-09-20
USR_41D6A746,TRUE,964171.46,2025-08-11,2025-08-11,2025-08-20,2025-08-20
USR_DD9B963D,TRUE,539790.66,2025-12-11,2025-12-11,2025-12-20,2025-12-20
USR_DD9B963D,TRUE,415041.55,2025-12-11,2025-12-11,2025-12-20,2025-12-20
USR_DD9B963D,TRUE,341190.57,2025-11-11,2025-11-11,2025-11-20,2025-11-20
USR_DD9B963D,TRUE,998370.24,2025-10-11,2025-10-11,2025-10-20,2025-10-20
USR_DD9B963D,TRUE,276332.33,2025-09-11,2025-09-11,2025-09-20,2025-09-20
USR_DD9B963D,TRUE,643632.47,2025-08-11,2025-08-11,2025-08-20,2025-08-20
USR_0B2A13BF,TRUE,948702.37,2025-12-11,2025-12-11,2025-12-20,2025-12-20
USR_0B2A13BF,TRUE,729509.12,2025-12-11,2025-12-11,2025-12-20,2025-12-20
USR_0B2A13BF,TRUE,221260.55,2025-11-11,2025-11-11,2025-11-20,2025-11-20
USR_0B2A13BF,TRUE,350925.34,2025-10-11,2025-10-11,2025-10-20,2025-10-20
USR_0B2A13BF,TRUE,975087.86,2025-09-11,2025-09-11,2025-09-20,2025-09-20
USR_0B2A13BF,TRUE,814580.31,2025-08-11,2025-08-11,2025-08-20,2025-08-20
USR_9D557FF1,FALSE,791618.46,2025-12-11,2025-12-15,2025-12-20,2026-01-11
USR_9D557FF1,FALSE,377839.61,2025-12-11,2026-01-09,2025-12-20,2025-12-24
USR_9D557FF1,FALSE,272570.03,2025-11-11,2025-11-26,2025-11-20,2025-12-05
USR_9D557FF1,FALSE,996198.57,2025-10-11,2025-10-14,2025-10-20,2025-11-08
USR_9D557FF1,FALSE,431852.83,2025-09-11,2025-09-14,2025-09-20,2025-10-01
USR_9D557FF1,FALSE,598352.08,2025-08-11,2025-08-30,2025-08-20,2025-08-29
USR_CFBBF001,TRUE,317848.63,2025-12-11,2025-12-11,2025-12-20,2025-12-20
USR_CFBBF001,TRUE,934320.9,2025-12-11,2025-12-11,2025-12-20,2025-12-20
USR_CFBBF001,TRUE,207044.77,2025-11-11,2025-11-11,2025-11-20,2025-11-20
USR_CFBBF001,TRUE,985610.95,2025-10-11,2025-10-11,2025-10-20,2025-10-20
USR_CFBBF001,TRUE,912040.01,2025-09-11,2025-09-11,2025-09-20,2025-09-20
USR_CFBBF001,TRUE,919424.86,2025-08-11,2025-08-11,2025-08-20,2025-08-20
USR_73DD9759,TRUE,588215.32,2025-12-11,2025-12-11,2025-12-20,2025-12-20
USR_73DD9759,TRUE,471235.53,2025-12-11,2025-12-11,2025-12-20,2025-12-20
USR_73DD9759,TRUE,359494.38,2025-11-11,2025-11-11,2025-11-20,2025-11-20
USR_73DD9759,TRUE,498027.43,2025-10-11,2025-10-11,2025-10-20,2025-10-20
USR_73DD9759,TRUE,215588.31,2025-09-11,2025-09-11,2025-09-20,2025-09-20
USR_73DD9759,TRUE,963325.03,2025-08-11,2025-08-11,2025-08-20,2025-08-20
USR_21D37D80,TRUE,138865.24,2025-12-11,2025-12-11,2025-12-20,2025-12-20
USR_21D37D80,TRUE,378104.72,2025-12-11,2025-12-11,2025-12-20,2025-12-20
USR_21D37D80,TRUE,221571.16,2025-11-11,2025-11-11,2025-11-20,2025-11-20
USR_21D37D80,TRUE,663978.63,2025-10-11,2025-10-11,2025-10-20,2025-10-20
USR_21D37D80,TRUE,165449.12,2025-09-11,2025-09-11,2025-09-20,2025-09-20
USR_21D37D80,TRUE,276305.68,2025-08-11,2025-08-11,2025-08-20,2025-08-20
USR_EE9A2920,TRUE,583053.98,2025-12-11,2025-12-11,2025-12-20,2025-12-20
USR_EE9A2920,TRUE,393577.95,2025-12-11,2025-12-11,2025-12-20,2025-12-20
USR_EE9A2920,TRUE,266069.13,2025-11-11,2025-11-11,2025-11-20,2025-11-20
USR_EE9A2920,TRUE,110071.5,2025-10-11,2025-10-11,2025-10-20,2025-10-20
USR_EE9A2920,TRUE,391577.62,2025-09-11,2025-09-11,2025-09-20,2025-09-20
USR_EE9A2920,TRUE,102923.05,2025-08-11,2025-08-11,2025-08-20,2025-08-20
USR_F32FC08C,TRUE,550412.75,2025-12-11,2025-12-11,2025-12-20,2025-12-20
USR_F32FC08C,TRUE,790221.32,2025-12-11,2025-12-11,2025-12-20,2025-12-20
USR_F32FC08C,TRUE,437123.1,2025-11-11,2025-11-11,2025-11-20,2025-11-20
USR_F32FC08C,TRUE,310771.55,2025-10-11,2025-10-11,2025-10-20,2025-10-20
USR_F32FC08C,TRUE,554851.95,2025-09-11,2025-09-11,2025-09-20,2025-09-20
USR_F32FC08C,TRUE,253706.66,2025-08-11,2025-08-11,2025-08-20,2025-08-20
USR_C7E0485A,TRUE,557853.4,2025-12-11,2025-12-11,2025-12-20,2025-12-20
USR_C7E0485A,TRUE,745825.53,2025-12-11,2025-12-11,2025-12-20,2025-12-20
USR_C7E0485A,TRUE,651503.48,2025-11-11,2025-11-11,2025-11-20,2025-11-20
USR_C7E0485A,TRUE,599295.46,2025-10-11,2025-10-11,2025-10-20,2025-10-20
USR_C7E0485A,TRUE,854207.52,2025-09-11,2025-09-11,2025-09-20,2025-09-20
USR_C7E0485A,TRUE,979351.35,2025-08-11,2025-08-11,2025-08-20,2025-08-20
USR_6FAB0643,TRUE,739929.53,2025-12-11,2025-12-11,2025-12-20,2025-12-20
USR_6FAB0643,TRUE,557025.23,2025-12-11,2025-12-11,2025-12-20,2025-12-20
USR_6FAB0643,TRUE,356419.7,2025-11-11,2025-11-11,2025-11-20,2025-11-20
USR_6FAB0643,TRUE,836361.33,2025-10-11,2025-10-11,2025-10-20,2025-10-20
USR_6FAB0643,TRUE,451929.65,2025-09-11,2025-09-11,2025-09-20,2025-09-20
USR_6FAB0643,TRUE,156505.35,2025-08-11,2025-08-11,2025-08-20,2025-08-20
USR_F804AD43,FALSE,758438.12,2025-12-11,2025-12-30,2025-12-20,2026-01-17
USR_F804AD43,FALSE,519478.68,2025-12-11,2026-01-01,2025-12-20,2025-12-28
USR_F804AD43,FALSE,874052.7,2025-11-11,2025-11-15,2025-11-20,2025-12-07
USR_F804AD43,FALSE,111908.09,2025-10-11,2025-10-21,2025-10-20,2025-10-25
USR_F804AD43,FALSE,787654.66,2025-09-11,2025-10-02,2025-09-20,2025-10-05
USR_F804AD43,FALSE,207502.02,2025-08-11,2025-08-27,2025-08-20,2025-09-05
USR_DDF129BD,TRUE,205207.89,2025-12-11,2025-12-11,2025-12-20,2025-12-20
USR_DDF129BD,TRUE,112782.12,2025-12-11,2025-12-11,2025-12-20,2025-12-20
USR_DDF129BD,TRUE,819935.86,2025-11-11,2025-11-11,2025-11-20,2025-11-20
USR_DDF129BD,TRUE,821279.62,2025-10-11,2025-10-11,2025-10-20,2025-10-20
USR_DDF129BD,TRUE,845226.18,2025-09-11,2025-09-11,2025-09-20,2025-09-20
USR_DDF129BD,TRUE,571252.84,2025-08-11,2025-08-11,2025-08-20,2025-08-20
USR_028ECE02,TRUE,543412.29,2025-12-11,2025-12-11,2025-12-20,2025-12-20
USR_028ECE02,TRUE,602118.46,2025-12-11,2025-12-11,2025-12-20,2025-12-20
USR_028ECE02,TRUE,909479.52,2025-11-11,2025-11-11,2025-11-20,2025-11-20
USR_028ECE02,TRUE,710765.48,2025-10-11,2025-10-11,2025-10-20,2025-10-20
USR_028ECE02,TRUE,849125.44,2025-09-11,2025-09-11,2025-09-20,2025-09-20
USR_028ECE02,TRUE,602116.44,2025-08-11,2025-08-11,2025-08-20,2025-08-20
USR_5147AE25,TRUE,691535.91,2025-12-11,2025-12-11,2025-12-20,2025-12-20
USR_5147AE25,TRUE,241862.5,2025-12-11,2025-12-11,2025-12-20,2025-12-20
USR_5147AE25,TRUE,454603.26,2025-11-11,2025-11-11,2025-11-20,2025-11-20
USR_5147AE25,TRUE,199844.69,2025-10-11,2025-10-11,2025-10-20,2025-10-20
USR_5147AE25,TRUE,352829.91,2025-09-11,2025-09-11,2025-09-20,2025-09-20
USR_5147AE25,TRUE,431515.12,2025-08-11,2025-08-11,2025-08-20,2025-08-20
USR_89F34A97,TRUE,355176.65,2025-12-11,2025-12-11,2025-12-20,2025-12-20
USR_89F34A97,TRUE,704889.4,2025-12-11,2025-12-11,2025-12-20,2025-12-20
USR_89F34A97,TRUE,134899.64,2025-11-11,2025-11-11,2025-11-20,2025-11-20
USR_89F34A97,TRUE,323101.23,2025-10-11,2025-10-11,2025-10-20,2025-10-20
USR_89F34A97,TRUE,554011.5,2025-09-11,2025-09-11,2025-09-20,2025-09-20
USR_89F34A97,TRUE,453753.74,2025-08-11,2025-08-11,2025-08-20,2025-08-20
USR_730F39C4,TRUE,737383.23,2025-12-11,2025-12-11,2025-12-20,2025-12-20
USR_730F39C4,TRUE,194288.84,2025-12-11,2025-12-11,2025-12-20,2025-12-20
USR_730F39C4,TRUE,856828.37,2025-11-11,2025-11-11,2025-11-20,2025-11-20
USR_730F39C4,TRUE,855757.73,2025-10-11,2025-10-11,2025-10-20,2025-10-20
USR_730F39C4,TRUE,623155.33,2025-09-11,2025-09-11,2025-09-20,2025-09-20
USR_730F39C4,TRUE,824555.26,2025-08-11,2025-08-11,2025-08-20,2025-08-20
USR_7CD0994E,TRUE,847033.25,2025-12-11,2025-12-11,2025-12-20,2025-12-20
USR_7CD0994E,TRUE,909379.88,2025-12-11,2025-12-11,2025-12-20,2025-12-20
USR_7CD0994E,TRUE,426792.47,2025-11-11,2025-11-11,2025-11-20,2025-11-20
USR_7CD0994E,TRUE,378974.81,2025-10-11,2025-10-11,2025-10-20,2025-10-20
USR_7CD0994E,TRUE,651411.21,2025-09-11,2025-09-11,2025-09-20,2025-09-20
USR_7CD0994E,TRUE,117866.86,2025-08-11,2025-08-11,2025-08-20,2025-08-20
USR_9F647ECC,TRUE,440406.77,2025-12-11,2025-12-11,2025-12-20,2025-12-20
USR_9F647ECC,TRUE,108329.38,2025-12-11,2025-12-11,2025-12-20,2025-12-20
USR_9F647ECC,TRUE,943944.32,2025-11-11,2025-11-11,2025-11-20,2025-11-20
USR_9F647ECC,TRUE,562788.36,2025-10-11,2025-10-11,2025-10-20,2025-10-20
USR_9F647ECC,TRUE,464594.91,2025-09-11,2025-09-11,2025-09-20,2025-09-20
USR_9F647ECC,TRUE,475183.3,2025-08-11,2025-08-11,2025-08-20,2025-08-20
USR_67AF38A8,TRUE,325816.52,2025-12-11,2025-12-11,2025-12-20,2025-12-20
USR_67AF38A8,TRUE,758405.23,2025-12-11,2025-12-11,2025-12-20,2025-12-20
USR_67AF38A8,TRUE,427349.68,2025-11-11,2025-11-11,2025-11-20,2025-11-20
USR_67AF38A8,TRUE,899154.16,2025-10-11,2025-10-11,2025-10-20,2025-10-20
USR_67AF38A8,TRUE,616705.84,2025-09-11,2025-09-11,2025-09-20,2025-09-20
USR_67AF38A8,TRUE,141965.96,2025-08-11,2025-08-11,2025-08-20,2025-08-20
USR_9E2E14C2,TRUE,661314.05,2025-12-11,2025-12-11,2025-12-20,2025-12-20
USR_9E2E14C2,TRUE,540898.3,2025-12-11,2025-12-11,2025-12-20,2025-12-20
USR_9E2E14C2,TRUE,177139.95,2025-11-11,2025-11-11,2025-11-20,2025-11-20
USR_9E2E14C2,TRUE,791132.27,2025-10-11,2025-10-11,2025-10-20,2025-10-20
USR_9E2E14C2,TRUE,899591.1,2025-09-11,2025-09-11,2025-09-20,2025-09-20
USR_9E2E14C2,TRUE,287795.18,2025-08-11,2025-08-11,2025-08-20,2025-08-20
USR_34D14821,FALSE,316155.93,2025-12-11,2025-12-30,2025-12-20,2026-01-04
USR_34D14821,FALSE,718635.38,2025-12-11,2026-01-05,2025-12-20,2026-01-10
USR_34D14821,FALSE,326874.49,2025-11-11,2025-11-14,2025-11-20,2025-11-27
USR_34D14821,FALSE,267790.73,2025-10-11,2025-11-07,2025-10-20,2025-11-17
USR_34D14821,FALSE,735276.97,2025-09-11,2025-09-23,2025-09-20,2025-10-02
USR_34D14821,FALSE,627489.95,2025-08-11,2025-08-13,2025-08-20,2025-09-05
USR_F585FB65,TRUE,846761.42,2025-12-11,2025-12-11,2025-12-20,2025-12-20
USR_F585FB65,TRUE,875967.96,2025-12-11,2025-12-11,2025-12-20,2025-12-20
USR_F585FB65,TRUE,625060.46,2025-11-11,2025-11-11,2025-11-20,2025-11-20
USR_F585FB65,TRUE,724295.52,2025-10-11,2025-10-11,2025-10-20,2025-10-20
USR_F585FB65,TRUE,928246.79,2025-09-11,2025-09-11,2025-09-20,2025-09-20
USR_F585FB65,TRUE,818609.3,2025-08-11,2025-08-11,2025-08-20,2025-08-20
USR_F6F2D31F,TRUE,439155.26,2025-12-11,2025-12-11,2025-12-20,2025-12-20
USR_F6F2D31F,TRUE,547584.38,2025-12-11,2025-12-11,2025-12-20,2025-12-20
USR_F6F2D31F,TRUE,741605.13,2025-11-11,2025-11-11,2025-11-20,2025-11-20
USR_F6F2D31F,TRUE,826903.43,2025-10-11,2025-10-11,2025-10-20,2025-10-20
USR_F6F2D31F,TRUE,752870.98,2025-09-11,2025-09-11,2025-09-20,2025-09-20
USR_F6F2D31F,TRUE,831727.62,2025-08-11,2025-08-11,2025-08-20,2025-08-20
USR_3B33E077,TRUE,485451.72,2025-12-11,2025-12-11,2025-12-20,2025-12-20
USR_3B33E077,TRUE,495030.3,2025-12-11,2025-12-11,2025-12-20,2025-12-20
USR_3B33E077,TRUE,383793.28,2025-11-11,2025-11-11,2025-11-20,2025-11-20
USR_3B33E077,TRUE,884356.34,2025-10-11,2025-10-11,2025-10-20,2025-10-20
USR_3B33E077,TRUE,538362.49,2025-09-11,2025-09-11,2025-09-20,2025-09-20
USR_3B33E077,TRUE,487314.88,2025-08-11,2025-08-11,2025-08-20,2025-08-20
USR_124D8547,TRUE,830813.31,2025-12-11,2025-12-11,2025-12-20,2025-12-20
USR_124D8547,TRUE,172997.64,2025-12-11,2025-12-11,2025-12-20,2025-12-20
USR_124D8547,TRUE,708149.37,2025-11-11,2025-11-11,2025-11-20,2025-11-20
USR_124D8547,TRUE,408805.09,2025-10-11,2025-10-11,2025-10-20,2025-10-20
USR_124D8547,TRUE,712254.07,2025-09-11,2025-09-11,2025-09-20,2025-09-20
USR_124D8547,TRUE,747230.42,2025-08-11,2025-08-11,2025-08-20,2025-08-20
USR_21C55780,TRUE,378688.06,2025-12-11,2025-12-11,2025-12-20,2025-12-20
USR_21C55780,TRUE,198499.07,2025-12-11,2025-12-11,2025-12-20,2025-12-20
USR_21C55780,TRUE,752183.82,2025-11-11,2025-11-11,2025-11-20,2025-11-20
USR_21C55780,TRUE,173614.55,2025-10-11,2025-10-11,2025-10-20,2025-10-20
USR_21C55780,TRUE,463772.14,2025-09-11,2025-09-11,2025-09-20,2025-09-20
USR_21C55780,TRUE,321626.8,2025-08-11,2025-08-11,2025-08-20,2025-08-20
USR_085F263E,TRUE,312565.09,2025-12-11,2025-12-11,2025-12-20,2025-12-20
USR_085F263E,TRUE,892669.67,2025-12-11,2025-12-11,2025-12-20,2025-12-20
USR_085F263E,TRUE,294052.94,2025-11-11,2025-11-11,2025-11-20,2025-11-20
USR_085F263E,TRUE,487363.21,2025-10-11,2025-10-11,2025-10-20,2025-10-20
USR_085F263E,TRUE,880471.06,2025-09-11,2025-09-11,2025-09-20,2025-09-20
USR_085F263E,TRUE,587710.6,2025-08-11,2025-08-11,2025-08-20,2025-08-20
USR_8911C866,TRUE,199305.02,2025-12-11,2025-12-11,2025-12-20,2025-12-20
USR_8911C866,TRUE,144689.17,2025-12-11,2025-12-11,2025-12-20,2025-12-20
USR_8911C866,TRUE,852843.79,2025-11-11,2025-11-11,2025-11-20,2025-11-20
USR_8911C866,TRUE,474970.48,2025-10-11,2025-10-11,2025-10-20,2025-10-20
USR_8911C866,TRUE,505447.58,2025-09-11,2025-09-11,2025-09-20,2025-09-20
USR_8911C866,TRUE,845430.91,2025-08-11,2025-08-11,2025-08-20,2025-08-20
USR_C6E91169,TRUE,355522.03,2025-12-11,2025-12-11,2025-12-20,2025-12-20
USR_C6E91169,TRUE,413921.53,2025-12-11,2025-12-11,2025-12-20,2025-12-20
USR_C6E91169,TRUE,523075.22,2025-11-11,2025-11-11,2025-11-20,2025-11-20
USR_C6E91169,TRUE,432148.78,2025-10-11,2025-10-11,2025-10-20,2025-10-20
USR_C6E91169,TRUE,601068.63,2025-09-11,2025-09-11,2025-09-20,2025-09-20
USR_C6E91169,TRUE,739277.07,2025-08-11,2025-08-11,2025-08-20,2025-08-20
USR_F3CBECBF,TRUE,909711.91,2025-12-11,2025-12-11,2025-12-20,2025-12-20
USR_F3CBECBF,TRUE,978970.53,2025-12-11,2025-12-11,2025-12-20,2025-12-20
USR_F3CBECBF,TRUE,190890.51,2025-11-11,2025-11-11,2025-11-20,2025-11-20
USR_F3CBECBF,TRUE,464921.16,2025-10-11,2025-10-11,2025-10-20,2025-10-20
USR_F3CBECBF,TRUE,408623.31,2025-09-11,2025-09-11,2025-09-20,2025-09-20
USR_F3CBECBF,TRUE,403028.7,2025-08-11,2025-08-11,2025-08-20,2025-08-20
USR_5CD3C340,TRUE,438588.43,2025-12-11,2025-12-11,2025-12-20,2025-12-20
USR_5CD3C340,TRUE,526615.84,2025-12-11,2025-12-11,2025-12-20,2025-12-20
USR_5CD3C340,TRUE,708516.08,2025-11-11,2025-11-11,2025-11-20,2025-11-20
USR_5CD3C340,TRUE,929190.65,2025-10-11,2025-10-11,2025-10-20,2025-10-20
USR_5CD3C340,TRUE,999518.11,2025-09-11,2025-09-11,2025-09-20,2025-09-20
USR_5CD3C340,TRUE,680152.18,2025-08-11,2025-08-11,2025-08-20,2025-08-20
USR_C2E94310,TRUE,603828.97,2025-12-11,2025-12-11,2025-12-20,2025-12-20
USR_C2E94310,TRUE,703473.0,2025-12-11,2025-12-11,2025-12-20,2025-12-20
USR_C2E94310,TRUE,711104.46,2025-11-11,2025-11-11,2025-11-20,2025-11-20
USR_C2E94310,TRUE,826907.25,2025-10-11,2025-10-11,2025-10-20,2025-10-20
USR_C2E94310,TRUE,629041.78,2025-09-11,2025-09-11,2025-09-20,2025-09-20
USR_C2E94310,TRUE,583692.99,2025-08-11,2025-08-11,2025-08-20,2025-08-20
USR_3C4610C4,TRUE,645963.96,2025-12-11,2025-12-11,2025-12-20,2025-12-20
USR_3C4610C4,TRUE,560217.32,2025-12-11,2025-12-11,2025-12-20,2025-12-20
USR_3C4610C4,TRUE,632503.32,2025-11-11,2025-11-11,2025-11-20,2025-11-20
USR_3C4610C4,TRUE,315101.66,2025-10-11,2025-10-11,2025-10-20,2025-10-20
USR_3C4610C4,TRUE,936800.44,2025-09-11,2025-09-11,2025-09-20,2025-09-20
USR_3C4610C4,TRUE,630160.99,2025-08-11,2025-08-11,2025-08-20,2025-08-20
USR_BCA22D2B,TRUE,127706.88,2025-12-11,2025-12-11,2025-12-20,2025-12-20
USR_BCA22D2B,TRUE,170582.77,2025-12-11,2025-12-11,2025-12-20,2025-12-20
USR_BCA22D2B,TRUE,974555.81,2025-11-11,2025-11-11,2025-11-20,2025-11-20
USR_BCA22D2B,TRUE,970822.49,2025-10-11,2025-10-11,2025-10-20,2025-10-20
USR_BCA22D2B,TRUE,423577.68,2025-09-11,2025-09-11,2025-09-20,2025-09-20
USR_BCA22D2B,TRUE,175392.84,2025-08-11,2025-08-11,2025-08-20,2025-08-20
USR_D28FCFC4,FALSE,749907.17,2025-12-11,2026-01-04,2025-12-20,2026-01-07
USR_D28FCFC4,FALSE,696970.36,2025-12-11,2025-12-29,2025-12-20,2026-01-03
USR_D28FCFC4,FALSE,649477.66,2025-11-11,2025-11-17,2025-11-20,2025-11-28
USR_D28FCFC4,FALSE,647780.6,2025-10-11,2025-10-30,2025-10-20,2025-11-12
USR_D28FCFC4,FALSE,950936.74,2025-09-11,2025-09-12,2025-09-20,2025-10-18
USR_D28FCFC4,FALSE,487669.3,2025-08-11,2025-08-22,2025-08-20,2025-09-16
USR_72727842,TRUE,818743.32,2025-12-11,2025-12-11,2025-12-20,2025-12-20
USR_72727842,TRUE,362206.83,2025-12-11,2025-12-11,2025-12-20,2025-12-20
USR_72727842,TRUE,271186.91,2025-11-11,2025-11-11,2025-11-20,2025-11-20
USR_72727842,TRUE,983671.49,2025-10-11,2025-10-11,2025-10-20,2025-10-20
USR_72727842,TRUE,849834.85,2025-09-11,2025-09-11,2025-09-20,2025-09-20
USR_72727842,TRUE,340254.59,2025-08-11,2025-08-11,2025-08-20,2025-08-20
USR_A6FFD5E6,TRUE,625447.17,2025-12-11,2025-12-11,2025-12-20,2025-12-20
USR_A6FFD5E6,TRUE,502924.44,2025-12-11,2025-12-11,2025-12-20,2025-12-20
USR_A6FFD5E6,TRUE,619002.18,2025-11-11,2025-11-11,2025-11-20,2025-11-20
USR_A6FFD5E6,TRUE,141215.65,2025-10-11,2025-10-11,2025-10-20,2025-10-20
USR_A6FFD5E6,TRUE,459629.29,2025-09-11,2025-09-11,2025-09-20,2025-09-20
USR_A6FFD5E6,TRUE,619621.23,2025-08-11,2025-08-11,2025-08-20,2025-08-20
USR_875C66C9,FALSE,527518.52,2025-12-11,2025-12-19,2025-12-20,2026-01-11
USR_875C66C9,FALSE,102950.94,2025-12-11,2025-12-21,2025-12-20,2025-12-21
USR_875C66C9,FALSE,887514.46,2025-11-11,2025-11-14,2025-11-20,2025-12-11
USR_875C66C9,FALSE,641973.55,2025-10-11,2025-10-15,2025-10-20,2025-10-26
USR_875C66C9,FALSE,866915.7,2025-09-11,2025-09-22,2025-09-20,2025-10-19
USR_875C66C9,FALSE,708844.71,2025-08-11,2025-08-14,2025-08-20,2025-09-09
USR_79061CCF,TRUE,237439.11,2025-12-11,2025-12-11,2025-12-20,2025-12-20
USR_79061CCF,TRUE,375390.87,2025-12-11,2025-12-11,2025-12-20,2025-12-20
USR_79061CCF,TRUE,488458.34,2025-11-11,2025-11-11,2025-11-20,2025-11-20
USR_79061CCF,TRUE,272943.18,2025-10-11,2025-10-11,2025-10-20,2025-10-20
USR_79061CCF,TRUE,457512.06,2025-09-11,2025-09-11,2025-09-20,2025-09-20
USR_79061CCF,TRUE,100060.77,2025-08-11,2025-08-11,2025-08-20,2025-08-20
USR_7A78B8C4,TRUE,881799.73,2025-12-11,2025-12-11,2025-12-20,2025-12-20
USR_7A78B8C4,TRUE,746303.2,2025-12-11,2025-12-11,2025-12-20,2025-12-20
USR_7A78B8C4,TRUE,699616.27,2025-11-11,2025-11-11,2025-11-20,2025-11-20
USR_7A78B8C4,TRUE,759207.97,2025-10-11,2025-10-11,2025-10-20,2025-10-20
USR_7A78B8C4,TRUE,450727.39,2025-09-11,2025-09-11,2025-09-20,2025-09-20
USR_7A78B8C4,TRUE,753814.28,2025-08-11,2025-08-11,2025-08-20,2025-08-20
USR_2F096683,TRUE,629779.65,2025-12-11,2025-12-11,2025-12-20,2025-12-20
USR_2F096683,TRUE,362230.59,2025-12-11,2025-12-11,2025-12-20,2025-12-20
USR_2F096683,TRUE,583411.29,2025-11-11,2025-11-11,2025-11-20,2025-11-20
USR_2F096683,TRUE,295820.75,2025-10-11,2025-10-11,2025-10-20,2025-10-20
USR_2F096683,TRUE,361145.45,2025-09-11,2025-09-11,2025-09-20,2025-09-20
USR_2F096683,TRUE,391944.7,2025-08-11,2025-08-11,2025-08-20,2025-08-20
USR_3481DB93,TRUE,980294.97,2025-12-11,2025-12-11,2025-12-20,2025-12-20
USR_3481DB93,TRUE,243659.29,2025-12-11,2025-12-11,2025-12-20,2025-12-20
USR_3481DB93,TRUE,964059.77,2025-11-11,2025-11-11,2025-11-20,2025-11-20
USR_3481DB93,TRUE,849471.7,2025-10-11,2025-10-11,2025-10-20,2025-10-20
USR_3481DB93,TRUE,400632.07,2025-09-11,2025-09-11,2025-09-20,2025-09-20
USR_3481DB93,TRUE,643578.78,2025-08-11,2025-08-11,2025-08-20,2025-08-20
USR_0C9ED5BF,TRUE,139277.06,2025-12-11,2025-12-11,2025-12-20,2025-12-20
USR_0C9ED5BF,TRUE,201091.8,2025-12-11,2025-12-11,2025-12-20,2025-12-20
USR_0C9ED5BF,TRUE,709301.4,2025-11-11,2025-11-11,2025-11-20,2025-11-20
USR_0C9ED5BF,TRUE,769294.33,2025-10-11,2025-10-11,2025-10-20,2025-10-20
USR_0C9ED5BF,TRUE,264996.01,2025-09-11,2025-09-11,2025-09-20,2025-09-20
USR_0C9ED5BF,TRUE,850321.78,2025-08-11,2025-08-11,2025-08-20,2025-08-20
USR_55ED4B40,TRUE,372226.04,2025-12-11,2025-12-11,2025-12-20,2025-12-20
USR_55ED4B40,TRUE,732207.8,2025-12-11,2025-12-11,2025-12-20,2025-12-20
USR_55ED4B40,TRUE,294752.97,2025-11-11,2025-11-11,2025-11-20,2025-11-20
USR_55ED4B40,TRUE,885906.45,2025-10-11,2025-10-11,2025-10-20,2025-10-20
USR_55ED4B40,TRUE,943171.79,2025-09-11,2025-09-11,2025-09-20,2025-09-20
USR_55ED4B40,TRUE,435445.44,2025-08-11,2025-08-11,2025-08-20,2025-08-20
USR_3F345DBA,TRUE,857901.0,2025-12-11,2025-12-11,2025-12-20,2025-12-20
USR_3F345DBA,TRUE,466361.8,2025-12-11,2025-12-11,2025-12-20,2025-12-20
USR_3F345DBA,TRUE,116986.44,2025-11-11,2025-11-11,2025-11-20,2025-11-20
USR_3F345DBA,TRUE,290049.22,2025-10-11,2025-10-11,2025-10-20,2025-10-20
USR_3F345DBA,TRUE,900249.07,2025-09-11,2025-09-11,2025-09-20,2025-09-20
USR_3F345DBA,TRUE,362091.46,2025-08-11,2025-08-11,2025-08-20,2025-08-20
USR_1BD438C8,FALSE,156294.02,2025-12-11,2025-12-26,2025-12-20,2025-12-22
USR_1BD438C8,FALSE,455507.15,2025-12-11,2025-12-30,2025-12-20,2026-01-16
USR_1BD438C8,FALSE,370411.51,2025-11-11,2025-11-23,2025-11-20,2025-12-09
USR_1BD438C8,FALSE,760130.5,2025-10-11,2025-10-23,2025-10-20,2025-11-05
USR_1BD438C8,FALSE,811800.7,2025-09-11,2025-09-29,2025-09-20,2025-10-16
USR_1BD438C8,FALSE,426395.37,2025-08-11,2025-09-05,2025-08-20,2025-09-14
USR_9FA460E6,TRUE,249076.74,2025-12-11,2025-12-11,2025-12-20,2025-12-20
USR_9FA460E6,TRUE,680796.07,2025-12-11,2025-12-11,2025-12-20,2025-12-20
USR_9FA460E6,TRUE,212775.15,2025-11-11,2025-11-11,2025-11-20,2025-11-20
USR_9FA460E6,TRUE,440629.16,2025-10-11,2025-10-11,2025-10-20,2025-10-20
USR_9FA460E6,TRUE,833991.63,2025-09-11,2025-09-11,2025-09-20,2025-09-20
USR_9FA460E6,TRUE,909148.82,2025-08-11,2025-08-11,2025-08-20,2025-08-20
USR_D3897425,TRUE,611932.21,2025-12-11,2025-12-11,2025-12-20,2025-12-20
USR_D3897425,TRUE,306541.26,2025-12-11,2025-12-11,2025-12-20,2025-12-20
USR_D3897425,TRUE,914879.0,2025-11-11,2025-11-11,2025-11-20,2025-11-20
USR_D3897425,TRUE,967989.19,2025-10-11,2025-10-11,2025-10-20,2025-10-20
USR_D3897425,TRUE,420121.63,2025-09-11,2025-09-11,2025-09-20,2025-09-20
USR_D3897425,TRUE,978899.96,2025-08-11,2025-08-11,2025-08-20,2025-08-20
USR_CD107B95,TRUE,849348.37,2025-12-11,2025-12-11,2025-12-20,2025-12-20
USR_CD107B95,TRUE,937967.63,2025-12-11,2025-12-11,2025-12-20,2025-12-20
USR_CD107B95,TRUE,189862.97,2025-11-11,2025-11-11,2025-11-20,2025-11-20
USR_CD107B95,TRUE,400279.79,2025-10-11,2025-10-11,2025-10-20,2025-10-20
USR_CD107B95,TRUE,942186.3,2025-09-11,2025-09-11,2025-09-20,2025-09-20
USR_CD107B95,TRUE,244774.44,2025-08-11,2025-08-11,2025-08-20,2025-08-20
USR_CF77713E,FALSE,759076.76,2025-12-11,2026-01-06,2025-12-20,2026-01-04
USR_CF77713E,FALSE,272759.45,2025-12-11,2025-12-23,2025-12-20,2025-12-30
USR_CF77713E,FALSE,104305.69,2025-11-11,2025-11-20,2025-11-20,2025-12-15
USR_CF77713E,FALSE,478419.98,2025-10-11,2025-11-07,2025-10-20,2025-11-05
USR_CF77713E,FALSE,505789.79,2025-09-11,2025-10-04,2025-09-20,2025-09-27
USR_CF77713E,FALSE,200270.15,2025-08-11,2025-09-02,2025-08-20,2025-08-27
USR_3B875ACB,TRUE,805302.4,2025-12-11,2025-12-11,2025-12-20,2025-12-20
USR_3B875ACB,TRUE,597790.19,2025-12-11,2025-12-11,2025-12-20,2025-12-20
USR_3B875ACB,TRUE,658644.13,2025-11-11,2025-11-11,2025-11-20,2025-11-20
USR_3B875ACB,TRUE,507514.88,2025-10-11,2025-10-11,2025-10-20,2025-10-20
USR_3B875ACB,TRUE,265560.49,2025-09-11,2025-09-11,2025-09-20,2025-09-20
USR_3B875ACB,TRUE,498990.24,2025-08-11,2025-08-11,2025-08-20,2025-08-20
USR_E45AD139,TRUE,498302.84,2025-12-11,2025-12-11,2025-12-20,2025-12-20
USR_E45AD139,TRUE,445090.85,2025-12-11,2025-12-11,2025-12-20,2025-12-20
USR_E45AD139,TRUE,301147.38,2025-11-11,2025-11-11,2025-11-20,2025-11-20
USR_E45AD139,TRUE,488591.43,2025-10-11,2025-10-11,2025-10-20,2025-10-20
USR_E45AD139,TRUE,117154.54,2025-09-11,2025-09-11,2025-09-20,2025-09-20
USR_E45AD139,TRUE,380803.37,2025-08-11,2025-08-11,2025-08-20,2025-08-20
USR_03821319,FALSE,758655.71,2025-12-11,2026-01-02,2025-12-20,2026-01-06
USR_03821319,FALSE,945331.99,2025-12-11,2026-01-08,2025-12-20,2025-12-30
USR_03821319,FALSE,375986.51,2025-11-11,2025-11-25,2025-11-20,2025-11-29
USR_03821319,FALSE,761028.33,2025-10-11,2025-10-27,2025-10-20,2025-11-02
USR_03821319,FALSE,105699.43,2025-09-11,2025-10-11,2025-09-20,2025-10-17
USR_03821319,FALSE,122783.16,2025-08-11,2025-09-05,2025-08-20,2025-08-26
USR_02BCC7EE,TRUE,981894.92,2025-12-11,2025-12-11,2025-12-20,2025-12-20
USR_02BCC7EE,TRUE,646926.15,2025-12-11,2025-12-11,2025-12-20,2025-12-20
USR_02BCC7EE,TRUE,581104.67,2025-11-11,2025-11-11,2025-11-20,2025-11-20
USR_02BCC7EE,TRUE,382186.99,2025-10-11,2025-10-11,2025-10-20,2025-10-20
USR_02BCC7EE,TRUE,697981.94,2025-09-11,2025-09-11,2025-09-20,2025-09-20
USR_02BCC7EE,TRUE,567791.44,2025-08-11,2025-08-11,2025-08-20,2025-08-20
USR_6DCB69E1,TRUE,368713.5,2025-12-11,2025-12-11,2025-12-20,2025-12-20
USR_6DCB69E1,TRUE,104372.87,2025-12-11,2025-12-11,2025-12-20,2025-12-20
USR_6DCB69E1,TRUE,467819.81,2025-11-11,2025-11-11,2025-11-20,2025-11-20
USR_6DCB69E1,TRUE,759524.11,2025-10-11,2025-10-11,2025-10-20,2025-10-20
USR_6DCB69E1,TRUE,315006.63,2025-09-11,2025-09-11,2025-09-20,2025-09-20
USR_6DCB69E1,TRUE,668626.01,2025-08-11,2025-08-11,2025-08-20,2025-08-20
USR_10B6D03A,TRUE,177309.26,2025-12-11,2025-12-11,2025-12-20,2025-12-20
USR_10B6D03A,TRUE,617448.62,2025-12-11,2025-12-11,2025-12-20,2025-12-20
USR_10B6D03A,TRUE,567983.54,2025-11-11,2025-11-11,2025-11-20,2025-11-20
USR_10B6D03A,TRUE,924515.85,2025-10-11,2025-10-11,2025-10-20,2025-10-20
USR_10B6D03A,TRUE,273082.92,2025-09-11,2025-09-11,2025-09-20,2025-09-20
USR_10B6D03A,TRUE,597631.15,2025-08-11,2025-08-11,2025-08-20,2025-08-20
USR_B6835614,TRUE,194316.26,2025-12-11,2025-12-11,2025-12-20,2025-12-20
USR_B6835614,TRUE,407752.08,2025-12-11,2025-12-11,2025-12-20,2025-12-20
USR_B6835614,TRUE,671033.24,2025-11-11,2025-11-11,2025-11-20,2025-11-20
USR_B6835614,TRUE,150914.58,2025-10-11,2025-10-11,2025-10-20,2025-10-20
USR_B6835614,TRUE,951630.15,2025-09-11,2025-09-11,2025-09-20,2025-09-20
USR_B6835614,TRUE,122012.08,2025-08-11,2025-08-11,2025-08-20,2025-08-20
USR_F57969F9,TRUE,849008.76,2025-12-11,2025-12-11,2025-12-20,2025-12-20
USR_F57969F9,TRUE,863391.09,2025-12-11,2025-12-11,2025-12-20,2025-12-20
USR_F57969F9,TRUE,124287.72,2025-11-11,2025-11-11,2025-11-20,2025-11-20
USR_F57969F9,TRUE,228555.63,2025-10-11,2025-10-11,2025-10-20,2025-10-20
USR_F57969F9,TRUE,400830.91,2025-09-11,2025-09-11,2025-09-20,2025-09-20
USR_F57969F9,TRUE,298112.57,2025-08-11,2025-08-11,2025-08-20,2025-08-20
USR_C49D8ABE,TRUE,953070.27,2025-12-11,2025-12-11,2025-12-20,2025-12-20
USR_C49D8ABE,TRUE,742284.71,2025-12-11,2025-12-11,2025-12-20,2025-12-20
USR_C49D8ABE,TRUE,335722.87,2025-11-11,2025-11-11,2025-11-20,2025-11-20
USR_C49D8ABE,TRUE,108253.91,2025-10-11,2025-10-11,2025-10-20,2025-10-20
USR_C49D8ABE,TRUE,961190.52,2025-09-11,2025-09-11,2025-09-20,2025-09-20
USR_C49D8ABE,TRUE,282890.96,2025-08-11,2025-08-11,2025-08-20,2025-08-20
USR_792C0083,TRUE,666547.7,2025-12-11,2025-12-11,2025-12-20,2025-12-20
USR_792C0083,TRUE,554962.31,2025-12-11,2025-12-11,2025-12-20,2025-12-20
USR_792C0083,TRUE,432306.77,2025-11-11,2025-11-11,2025-11-20,2025-11-20
USR_792C0083,TRUE,996036.18,2025-10-11,2025-10-11,2025-10-20,2025-10-20
USR_792C0083,TRUE,523789.98,2025-09-11,2025-09-11,2025-09-20,2025-09-20
USR_792C0083,TRUE,369717.07,2025-08-11,2025-08-11,2025-08-20,2025-08-20
USR_10747982,TRUE,481460.58,2025-12-11,2025-12-11,2025-12-20,2025-12-20
USR_10747982,TRUE,160872.07,2025-12-11,2025-12-11,2025-12-20,2025-12-20
USR_10747982,TRUE,492028.3,2025-11-11,2025-11-11,2025-11-20,2025-11-20
USR_10747982,TRUE,318840.34,2025-10-11,2025-10-11,2025-10-20,2025-10-20
USR_10747982,TRUE,810516.28,2025-09-11,2025-09-11,2025-09-20,2025-09-20
USR_10747982,TRUE,789063.76,2025-08-11,2025-08-11,2025-08-20,2025-08-20
USR_989A8EDE,TRUE,494898.7,2025-12-11,2025-12-11,2025-12-20,2025-12-20
USR_989A8EDE,TRUE,379576.95,2025-12-11,2025-12-11,2025-12-20,2025-12-20
USR_989A8EDE,TRUE,295086.96,2025-11-11,2025-11-11,2025-11-20,2025-11-20
USR_989A8EDE,TRUE,442183.55,2025-10-11,2025-10-11,2025-10-20,2025-10-20
USR_989A8EDE,TRUE,630507.45,2025-09-11,2025-09-11,2025-09-20,2025-09-20
USR_989A8EDE,TRUE,109860.85,2025-08-11,2025-08-11,2025-08-20,2025-08-20
USR_005E432B,TRUE,420245.92,2025-12-11,2025-12-11,2025-12-20,2025-12-20
USR_005E432B,TRUE,391910.89,2025-12-11,2025-12-11,2025-12-20,2025-12-20
USR_005E432B,TRUE,299389.94,2025-11-11,2025-11-11,2025-11-20,2025-11-20
USR_005E432B,TRUE,351805.85,2025-10-11,2025-10-11,2025-10-20,2025-10-20
USR_005E432B,TRUE,725766.74,2025-09-11,2025-09-11,2025-09-20,2025-09-20
USR_005E432B,TRUE,183021.27,2025-08-11,2025-08-11,2025-08-20,2025-08-20
USR_E3F5A387,TRUE,764339.72,2025-12-11,2025-12-11,2025-12-20,2025-12-20
USR_E3F5A387,TRUE,633051.8,2025-12-11,2025-12-11,2025-12-20,2025-12-20
USR_E3F5A387,TRUE,537340.21,2025-11-11,2025-11-11,2025-11-20,2025-11-20
USR_E3F5A387,TRUE,494018.81,2025-10-11,2025-10-11,2025-10-20,2025-10-20
USR_E3F5A387,TRUE,811041.19,2025-09-11,2025-09-11,2025-09-20,2025-09-20
USR_E3F5A387,TRUE,648667.85,2025-08-11,2025-08-11,2025-08-20,2025-08-20
USR_7AF2BD14,TRUE,162124.6,2025-12-11,2025-12-11,2025-12-20,2025-12-20
USR_7AF2BD14,TRUE,933417.44,2025-12-11,2025-12-11,2025-12-20,2025-12-20
USR_7AF2BD14,TRUE,186396.12,2025-11-11,2025-11-11,2025-11-20,2025-11-20
USR_7AF2BD14,TRUE,766892.68,2025-10-11,2025-10-11,2025-10-20,2025-10-20
USR_7AF2BD14,TRUE,239447.63,2025-09-11,2025-09-11,2025-09-20,2025-09-20
USR_7AF2BD14,TRUE,705933.38,2025-08-11,2025-08-11,2025-08-20,2025-08-20
USR_5E4836C1,TRUE,852935.53,2025-12-11,2025-12-11,2025-12-20,2025-12-20
USR_5E4836C1,TRUE,652512.64,2025-12-11,2025-12-11,2025-12-20,2025-12-20
USR_5E4836C1,TRUE,319256.7,2025-11-11,2025-11-11,2025-11-20,2025-11-20
USR_5E4836C1,TRUE,767486.61,2025-10-11,2025-10-11,2025-10-20,2025-10-20
USR_5E4836C1,TRUE,517344.62,2025-09-11,2025-09-11,2025-09-20,2025-09-20
USR_5E4836C1,TRUE,341677.02,2025-08-11,2025-08-11,2025-08-20,2025-08-20
USR_AEA379BC,TRUE,231558.71,2025-12-11,2025-12-11,2025-12-20,2025-12-20
USR_AEA379BC,TRUE,467264.78,2025-12-11,2025-12-11,2025-12-20,2025-12-20
USR_AEA379BC,TRUE,167275.07,2025-11-11,2025-11-11,2025-11-20,2025-11-20
USR_AEA379BC,TRUE,184198.47,2025-10-11,2025-10-11,2025-10-20,2025-10-20
USR_AEA379BC,TRUE,958710.61,2025-09-11,2025-09-11,2025-09-20,2025-09-20
USR_AEA379BC,TRUE,507359.1,2025-08-11,2025-08-11,2025-08-20,2025-08-20
USR_36998833,TRUE,791522.07,2025-12-11,2025-12-11,2025-12-20,2025-12-20
USR_36998833,TRUE,743083.06,2025-12-11,2025-12-11,2025-12-20,2025-12-20
USR_36998833,TRUE,852692.41,2025-11-11,2025-11-11,2025-11-20,2025-11-20
USR_36998833,TRUE,350312.89,2025-10-11,2025-10-11,2025-10-20,2025-10-20
USR_36998833,TRUE,453459.43,2025-09-11,2025-09-11,2025-09-20,2025-09-20
USR_36998833,TRUE,837995.81,2025-08-11,2025-08-11,2025-08-20,2025-08-20
USR_0886D273,FALSE,251076.88,2025-12-11,2025-12-18,2025-12-20,2026-01-19
USR_0886D273,FALSE,471151.81,2025-12-11,2026-01-01,2025-12-20,2026-01-14
USR_0886D273,FALSE,605128.54,2025-11-11,2025-11-18,2025-11-20,2025-12-06
USR_0886D273,FALSE,856151.0,2025-10-11,2025-10-22,2025-10-20,2025-11-18
USR_0886D273,FALSE,234656.26,2025-09-11,2025-10-04,2025-09-20,2025-10-09
USR_0886D273,FALSE,999304.02,2025-08-11,2025-08-24,2025-08-20,2025-09-01
USR_AC98DA5D,FALSE,802050.42,2025-12-11,2026-01-04,2025-12-20,2026-01-04
USR_AC98DA5D,FALSE,105879.35,2025-12-11,2025-12-29,2025-12-20,2026-01-05
USR_AC98DA5D,FALSE,167801.37,2025-11-11,2025-11-30,2025-11-20,2025-11-28
USR_AC98DA5D,FALSE,687590.94,2025-10-11,2025-10-18,2025-10-20,2025-10-22
USR_AC98DA5D,FALSE,270009.39,2025-09-11,2025-10-04,2025-09-20,2025-10-11
USR_AC98DA5D,FALSE,699437.04,2025-08-11,2025-08-21,2025-08-20,2025-09-05
USR_5C3D3EC6,TRUE,751957.15,2025-12-11,2025-12-11,2025-12-20,2025-12-20
USR_5C3D3EC6,TRUE,553914.98,2025-12-11,2025-12-11,2025-12-20,2025-12-20
USR_5C3D3EC6,TRUE,793192.16,2025-11-11,2025-11-11,2025-11-20,2025-11-20
USR_5C3D3EC6,TRUE,612937.41,2025-10-11,2025-10-11,2025-10-20,2025-10-20
USR_5C3D3EC6,TRUE,447504.45,2025-09-11,2025-09-11,2025-09-20,2025-09-20
USR_5C3D3EC6,TRUE,633013.05,2025-08-11,2025-08-11,2025-08-20,2025-08-20
USR_59DFEBF1,TRUE,946890.72,2025-12-11,2025-12-11,2025-12-20,2025-12-20
USR_59DFEBF1,TRUE,904028.97,2025-12-11,2025-12-11,2025-12-20,2025-12-20
USR_59DFEBF1,TRUE,515489.78,2025-11-11,2025-11-11,2025-11-20,2025-11-20
USR_59DFEBF1,TRUE,740494.6,2025-10-11,2025-10-11,2025-10-20,2025-10-20
USR_59DFEBF1,TRUE,806734.34,2025-09-11,2025-09-11,2025-09-20,2025-09-20
USR_59DFEBF1,TRUE,974189.86,2025-08-11,2025-08-11,2025-08-20,2025-08-20
USR_7E21414A,FALSE,886739.03,2025-12-11,2025-12-12,2025-12-20,2026-01-06
USR_7E21414A,FALSE,935392.01,2025-12-11,2025-12-27,2025-12-20,2026-01-12
USR_7E21414A,FALSE,962985.05,2025-11-11,2025-12-03,2025-11-20,2025-11-23
USR_7E21414A,FALSE,414895.97,2025-10-11,2025-10-12,2025-10-20,2025-11-09
USR_7E21414A,FALSE,844817.26,2025-09-11,2025-10-02,2025-09-20,2025-10-08
USR_7E21414A,FALSE,780856.23,2025-08-11,2025-08-19,2025-08-20,2025-09-16
USR_7AFD4ED1,TRUE,213030.2,2025-12-11,2025-12-11,2025-12-20,2025-12-20
USR_7AFD4ED1,TRUE,851172.49,2025-12-11,2025-12-11,2025-12-20,2025-12-20
USR_7AFD4ED1,TRUE,350400.88,2025-11-11,2025-11-11,2025-11-20,2025-11-20
USR_7AFD4ED1,TRUE,599352.94,2025-10-11,2025-10-11,2025-10-20,2025-10-20
USR_7AFD4ED1,TRUE,125956.17,2025-09-11,2025-09-11,2025-09-20,2025-09-20
USR_7AFD4ED1,TRUE,208232.32,2025-08-11,2025-08-11,2025-08-20,2025-08-20
USR_7BA5CAED,TRUE,541036.65,2025-12-11,2025-12-11,2025-12-20,2025-12-20
USR_7BA5CAED,TRUE,738832.44,2025-12-11,2025-12-11,2025-12-20,2025-12-20
USR_7BA5CAED,TRUE,226926.48,2025-11-11,2025-11-11,2025-11-20,2025-11-20
USR_7BA5CAED,TRUE,260591.62,2025-10-11,2025-10-11,2025-10-20,2025-10-20
USR_7BA5CAED,TRUE,998391.81,2025-09-11,2025-09-11,2025-09-20,2025-09-20
USR_7BA5CAED,TRUE,816124.97,2025-08-11,2025-08-11,2025-08-20,2025-08-20
USR_401F493C,FALSE,880989.1,2025-12-11,2026-01-01,2025-12-20,2025-12-31
USR_401F493C,FALSE,216219.72,2025-12-11,2025-12-30,2025-12-20,2026-01-13
USR_401F493C,FALSE,986535.96,2025-11-11,2025-12-07,2025-11-20,2025-11-25
USR_401F493C,FALSE,709810.32,2025-10-11,2025-10-28,2025-10-20,2025-10-21
USR_401F493C,FALSE,502029.62,2025-09-11,2025-09-19,2025-09-20,2025-10-01
USR_401F493C,FALSE,572694.92,2025-08-11,2025-08-22,2025-08-20,2025-08-29
USR_7CED191B,TRUE,213934.62,2025-12-11,2025-12-11,2025-12-20,2025-12-20
USR_7CED191B,TRUE,206412.82,2025-12-11,2025-12-11,2025-12-20,2025-12-20
USR_7CED191B,TRUE,853388.87,2025-11-11,2025-11-11,2025-11-20,2025-11-20
USR_7CED191B,TRUE,541477.11,2025-10-11,2025-10-11,2025-10-20,2025-10-20
USR_7CED191B,TRUE,243043.31,2025-09-11,2025-09-11,2025-09-20,2025-09-20
USR_7CED191B,TRUE,591567.56,2025-08-11,2025-08-11,2025-08-20,2025-08-20
USR_9E339A9F,TRUE,127882.01,2025-12-11,2025-12-11,2025-12-20,2025-12-20
USR_9E339A9F,TRUE,319194.58,2025-12-11,2025-12-11,2025-12-20,2025-12-20
USR_9E339A9F,TRUE,444636.63,2025-11-11,2025-11-11,2025-11-20,2025-11-20
USR_9E339A9F,TRUE,861361.45,2025-10-11,2025-10-11,2025-10-20,2025-10-20
USR_9E339A9F,TRUE,272419.25,2025-09-11,2025-09-11,2025-09-20,2025-09-20
USR_9E339A9F,TRUE,723161.39,2025-08-11,2025-08-11,2025-08-20,2025-08-20
USR_F191D25C,TRUE,187249.02,2025-12-11,2025-12-11,2025-12-20,2025-12-20
USR_F191D25C,TRUE,254755.06,2025-12-11,2025-12-11,2025-12-20,2025-12-20
USR_F191D25C,TRUE,469361.76,2025-11-11,2025-11-11,2025-11-20,2025-11-20
USR_F191D25C,TRUE,400700.48,2025-10-11,2025-10-11,2025-10-20,2025-10-20
USR_F191D25C,TRUE,451306.19,2025-09-11,2025-09-11,2025-09-20,2025-09-20
USR_F191D25C,TRUE,790649.62,2025-08-11,2025-08-11,2025-08-20,2025-08-20
USR_70B5996A,TRUE,745929.36,2025-12-11,2025-12-11,2025-12-20,2025-12-20
USR_70B5996A,TRUE,641192.64,2025-12-11,2025-12-11,2025-12-20,2025-12-20
USR_70B5996A,TRUE,965401.91,2025-11-11,2025-11-11,2025-11-20,2025-11-20
USR_70B5996A,TRUE,104609.88,2025-10-11,2025-10-11,2025-10-20,2025-10-20
USR_70B5996A,TRUE,296641.82,2025-09-11,2025-09-11,2025-09-20,2025-09-20
USR_70B5996A,TRUE,395896.46,2025-08-11,2025-08-11,2025-08-20,2025-08-20
USR_88E23C21,FALSE,944797.73,2025-12-11,2026-01-04,2025-12-20,2026-01-17
USR_88E23C21,FALSE,798577.68,2025-12-11,2025-12-21,2025-12-20,2025-12-26
USR_88E23C21,FALSE,862591.07,2025-11-11,2025-11-20,2025-11-20,2025-12-15
USR_88E23C21,FALSE,880242.18,2025-10-11,2025-11-02,2025-10-20,2025-10-27
USR_88E23C21,FALSE,787038.13,2025-09-11,2025-09-30,2025-09-20,2025-10-20
USR_88E23C21,FALSE,288411.89,2025-08-11,2025-08-20,2025-08-20,2025-08-28
USR_0C338F06,TRUE,113870.84,2025-12-11,2025-12-11,2025-12-20,2025-12-20
USR_0C338F06,TRUE,915065.85,2025-12-11,2025-12-11,2025-12-20,2025-12-20
USR_0C338F06,TRUE,954184.05,2025-11-11,2025-11-11,2025-11-20,2025-11-20
USR_0C338F06,TRUE,568711.15,2025-10-11,2025-10-11,2025-10-20,2025-10-20
USR_0C338F06,TRUE,215089.84,2025-09-11,2025-09-11,2025-09-20,2025-09-20
USR_0C338F06,TRUE,782706.37,2025-08-11,2025-08-11,2025-08-20,2025-08-20
USR_81D70E70,TRUE,159353.1,2025-12-11,2025-12-11,2025-12-20,2025-12-20
USR_81D70E70,TRUE,213399.02,2025-12-11,2025-12-11,2025-12-20,2025-12-20
USR_81D70E70,TRUE,804737.07,2025-11-11,2025-11-11,2025-11-20,2025-11-20
USR_81D70E70,TRUE,966128.52,2025-10-11,2025-10-11,2025-10-20,2025-10-20
USR_81D70E70,TRUE,398718.38,2025-09-11,2025-09-11,2025-09-20,2025-09-20
USR_81D70E70,TRUE,549828.16,2025-08-11,2025-08-11,2025-08-20,2025-08-20
USR_D3A8DCDE,FALSE,838241.35,2025-12-11,2026-01-04,2025-12-20,2026-01-14
USR_D3A8DCDE,FALSE,632721.1,2025-12-11,2026-01-06,2025-12-20,2025-12-29
USR_D3A8DCDE,FALSE,459499.61,2025-11-11,2025-11-16,2025-11-20,2025-12-02
USR_D3A8DCDE,FALSE,189773.02,2025-10-11,2025-10-29,2025-10-20,2025-10-29
USR_D3A8DCDE,FALSE,497716.35,2025-09-11,2025-09-15,2025-09-20,2025-10-11
USR_D3A8DCDE,FALSE,620234.83,2025-08-11,2025-08-28,2025-08-20,2025-09-04
USR_9A5FAEB6,TRUE,959939.23,2025-12-11,2025-12-11,2025-12-20,2025-12-20
USR_9A5FAEB6,TRUE,482558.59,2025-12-11,2025-12-11,2025-12-20,2025-12-20
USR_9A5FAEB6,TRUE,924274.76,2025-11-11,2025-11-11,2025-11-20,2025-11-20
USR_9A5FAEB6,TRUE,612934.03,2025-10-11,2025-10-11,2025-10-20,2025-10-20
USR_9A5FAEB6,TRUE,563762.0,2025-09-11,2025-09-11,2025-09-20,2025-09-20
USR_9A5FAEB6,TRUE,176521.92,2025-08-11,2025-08-11,2025-08-20,2025-08-20
USR_1EB85780,TRUE,817488.97,2025-12-11,2025-12-11,2025-12-20,2025-12-20
USR_1EB85780,TRUE,501684.2,2025-12-11,2025-12-11,2025-12-20,2025-12-20
USR_1EB85780,TRUE,214589.19,2025-11-11,2025-11-11,2025-11-20,2025-11-20
USR_1EB85780,TRUE,687108.71,2025-10-11,2025-10-11,2025-10-20,2025-10-20
USR_1EB85780,TRUE,319955.17,2025-09-11,2025-09-11,2025-09-20,2025-09-20
USR_1EB85780,TRUE,966967.31,2025-08-11,2025-08-11,2025-08-20,2025-08-20
USR_E1CBDA99,FALSE,913476.21,2025-12-11,2025-12-30,2025-12-20,2025-12-26
USR_E1CBDA99,FALSE,673451.86,2025-12-11,2026-01-03,2025-12-20,2026-01-03
USR_E1CBDA99,FALSE,175667.47,2025-11-11,2025-12-01,2025-11-20,2025-12-01
USR_E1CBDA99,FALSE,367823.2,2025-10-11,2025-10-23,2025-10-20,2025-11-02
USR_E1CBDA99,FALSE,488085.19,2025-09-11,2025-09-16,2025-09-20,2025-09-21
USR_E1CBDA99,FALSE,701354.02,2025-08-11,2025-09-09,2025-08-20,2025-08-21
USR_FBF6445E,TRUE,344919.43,2025-12-11,2025-12-11,2025-12-20,2025-12-20
USR_FBF6445E,TRUE,821453.45,2025-12-11,2025-12-11,2025-12-20,2025-12-20
USR_FBF6445E,TRUE,611795.77,2025-11-11,2025-11-11,2025-11-20,2025-11-20
USR_FBF6445E,TRUE,534725.94,2025-10-11,2025-10-11,2025-10-20,2025-10-20
USR_FBF6445E,TRUE,961722.97,2025-09-11,2025-09-11,2025-09-20,2025-09-20
USR_FBF6445E,TRUE,498220.79,2025-08-11,2025-08-11,2025-08-20,2025-08-20
USR_E9F6F901,TRUE,119144.14,2025-12-11,2025-12-11,2025-12-20,2025-12-20
USR_E9F6F901,TRUE,987189.88,2025-12-11,2025-12-11,2025-12-20,2025-12-20
USR_E9F6F901,TRUE,303745.53,2025-11-11,2025-11-11,2025-11-20,2025-11-20
USR_E9F6F901,TRUE,589930.89,2025-10-11,2025-10-11,2025-10-20,2025-10-20
USR_E9F6F901,TRUE,780530.46,2025-09-11,2025-09-11,2025-09-20,2025-09-20
USR_E9F6F901,TRUE,588409.06,2025-08-11,2025-08-11,2025-08-20,2025-08-20
USR_30A16D96,TRUE,547300.84,2025-12-11,2025-12-11,2025-12-20,2025-12-20
USR_30A16D96,TRUE,279160.4,2025-12-11,2025-12-11,2025-12-20,2025-12-20
USR_30A16D96,TRUE,533926.5,2025-11-11,2025-11-11,2025-11-20,2025-11-20
USR_30A16D96,TRUE,747377.45,2025-10-11,2025-10-11,2025-10-20,2025-10-20
USR_30A16D96,TRUE,578441.81,2025-09-11,2025-09-11,2025-09-20,2025-09-20
USR_30A16D96,TRUE,648474.42,2025-08-11,2025-08-11,2025-08-20,2025-08-20
USR_3B7A4A42,TRUE,155340.56,2025-12-11,2025-12-11,2025-12-20,2025-12-20
USR_3B7A4A42,TRUE,350452.88,2025-12-11,2025-12-11,2025-12-20,2025-12-20
USR_3B7A4A42,TRUE,598832.54,2025-11-11,2025-11-11,2025-11-20,2025-11-20
USR_3B7A4A42,TRUE,190372.54,2025-10-11,2025-10-11,2025-10-20,2025-10-20
USR_3B7A4A42,TRUE,688719.12,2025-09-11,2025-09-11,2025-09-20,2025-09-20
USR_3B7A4A42,TRUE,737336.62,2025-08-11,2025-08-11,2025-08-20,2025-08-20
USR_5B1D1A0B,TRUE,336015.37,2025-12-11,2025-12-11,2025-12-20,2025-12-20
USR_5B1D1A0B,TRUE,104979.78,2025-12-11,2025-12-11,2025-12-20,2025-12-20
USR_5B1D1A0B,TRUE,362813.44,2025-11-11,2025-11-11,2025-11-20,2025-11-20
USR_5B1D1A0B,TRUE,940737.4,2025-10-11,2025-10-11,2025-10-20,2025-10-20
USR_5B1D1A0B,TRUE,828628.89,2025-09-11,2025-09-11,2025-09-20,2025-09-20
USR_5B1D1A0B,TRUE,630248.98,2025-08-11,2025-08-11,2025-08-20,2025-08-20
USR_109E4066,FALSE,183554.87,2025-12-11,2025-12-23,2025-12-20,2026-01-12
USR_109E4066,FALSE,601818.46,2025-12-11,2025-12-28,2025-12-20,2026-01-10
USR_109E4066,FALSE,944752.54,2025-11-11,2025-11-19,2025-11-20,2025-11-26
USR_109E4066,FALSE,338145.22,2025-10-11,2025-11-07,2025-10-20,2025-10-29
USR_109E4066,FALSE,602689.04,2025-09-11,2025-10-02,2025-09-20,2025-09-24
USR_109E4066,FALSE,848526.7,2025-08-11,2025-09-06,2025-08-20,2025-09-01
USR_F0A4D509,TRUE,302605.57,2025-12-11,2025-12-11,2025-12-20,2025-12-20
USR_F0A4D509,TRUE,590456.08,2025-12-11,2025-12-11,2025-12-20,2025-12-20
USR_F0A4D509,TRUE,803657.33,2025-11-11,2025-11-11,2025-11-20,2025-11-20
USR_F0A4D509,TRUE,508826.85,2025-10-11,2025-10-11,2025-10-20,2025-10-20
USR_F0A4D509,TRUE,572621.29,2025-09-11,2025-09-11,2025-09-20,2025-09-20
USR_F0A4D509,TRUE,281292.92,2025-08-11,2025-08-11,2025-08-20,2025-08-20
USR_DB59BF3D,TRUE,115329.23,2025-12-11,2025-12-11,2025-12-20,2025-12-20
USR_DB59BF3D,TRUE,403169.31,2025-12-11,2025-12-11,2025-12-20,2025-12-20
USR_DB59BF3D,TRUE,971822.6,2025-11-11,2025-11-11,2025-11-20,2025-11-20
USR_DB59BF3D,TRUE,905900.23,2025-10-11,2025-10-11,2025-10-20,2025-10-20
USR_DB59BF3D,TRUE,904312.64,2025-09-11,2025-09-11,2025-09-20,2025-09-20
USR_DB59BF3D,TRUE,544728.41,2025-08-11,2025-08-11,2025-08-20,2025-08-20
USR_45C87C32,TRUE,881411.4,2025-12-11,2025-12-11,2025-12-20,2025-12-20
USR_45C87C32,TRUE,825335.0,2025-12-11,2025-12-11,2025-12-20,2025-12-20
USR_45C87C32,TRUE,624139.92,2025-11-11,2025-11-11,2025-11-20,2025-11-20
USR_45C87C32,TRUE,916424.47,2025-10-11,2025-10-11,2025-10-20,2025-10-20
USR_45C87C32,TRUE,146333.87,2025-09-11,2025-09-11,2025-09-20,2025-09-20
USR_45C87C32,TRUE,235469.67,2025-08-11,2025-08-11,2025-08-20,2025-08-20
USR_008F43B4,FALSE,473357.63,2025-12-11,2026-01-06,2025-12-20,2026-01-13
USR_008F43B4,FALSE,283194.07,2025-12-11,2025-12-17,2025-12-20,2026-01-15
USR_008F43B4,FALSE,508923.65,2025-11-11,2025-11-21,2025-11-20,2025-12-16
USR_008F43B4,FALSE,861086.17,2025-10-11,2025-11-09,2025-10-20,2025-10-29
USR_008F43B4,FALSE,344808.43,2025-09-11,2025-09-28,2025-09-20,2025-10-15
USR_008F43B4,FALSE,976663.54,2025-08-11,2025-08-31,2025-08-20,2025-08-29
USR_F4964015,TRUE,359200.83,2025-12-11,2025-12-11,2025-12-20,2025-12-20
USR_F4964015,TRUE,377515.96,2025-12-11,2025-12-11,2025-12-20,2025-12-20
USR_F4964015,TRUE,117848.71,2025-11-11,2025-11-11,2025-11-20,2025-11-20
USR_F4964015,TRUE,273676.89,2025-10-11,2025-10-11,2025-10-20,2025-10-20
USR_F4964015,TRUE,109748.17,2025-09-11,2025-09-11,2025-09-20,2025-09-20
USR_F4964015,TRUE,166600.04,2025-08-11,2025-08-11,2025-08-20,2025-08-20
USR_F1161C88,TRUE,191501.44,2025-12-11,2025-12-11,2025-12-20,2025-12-20
USR_F1161C88,TRUE,936005.65,2025-12-11,2025-12-11,2025-12-20,2025-12-20
USR_F1161C88,TRUE,846890.11,2025-11-11,2025-11-11,2025-11-20,2025-11-20
USR_F1161C88,TRUE,915373.79,2025-10-11,2025-10-11,2025-10-20,2025-10-20
USR_F1161C88,TRUE,100428.05,2025-09-11,2025-09-11,2025-09-20,2025-09-20
USR_F1161C88,TRUE,752645.83,2025-08-11,2025-08-11,2025-08-20,2025-08-20
USR_9C02EFF7,TRUE,935670.01,2025-12-11,2025-12-11,2025-12-20,2025-12-20
USR_9C02EFF7,TRUE,387850.35,2025-12-11,2025-12-11,2025-12-20,2025-12-20
USR_9C02EFF7,TRUE,840388.8,2025-11-11,2025-11-11,2025-11-20,2025-11-20
USR_9C02EFF7,TRUE,320907.55,2025-10-11,2025-10-11,2025-10-20,2025-10-20
USR_9C02EFF7,TRUE,705587.14,2025-09-11,2025-09-11,2025-09-20,2025-09-20
USR_9C02EFF7,TRUE,605187.87,2025-08-11,2025-08-11,2025-08-20,2025-08-20
USR_4CD76101,FALSE,310027.67,2025-12-11,2026-01-08,2025-12-20,2025-12-21
USR_4CD76101,FALSE,898490.18,2025-12-11,2025-12-20,2025-12-20,2026-01-04
USR_4CD76101,FALSE,544840.52,2025-11-11,2025-12-03,2025-11-20,2025-12-03
USR_4CD76101,FALSE,940333.48,2025-10-11,2025-10-27,2025-10-20,2025-11-12
USR_4CD76101,FALSE,897586.23,2025-09-11,2025-10-02,2025-09-20,2025-09-27
USR_4CD76101,FALSE,379276.71,2025-08-11,2025-09-09,2025-08-20,2025-08-27
USR_3035D0FD,FALSE,322521.0,2025-12-11,2026-01-05,2025-12-20,2026-01-11
USR_3035D0FD,FALSE,668861.92,2025-12-11,2025-12-19,2025-12-20,2026-01-06
USR_3035D0FD,FALSE,533356.94,2025-11-11,2025-11-20,2025-11-20,2025-11-21
USR_3035D0FD,FALSE,870515.92,2025-10-11,2025-10-26,2025-10-20,2025-11-12
USR_3035D0FD,FALSE,558089.34,2025-09-11,2025-10-01,2025-09-20,2025-09-29
USR_3035D0FD,FALSE,643171.38,2025-08-11,2025-09-01,2025-08-20,2025-09-03
USR_E4751CE2,TRUE,439530.31,2025-12-11,2025-12-11,2025-12-20,2025-12-20
USR_E4751CE2,TRUE,757311.04,2025-12-11,2025-12-11,2025-12-20,2025-12-20
USR_E4751CE2,TRUE,346879.66,2025-11-11,2025-11-11,2025-11-20,2025-11-20
USR_E4751CE2,TRUE,510728.95,2025-10-11,2025-10-11,2025-10-20,2025-10-20
USR_E4751CE2,TRUE,365678.35,2025-09-11,2025-09-11,2025-09-20,2025-09-20
USR_E4751CE2,TRUE,339889.55,2025-08-11,2025-08-11,2025-08-20,2025-08-20
USR_66EEEABD,FALSE,743142.26,2025-12-11,2025-12-19,2025-12-20,2025-12-25
USR_66EEEABD,FALSE,409578.07,2025-12-11,2025-12-31,2025-12-20,2026-01-12
USR_66EEEABD,FALSE,552256.86,2025-11-11,2025-12-01,2025-11-20,2025-11-24
USR_66EEEABD,FALSE,709253.04,2025-10-11,2025-11-10,2025-10-20,2025-11-05
USR_66EEEABD,FALSE,861553.09,2025-09-11,2025-10-09,2025-09-20,2025-10-08
USR_66EEEABD,FALSE,602386.63,2025-08-11,2025-08-28,2025-08-20,2025-08-27
USR_64F84473,TRUE,913291.03,2025-12-11,2025-12-11,2025-12-20,2025-12-20
USR_64F84473,TRUE,505757.91,2025-12-11,2025-12-11,2025-12-20,2025-12-20
USR_64F84473,TRUE,835096.83,2025-11-11,2025-11-11,2025-11-20,2025-11-20
USR_64F84473,TRUE,195270.38,2025-10-11,2025-10-11,2025-10-20,2025-10-20
USR_64F84473,TRUE,758459.52,2025-09-11,2025-09-11,2025-09-20,2025-09-20
USR_64F84473,TRUE,316166.97,2025-08-11,2025-08-11,2025-08-20,2025-08-20
USR_6DB3B0A1,TRUE,344968.29,2025-12-11,2025-12-11,2025-12-20,2025-12-20
USR_6DB3B0A1,TRUE,225077.8,2025-12-11,2025-12-11,2025-12-20,2025-12-20
USR_6DB3B0A1,TRUE,939092.4,2025-11-11,2025-11-11,2025-11-20,2025-11-20
USR_6DB3B0A1,TRUE,852555.27,2025-10-11,2025-10-11,2025-10-20,2025-10-20
USR_6DB3B0A1,TRUE,619919.59,2025-09-11,2025-09-11,2025-09-20,2025-09-20
USR_6DB3B0A1,TRUE,494340.11,2025-08-11,2025-08-11,2025-08-20,2025-08-20
USR_49258860,FALSE,790833.62,2025-12-11,2025-12-29,2025-12-20,2026-01-08
USR_49258860,FALSE,727244.45,2025-12-11,2025-12-30,2025-12-20,2025-12-23
USR_49258860,FALSE,607501.31,2025-11-11,2025-11-23,2025-11-20,2025-12-06
USR_49258860,FALSE,598438.93,2025-10-11,2025-11-06,2025-10-20,2025-11-09
USR_49258860,FALSE,764352.76,2025-09-11,2025-10-05,2025-09-20,2025-09-27
USR_49258860,FALSE,427016.37,2025-08-11,2025-09-05,2025-08-20,2025-08-24
USR_1FA12BE6,TRUE,709285.68,2025-12-11,2025-12-11,2025-12-20,2025-12-20
USR_1FA12BE6,TRUE,712802.36,2025-12-11,2025-12-11,2025-12-20,2025-12-20
USR_1FA12BE6,TRUE,835151.53,2025-11-11,2025-11-11,2025-11-20,2025-11-20
USR_1FA12BE6,TRUE,824461.27,2025-10-11,2025-10-11,2025-10-20,2025-10-20
USR_1FA12BE6,TRUE,731880.95,2025-09-11,2025-09-11,2025-09-20,2025-09-20
USR_1FA12BE6,TRUE,127942.97,2025-08-11,2025-08-11,2025-08-20,2025-08-20
USR_23E61EF6,TRUE,804102.13,2025-12-11,2025-12-11,2025-12-20,2025-12-20
USR_23E61EF6,TRUE,693434.16,2025-12-11,2025-12-11,2025-12-20,2025-12-20
USR_23E61EF6,TRUE,127795.87,2025-11-11,2025-11-11,2025-11-20,2025-11-20
USR_23E61EF6,TRUE,322001.95,2025-10-11,2025-10-11,2025-10-20,2025-10-20
USR_23E61EF6,TRUE,107576.24,2025-09-11,2025-09-11,2025-09-20,2025-09-20
USR_23E61EF6,TRUE,642410.06,2025-08-11,2025-08-11,2025-08-20,2025-08-20
USR_6B98AF33,TRUE,510861.84,2025-12-11,2025-12-11,2025-12-20,2025-12-20
USR_6B98AF33,TRUE,447558.64,2025-12-11,2025-12-11,2025-12-20,2025-12-20
USR_6B98AF33,TRUE,762630.92,2025-11-11,2025-11-11,2025-11-20,2025-11-20
USR_6B98AF33,TRUE,582856.97,2025-10-11,2025-10-11,2025-10-20,2025-10-20
USR_6B98AF33,TRUE,623913.81,2025-09-11,2025-09-11,2025-09-20,2025-09-20
USR_6B98AF33,TRUE,140634.11,2025-08-11,2025-08-11,2025-08-20,2025-08-20
USR_C076373A,TRUE,910480.34,2025-12-11,2025-12-11,2025-12-20,2025-12-20
USR_C076373A,TRUE,613318.65,2025-12-11,2025-12-11,2025-12-20,2025-12-20
USR_C076373A,TRUE,193473.85,2025-11-11,2025-11-11,2025-11-20,2025-11-20
USR_C076373A,TRUE,364780.47,2025-10-11,2025-10-11,2025-10-20,2025-10-20
USR_C076373A,TRUE,210593.53,2025-09-11,2025-09-11,2025-09-20,2025-09-20
USR_C076373A,TRUE,947736.01,2025-08-11,2025-08-11,2025-08-20,2025-08-20
USR_C14E4524,TRUE,560017.55,2025-12-11,2025-12-11,2025-12-20,2025-12-20
USR_C14E4524,TRUE,307630.88,2025-12-11,2025-12-11,2025-12-20,2025-12-20
USR_C14E4524,TRUE,328646.28,2025-11-11,2025-11-11,2025-11-20,2025-11-20
USR_C14E4524,TRUE,684706.06,2025-10-11,2025-10-11,2025-10-20,2025-10-20
USR_C14E4524,TRUE,858666.7,2025-09-11,2025-09-11,2025-09-20,2025-09-20
USR_C14E4524,TRUE,640807.64,2025-08-11,2025-08-11,2025-08-20,2025-08-20
USR_2F102CCC,TRUE,911916.3,2025-12-11,2025-12-11,2025-12-20,2025-12-20
USR_2F102CCC,TRUE,812129.05,2025-12-11,2025-12-11,2025-12-20,2025-12-20
USR_2F102CCC,TRUE,337127.0,2025-11-11,2025-11-11,2025-11-20,2025-11-20
USR_2F102CCC,TRUE,301564.37,2025-10-11,2025-10-11,2025-10-20,2025-10-20
USR_2F102CCC,TRUE,796205.79,2025-09-11,2025-09-11,2025-09-20,2025-09-20
USR_2F102CCC,TRUE,718893.15,2025-08-11,2025-08-11,2025-08-20,2025-08-20
USR_9EB17742,TRUE,345069.94,2025-12-11,2025-12-11,2025-12-20,2025-12-20
USR_9EB17742,TRUE,472039.8,2025-12-11,2025-12-11,2025-12-20,2025-12-20
USR_9EB17742,TRUE,833017.11,2025-11-11,2025-11-11,2025-11-20,2025-11-20
USR_9EB17742,TRUE,450448.35,2025-10-11,2025-10-11,2025-10-20,2025-10-20
USR_9EB17742,TRUE,950024.96,2025-09-11,2025-09-11,2025-09-20,2025-09-20
USR_9EB17742,TRUE,288107.79,2025-08-11,2025-08-11,2025-08-20,2025-08-20
USR_924728D5,TRUE,668842.0,2025-12-11,2025-12-11,2025-12-20,2025-12-20
USR_924728D5,TRUE,722512.35,2025-12-11,2025-12-11,2025-12-20,2025-12-20
USR_924728D5,TRUE,115240.12,2025-11-11,2025-11-11,2025-11-20,2025-11-20
USR_924728D5,TRUE,907893.06,2025-10-11,2025-10-11,2025-10-20,2025-10-20
USR_924728D5,TRUE,601104.32,2025-09-11,2025-09-11,2025-09-20,2025-09-20
USR_924728D5,TRUE,448372.8,2025-08-11,2025-08-11,2025-08-20,2025-08-20
USR_C86A9C91,TRUE,583633.43,2025-12-11,2025-12-11,2025-12-20,2025-12-20
USR_C86A9C91,TRUE,222543.04,2025-12-11,2025-12-11,2025-12-20,2025-12-20
USR_C86A9C91,TRUE,882410.35,2025-11-11,2025-11-11,2025-11-20,2025-11-20
USR_C86A9C91,TRUE,729856.04,2025-10-11,2025-10-11,2025-10-20,2025-10-20
USR_C86A9C91,TRUE,675110.67,2025-09-11,2025-09-11,2025-09-20,2025-09-20
USR_C86A9C91,TRUE,964710.53,2025-08-11,2025-08-11,2025-08-20,2025-08-20
USR_0456ECF8,FALSE,434390.53,2025-12-11,2025-12-22,2025-12-20,2026-01-10
USR_0456ECF8,FALSE,809701.99,2025-12-11,2025-12-14,2025-12-20,2026-01-19
USR_0456ECF8,FALSE,381734.32,2025-11-11,2025-12-01,2025-11-20,2025-11-22
USR_0456ECF8,FALSE,476237.58,2025-10-11,2025-10-21,2025-10-20,2025-11-14
USR_0456ECF8,FALSE,572589.75,2025-09-11,2025-09-26,2025-09-20,2025-10-19
USR_0456ECF8,FALSE,671077.04,2025-08-11,2025-08-12,2025-08-20,2025-09-04
USR_D0DE9716,TRUE,634991.13,2025-12-11,2025-12-11,2025-12-20,2025-12-20
USR_D0DE9716,TRUE,703051.06,2025-12-11,2025-12-11,2025-12-20,2025-12-20
USR_D0DE9716,TRUE,249344.78,2025-11-11,2025-11-11,2025-11-20,2025-11-20
USR_D0DE9716,TRUE,220245.08,2025-10-11,2025-10-11,2025-10-20,2025-10-20
USR_D0DE9716,TRUE,953876.84,2025-09-11,2025-09-11,2025-09-20,2025-09-20
USR_D0DE9716,TRUE,391873.14,2025-08-11,2025-08-11,2025-08-20,2025-08-20
USR_36544B4E,TRUE,200718.46,2025-12-11,2025-12-11,2025-12-20,2025-12-20
USR_36544B4E,TRUE,874957.53,2025-12-11,2025-12-11,2025-12-20,2025-12-20
USR_36544B4E,TRUE,904079.13,2025-11-11,2025-11-11,2025-11-20,2025-11-20
USR_36544B4E,TRUE,551514.85,2025-10-11,2025-10-11,2025-10-20,2025-10-20
USR_36544B4E,TRUE,777924.75,2025-09-11,2025-09-11,2025-09-20,2025-09-20
USR_36544B4E,TRUE,116222.71,2025-08-11,2025-08-11,2025-08-20,2025-08-20
USR_911504BB,TRUE,430113.11,2025-12-11,2025-12-11,2025-12-20,2025-12-20
USR_911504BB,TRUE,134374.38,2025-12-11,2025-12-11,2025-12-20,2025-12-20
USR_911504BB,TRUE,782042.41,2025-11-11,2025-11-11,2025-11-20,2025-11-20
USR_911504BB,TRUE,362505.96,2025-10-11,2025-10-11,2025-10-20,2025-10-20
USR_911504BB,TRUE,428645.27,2025-09-11,2025-09-11,2025-09-20,2025-09-20
USR_911504BB,TRUE,287342.96,2025-08-11,2025-08-11,2025-08-20,2025-08-20
USR_28A0C9FF,TRUE,486927.62,2025-12-11,2025-12-11,2025-12-20,2025-12-20
USR_28A0C9FF,TRUE,474374.28,2025-12-11,2025-12-11,2025-12-20,2025-12-20
USR_28A0C9FF,TRUE,822895.24,2025-11-11,2025-11-11,2025-11-20,2025-11-20
USR_28A0C9FF,TRUE,735718.42,2025-10-11,2025-10-11,2025-10-20,2025-10-20
USR_28A0C9FF,TRUE,766326.42,2025-09-11,2025-09-11,2025-09-20,2025-09-20
USR_28A0C9FF,TRUE,410406.29,2025-08-11,2025-08-11,2025-08-20,2025-08-20
USR_CB25ED6C,TRUE,235049.68,2025-12-11,2025-12-11,2025-12-20,2025-12-20
USR_CB25ED6C,TRUE,711500.33,2025-12-11,2025-12-11,2025-12-20,2025-12-20
USR_CB25ED6C,TRUE,654059.39,2025-11-11,2025-11-11,2025-11-20,2025-11-20
USR_CB25ED6C,TRUE,229273.65,2025-10-11,2025-10-11,2025-10-20,2025-10-20
USR_CB25ED6C,TRUE,707175.71,2025-09-11,2025-09-11,2025-09-20,2025-09-20
USR_CB25ED6C,TRUE,846691.5,2025-08-11,2025-08-11,2025-08-20,2025-08-20
USR_31B76EAA,TRUE,486226.68,2025-12-11,2025-12-11,2025-12-20,2025-12-20
USR_31B76EAA,TRUE,576079.02,2025-12-11,2025-12-11,2025-12-20,2025-12-20
USR_31B76EAA,TRUE,478568.74,2025-11-11,2025-11-11,2025-11-20,2025-11-20
USR_31B76EAA,TRUE,340099.91,2025-10-11,2025-10-11,2025-10-20,2025-10-20
USR_31B76EAA,TRUE,599353.98,2025-09-11,2025-09-11,2025-09-20,2025-09-20
USR_31B76EAA,TRUE,429047.69,2025-08-11,2025-08-11,2025-08-20,2025-08-20
USR_82E437AB,TRUE,227491.94,2025-12-11,2025-12-11,2025-12-20,2025-12-20
USR_82E437AB,TRUE,773125.86,2025-12-11,2025-12-11,2025-12-20,2025-12-20
USR_82E437AB,TRUE,544501.15,2025-11-11,2025-11-11,2025-11-20,2025-11-20
USR_82E437AB,TRUE,672254.95,2025-10-11,2025-10-11,2025-10-20,2025-10-20
USR_82E437AB,TRUE,983323.0,2025-09-11,2025-09-11,2025-09-20,2025-09-20
USR_82E437AB,TRUE,471673.02,2025-08-11,2025-08-11,2025-08-20,2025-08-20
USR_9C76BB10,TRUE,669794.64,2025-12-11,2025-12-11,2025-12-20,2025-12-20
USR_9C76BB10,TRUE,475073.03,2025-12-11,2025-12-11,2025-12-20,2025-12-20
USR_9C76BB10,TRUE,585511.21,2025-11-11,2025-11-11,2025-11-20,2025-11-20
USR_9C76BB10,TRUE,416531.62,2025-10-11,2025-10-11,2025-10-20,2025-10-20
USR_9C76BB10,TRUE,604846.78,2025-09-11,2025-09-11,2025-09-20,2025-09-20
USR_9C76BB10,TRUE,681900.48,2025-08-11,2025-08-11,2025-08-20,2025-08-20
USR_40D5CC4D,TRUE,957950.42,2025-12-11,2025-12-11,2025-12-20,2025-12-20
USR_40D5CC4D,TRUE,549989.88,2025-12-11,2025-12-11,2025-12-20,2025-12-20
USR_40D5CC4D,TRUE,879333.46,2025-11-11,2025-11-11,2025-11-20,2025-11-20
USR_40D5CC4D,TRUE,813487.88,2025-10-11,2025-10-11,2025-10-20,2025-10-20
USR_40D5CC4D,TRUE,944461.4,2025-09-11,2025-09-11,2025-09-20,2025-09-20
USR_40D5CC4D,TRUE,795329.84,2025-08-11,2025-08-11,2025-08-20,2025-08-20
USR_51B400B9,FALSE,333878.0,2025-12-11,2026-01-06,2025-12-20,2026-01-14
USR_51B400B9,FALSE,470847.34,2025-12-11,2025-12-31,2025-12-20,2025-12-25
USR_51B400B9,FALSE,579518.37,2025-11-11,2025-12-02,2025-11-20,2025-11-22
USR_51B400B9,FALSE,984349.41,2025-10-11,2025-10-14,2025-10-20,2025-10-22
USR_51B400B9,FALSE,204532.15,2025-09-11,2025-09-23,2025-09-20,2025-10-15
USR_51B400B9,FALSE,897454.32,2025-08-11,2025-08-28,2025-08-20,2025-08-27
USR_7C3F837C,TRUE,311210.67,2025-12-11,2025-12-11,2025-12-20,2025-12-20
USR_7C3F837C,TRUE,613017.84,2025-12-11,2025-12-11,2025-12-20,2025-12-20
USR_7C3F837C,TRUE,920592.73,2025-11-11,2025-11-11,2025-11-20,2025-11-20
USR_7C3F837C,TRUE,459030.9,2025-10-11,2025-10-11,2025-10-20,2025-10-20
USR_7C3F837C,TRUE,783564.41,2025-09-11,2025-09-11,2025-09-20,2025-09-20
USR_7C3F837C,TRUE,579815.6,2025-08-11,2025-08-11,2025-08-20,2025-08-20
USR_873638AD,TRUE,772528.84,2025-12-11,2025-12-11,2025-12-20,2025-12-20
USR_873638AD,TRUE,440305.67,2025-12-11,2025-12-11,2025-12-20,2025-12-20
USR_873638AD,TRUE,698495.21,2025-11-11,2025-11-11,2025-11-20,2025-11-20
USR_873638AD,TRUE,908716.35,2025-10-11,2025-10-11,2025-10-20,2025-10-20
USR_873638AD,TRUE,693777.78,2025-09-11,2025-09-11,2025-09-20,2025-09-20
USR_873638AD,TRUE,183236.75,2025-08-11,2025-08-11,2025-08-20,2025-08-20
USR_B87DF9A6,TRUE,133393.81,2025-12-11,2025-12-11,2025-12-20,2025-12-20
USR_B87DF9A6,TRUE,395626.72,2025-12-11,2025-12-11,2025-12-20,2025-12-20
USR_B87DF9A6,TRUE,581973.65,2025-11-11,2025-11-11,2025-11-20,2025-11-20
USR_B87DF9A6,TRUE,882677.41,2025-10-11,2025-10-11,2025-10-20,2025-10-20
USR_B87DF9A6,TRUE,207161.07,2025-09-11,2025-09-11,2025-09-20,2025-09-20
USR_B87DF9A6,TRUE,666759.86,2025-08-11,2025-08-11,2025-08-20,2025-08-20
USR_25D70AF2,TRUE,514069.63,2025-12-11,2025-12-11,2025-12-20,2025-12-20
USR_25D70AF2,TRUE,954294.15,2025-12-11,2025-12-11,2025-12-20,2025-12-20
USR_25D70AF2,TRUE,715810.54,2025-11-11,2025-11-11,2025-11-20,2025-11-20
USR_25D70AF2,TRUE,461054.4,2025-10-11,2025-10-11,2025-10-20,2025-10-20
USR_25D70AF2,TRUE,780227.11,2025-09-11,2025-09-11,2025-09-20,2025-09-20
USR_25D70AF2,TRUE,692521.99,2025-08-11,2025-08-11,2025-08-20,2025-08-20
USR_30057320,TRUE,284022.84,2025-12-11,2025-12-11,2025-12-20,2025-12-20
USR_30057320,TRUE,717095.68,2025-12-11,2025-12-11,2025-12-20,2025-12-20
USR_30057320,TRUE,706377.78,2025-11-11,2025-11-11,2025-11-20,2025-11-20
USR_30057320,TRUE,923348.67,2025-10-11,2025-10-11,2025-10-20,2025-10-20
USR_30057320,TRUE,968656.02,2025-09-11,2025-09-11,2025-09-20,2025-09-20
USR_30057320,TRUE,840257.52,2025-08-11,2025-08-11,2025-08-20,2025-08-20
USR_18B99BA5,FALSE,354172.61,2025-12-11,2026-01-03,2025-12-20,2025-12-31
USR_18B99BA5,FALSE,158819.68,2025-12-11,2026-01-05,2025-12-20,2025-12-31
USR_18B99BA5,FALSE,281288.28,2025-11-11,2025-11-29,2025-11-20,2025-12-19
USR_18B99BA5,FALSE,965568.02,2025-10-11,2025-10-21,2025-10-20,2025-10-22
USR_18B99BA5,FALSE,563213.72,2025-09-11,2025-10-02,2025-09-20,2025-09-30
USR_18B99BA5,FALSE,232816.89,2025-08-11,2025-09-06,2025-08-20,2025-08-28
USR_2790AF89,TRUE,345783.7,2025-12-11,2025-12-11,2025-12-20,2025-12-20
USR_2790AF89,TRUE,440312.38,2025-12-11,2025-12-11,2025-12-20,2025-12-20
USR_2790AF89,TRUE,419073.36,2025-11-11,2025-11-11,2025-11-20,2025-11-20
USR_2790AF89,TRUE,219749.5,2025-10-11,2025-10-11,2025-10-20,2025-10-20
USR_2790AF89,TRUE,544795.25,2025-09-11,2025-09-11,2025-09-20,2025-09-20
USR_2790AF89,TRUE,418513.2,2025-08-11,2025-08-11,2025-08-20,2025-08-20
USR_B3128FE6,TRUE,827708.29,2025-12-11,2025-12-11,2025-12-20,2025-12-20
USR_B3128FE6,TRUE,104485.74,2025-12-11,2025-12-11,2025-12-20,2025-12-20
USR_B3128FE6,TRUE,207589.04,2025-11-11,2025-11-11,2025-11-20,2025-11-20
USR_B3128FE6,TRUE,270335.35,2025-10-11,2025-10-11,2025-10-20,2025-10-20
USR_B3128FE6,TRUE,157255.63,2025-09-11,2025-09-11,2025-09-20,2025-09-20
USR_B3128FE6,TRUE,922262.58,2025-08-11,2025-08-11,2025-08-20,2025-08-20
USR_40C5B1C0,TRUE,915497.14,2025-12-11,2025-12-11,2025-12-20,2025-12-20
USR_40C5B1C0,TRUE,197622.67,2025-12-11,2025-12-11,2025-12-20,2025-12-20
USR_40C5B1C0,TRUE,716874.18,2025-11-11,2025-11-11,2025-11-20,2025-11-20
USR_40C5B1C0,TRUE,668832.93,2025-10-11,2025-10-11,2025-10-20,2025-10-20
USR_40C5B1C0,TRUE,504733.64,2025-09-11,2025-09-11,2025-09-20,2025-09-20
USR_40C5B1C0,TRUE,304511.62,2025-08-11,2025-08-11,2025-08-20,2025-08-20
USR_85471120,TRUE,340088.78,2025-12-11,2025-12-11,2025-12-20,2025-12-20
USR_85471120,TRUE,252612.69,2025-12-11,2025-12-11,2025-12-20,2025-12-20
USR_85471120,TRUE,929972.48,2025-11-11,2025-11-11,2025-11-20,2025-11-20
USR_85471120,TRUE,103982.56,2025-10-11,2025-10-11,2025-10-20,2025-10-20
USR_85471120,TRUE,991932.5,2025-09-11,2025-09-11,2025-09-20,2025-09-20
USR_85471120,TRUE,537975.87,2025-08-11,2025-08-11,2025-08-20,2025-08-20
USR_7822D25A,TRUE,592136.18,2025-12-11,2025-12-11,2025-12-20,2025-12-20
USR_7822D25A,TRUE,996501.55,2025-12-11,2025-12-11,2025-12-20,2025-12-20
USR_7822D25A,TRUE,726766.94,2025-11-11,2025-11-11,2025-11-20,2025-11-20
USR_7822D25A,TRUE,881061.8,2025-10-11,2025-10-11,2025-10-20,2025-10-20
USR_7822D25A,TRUE,178031.21,2025-09-11,2025-09-11,2025-09-20,2025-09-20
USR_7822D25A,TRUE,273086.05,2025-08-11,2025-08-11,2025-08-20,2025-08-20
USR_0478779C,TRUE,401819.81,2025-12-11,2025-12-11,2025-12-20,2025-12-20
USR_0478779C,TRUE,511642.93,2025-12-11,2025-12-11,2025-12-20,2025-12-20
USR_0478779C,TRUE,478348.72,2025-11-11,2025-11-11,2025-11-20,2025-11-20
USR_0478779C,TRUE,310306.93,2025-10-11,2025-10-11,2025-10-20,2025-10-20
USR_0478779C,TRUE,618905.15,2025-09-11,2025-09-11,2025-09-20,2025-09-20
USR_0478779C,TRUE,604430.68,2025-08-11,2025-08-11,2025-08-20,2025-08-20
USR_C671D414,FALSE,146745.4,2025-12-11,2026-01-02,2025-12-20,2025-12-31
USR_C671D414,FALSE,506719.76,2025-12-11,2025-12-27,2025-12-20,2025-12-25
USR_C671D414,FALSE,527799.83,2025-11-11,2025-11-24,2025-11-20,2025-12-10
USR_C671D414,FALSE,700671.0,2025-10-11,2025-11-10,2025-10-20,2025-10-21
USR_C671D414,FALSE,705698.42,2025-09-11,2025-09-29,2025-09-20,2025-10-07
USR_C671D414,FALSE,910367.28,2025-08-11,2025-09-02,2025-08-20,2025-09-19
USR_544ABD7E,FALSE,652792.67,2025-12-11,2026-01-07,2025-12-20,2026-01-12
USR_544ABD7E,FALSE,513111.83,2025-12-11,2025-12-13,2025-12-20,2026-01-09
USR_544ABD7E,FALSE,375998.02,2025-11-11,2025-12-10,2025-11-20,2025-12-15
USR_544ABD7E,FALSE,409513.1,2025-10-11,2025-10-17,2025-10-20,2025-11-13
USR_544ABD7E,FALSE,791819.35,2025-09-11,2025-10-11,2025-09-20,2025-10-14
USR_544ABD7E,FALSE,500259.66,2025-08-11,2025-08-26,2025-08-20,2025-09-04
USR_B069B1E1,TRUE,234729.7,2025-12-11,2025-12-11,2025-12-20,2025-12-20
USR_B069B1E1,TRUE,597128.29,2025-12-11,2025-12-11,2025-12-20,2025-12-20
USR_B069B1E1,TRUE,199465.7,2025-11-11,2025-11-11,2025-11-20,2025-11-20
USR_B069B1E1,TRUE,663323.51,2025-10-11,2025-10-11,2025-10-20,2025-10-20
USR_B069B1E1,TRUE,953051.04,2025-09-11,2025-09-11,2025-09-20,2025-09-20
USR_B069B1E1,TRUE,249099.75,2025-08-11,2025-08-11,2025-08-20,2025-08-20
USR_A84ADAC7,TRUE,165843.56,2025-12-11,2025-12-11,2025-12-20,2025-12-20
USR_A84ADAC7,TRUE,408018.09,2025-12-11,2025-12-11,2025-12-20,2025-12-20
USR_A84ADAC7,TRUE,654214.58,2025-11-11,2025-11-11,2025-11-20,2025-11-20
USR_A84ADAC7,TRUE,420218.19,2025-10-11,2025-10-11,2025-10-20,2025-10-20
USR_A84ADAC7,TRUE,993041.55,2025-09-11,2025-09-11,2025-09-20,2025-09-20
USR_A84ADAC7,TRUE,672840.03,2025-08-11,2025-08-11,2025-08-20,2025-08-20
USR_B8422BF7,TRUE,366203.95,2025-12-11,2025-12-11,2025-12-20,2025-12-20
USR_B8422BF7,TRUE,276242.77,2025-12-11,2025-12-11,2025-12-20,2025-12-20
USR_B8422BF7,TRUE,664216.87,2025-11-11,2025-11-11,2025-11-20,2025-11-20
USR_B8422BF7,TRUE,908580.93,2025-10-11,2025-10-11,2025-10-20,2025-10-20
USR_B8422BF7,TRUE,544374.36,2025-09-11,2025-09-11,2025-09-20,2025-09-20
USR_B8422BF7,TRUE,341935.13,2025-08-11,2025-08-11,2025-08-20,2025-08-20
USR_B54EBE67,TRUE,373681.2,2025-12-11,2025-12-11,2025-12-20,2025-12-20
USR_B54EBE67,TRUE,129179.81,2025-12-11,2025-12-11,2025-12-20,2025-12-20
USR_B54EBE67,TRUE,528506.33,2025-11-11,2025-11-11,2025-11-20,2025-11-20
USR_B54EBE67,TRUE,306317.98,2025-10-11,2025-10-11,2025-10-20,2025-10-20
USR_B54EBE67,TRUE,260431.67,2025-09-11,2025-09-11,2025-09-20,2025-09-20
USR_B54EBE67,TRUE,730477.27,2025-08-11,2025-08-11,2025-08-20,2025-08-20
USR_027DE189,TRUE,480590.48,2025-12-11,2025-12-11,2025-12-20,2025-12-20
USR_027DE189,TRUE,395384.04,2025-12-11,2025-12-11,2025-12-20,2025-12-20
USR_027DE189,TRUE,145493.39,2025-11-11,2025-11-11,2025-11-20,2025-11-20
USR_027DE189,TRUE,199891.66,2025-10-11,2025-10-11,2025-10-20,2025-10-20
USR_027DE189,TRUE,430496.77,2025-09-11,2025-09-11,2025-09-20,2025-09-20
USR_027DE189,TRUE,529194.91,2025-08-11,2025-08-11,2025-08-20,2025-08-20
USR_BD795FC2,FALSE,901226.02,2025-12-11,2025-12-18,2025-12-20,2026-01-02
USR_BD795FC2,FALSE,502824.54,2025-12-11,2025-12-31,2025-12-20,2025-12-25
USR_BD795FC2,FALSE,375560.93,2025-11-11,2025-12-10,2025-11-20,2025-11-23
USR_BD795FC2,FALSE,636364.16,2025-10-11,2025-10-17,2025-10-20,2025-11-07
USR_BD795FC2,FALSE,382334.36,2025-09-11,2025-09-12,2025-09-20,2025-09-25
USR_BD795FC2,FALSE,448840.36,2025-08-11,2025-09-01,2025-08-20,2025-09-02
USR_48134282,TRUE,167659.19,2025-12-11,2025-12-11,2025-12-20,2025-12-20
USR_48134282,TRUE,771040.34,2025-12-11,2025-12-11,2025-12-20,2025-12-20
USR_48134282,TRUE,815238.42,2025-11-11,2025-11-11,2025-11-20,2025-11-20
USR_48134282,TRUE,773993.44,2025-10-11,2025-10-11,2025-10-20,2025-10-20
USR_48134282,TRUE,378561.97,2025-09-11,2025-09-11,2025-09-20,2025-09-20
USR_48134282,TRUE,617981.09,2025-08-11,2025-08-11,2025-08-20,2025-08-20
USR_8BFA0CCF,TRUE,243295.29,2025-12-11,2025-12-11,2025-12-20,2025-12-20
USR_8BFA0CCF,TRUE,140814.39,2025-12-11,2025-12-11,2025-12-20,2025-12-20
USR_8BFA0CCF,TRUE,915505.98,2025-11-11,2025-11-11,2025-11-20,2025-11-20
USR_8BFA0CCF,TRUE,262023.54,2025-10-11,2025-10-11,2025-10-20,2025-10-20
USR_8BFA0CCF,TRUE,727417.55,2025-09-11,2025-09-11,2025-09-20,2025-09-20
USR_8BFA0CCF,TRUE,768370.42,2025-08-11,2025-08-11,2025-08-20,2025-08-20
USR_79DB8FD4,TRUE,754451.76,2025-12-11,2025-12-11,2025-12-20,2025-12-20
USR_79DB8FD4,TRUE,799702.41,2025-12-11,2025-12-11,2025-12-20,2025-12-20
USR_79DB8FD4,TRUE,542182.86,2025-11-11,2025-11-11,2025-11-20,2025-11-20
USR_79DB8FD4,TRUE,946364.38,2025-10-11,2025-10-11,2025-10-20,2025-10-20
USR_79DB8FD4,TRUE,491658.98,2025-09-11,2025-09-11,2025-09-20,2025-09-20
USR_79DB8FD4,TRUE,945748.34,2025-08-11,2025-08-11,2025-08-20,2025-08-20
USR_0F667C9D,TRUE,314243.85,2025-12-11,2025-12-11,2025-12-20,2025-12-20
USR_0F667C9D,TRUE,967087.86,2025-12-11,2025-12-11,2025-12-20,2025-12-20
USR_0F667C9D,TRUE,233291.13,2025-11-11,2025-11-11,2025-11-20,2025-11-20
USR_0F667C9D,TRUE,508867.65,2025-10-11,2025-10-11,2025-10-20,2025-10-20
USR_0F667C9D,TRUE,335872.65,2025-09-11,2025-09-11,2025-09-20,2025-09-20
USR_0F667C9D,TRUE,946991.76,2025-08-11,2025-08-11,2025-08-20,2025-08-20
USR_1CB46CFF,FALSE,627770.83,2025-12-11,2025-12-20,2025-12-20,2025-12-22
USR_1CB46CFF,FALSE,632442.31,2025-12-11,2025-12-27,2025-12-20,2026-01-16
USR_1CB46CFF,FALSE,974865.98,2025-11-11,2025-12-07,2025-11-20,2025-11-22
USR_1CB46CFF,FALSE,509818.72,2025-10-11,2025-11-03,2025-10-20,2025-11-03
USR_1CB46CFF,FALSE,391011.02,2025-09-11,2025-09-18,2025-09-20,2025-09-21
USR_1CB46CFF,FALSE,584116.31,2025-08-11,2025-08-17,2025-08-20,2025-08-24
USR_29A91B9A,TRUE,804452.11,2025-12-11,2025-12-11,2025-12-20,2025-12-20
USR_29A91B9A,TRUE,778119.93,2025-12-11,2025-12-11,2025-12-20,2025-12-20
USR_29A91B9A,TRUE,135227.02,2025-11-11,2025-11-11,2025-11-20,2025-11-20
USR_29A91B9A,TRUE,430786.79,2025-10-11,2025-10-11,2025-10-20,2025-10-20
USR_29A91B9A,TRUE,118993.06,2025-09-11,2025-09-11,2025-09-20,2025-09-20
USR_29A91B9A,TRUE,240804.94,2025-08-11,2025-08-11,2025-08-20,2025-08-20
USR_9D464BC8,TRUE,204828.31,2025-12-11,2025-12-11,2025-12-20,2025-12-20
USR_9D464BC8,TRUE,180448.56,2025-12-11,2025-12-11,2025-12-20,2025-12-20
USR_9D464BC8,TRUE,864134.31,2025-11-11,2025-11-11,2025-11-20,2025-11-20
USR_9D464BC8,TRUE,237845.76,2025-10-11,2025-10-11,2025-10-20,2025-10-20
USR_9D464BC8,TRUE,186044.92,2025-09-11,2025-09-11,2025-09-20,2025-09-20
USR_9D464BC8,TRUE,720602.07,2025-08-11,2025-08-11,2025-08-20,2025-08-20
USR_92BF7BF2,TRUE,483302.51,2025-12-11,2025-12-11,2025-12-20,2025-12-20
USR_92BF7BF2,TRUE,295881.85,2025-12-11,2025-12-11,2025-12-20,2025-12-20
USR_92BF7BF2,TRUE,279217.62,2025-11-11,2025-11-11,2025-11-20,2025-11-20
USR_92BF7BF2,TRUE,284811.76,2025-10-11,2025-10-11,2025-10-20,2025-10-20
USR_92BF7BF2,TRUE,662410.74,2025-09-11,2025-09-11,2025-09-20,2025-09-20
USR_92BF7BF2,TRUE,834397.65,2025-08-11,2025-08-11,2025-08-20,2025-08-20
USR_E57372BE,FALSE,577461.79,2025-12-11,2025-12-14,2025-12-20,2026-01-09
USR_E57372BE,FALSE,687707.52,2025-12-11,2026-01-03,2025-12-20,2026-01-06
USR_E57372BE,FALSE,716376.04,2025-11-11,2025-11-12,2025-11-20,2025-11-28
USR_E57372BE,FALSE,535109.82,2025-10-11,2025-10-24,2025-10-20,2025-10-28
USR_E57372BE,FALSE,147746.25,2025-09-11,2025-09-22,2025-09-20,2025-10-03
USR_E57372BE,FALSE,840125.42,2025-08-11,2025-08-15,2025-08-20,2025-08-24
USR_2C48C91A,FALSE,215837.02,2025-12-11,2026-01-02,2025-12-20,2026-01-12
USR_2C48C91A,FALSE,367584.98,2025-12-11,2025-12-29,2025-12-20,2026-01-15
USR_2C48C91A,FALSE,175666.11,2025-11-11,2025-11-30,2025-11-20,2025-12-11
USR_2C48C91A,FALSE,591667.01,2025-10-11,2025-10-24,2025-10-20,2025-11-13
USR_2C48C91A,FALSE,366180.89,2025-09-11,2025-09-29,2025-09-20,2025-10-14
USR_2C48C91A,FALSE,683463.36,2025-08-11,2025-08-19,2025-08-20,2025-08-22
USR_A2976157,TRUE,249643.66,2025-12-11,2025-12-11,2025-12-20,2025-12-20
USR_A2976157,TRUE,602436.05,2025-12-11,2025-12-11,2025-12-20,2025-12-20
USR_A2976157,TRUE,410741.06,2025-11-11,2025-11-11,2025-11-20,2025-11-20
USR_A2976157,TRUE,368485.99,2025-10-11,2025-10-11,2025-10-20,2025-10-20
USR_A2976157,TRUE,249892.33,2025-09-11,2025-09-11,2025-09-20,2025-09-20
USR_A2976157,TRUE,167233.73,2025-08-11,2025-08-11,2025-08-20,2025-08-20
USR_D481AAA8,TRUE,999464.21,2025-12-11,2025-12-11,2025-12-20,2025-12-20
USR_D481AAA8,TRUE,870268.17,2025-12-11,2025-12-11,2025-12-20,2025-12-20
USR_D481AAA8,TRUE,262609.35,2025-11-11,2025-11-11,2025-11-20,2025-11-20
USR_D481AAA8,TRUE,810565.92,2025-10-11,2025-10-11,2025-10-20,2025-10-20
USR_D481AAA8,TRUE,505876.35,2025-09-11,2025-09-11,2025-09-20,2025-09-20
USR_D481AAA8,TRUE,701111.35,2025-08-11,2025-08-11,2025-08-20,2025-08-20
USR_CE97D145,TRUE,660782.87,2025-12-11,2025-12-11,2025-12-20,2025-12-20
USR_CE97D145,TRUE,831283.83,2025-12-11,2025-12-11,2025-12-20,2025-12-20
USR_CE97D145,TRUE,579027.22,2025-11-11,2025-11-11,2025-11-20,2025-11-20
USR_CE97D145,TRUE,384509.1,2025-10-11,2025-10-11,2025-10-20,2025-10-20
USR_CE97D145,TRUE,731493.86,2025-09-11,2025-09-11,2025-09-20,2025-09-20
USR_CE97D145,TRUE,351965.75,2025-08-11,2025-08-11,2025-08-20,2025-08-20
USR_1D0FEE10,TRUE,857095.41,2025-12-11,2025-12-11,2025-12-20,2025-12-20
USR_1D0FEE10,TRUE,539494.52,2025-12-11,2025-12-11,2025-12-20,2025-12-20
USR_1D0FEE10,TRUE,333396.03,2025-11-11,2025-11-11,2025-11-20,2025-11-20
USR_1D0FEE10,TRUE,593479.0,2025-10-11,2025-10-11,2025-10-20,2025-10-20
USR_1D0FEE10,TRUE,383398.9,2025-09-11,2025-09-11,2025-09-20,2025-09-20
USR_1D0FEE10,TRUE,929114.19,2025-08-11,2025-08-11,2025-08-20,2025-08-20
USR_BF5588E8,FALSE,232747.25,2025-12-11,2025-12-24,2025-12-20,2025-12-24
USR_BF5588E8,FALSE,252106.21,2025-12-11,2025-12-26,2025-12-20,2025-12-26
USR_BF5588E8,FALSE,210942.83,2025-11-11,2025-11-23,2025-11-20,2025-12-03
USR_BF5588E8,FALSE,140156.2,2025-10-11,2025-10-14,2025-10-20,2025-10-24
USR_BF5588E8,FALSE,440903.98,2025-09-11,2025-10-01,2025-09-20,2025-10-20
USR_BF5588E8,FALSE,650513.09,2025-08-11,2025-08-19,2025-08-20,2025-09-14
USR_BCD6D097,TRUE,993847.25,2025-12-11,2025-12-11,2025-12-20,2025-12-20
USR_BCD6D097,TRUE,117285.36,2025-12-11,2025-12-11,2025-12-20,2025-12-20
USR_BCD6D097,TRUE,354657.52,2025-11-11,2025-11-11,2025-11-20,2025-11-20
USR_BCD6D097,TRUE,473021.0,2025-10-11,2025-10-11,2025-10-20,2025-10-20
USR_BCD6D097,TRUE,635144.02,2025-09-11,2025-09-11,2025-09-20,2025-09-20
USR_BCD6D097,TRUE,894775.5,2025-08-11,2025-08-11,2025-08-20,2025-08-20
USR_BA36AACE,TRUE,473016.07,2025-12-11,2025-12-11,2025-12-20,2025-12-20
USR_BA36AACE,TRUE,574376.92,2025-12-11,2025-12-11,2025-12-20,2025-12-20
USR_BA36AACE,TRUE,376940.31,2025-11-11,2025-11-11,2025-11-20,2025-11-20
USR_BA36AACE,TRUE,834082.61,2025-10-11,2025-10-11,2025-10-20,2025-10-20
USR_BA36AACE,TRUE,414892.43,2025-09-11,2025-09-11,2025-09-20,2025-09-20
USR_BA36AACE,TRUE,430133.58,2025-08-11,2025-08-11,2025-08-20,2025-08-20
USR_3CA18DF9,TRUE,281945.35,2025-12-11,2025-12-11,2025-12-20,2025-12-20
USR_3CA18DF9,TRUE,757478.51,2025-12-11,2025-12-11,2025-12-20,2025-12-20
USR_3CA18DF9,TRUE,175927.48,2025-11-11,2025-11-11,2025-11-20,2025-11-20
USR_3CA18DF9,TRUE,556566.97,2025-10-11,2025-10-11,2025-10-20,2025-10-20
USR_3CA18DF9,TRUE,597437.33,2025-09-11,2025-09-11,2025-09-20,2025-09-20
USR_3CA18DF9,TRUE,533585.11,2025-08-11,2025-08-11,2025-08-20,2025-08-20
USR_B67AEC9A,FALSE,532007.41,2025-12-11,2025-12-22,2025-12-20,2026-01-01
USR_B67AEC9A,FALSE,566980.39,2025-12-11,2025-12-13,2025-12-20,2025-12-21
USR_B67AEC9A,FALSE,177419.11,2025-11-11,2025-11-12,2025-11-20,2025-11-21
USR_B67AEC9A,FALSE,761074.32,2025-10-11,2025-10-23,2025-10-20,2025-10-30
USR_B67AEC9A,FALSE,904629.95,2025-09-11,2025-09-26,2025-09-20,2025-10-12
USR_B67AEC9A,FALSE,284985.8,2025-08-11,2025-08-24,2025-08-20,2025-09-09
USR_A5EF02D6,TRUE,671117.84,2025-12-11,2025-12-11,2025-12-20,2025-12-20
USR_A5EF02D6,TRUE,629844.29,2025-12-11,2025-12-11,2025-12-20,2025-12-20
USR_A5EF02D6,TRUE,140475.73,2025-11-11,2025-11-11,2025-11-20,2025-11-20
USR_A5EF02D6,TRUE,943559.68,2025-10-11,2025-10-11,2025-10-20,2025-10-20
USR_A5EF02D6,TRUE,964329.01,2025-09-11,2025-09-11,2025-09-20,2025-09-20
USR_A5EF02D6,TRUE,425238.73,2025-08-11,2025-08-11,2025-08-20,2025-08-20
USR_1D2268B7,TRUE,462910.99,2025-12-11,2025-12-11,2025-12-20,2025-12-20
USR_1D2268B7,TRUE,130469.59,2025-12-11,2025-12-11,2025-12-20,2025-12-20
USR_1D2268B7,TRUE,525705.65,2025-11-11,2025-11-11,2025-11-20,2025-11-20
USR_1D2268B7,TRUE,376314.56,2025-10-11,2025-10-11,2025-10-20,2025-10-20
USR_1D2268B7,TRUE,808649.1,2025-09-11,2025-09-11,2025-09-20,2025-09-20
USR_1D2268B7,TRUE,278994.92,2025-08-11,2025-08-11,2025-08-20,2025-08-20
USR_1C3C392D,TRUE,745444.08,2025-12-11,2025-12-11,2025-12-20,2025-12-20
USR_1C3C392D,TRUE,559054.86,2025-12-11,2025-12-11,2025-12-20,2025-12-20
USR_1C3C392D,TRUE,790860.6,2025-11-11,2025-11-11,2025-11-20,2025-11-20
USR_1C3C392D,TRUE,724608.18,2025-10-11,2025-10-11,2025-10-20,2025-10-20
USR_1C3C392D,TRUE,980313.14,2025-09-11,2025-09-11,2025-09-20,2025-09-20
USR_1C3C392D,TRUE,878077.16,2025-08-11,2025-08-11,2025-08-20,2025-08-20
USR_91891D33,FALSE,293866.96,2025-12-11,2025-12-19,2025-12-20,2026-01-10
USR_91891D33,FALSE,831208.94,2025-12-11,2026-01-02,2025-12-20,2025-12-26
USR_91891D33,FALSE,427243.19,2025-11-11,2025-12-04,2025-11-20,2025-11-30
USR_91891D33,FALSE,177940.77,2025-10-11,2025-11-10,2025-10-20,2025-11-04
USR_91891D33,FALSE,214489.39,2025-09-11,2025-09-30,2025-09-20,2025-10-18
USR_91891D33,FALSE,169009.78,2025-08-11,2025-09-08,2025-08-20,2025-08-28
USR_EE183CE1,FALSE,767014.6,2025-12-11,2025-12-30,2025-12-20,2026-01-11
USR_EE183CE1,FALSE,396186.44,2025-12-11,2025-12-15,2025-12-20,2025-12-29
USR_EE183CE1,FALSE,908318.56,2025-11-11,2025-11-25,2025-11-20,2025-11-30
USR_EE183CE1,FALSE,646087.91,2025-10-11,2025-10-13,2025-10-20,2025-10-26
USR_EE183CE1,FALSE,486372.51,2025-09-11,2025-09-12,2025-09-20,2025-10-18
USR_EE183CE1,FALSE,124694.87,2025-08-11,2025-09-03,2025-08-20,2025-09-16
USR_36496D3E,TRUE,402041.62,2025-12-11,2025-12-11,2025-12-20,2025-12-20
USR_36496D3E,TRUE,951745.55,2025-12-11,2025-12-11,2025-12-20,2025-12-20
USR_36496D3E,TRUE,251598.19,2025-11-11,2025-11-11,2025-11-20,2025-11-20
USR_36496D3E,TRUE,949442.1,2025-10-11,2025-10-11,2025-10-20,2025-10-20
USR_36496D3E,TRUE,624325.87,2025-09-11,2025-09-11,2025-09-20,2025-09-20
USR_36496D3E,TRUE,442263.88,2025-08-11,2025-08-11,2025-08-20,2025-08-20
USR_6AFFFFBD,TRUE,973311.81,2025-12-11,2025-12-11,2025-12-20,2025-12-20
USR_6AFFFFBD,TRUE,547404.64,2025-12-11,2025-12-11,2025-12-20,2025-12-20
USR_6AFFFFBD,TRUE,271739.13,2025-11-11,2025-11-11,2025-11-20,2025-11-20
USR_6AFFFFBD,TRUE,673399.97,2025-10-11,2025-10-11,2025-10-20,2025-10-20
USR_6AFFFFBD,TRUE,209368.78,2025-09-11,2025-09-11,2025-09-20,2025-09-20
USR_6AFFFFBD,TRUE,340413.63,2025-08-11,2025-08-11,2025-08-20,2025-08-20
USR_A08A21C5,TRUE,712368.63,2025-12-11,2025-12-11,2025-12-20,2025-12-20
USR_A08A21C5,TRUE,230907.61,2025-12-11,2025-12-11,2025-12-20,2025-12-20
USR_A08A21C5,TRUE,788433.83,2025-11-11,2025-11-11,2025-11-20,2025-11-20
USR_A08A21C5,TRUE,868057.2,2025-10-11,2025-10-11,2025-10-20,2025-10-20
USR_A08A21C5,TRUE,321437.48,2025-09-11,2025-09-11,2025-09-20,2025-09-20
USR_A08A21C5,TRUE,860889.55,2025-08-11,2025-08-11,2025-08-20,2025-08-20
USR_0F5C5E4C,TRUE,379516.97,2025-12-11,2025-12-11,2025-12-20,2025-12-20
USR_0F5C5E4C,TRUE,735476.73,2025-12-11,2025-12-11,2025-12-20,2025-12-20
USR_0F5C5E4C,TRUE,168894.23,2025-11-11,2025-11-11,2025-11-20,2025-11-20
USR_0F5C5E4C,TRUE,456342.76,2025-10-11,2025-10-11,2025-10-20,2025-10-20
USR_0F5C5E4C,TRUE,641251.15,2025-09-11,2025-09-11,2025-09-20,2025-09-20
USR_0F5C5E4C,TRUE,604449.72,2025-08-11,2025-08-11,2025-08-20,2025-08-20
USR_ED97CFBF,TRUE,710657.15,2025-12-11,2025-12-11,2025-12-20,2025-12-20
USR_ED97CFBF,TRUE,260417.45,2025-12-11,2025-12-11,2025-12-20,2025-12-20
USR_ED97CFBF,TRUE,122900.47,2025-11-11,2025-11-11,2025-11-20,2025-11-20
USR_ED97CFBF,TRUE,593660.55,2025-10-11,2025-10-11,2025-10-20,2025-10-20
USR_ED97CFBF,TRUE,683850.05,2025-09-11,2025-09-11,2025-09-20,2025-09-20
USR_ED97CFBF,TRUE,306950.65,2025-08-11,2025-08-11,2025-08-20,2025-08-20
USR_EDAF7D27,TRUE,410103.9,2025-12-11,2025-12-11,2025-12-20,2025-12-20
USR_EDAF7D27,TRUE,955783.36,2025-12-11,2025-12-11,2025-12-20,2025-12-20
USR_EDAF7D27,TRUE,255464.56,2025-11-11,2025-11-11,2025-11-20,2025-11-20
USR_EDAF7D27,TRUE,439605.08,2025-10-11,2025-10-11,2025-10-20,2025-10-20
USR_EDAF7D27,TRUE,496618.26,2025-09-11,2025-09-11,2025-09-20,2025-09-20
USR_EDAF7D27,TRUE,122713.28,2025-08-11,2025-08-11,2025-08-20,2025-08-20
USR_80C05134,FALSE,714767.31,2025-12-11,2025-12-14,2025-12-20,2026-01-02
USR_80C05134,FALSE,203241.19,2025-12-11,2025-12-25,2025-12-20,2026-01-05
USR_80C05134,FALSE,141048.84,2025-11-11,2025-12-01,2025-11-20,2025-12-19
USR_80C05134,FALSE,967015.33,2025-10-11,2025-10-29,2025-10-20,2025-11-05
USR_80C05134,FALSE,975955.06,2025-09-11,2025-09-27,2025-09-20,2025-10-20
USR_80C05134,FALSE,820036.24,2025-08-11,2025-09-07,2025-08-20,2025-09-12
USR_1925802F,TRUE,132075.29,2025-12-11,2025-12-11,2025-12-20,2025-12-20
USR_1925802F,TRUE,789293.29,2025-12-11,2025-12-11,2025-12-20,2025-12-20
USR_1925802F,TRUE,884738.69,2025-11-11,2025-11-11,2025-11-20,2025-11-20
USR_1925802F,TRUE,341608.49,2025-10-11,2025-10-11,2025-10-20,2025-10-20
USR_1925802F,TRUE,890305.01,2025-09-11,2025-09-11,2025-09-20,2025-09-20
USR_1925802F,TRUE,405566.42,2025-08-11,2025-08-11,2025-08-20,2025-08-20
USR_6AC57D7E,FALSE,525241.69,2025-12-11,2025-12-26,2025-12-20,2026-01-13
USR_6AC57D7E,FALSE,549714.44,2025-12-11,2026-01-02,2025-12-20,2026-01-17
USR_6AC57D7E,FALSE,639035.85,2025-11-11,2025-11-24,2025-11-20,2025-11-28
USR_6AC57D7E,FALSE,184606.91,2025-10-11,2025-10-19,2025-10-20,2025-11-05
USR_6AC57D7E,FALSE,322848.47,2025-09-11,2025-10-07,2025-09-20,2025-10-13
USR_6AC57D7E,FALSE,964100.4,2025-08-11,2025-09-07,2025-08-20,2025-09-18
USR_FF8F6EE2,TRUE,225457.54,2025-12-11,2025-12-11,2025-12-20,2025-12-20
USR_FF8F6EE2,TRUE,759163.76,2025-12-11,2025-12-11,2025-12-20,2025-12-20
USR_FF8F6EE2,TRUE,382149.74,2025-11-11,2025-11-11,2025-11-20,2025-11-20
USR_FF8F6EE2,TRUE,575491.62,2025-10-11,2025-10-11,2025-10-20,2025-10-20
USR_FF8F6EE2,TRUE,400304.08,2025-09-11,2025-09-11,2025-09-20,2025-09-20
USR_FF8F6EE2,TRUE,142447.5,2025-08-11,2025-08-11,2025-08-20,2025-08-20
USR_3B5E30C1,FALSE,740556.74,2025-12-11,2026-01-07,2025-12-20,2025-12-22
USR_3B5E30C1,FALSE,551620.83,2025-12-11,2026-01-06,2025-12-20,2025-12-25
USR_3B5E30C1,FALSE,935805.19,2025-11-11,2025-12-08,2025-11-20,2025-12-11
USR_3B5E30C1,FALSE,763100.35,2025-10-11,2025-11-08,2025-10-20,2025-11-12
USR_3B5E30C1,FALSE,534262.28,2025-09-11,2025-09-23,2025-09-20,2025-09-30
USR_3B5E30C1,FALSE,160088.0,2025-08-11,2025-08-19,2025-08-20,2025-09-13
USR_CF018449,TRUE,121469.73,2025-12-11,2025-12-11,2025-12-20,2025-12-20
USR_CF018449,TRUE,224709.04,2025-12-11,2025-12-11,2025-12-20,2025-12-20
USR_CF018449,TRUE,355844.58,2025-11-11,2025-11-11,2025-11-20,2025-11-20
USR_CF018449,TRUE,801701.72,2025-10-11,2025-10-11,2025-10-20,2025-10-20
USR_CF018449,TRUE,503791.81,2025-09-11,2025-09-11,2025-09-20,2025-09-20
USR_CF018449,TRUE,143844.16,2025-08-11,2025-08-11,2025-08-20,2025-08-20
USR_42293195,FALSE,643018.88,2025-12-11,2025-12-13,2025-12-20,2026-01-18
USR_42293195,FALSE,602820.79,2025-12-11,2025-12-30,2025-12-20,2025-12-27
USR_42293195,FALSE,684397.53,2025-11-11,2025-11-18,2025-11-20,2025-12-01
USR_42293195,FALSE,284564.33,2025-10-11,2025-11-05,2025-10-20,2025-11-14
USR_42293195,FALSE,419779.99,2025-09-11,2025-09-27,2025-09-20,2025-10-09
USR_42293195,FALSE,760668.78,2025-08-11,2025-08-18,2025-08-20,2025-08-30
USR_DB373E39,FALSE,230824.69,2025-12-11,2025-12-28,2025-12-20,2026-01-09
USR_DB373E39,FALSE,214304.43,2025-12-11,2025-12-26,2025-12-20,2026-01-03
USR_DB373E39,FALSE,902933.29,2025-11-11,2025-11-22,2025-11-20,2025-12-18
USR_DB373E39,FALSE,545062.03,2025-10-11,2025-10-19,2025-10-20,2025-10-24
USR_DB373E39,FALSE,528901.69,2025-09-11,2025-09-24,2025-09-20,2025-10-03
USR_DB373E39,FALSE,710486.39,2025-08-11,2025-08-23,2025-08-20,2025-08-28
USR_77C6FF11,TRUE,772555.26,2025-12-11,2025-12-11,2025-12-20,2025-12-20
USR_77C6FF11,TRUE,346381.82,2025-12-11,2025-12-11,2025-12-20,2025-12-20
USR_77C6FF11,TRUE,580863.8,2025-11-11,2025-11-11,2025-11-20,2025-11-20
USR_77C6FF11,TRUE,651467.32,2025-10-11,2025-10-11,2025-10-20,2025-10-20
USR_77C6FF11,TRUE,220266.91,2025-09-11,2025-09-11,2025-09-20,2025-09-20
USR_77C6FF11,TRUE,506875.14,2025-08-11,2025-08-11,2025-08-20,2025-08-20
USR_2CC1D7EB,TRUE,405246.42,2025-12-11,2025-12-11,2025-12-20,2025-12-20
USR_2CC1D7EB,TRUE,267553.06,2025-12-11,2025-12-11,2025-12-20,2025-12-20
USR_2CC1D7EB,TRUE,327242.21,2025-11-11,2025-11-11,2025-11-20,2025-11-20
USR_2CC1D7EB,TRUE,494319.01,2025-10-11,2025-10-11,2025-10-20,2025-10-20
USR_2CC1D7EB,TRUE,552552.78,2025-09-11,2025-09-11,2025-09-20,2025-09-20
USR_2CC1D7EB,TRUE,702239.73,2025-08-11,2025-08-11,2025-08-20,2025-08-20
USR_3E3B1B8A,TRUE,199324.54,2025-12-11,2025-12-11,2025-12-20,2025-12-20
USR_3E3B1B8A,TRUE,388178.68,2025-12-11,2025-12-11,2025-12-20,2025-12-20
USR_3E3B1B8A,TRUE,580999.76,2025-11-11,2025-11-11,2025-11-20,2025-11-20
USR_3E3B1B8A,TRUE,212181.25,2025-10-11,2025-10-11,2025-10-20,2025-10-20
USR_3E3B1B8A,TRUE,898459.57,2025-09-11,2025-09-11,2025-09-20,2025-09-20
USR_3E3B1B8A,TRUE,100904.02,2025-08-11,2025-08-11,2025-08-20,2025-08-20
USR_C5E1436A,TRUE,270503.89,2025-12-11,2025-12-11,2025-12-20,2025-12-20
USR_C5E1436A,TRUE,435380.52,2025-12-11,2025-12-11,2025-12-20,2025-12-20
USR_C5E1436A,TRUE,863115.71,2025-11-11,2025-11-11,2025-11-20,2025-11-20
USR_C5E1436A,TRUE,886421.74,2025-10-11,2025-10-11,2025-10-20,2025-10-20
USR_C5E1436A,TRUE,139897.36,2025-09-11,2025-09-11,2025-09-20,2025-09-20
USR_C5E1436A,TRUE,830305.17,2025-08-11,2025-08-11,2025-08-20,2025-08-20
USR_FD6BBEC1,FALSE,852323.34,2025-12-11,2026-01-06,2025-12-20,2026-01-18
USR_FD6BBEC1,FALSE,278361.24,2025-12-11,2026-01-06,2025-12-20,2025-12-27
USR_FD6BBEC1,FALSE,144190.11,2025-11-11,2025-11-17,2025-11-20,2025-12-01
USR_FD6BBEC1,FALSE,863382.63,2025-10-11,2025-11-04,2025-10-20,2025-11-12
USR_FD6BBEC1,FALSE,669566.35,2025-09-11,2025-09-20,2025-09-20,2025-10-02
USR_FD6BBEC1,FALSE,428966.19,2025-08-11,2025-09-01,2025-08-20,2025-08-21
USR_2C30F7A5,TRUE,473103.47,2025-12-11,2025-12-11,2025-12-20,2025-12-20
USR_2C30F7A5,TRUE,362917.33,2025-12-11,2025-12-11,2025-12-20,2025-12-20
USR_2C30F7A5,TRUE,347193.47,2025-11-11,2025-11-11,2025-11-20,2025-11-20
USR_2C30F7A5,TRUE,445538.62,2025-10-11,2025-10-11,2025-10-20,2025-10-20
USR_2C30F7A5,TRUE,946136.67,2025-09-11,2025-09-11,2025-09-20,2025-09-20
USR_2C30F7A5,TRUE,800369.67,2025-08-11,2025-08-11,2025-08-20,2025-08-20
USR_7901B26C,TRUE,748842.8,2025-12-11,2025-12-11,2025-12-20,2025-12-20
USR_7901B26C,TRUE,368568.44,2025-12-11,2025-12-11,2025-12-20,2025-12-20
USR_7901B26C,TRUE,490866.93,2025-11-11,2025-11-11,2025-11-20,2025-11-20
USR_7901B26C,TRUE,335857.16,2025-10-11,2025-10-11,2025-10-20,2025-10-20
USR_7901B26C,TRUE,779435.69,2025-09-11,2025-09-11,2025-09-20,2025-09-20
USR_7901B26C,TRUE,329323.0,2025-08-11,2025-08-11,2025-08-20,2025-08-20
USR_CAF96D83,TRUE,452900.57,2025-12-11,2025-12-11,2025-12-20,2025-12-20
USR_CAF96D83,TRUE,492042.51,2025-12-11,2025-12-11,2025-12-20,2025-12-20
USR_CAF96D83,TRUE,946363.15,2025-11-11,2025-11-11,2025-11-20,2025-11-20
USR_CAF96D83,TRUE,521034.19,2025-10-11,2025-10-11,2025-10-20,2025-10-20
USR_CAF96D83,TRUE,249028.69,2025-09-11,2025-09-11,2025-09-20,2025-09-20
USR_CAF96D83,TRUE,222096.96,2025-08-11,2025-08-11,2025-08-20,2025-08-20
USR_802E3373,TRUE,559731.35,2025-12-11,2025-12-11,2025-12-20,2025-12-20
USR_802E3373,TRUE,996614.82,2025-12-11,2025-12-11,2025-12-20,2025-12-20
USR_802E3373,TRUE,345171.77,2025-11-11,2025-11-11,2025-11-20,2025-11-20
USR_802E3373,TRUE,213416.59,2025-10-11,2025-10-11,2025-10-20,2025-10-20
USR_802E3373,TRUE,965281.29,2025-09-11,2025-09-11,2025-09-20,2025-09-20
USR_802E3373,TRUE,107577.18,2025-08-11,2025-08-11,2025-08-20,2025-08-20
USR_4604ECBA,TRUE,959242.77,2025-12-11,2025-12-11,2025-12-20,2025-12-20
USR_4604ECBA,TRUE,760554.97,2025-12-11,2025-12-11,2025-12-20,2025-12-20
USR_4604ECBA,TRUE,165223.52,2025-11-11,2025-11-11,2025-11-20,2025-11-20
USR_4604ECBA,TRUE,180394.54,2025-10-11,2025-10-11,2025-10-20,2025-10-20
USR_4604ECBA,TRUE,969979.12,2025-09-11,2025-09-11,2025-09-20,2025-09-20
USR_4604ECBA,TRUE,235109.58,2025-08-11,2025-08-11,2025-08-20,2025-08-20
USR_8D25110F,FALSE,220988.45,2025-12-11,2025-12-14,2025-12-20,2026-01-04
USR_8D25110F,FALSE,503114.78,2025-12-11,2025-12-12,2025-12-20,2026-01-04
USR_8D25110F,FALSE,460771.58,2025-11-11,2025-12-04,2025-11-20,2025-12-15
USR_8D25110F,FALSE,620182.63,2025-10-11,2025-11-10,2025-10-20,2025-10-31
USR_8D25110F,FALSE,863634.4,2025-09-11,2025-09-13,2025-09-20,2025-10-03
USR_8D25110F,FALSE,561721.84,2025-08-11,2025-09-10,2025-08-20,2025-08-22
USR_42F1E906,FALSE,906135.65,2025-12-11,2025-12-21,2025-12-20,2026-01-13
USR_42F1E906,FALSE,998808.52,2025-12-11,2025-12-21,2025-12-20,2025-12-22
USR_42F1E906,FALSE,160267.92,2025-11-11,2025-11-25,2025-11-20,2025-12-03
USR_42F1E906,FALSE,265465.74,2025-10-11,2025-11-07,2025-10-20,2025-10-24
USR_42F1E906,FALSE,288242.57,2025-09-11,2025-10-03,2025-09-20,2025-10-02
USR_42F1E906,FALSE,729094.99,2025-08-11,2025-08-25,2025-08-20,2025-09-06
USR_0A820F34,TRUE,825889.8,2025-12-11,2025-12-11,2025-12-20,2025-12-20
USR_0A820F34,TRUE,159839.88,2025-12-11,2025-12-11,2025-12-20,2025-12-20
USR_0A820F34,TRUE,496966.42,2025-11-11,2025-11-11,2025-11-20,2025-11-20
USR_0A820F34,TRUE,890375.68,2025-10-11,2025-10-11,2025-10-20,2025-10-20
USR_0A820F34,TRUE,420299.5,2025-09-11,2025-09-11,2025-09-20,2025-09-20
USR_0A820F34,TRUE,216164.53,2025-08-11,2025-08-11,2025-08-20,2025-08-20
USR_DB47001A,TRUE,777050.82,2025-12-11,2025-12-11,2025-12-20,2025-12-20
USR_DB47001A,TRUE,707207.99,2025-12-11,2025-12-11,2025-12-20,2025-12-20
USR_DB47001A,TRUE,637738.18,2025-11-11,2025-11-11,2025-11-20,2025-11-20
USR_DB47001A,TRUE,584749.07,2025-10-11,2025-10-11,2025-10-20,2025-10-20
USR_DB47001A,TRUE,965330.65,2025-09-11,2025-09-11,2025-09-20,2025-09-20
USR_DB47001A,TRUE,362055.54,2025-08-11,2025-08-11,2025-08-20,2025-08-20
USR_2C5F70FB,TRUE,146190.72,2025-12-11,2025-12-11,2025-12-20,2025-12-20
USR_2C5F70FB,TRUE,157929.2,2025-12-11,2025-12-11,2025-12-20,2025-12-20
USR_2C5F70FB,TRUE,393565.45,2025-11-11,2025-11-11,2025-11-20,2025-11-20
USR_2C5F70FB,TRUE,238186.18,2025-10-11,2025-10-11,2025-10-20,2025-10-20
USR_2C5F70FB,TRUE,710469.25,2025-09-11,2025-09-11,2025-09-20,2025-09-20
USR_2C5F70FB,TRUE,227196.73,2025-08-11,2025-08-11,2025-08-20,2025-08-20
USR_5E40F483,FALSE,935642.19,2025-12-11,2026-01-08,2025-12-20,2026-01-02
USR_5E40F483,FALSE,314004.21,2025-12-11,2025-12-23,2025-12-20,2026-01-09
USR_5E40F483,FALSE,163036.51,2025-11-11,2025-11-24,2025-11-20,2025-12-05
USR_5E40F483,FALSE,398640.6,2025-10-11,2025-11-01,2025-10-20,2025-11-16
USR_5E40F483,FALSE,994923.62,2025-09-11,2025-10-08,2025-09-20,2025-10-04
USR_5E40F483,FALSE,744700.42,2025-08-11,2025-08-15,2025-08-20,2025-09-07
USR_9C7FD43C,FALSE,371827.78,2025-12-11,2025-12-17,2025-12-20,2025-12-29
USR_9C7FD43C,FALSE,511911.31,2025-12-11,2025-12-27,2025-12-20,2026-01-07
USR_9C7FD43C,FALSE,110160.46,2025-11-11,2025-12-05,2025-11-20,2025-11-29
USR_9C7FD43C,FALSE,353263.67,2025-10-11,2025-10-16,2025-10-20,2025-11-13
USR_9C7FD43C,FALSE,509804.91,2025-09-11,2025-10-10,2025-09-20,2025-10-06
USR_9C7FD43C,FALSE,848737.36,2025-08-11,2025-08-26,2025-08-20,2025-09-15
USR_A17EF5B2,FALSE,554504.83,2025-12-11,2026-01-07,2025-12-20,2025-12-26
USR_A17EF5B2,FALSE,104084.83,2025-12-11,2025-12-16,2025-12-20,2026-01-09
USR_A17EF5B2,FALSE,918806.24,2025-11-11,2025-11-23,2025-11-20,2025-12-17
USR_A17EF5B2,FALSE,391494.42,2025-10-11,2025-10-17,2025-10-20,2025-11-06
USR_A17EF5B2,FALSE,631842.07,2025-09-11,2025-09-15,2025-09-20,2025-10-10
USR_A17EF5B2,FALSE,709498.12,2025-08-11,2025-08-21,2025-08-20,2025-09-13
USR_006C51BF,TRUE,844803.73,2025-12-11,2025-12-11,2025-12-20,2025-12-20
USR_006C51BF,TRUE,197137.53,2025-12-11,2025-12-11,2025-12-20,2025-12-20
USR_006C51BF,TRUE,829197.43,2025-11-11,2025-11-11,2025-11-20,2025-11-20
USR_006C51BF,TRUE,597989.04,2025-10-11,2025-10-11,2025-10-20,2025-10-20
USR_006C51BF,TRUE,938109.82,2025-09-11,2025-09-11,2025-09-20,2025-09-20
USR_006C51BF,TRUE,518814.87,2025-08-11,2025-08-11,2025-08-20,2025-08-20
USR_B84EFD5C,TRUE,881228.59,2025-12-11,2025-12-11,2025-12-20,2025-12-20
USR_B84EFD5C,TRUE,381209.85,2025-12-11,2025-12-11,2025-12-20,2025-12-20
USR_B84EFD5C,TRUE,323078.65,2025-11-11,2025-11-11,2025-11-20,2025-11-20
USR_B84EFD5C,TRUE,470178.94,2025-10-11,2025-10-11,2025-10-20,2025-10-20
USR_B84EFD5C,TRUE,455504.94,2025-09-11,2025-09-11,2025-09-20,2025-09-20
USR_B84EFD5C,TRUE,673165.08,2025-08-11,2025-08-11,2025-08-20,2025-08-20
USR_A7908B7B,TRUE,247156.67,2025-12-11,2025-12-11,2025-12-20,2025-12-20
USR_A7908B7B,TRUE,855052.05,2025-12-11,2025-12-11,2025-12-20,2025-12-20
USR_A7908B7B,TRUE,520622.46,2025-11-11,2025-11-11,2025-11-20,2025-11-20
USR_A7908B7B,TRUE,809242.66,2025-10-11,2025-10-11,2025-10-20,2025-10-20
USR_A7908B7B,TRUE,901579.56,2025-09-11,2025-09-11,2025-09-20,2025-09-20
USR_A7908B7B,TRUE,882713.47,2025-08-11,2025-08-11,2025-08-20,2025-08-20
USR_0AFC914F,TRUE,944221.22,2025-12-11,2025-12-11,2025-12-20,2025-12-20
USR_0AFC914F,TRUE,984946.54,2025-12-11,2025-12-11,2025-12-20,2025-12-20
USR_0AFC914F,TRUE,286071.89,2025-11-11,2025-11-11,2025-11-20,2025-11-20
USR_0AFC914F,TRUE,553498.21,2025-10-11,2025-10-11,2025-10-20,2025-10-20
USR_0AFC914F,TRUE,590438.36,2025-09-11,2025-09-11,2025-09-20,2025-09-20
USR_0AFC914F,TRUE,655640.31,2025-08-11,2025-08-11,2025-08-20,2025-08-20
USR_BC20E5CC,TRUE,382276.92,2025-12-11,2025-12-11,2025-12-20,2025-12-20
USR_BC20E5CC,TRUE,441370.79,2025-12-11,2025-12-11,2025-12-20,2025-12-20
USR_BC20E5CC,TRUE,661475.48,2025-11-11,2025-11-11,2025-11-20,2025-11-20
USR_BC20E5CC,TRUE,824938.87,2025-10-11,2025-10-11,2025-10-20,2025-10-20
USR_BC20E5CC,TRUE,326516.56,2025-09-11,2025-09-11,2025-09-20,2025-09-20
USR_BC20E5CC,TRUE,118761.48,2025-08-11,2025-08-11,2025-08-20,2025-08-20
USR_D3A62559,TRUE,551053.24,2025-12-11,2025-12-11,2025-12-20,2025-12-20
USR_D3A62559,TRUE,324791.64,2025-12-11,2025-12-11,2025-12-20,2025-12-20
USR_D3A62559,TRUE,943962.12,2025-11-11,2025-11-11,2025-11-20,2025-11-20
USR_D3A62559,TRUE,168779.17,2025-10-11,2025-10-11,2025-10-20,2025-10-20
USR_D3A62559,TRUE,155715.93,2025-09-11,2025-09-11,2025-09-20,2025-09-20
USR_D3A62559,TRUE,299743.05,2025-08-11,2025-08-11,2025-08-20,2025-08-20
USR_A1DD0213,TRUE,477810.22,2025-12-11,2025-12-11,2025-12-20,2025-12-20
USR_A1DD0213,TRUE,341851.09,2025-12-11,2025-12-11,2025-12-20,2025-12-20
USR_A1DD0213,TRUE,697653.17,2025-11-11,2025-11-11,2025-11-20,2025-11-20
USR_A1DD0213,TRUE,802026.31,2025-10-11,2025-10-11,2025-10-20,2025-10-20
USR_A1DD0213,TRUE,805205.72,2025-09-11,2025-09-11,2025-09-20,2025-09-20
USR_A1DD0213,TRUE,587524.33,2025-08-11,2025-08-11,2025-08-20,2025-08-20
USR_8570E9EE,TRUE,894825.95,2025-12-11,2025-12-11,2025-12-20,2025-12-20
USR_8570E9EE,TRUE,939064.38,2025-12-11,2025-12-11,2025-12-20,2025-12-20
USR_8570E9EE,TRUE,657792.7,2025-11-11,2025-11-11,2025-11-20,2025-11-20
USR_8570E9EE,TRUE,860942.41,2025-10-11,2025-10-11,2025-10-20,2025-10-20
USR_8570E9EE,TRUE,263482.98,2025-09-11,2025-09-11,2025-09-20,2025-09-20
USR_8570E9EE,TRUE,182129.17,2025-08-11,2025-08-11,2025-08-20,2025-08-20
USR_9674069A,TRUE,791128.47,2025-12-11,2025-12-11,2025-12-20,2025-12-20
USR_9674069A,TRUE,232250.97,2025-12-11,2025-12-11,2025-12-20,2025-12-20
USR_9674069A,TRUE,320211.69,2025-11-11,2025-11-11,2025-11-20,2025-11-20
USR_9674069A,TRUE,752301.04,2025-10-11,2025-10-11,2025-10-20,2025-10-20
USR_9674069A,TRUE,334186.49,2025-09-11,2025-09-11,2025-09-20,2025-09-20
USR_9674069A,TRUE,350890.04,2025-08-11,2025-08-11,2025-08-20,2025-08-20
USR_867C4321,TRUE,156792.06,2025-12-11,2025-12-11,2025-12-20,2025-12-20
USR_867C4321,TRUE,663090.64,2025-12-11,2025-12-11,2025-12-20,2025-12-20
USR_867C4321,TRUE,963142.98,2025-11-11,2025-11-11,2025-11-20,2025-11-20
USR_867C4321,TRUE,256050.62,2025-10-11,2025-10-11,2025-10-20,2025-10-20
USR_867C4321,TRUE,515323.85,2025-09-11,2025-09-11,2025-09-20,2025-09-20
USR_867C4321,TRUE,884487.69,2025-08-11,2025-08-11,2025-08-20,2025-08-20
USR_9207889E,TRUE,612022.67,2025-12-11,2025-12-11,2025-12-20,2025-12-20
USR_9207889E,TRUE,499777.16,2025-12-11,2025-12-11,2025-12-20,2025-12-20
USR_9207889E,TRUE,550643.28,2025-11-11,2025-11-11,2025-11-20,2025-11-20
USR_9207889E,TRUE,995589.49,2025-10-11,2025-10-11,2025-10-20,2025-10-20
USR_9207889E,TRUE,236870.42,2025-09-11,2025-09-11,2025-09-20,2025-09-20
USR_9207889E,TRUE,703773.66,2025-08-11,2025-08-11,2025-08-20,2025-08-20
USR_DE9B2E6E,FALSE,645308.12,2025-12-11,2025-12-13,2025-12-20,2025-12-29
USR_DE9B2E6E,FALSE,369145.9,2025-12-11,2026-01-03,2025-12-20,2025-12-28
USR_DE9B2E6E,FALSE,309951.61,2025-11-11,2025-12-10,2025-11-20,2025-12-03
USR_DE9B2E6E,FALSE,316276.55,2025-10-11,2025-11-07,2025-10-20,2025-11-10
USR_DE9B2E6E,FALSE,111705.46,2025-09-11,2025-10-11,2025-09-20,2025-10-14
USR_DE9B2E6E,FALSE,730771.76,2025-08-11,2025-08-21,2025-08-20,2025-09-08
USR_595727AA,TRUE,858581.08,2025-12-11,2025-12-11,2025-12-20,2025-12-20
USR_595727AA,TRUE,503364.25,2025-12-11,2025-12-11,2025-12-20,2025-12-20
USR_595727AA,TRUE,684324.97,2025-11-11,2025-11-11,2025-11-20,2025-11-20
USR_595727AA,TRUE,569438.83,2025-10-11,2025-10-11,2025-10-20,2025-10-20
USR_595727AA,TRUE,485142.9,2025-09-11,2025-09-11,2025-09-20,2025-09-20
USR_595727AA,TRUE,643831.62,2025-08-11,2025-08-11,2025-08-20,2025-08-20
USR_3C88F0D5,TRUE,640234.4,2025-12-11,2025-12-11,2025-12-20,2025-12-20
USR_3C88F0D5,TRUE,268066.79,2025-12-11,2025-12-11,2025-12-20,2025-12-20
USR_3C88F0D5,TRUE,606875.71,2025-11-11,2025-11-11,2025-11-20,2025-11-20
USR_3C88F0D5,TRUE,184046.03,2025-10-11,2025-10-11,2025-10-20,2025-10-20
USR_3C88F0D5,TRUE,774352.86,2025-09-11,2025-09-11,2025-09-20,2025-09-20
USR_3C88F0D5,TRUE,203493.93,2025-08-11,2025-08-11,2025-08-20,2025-08-20
USR_7FDD271C,TRUE,209406.88,2025-12-11,2025-12-11,2025-12-20,2025-12-20
USR_7FDD271C,TRUE,641963.86,2025-12-11,2025-12-11,2025-12-20,2025-12-20
USR_7FDD271C,TRUE,701146.63,2025-11-11,2025-11-11,2025-11-20,2025-11-20
USR_7FDD271C,TRUE,272560.44,2025-10-11,2025-10-11,2025-10-20,2025-10-20
USR_7FDD271C,TRUE,693652.27,2025-09-11,2025-09-11,2025-09-20,2025-09-20
USR_7FDD271C,TRUE,578262.85,2025-08-11,2025-08-11,2025-08-20,2025-08-20
USR_99B30CD5,TRUE,647738.62,2025-12-11,2025-12-11,2025-12-20,2025-12-20
USR_99B30CD5,TRUE,209550.24,2025-12-11,2025-12-11,2025-12-20,2025-12-20
USR_99B30CD5,TRUE,512128.51,2025-11-11,2025-11-11,2025-11-20,2025-11-20
USR_99B30CD5,TRUE,548906.04,2025-10-11,2025-10-11,2025-10-20,2025-10-20
USR_99B30CD5,TRUE,485451.83,2025-09-11,2025-09-11,2025-09-20,2025-09-20
USR_99B30CD5,TRUE,938153.78,2025-08-11,2025-08-11,2025-08-20,2025-08-20
USR_164101A4,TRUE,648738.99,2025-12-11,2025-12-11,2025-12-20,2025-12-20
USR_164101A4,TRUE,950508.51,2025-12-11,2025-12-11,2025-12-20,2025-12-20
USR_164101A4,TRUE,319508.64,2025-11-11,2025-11-11,2025-11-20,2025-11-20
USR_164101A4,TRUE,362915.71,2025-10-11,2025-10-11,2025-10-20,2025-10-20
USR_164101A4,TRUE,800086.22,2025-09-11,2025-09-11,2025-09-20,2025-09-20
USR_164101A4,TRUE,366217.99,2025-08-11,2025-08-11,2025-08-20,2025-08-20
USR_9ED9964E,FALSE,317017.99,2025-12-11,2025-12-30,2025-12-20,2026-01-12
USR_9ED9964E,FALSE,977095.11,2025-12-11,2025-12-21,2025-12-20,2025-12-25
USR_9ED9964E,FALSE,341031.86,2025-11-11,2025-11-12,2025-11-20,2025-12-18
USR_9ED9964E,FALSE,513881.2,2025-10-11,2025-10-27,2025-10-20,2025-11-09
USR_9ED9964E,FALSE,511338.46,2025-09-11,2025-09-19,2025-09-20,2025-10-12
USR_9ED9964E,FALSE,155403.13,2025-08-11,2025-08-21,2025-08-20,2025-09-15
USR_D82A3085,TRUE,354158.77,2025-12-11,2025-12-11,2025-12-20,2025-12-20
USR_D82A3085,TRUE,246880.95,2025-12-11,2025-12-11,2025-12-20,2025-12-20
USR_D82A3085,TRUE,218354.29,2025-11-11,2025-11-11,2025-11-20,2025-11-20
USR_D82A3085,TRUE,561443.4,2025-10-11,2025-10-11,2025-10-20,2025-10-20
USR_D82A3085,TRUE,766624.19,2025-09-11,2025-09-11,2025-09-20,2025-09-20
USR_D82A3085,TRUE,396530.88,2025-08-11,2025-08-11,2025-08-20,2025-08-20
USR_7F738069,TRUE,142477.11,2025-12-11,2025-12-11,2025-12-20,2025-12-20
USR_7F738069,TRUE,714558.08,2025-12-11,2025-12-11,2025-12-20,2025-12-20
USR_7F738069,TRUE,515638.32,2025-11-11,2025-11-11,2025-11-20,2025-11-20
USR_7F738069,TRUE,199621.05,2025-10-11,2025-10-11,2025-10-20,2025-10-20
USR_7F738069,TRUE,852538.78,2025-09-11,2025-09-11,2025-09-20,2025-09-20
USR_7F738069,TRUE,817525.18,2025-08-11,2025-08-11,2025-08-20,2025-08-20
USR_41A8628E,TRUE,650751.84,2025-12-11,2025-12-11,2025-12-20,2025-12-20
USR_41A8628E,TRUE,467729.76,2025-12-11,2025-12-11,2025-12-20,2025-12-20
USR_41A8628E,TRUE,106450.42,2025-11-11,2025-11-11,2025-11-20,2025-11-20
USR_41A8628E,TRUE,848240.79,2025-10-11,2025-10-11,2025-10-20,2025-10-20
USR_41A8628E,TRUE,914122.08,2025-09-11,2025-09-11,2025-09-20,2025-09-20
USR_41A8628E,TRUE,112977.89,2025-08-11,2025-08-11,2025-08-20,2025-08-20
USR_FE0A84AB,TRUE,765044.79,2025-12-11,2025-12-11,2025-12-20,2025-12-20
USR_FE0A84AB,TRUE,936062.02,2025-12-11,2025-12-11,2025-12-20,2025-12-20
USR_FE0A84AB,TRUE,283744.93,2025-11-11,2025-11-11,2025-11-20,2025-11-20
USR_FE0A84AB,TRUE,940605.17,2025-10-11,2025-10-11,2025-10-20,2025-10-20
USR_FE0A84AB,TRUE,433327.73,2025-09-11,2025-09-11,2025-09-20,2025-09-20
USR_FE0A84AB,TRUE,909351.67,2025-08-11,2025-08-11,2025-08-20,2025-08-20
USR_18350949,TRUE,690255.41,2025-12-11,2025-12-11,2025-12-20,2025-12-20
USR_18350949,TRUE,404278.0,2025-12-11,2025-12-11,2025-12-20,2025-12-20
USR_18350949,TRUE,729906.12,2025-11-11,2025-11-11,2025-11-20,2025-11-20
USR_18350949,TRUE,720303.05,2025-10-11,2025-10-11,2025-10-20,2025-10-20
USR_18350949,TRUE,750023.84,2025-09-11,2025-09-11,2025-09-20,2025-09-20
USR_18350949,TRUE,297279.26,2025-08-11,2025-08-11,2025-08-20,2025-08-20
USR_5BA510B2,TRUE,231069.45,2025-12-11,2025-12-11,2025-12-20,2025-12-20
USR_5BA510B2,TRUE,189867.8,2025-12-11,2025-12-11,2025-12-20,2025-12-20
USR_5BA510B2,TRUE,410383.14,2025-11-11,2025-11-11,2025-11-20,2025-11-20
USR_5BA510B2,TRUE,565902.22,2025-10-11,2025-10-11,2025-10-20,2025-10-20
USR_5BA510B2,TRUE,498488.35,2025-09-11,2025-09-11,2025-09-20,2025-09-20
USR_5BA510B2,TRUE,122911.3,2025-08-11,2025-08-11,2025-08-20,2025-08-20
USR_38EBEC51,TRUE,900724.28,2025-12-11,2025-12-11,2025-12-20,2025-12-20
USR_38EBEC51,TRUE,964931.72,2025-12-11,2025-12-11,2025-12-20,2025-12-20
USR_38EBEC51,TRUE,855957.74,2025-11-11,2025-11-11,2025-11-20,2025-11-20
USR_38EBEC51,TRUE,876502.85,2025-10-11,2025-10-11,2025-10-20,2025-10-20
USR_38EBEC51,TRUE,899315.07,2025-09-11,2025-09-11,2025-09-20,2025-09-20
USR_38EBEC51,TRUE,801532.5,2025-08-11,2025-08-11,2025-08-20,2025-08-20
USR_91642567,FALSE,878860.04,2025-12-11,2025-12-24,2025-12-20,2026-01-18
USR_91642567,FALSE,509748.28,2025-12-11,2025-12-30,2025-12-20,2026-01-07
USR_91642567,FALSE,855879.86,2025-11-11,2025-11-15,2025-11-20,2025-11-21
USR_91642567,FALSE,273655.58,2025-10-11,2025-10-13,2025-10-20,2025-11-03
USR_91642567,FALSE,750402.87,2025-09-11,2025-10-05,2025-09-20,2025-10-13
USR_91642567,FALSE,763267.31,2025-08-11,2025-08-17,2025-08-20,2025-08-24
USR_2FF277E5,TRUE,264784.99,2025-12-11,2025-12-11,2025-12-20,2025-12-20
USR_2FF277E5,TRUE,114878.21,2025-12-11,2025-12-11,2025-12-20,2025-12-20
USR_2FF277E5,TRUE,340775.71,2025-11-11,2025-11-11,2025-11-20,2025-11-20
USR_2FF277E5,TRUE,414801.74,2025-10-11,2025-10-11,2025-10-20,2025-10-20
USR_2FF277E5,TRUE,178875.93,2025-09-11,2025-09-11,2025-09-20,2025-09-20
USR_2FF277E5,TRUE,236704.85,2025-08-11,2025-08-11,2025-08-20,2025-08-20
USR_E67D86FA,TRUE,736115.43,2025-12-11,2025-12-11,2025-12-20,2025-12-20
USR_E67D86FA,TRUE,720535.12,2025-12-11,2025-12-11,2025-12-20,2025-12-20
USR_E67D86FA,TRUE,252957.04,2025-11-11,2025-11-11,2025-11-20,2025-11-20
USR_E67D86FA,TRUE,865236.45,2025-10-11,2025-10-11,2025-10-20,2025-10-20
USR_E67D86FA,TRUE,888612.66,2025-09-11,2025-09-11,2025-09-20,2025-09-20
USR_E67D86FA,TRUE,999016.9,2025-08-11,2025-08-11,2025-08-20,2025-08-20
USR_0FC0E7EB,TRUE,626997.86,2025-12-11,2025-12-11,2025-12-20,2025-12-20
USR_0FC0E7EB,TRUE,621396.44,2025-12-11,2025-12-11,2025-12-20,2025-12-20
USR_0FC0E7EB,TRUE,219451.61,2025-11-11,2025-11-11,2025-11-20,2025-11-20
USR_0FC0E7EB,TRUE,317706.27,2025-10-11,2025-10-11,2025-10-20,2025-10-20
USR_0FC0E7EB,TRUE,258750.25,2025-09-11,2025-09-11,2025-09-20,2025-09-20
USR_0FC0E7EB,TRUE,867259.18,2025-08-11,2025-08-11,2025-08-20,2025-08-20
USR_90979A58,TRUE,662958.16,2025-12-11,2025-12-11,2025-12-20,2025-12-20
USR_90979A58,TRUE,191511.56,2025-12-11,2025-12-11,2025-12-20,2025-12-20
USR_90979A58,TRUE,628043.95,2025-11-11,2025-11-11,2025-11-20,2025-11-20
USR_90979A58,TRUE,966260.47,2025-10-11,2025-10-11,2025-10-20,2025-10-20
USR_90979A58,TRUE,241781.83,2025-09-11,2025-09-11,2025-09-20,2025-09-20
USR_90979A58,TRUE,789448.05,2025-08-11,2025-08-11,2025-08-20,2025-08-20
USR_1E9A6F91,TRUE,784589.0,2025-12-11,2025-12-11,2025-12-20,2025-12-20
USR_1E9A6F91,TRUE,534397.83,2025-12-11,2025-12-11,2025-12-20,2025-12-20
USR_1E9A6F91,TRUE,219636.17,2025-11-11,2025-11-11,2025-11-20,2025-11-20
USR_1E9A6F91,TRUE,539170.18,2025-10-11,2025-10-11,2025-10-20,2025-10-20
USR_1E9A6F91,TRUE,286640.97,2025-09-11,2025-09-11,2025-09-20,2025-09-20
USR_1E9A6F91,TRUE,792869.96,2025-08-11,2025-08-11,2025-08-20,2025-08-20
USR_B3899ED0,TRUE,252954.28,2025-12-11,2025-12-11,2025-12-20,2025-12-20
USR_B3899ED0,TRUE,948230.01,2025-12-11,2025-12-11,2025-12-20,2025-12-20
USR_B3899ED0,TRUE,372663.24,2025-11-11,2025-11-11,2025-11-20,2025-11-20
USR_B3899ED0,TRUE,444108.4,2025-10-11,2025-10-11,2025-10-20,2025-10-20
USR_B3899ED0,TRUE,979719.02,2025-09-11,2025-09-11,2025-09-20,2025-09-20
USR_B3899ED0,TRUE,914772.13,2025-08-11,2025-08-11,2025-08-20,2025-08-20
USR_6B4DF7F0,TRUE,403614.59,2025-12-11,2025-12-11,2025-12-20,2025-12-20
USR_6B4DF7F0,TRUE,709591.85,2025-12-11,2025-12-11,2025-12-20,2025-12-20
USR_6B4DF7F0,TRUE,236398.29,2025-11-11,2025-11-11,2025-11-20,2025-11-20
USR_6B4DF7F0,TRUE,607688.44,2025-10-11,2025-10-11,2025-10-20,2025-10-20
USR_6B4DF7F0,TRUE,928660.25,2025-09-11,2025-09-11,2025-09-20,2025-09-20
USR_6B4DF7F0,TRUE,138639.3,2025-08-11,2025-08-11,2025-08-20,2025-08-20
USR_CF21F88F,TRUE,472335.97,2025-12-11,2025-12-11,2025-12-20,2025-12-20
USR_CF21F88F,TRUE,281798.29,2025-12-11,2025-12-11,2025-12-20,2025-12-20
USR_CF21F88F,TRUE,554236.15,2025-11-11,2025-11-11,2025-11-20,2025-11-20
USR_CF21F88F,TRUE,220558.6,2025-10-11,2025-10-11,2025-10-20,2025-10-20
USR_CF21F88F,TRUE,498919.74,2025-09-11,2025-09-11,2025-09-20,2025-09-20
USR_CF21F88F,TRUE,490634.13,2025-08-11,2025-08-11,2025-08-20,2025-08-20
USR_652D23A3,FALSE,752052.57,2025-12-11,2025-12-31,2025-12-20,2025-12-31
USR_652D23A3,FALSE,411647.08,2025-12-11,2025-12-22,2025-12-20,2026-01-15
USR_652D23A3,FALSE,546691.78,2025-11-11,2025-12-02,2025-11-20,2025-12-11
USR_652D23A3,FALSE,778432.83,2025-10-11,2025-10-23,2025-10-20,2025-10-22
USR_652D23A3,FALSE,108349.27,2025-09-11,2025-09-12,2025-09-20,2025-10-06
USR_652D23A3,FALSE,510554.64,2025-08-11,2025-09-08,2025-08-20,2025-09-04
USR_E5891E2F,TRUE,695050.44,2025-12-11,2025-12-11,2025-12-20,2025-12-20
USR_E5891E2F,TRUE,824709.65,2025-12-11,2025-12-11,2025-12-20,2025-12-20
USR_E5891E2F,TRUE,108052.02,2025-11-11,2025-11-11,2025-11-20,2025-11-20
USR_E5891E2F,TRUE,913178.03,2025-10-11,2025-10-11,2025-10-20,2025-10-20
USR_E5891E2F,TRUE,906342.46,2025-09-11,2025-09-11,2025-09-20,2025-09-20
USR_E5891E2F,TRUE,753525.82,2025-08-11,2025-08-11,2025-08-20,2025-08-20
USR_CB7A1696,FALSE,287200.65,2025-12-11,2026-01-04,2025-12-20,2026-01-13
USR_CB7A1696,FALSE,414299.14,2025-12-11,2025-12-14,2025-12-20,2025-12-29
USR_CB7A1696,FALSE,930282.62,2025-11-11,2025-11-15,2025-11-20,2025-12-02
USR_CB7A1696,FALSE,825949.7,2025-10-11,2025-10-16,2025-10-20,2025-10-22
USR_CB7A1696,FALSE,392229.0,2025-09-11,2025-09-14,2025-09-20,2025-10-16
USR_CB7A1696,FALSE,486689.05,2025-08-11,2025-08-22,2025-08-20,2025-09-15
USR_D60F2F60,TRUE,749667.61,2025-12-11,2025-12-11,2025-12-20,2025-12-20
USR_D60F2F60,TRUE,857035.59,2025-12-11,2025-12-11,2025-12-20,2025-12-20
USR_D60F2F60,TRUE,851364.91,2025-11-11,2025-11-11,2025-11-20,2025-11-20
USR_D60F2F60,TRUE,901052.52,2025-10-11,2025-10-11,2025-10-20,2025-10-20
USR_D60F2F60,TRUE,758031.23,2025-09-11,2025-09-11,2025-09-20,2025-09-20
USR_D60F2F60,TRUE,504313.74,2025-08-11,2025-08-11,2025-08-20,2025-08-20
USR_97719C2A,TRUE,260666.06,2025-12-11,2025-12-11,2025-12-20,2025-12-20
USR_97719C2A,TRUE,884022.7,2025-12-11,2025-12-11,2025-12-20,2025-12-20
USR_97719C2A,TRUE,565939.01,2025-11-11,2025-11-11,2025-11-20,2025-11-20
USR_97719C2A,TRUE,981851.3,2025-10-11,2025-10-11,2025-10-20,2025-10-20
USR_97719C2A,TRUE,274086.96,2025-09-11,2025-09-11,2025-09-20,2025-09-20
USR_97719C2A,TRUE,466041.01,2025-08-11,2025-08-11,2025-08-20,2025-08-20
USR_CAB78248,TRUE,682777.6,2025-12-11,2025-12-11,2025-12-20,2025-12-20
USR_CAB78248,TRUE,749624.71,2025-12-11,2025-12-11,2025-12-20,2025-12-20
USR_CAB78248,TRUE,846305.47,2025-11-11,2025-11-11,2025-11-20,2025-11-20
USR_CAB78248,TRUE,767833.58,2025-10-11,2025-10-11,2025-10-20,2025-10-20
USR_CAB78248,TRUE,627836.74,2025-09-11,2025-09-11,2025-09-20,2025-09-20
USR_CAB78248,TRUE,969840.34,2025-08-11,2025-08-11,2025-08-20,2025-08-20
USR_2CCDDD98,FALSE,922964.96,2025-12-11,2026-01-04,2025-12-20,2026-01-08
USR_2CCDDD98,FALSE,365315.89,2025-12-11,2026-01-07,2025-12-20,2026-01-09
USR_2CCDDD98,FALSE,995675.73,2025-11-11,2025-11-24,2025-11-20,2025-12-01
USR_2CCDDD98,FALSE,910882.58,2025-10-11,2025-10-21,2025-10-20,2025-10-28
USR_2CCDDD98,FALSE,275745.17,2025-09-11,2025-10-04,2025-09-20,2025-09-21
USR_2CCDDD98,FALSE,283905.18,2025-08-11,2025-08-16,2025-08-20,2025-09-14
USR_38833D62,TRUE,847429.98,2025-12-11,2025-12-11,2025-12-20,2025-12-20
USR_38833D62,TRUE,463880.96,2025-12-11,2025-12-11,2025-12-20,2025-12-20
USR_38833D62,TRUE,908952.01,2025-11-11,2025-11-11,2025-11-20,2025-11-20
USR_38833D62,TRUE,597656.31,2025-10-11,2025-10-11,2025-10-20,2025-10-20
USR_38833D62,TRUE,495101.69,2025-09-11,2025-09-11,2025-09-20,2025-09-20
USR_38833D62,TRUE,422109.35,2025-08-11,2025-08-11,2025-08-20,2025-08-20
USR_8FFDA19B,TRUE,737909.25,2025-12-11,2025-12-11,2025-12-20,2025-12-20
USR_8FFDA19B,TRUE,281409.05,2025-12-11,2025-12-11,2025-12-20,2025-12-20
USR_8FFDA19B,TRUE,632872.61,2025-11-11,2025-11-11,2025-11-20,2025-11-20
USR_8FFDA19B,TRUE,206206.48,2025-10-11,2025-10-11,2025-10-20,2025-10-20
USR_8FFDA19B,TRUE,583073.17,2025-09-11,2025-09-11,2025-09-20,2025-09-20
USR_8FFDA19B,TRUE,734331.11,2025-08-11,2025-08-11,2025-08-20,2025-08-20
USR_07A6662C,FALSE,528073.86,2025-12-11,2025-12-23,2025-12-20,2026-01-10
USR_07A6662C,FALSE,810632.49,2025-12-11,2025-12-25,2025-12-20,2025-12-22
USR_07A6662C,FALSE,619805.25,2025-11-11,2025-11-15,2025-11-20,2025-12-20
USR_07A6662C,FALSE,696888.32,2025-10-11,2025-10-17,2025-10-20,2025-10-26
USR_07A6662C,FALSE,164814.01,2025-09-11,2025-09-19,2025-09-20,2025-10-10
USR_07A6662C,FALSE,418716.88,2025-08-11,2025-09-09,2025-08-20,2025-09-19
USR_957F1A67,TRUE,663335.63,2025-12-11,2025-12-11,2025-12-20,2025-12-20
USR_957F1A67,TRUE,198351.48,2025-12-11,2025-12-11,2025-12-20,2025-12-20
USR_957F1A67,TRUE,265006.98,2025-11-11,2025-11-11,2025-11-20,2025-11-20
USR_957F1A67,TRUE,163724.87,2025-10-11,2025-10-11,2025-10-20,2025-10-20
USR_957F1A67,TRUE,333401.74,2025-09-11,2025-09-11,2025-09-20,2025-09-20
USR_957F1A67,TRUE,125874.86,2025-08-11,2025-08-11,2025-08-20,2025-08-20
USR_9F5B0D30,FALSE,923792.71,2025-12-11,2025-12-17,2025-12-20,2026-01-01
USR_9F5B0D30,FALSE,490126.11,2025-12-11,2026-01-01,2025-12-20,2025-12-26
USR_9F5B0D30,FALSE,194844.19,2025-11-11,2025-11-28,2025-11-20,2025-12-08
USR_9F5B0D30,FALSE,442323.13,2025-10-11,2025-11-06,2025-10-20,2025-10-30
USR_9F5B0D30,FALSE,522815.86,2025-09-11,2025-10-06,2025-09-20,2025-10-07
USR_9F5B0D30,FALSE,103413.67,2025-08-11,2025-08-24,2025-08-20,2025-09-15
USR_CDF3239B,TRUE,863758.44,2025-12-11,2025-12-11,2025-12-20,2025-12-20
USR_CDF3239B,TRUE,691474.85,2025-12-11,2025-12-11,2025-12-20,2025-12-20
USR_CDF3239B,TRUE,428216.0,2025-11-11,2025-11-11,2025-11-20,2025-11-20
USR_CDF3239B,TRUE,808263.81,2025-10-11,2025-10-11,2025-10-20,2025-10-20
USR_CDF3239B,TRUE,153674.45,2025-09-11,2025-09-11,2025-09-20,2025-09-20
USR_CDF3239B,TRUE,456955.37,2025-08-11,2025-08-11,2025-08-20,2025-08-20
USR_8E00351D,TRUE,152428.37,2025-12-11,2025-12-11,2025-12-20,2025-12-20
USR_8E00351D,TRUE,394097.98,2025-12-11,2025-12-11,2025-12-20,2025-12-20
USR_8E00351D,TRUE,959285.17,2025-11-11,2025-11-11,2025-11-20,2025-11-20
USR_8E00351D,TRUE,791841.27,2025-10-11,2025-10-11,2025-10-20,2025-10-20
USR_8E00351D,TRUE,140461.26,2025-09-11,2025-09-11,2025-09-20,2025-09-20
USR_8E00351D,TRUE,711182.45,2025-08-11,2025-08-11,2025-08-20,2025-08-20
USR_A14874DE,TRUE,545346.12,2025-12-11,2025-12-11,2025-12-20,2025-12-20
USR_A14874DE,TRUE,480377.77,2025-12-11,2025-12-11,2025-12-20,2025-12-20
USR_A14874DE,TRUE,179268.35,2025-11-11,2025-11-11,2025-11-20,2025-11-20
USR_A14874DE,TRUE,550791.93,2025-10-11,2025-10-11,2025-10-20,2025-10-20
USR_A14874DE,TRUE,118753.94,2025-09-11,2025-09-11,2025-09-20,2025-09-20
USR_A14874DE,TRUE,166715.02,2025-08-11,2025-08-11,2025-08-20,2025-08-20
USR_7D0B0272,TRUE,310563.13,2025-12-11,2025-12-11,2025-12-20,2025-12-20
USR_7D0B0272,TRUE,494919.02,2025-12-11,2025-12-11,2025-12-20,2025-12-20
USR_7D0B0272,TRUE,707744.59,2025-11-11,2025-11-11,2025-11-20,2025-11-20
USR_7D0B0272,TRUE,186536.25,2025-10-11,2025-10-11,2025-10-20,2025-10-20
USR_7D0B0272,TRUE,342035.29,2025-09-11,2025-09-11,2025-09-20,2025-09-20
USR_7D0B0272,TRUE,866536.32,2025-08-11,2025-08-11,2025-08-20,2025-08-20
USR_6D2B4B16,FALSE,876062.94,2025-12-11,2025-12-23,2025-12-20,2025-12-27
USR_6D2B4B16,FALSE,533906.2,2025-12-11,2026-01-05,2025-12-20,2026-01-11
USR_6D2B4B16,FALSE,398021.12,2025-11-11,2025-11-17,2025-11-20,2025-11-24
USR_6D2B4B16,FALSE,569422.02,2025-10-11,2025-11-08,2025-10-20,2025-11-12
USR_6D2B4B16,FALSE,311281.19,2025-09-11,2025-10-06,2025-09-20,2025-09-21
USR_6D2B4B16,FALSE,979660.65,2025-08-11,2025-08-21,2025-08-20,2025-09-12
USR_B8A54621,TRUE,763122.69,2025-12-11,2025-12-11,2025-12-20,2025-12-20
USR_B8A54621,TRUE,638001.95,2025-12-11,2025-12-11,2025-12-20,2025-12-20
USR_B8A54621,TRUE,962751.09,2025-11-11,2025-11-11,2025-11-20,2025-11-20
USR_B8A54621,TRUE,547406.38,2025-10-11,2025-10-11,2025-10-20,2025-10-20
USR_B8A54621,TRUE,389751.56,2025-09-11,2025-09-11,2025-09-20,2025-09-20
USR_B8A54621,TRUE,705355.08,2025-08-11,2025-08-11,2025-08-20,2025-08-20
USR_21F3197D,TRUE,666253.88,2025-12-11,2025-12-11,2025-12-20,2025-12-20
USR_21F3197D,TRUE,786088.85,2025-12-11,2025-12-11,2025-12-20,2025-12-20
USR_21F3197D,TRUE,454861.95,2025-11-11,2025-11-11,2025-11-20,2025-11-20
USR_21F3197D,TRUE,511018.78,2025-10-11,2025-10-11,2025-10-20,2025-10-20
USR_21F3197D,TRUE,465069.78,2025-09-11,2025-09-11,2025-09-20,2025-09-20
USR_21F3197D,TRUE,721511.05,2025-08-11,2025-08-11,2025-08-20,2025-08-20
USR_E1E635BF,TRUE,536874.92,2025-12-11,2025-12-11,2025-12-20,2025-12-20
USR_E1E635BF,TRUE,664749.5,2025-12-11,2025-12-11,2025-12-20,2025-12-20
USR_E1E635BF,TRUE,176672.15,2025-11-11,2025-11-11,2025-11-20,2025-11-20
USR_E1E635BF,TRUE,782464.5,2025-10-11,2025-10-11,2025-10-20,2025-10-20
USR_E1E635BF,TRUE,461258.16,2025-09-11,2025-09-11,2025-09-20,2025-09-20
USR_E1E635BF,TRUE,389012.83,2025-08-11,2025-08-11,2025-08-20,2025-08-20
USR_7998818A,FALSE,829922.74,2025-12-11,2025-12-31,2025-12-20,2026-01-13
USR_7998818A,FALSE,292570.85,2025-12-11,2025-12-13,2025-12-20,2026-01-06
USR_7998818A,FALSE,475176.43,2025-11-11,2025-11-29,2025-11-20,2025-12-06
USR_7998818A,FALSE,411712.32,2025-10-11,2025-10-25,2025-10-20,2025-10-24
USR_7998818A,FALSE,181654.7,2025-09-11,2025-09-26,2025-09-20,2025-09-25
USR_7998818A,FALSE,322223.09,2025-08-11,2025-08-24,2025-08-20,2025-08-21
USR_ACBEC599,TRUE,363241.39,2025-12-11,2025-12-11,2025-12-20,2025-12-20
USR_ACBEC599,TRUE,888249.44,2025-12-11,2025-12-11,2025-12-20,2025-12-20
USR_ACBEC599,TRUE,231783.74,2025-11-11,2025-11-11,2025-11-20,2025-11-20
USR_ACBEC599,TRUE,813599.6,2025-10-11,2025-10-11,2025-10-20,2025-10-20
USR_ACBEC599,TRUE,752042.19,2025-09-11,2025-09-11,2025-09-20,2025-09-20
USR_ACBEC599,TRUE,282866.71,2025-08-11,2025-08-11,2025-08-20,2025-08-20
USR_CA22A897,TRUE,217268.82,2025-12-11,2025-12-11,2025-12-20,2025-12-20
USR_CA22A897,TRUE,877263.71,2025-12-11,2025-12-11,2025-12-20,2025-12-20
USR_CA22A897,TRUE,648896.51,2025-11-11,2025-11-11,2025-11-20,2025-11-20
USR_CA22A897,TRUE,803716.79,2025-10-11,2025-10-11,2025-10-20,2025-10-20
USR_CA22A897,TRUE,325337.58,2025-09-11,2025-09-11,2025-09-20,2025-09-20
USR_CA22A897,TRUE,844106.81,2025-08-11,2025-08-11,2025-08-20,2025-08-20
USR_D5619E80,TRUE,146558.74,2025-12-11,2025-12-11,2025-12-20,2025-12-20
USR_D5619E80,TRUE,807005.29,2025-12-11,2025-12-11,2025-12-20,2025-12-20
USR_D5619E80,TRUE,105285.92,2025-11-11,2025-11-11,2025-11-20,2025-11-20
USR_D5619E80,TRUE,257150.67,2025-10-11,2025-10-11,2025-10-20,2025-10-20
USR_D5619E80,TRUE,838210.47,2025-09-11,2025-09-11,2025-09-20,2025-09-20
USR_D5619E80,TRUE,368997.0,2025-08-11,2025-08-11,2025-08-20,2025-08-20
USR_477A2876,TRUE,844044.08,2025-12-11,2025-12-11,2025-12-20,2025-12-20
USR_477A2876,TRUE,489911.58,2025-12-11,2025-12-11,2025-12-20,2025-12-20
USR_477A2876,TRUE,584015.35,2025-11-11,2025-11-11,2025-11-20,2025-11-20
USR_477A2876,TRUE,887382.43,2025-10-11,2025-10-11,2025-10-20,2025-10-20
USR_477A2876,TRUE,306451.71,2025-09-11,2025-09-11,2025-09-20,2025-09-20
USR_477A2876,TRUE,334183.68,2025-08-11,2025-08-11,2025-08-20,2025-08-20
USR_683897FA,TRUE,897678.48,2025-12-11,2025-12-11,2025-12-20,2025-12-20
USR_683897FA,TRUE,377400.86,2025-12-11,2025-12-11,2025-12-20,2025-12-20
USR_683897FA,TRUE,388299.61,2025-11-11,2025-11-11,2025-11-20,2025-11-20
USR_683897FA,TRUE,425123.84,2025-10-11,2025-10-11,2025-10-20,2025-10-20
USR_683897FA,TRUE,306071.69,2025-09-11,2025-09-11,2025-09-20,2025-09-20
USR_683897FA,TRUE,947666.81,2025-08-11,2025-08-11,2025-08-20,2025-08-20
USR_6E4137F1,TRUE,222017.55,2025-12-11,2025-12-11,2025-12-20,2025-12-20
USR_6E4137F1,TRUE,936720.61,2025-12-11,2025-12-11,2025-12-20,2025-12-20
USR_6E4137F1,TRUE,369417.88,2025-11-11,2025-11-11,2025-11-20,2025-11-20
USR_6E4137F1,TRUE,416887.96,2025-10-11,2025-10-11,2025-10-20,2025-10-20
USR_6E4137F1,TRUE,198121.48,2025-09-11,2025-09-11,2025-09-20,2025-09-20
USR_6E4137F1,TRUE,783451.39,2025-08-11,2025-08-11,2025-08-20,2025-08-20
USR_82CC67CE,FALSE,448884.09,2025-12-11,2026-01-02,2025-12-20,2026-01-02
USR_82CC67CE,FALSE,196150.9,2025-12-11,2026-01-06,2025-12-20,2025-12-22
USR_82CC67CE,FALSE,769684.07,2025-11-11,2025-11-15,2025-11-20,2025-11-30
USR_82CC67CE,FALSE,493731.26,2025-10-11,2025-10-20,2025-10-20,2025-11-17
USR_82CC67CE,FALSE,921713.17,2025-09-11,2025-09-27,2025-09-20,2025-10-13
USR_82CC67CE,FALSE,846463.91,2025-08-11,2025-09-07,2025-08-20,2025-09-06
USR_DDCC6DE1,TRUE,251811.91,2025-12-11,2025-12-11,2025-12-20,2025-12-20
USR_DDCC6DE1,TRUE,863227.91,2025-12-11,2025-12-11,2025-12-20,2025-12-20
USR_DDCC6DE1,TRUE,815639.28,2025-11-11,2025-11-11,2025-11-20,2025-11-20
USR_DDCC6DE1,TRUE,888203.18,2025-10-11,2025-10-11,2025-10-20,2025-10-20
USR_DDCC6DE1,TRUE,961139.76,2025-09-11,2025-09-11,2025-09-20,2025-09-20
USR_DDCC6DE1,TRUE,177764.86,2025-08-11,2025-08-11,2025-08-20,2025-08-20
USR_3F62A993,TRUE,138101.45,2025-12-11,2025-12-11,2025-12-20,2025-12-20
USR_3F62A993,TRUE,662944.12,2025-12-11,2025-12-11,2025-12-20,2025-12-20
USR_3F62A993,TRUE,452833.46,2025-11-11,2025-11-11,2025-11-20,2025-11-20
USR_3F62A993,TRUE,561006.49,2025-10-11,2025-10-11,2025-10-20,2025-10-20
USR_3F62A993,TRUE,283493.67,2025-09-11,2025-09-11,2025-09-20,2025-09-20
USR_3F62A993,TRUE,102763.49,2025-08-11,2025-08-11,2025-08-20,2025-08-20
USR_8FAAA535,TRUE,554441.53,2025-12-11,2025-12-11,2025-12-20,2025-12-20
USR_8FAAA535,TRUE,428197.86,2025-12-11,2025-12-11,2025-12-20,2025-12-20
USR_8FAAA535,TRUE,138866.13,2025-11-11,2025-11-11,2025-11-20,2025-11-20
USR_8FAAA535,TRUE,926325.67,2025-10-11,2025-10-11,2025-10-20,2025-10-20
USR_8FAAA535,TRUE,883660.74,2025-09-11,2025-09-11,2025-09-20,2025-09-20
USR_8FAAA535,TRUE,117094.19,2025-08-11,2025-08-11,2025-08-20,2025-08-20
USR_1889EEFA,TRUE,514683.97,2025-12-11,2025-12-11,2025-12-20,2025-12-20
USR_1889EEFA,TRUE,509407.24,2025-12-11,2025-12-11,2025-12-20,2025-12-20
USR_1889EEFA,TRUE,110810.8,2025-11-11,2025-11-11,2025-11-20,2025-11-20
USR_1889EEFA,TRUE,165299.23,2025-10-11,2025-10-11,2025-10-20,2025-10-20
USR_1889EEFA,TRUE,156461.55,2025-09-11,2025-09-11,2025-09-20,2025-09-20
USR_1889EEFA,TRUE,293400.93,2025-08-11,2025-08-11,2025-08-20,2025-08-20
USR_6562C3CC,FALSE,717777.91,2025-12-11,2026-01-10,2025-12-20,2026-01-11
USR_6562C3CC,FALSE,615512.52,2025-12-11,2026-01-05,2025-12-20,2026-01-12
USR_6562C3CC,FALSE,908472.49,2025-11-11,2025-11-29,2025-11-20,2025-12-14
USR_6562C3CC,FALSE,872078.86,2025-10-11,2025-11-05,2025-10-20,2025-11-17
USR_6562C3CC,FALSE,491448.4,2025-09-11,2025-10-10,2025-09-20,2025-10-17
USR_6562C3CC,FALSE,942173.65,2025-08-11,2025-08-25,2025-08-20,2025-08-22
USR_E7C15120,TRUE,215883.98,2025-12-11,2025-12-11,2025-12-20,2025-12-20
USR_E7C15120,TRUE,469619.78,2025-12-11,2025-12-11,2025-12-20,2025-12-20
USR_E7C15120,TRUE,162066.59,2025-11-11,2025-11-11,2025-11-20,2025-11-20
USR_E7C15120,TRUE,758454.6,2025-10-11,2025-10-11,2025-10-20,2025-10-20
USR_E7C15120,TRUE,947746.16,2025-09-11,2025-09-11,2025-09-20,2025-09-20
USR_E7C15120,TRUE,521286.79,2025-08-11,2025-08-11,2025-08-20,2025-08-20
USR_84DC025A,TRUE,285991.47,2025-12-11,2025-12-11,2025-12-20,2025-12-20
USR_84DC025A,TRUE,773190.16,2025-12-11,2025-12-11,2025-12-20,2025-12-20
USR_84DC025A,TRUE,406548.98,2025-11-11,2025-11-11,2025-11-20,2025-11-20
USR_84DC025A,TRUE,198412.36,2025-10-11,2025-10-11,2025-10-20,2025-10-20
USR_84DC025A,TRUE,750067.84,2025-09-11,2025-09-11,2025-09-20,2025-09-20
USR_84DC025A,TRUE,388253.74,2025-08-11,2025-08-11,2025-08-20,2025-08-20
USR_946F00CF,TRUE,152360.61,2025-12-11,2025-12-11,2025-12-20,2025-12-20
USR_946F00CF,TRUE,710724.97,2025-12-11,2025-12-11,2025-12-20,2025-12-20
USR_946F00CF,TRUE,403053.66,2025-11-11,2025-11-11,2025-11-20,2025-11-20
USR_946F00CF,TRUE,420667.48,2025-10-11,2025-10-11,2025-10-20,2025-10-20
USR_946F00CF,TRUE,512543.7,2025-09-11,2025-09-11,2025-09-20,2025-09-20
USR_946F00CF,TRUE,685912.64,2025-08-11,2025-08-11,2025-08-20,2025-08-20
USR_1AD0AAF0,TRUE,786836.95,2025-12-11,2025-12-11,2025-12-20,2025-12-20
USR_1AD0AAF0,TRUE,559357.21,2025-12-11,2025-12-11,2025-12-20,2025-12-20
USR_1AD0AAF0,TRUE,721678.98,2025-11-11,2025-11-11,2025-11-20,2025-11-20
USR_1AD0AAF0,TRUE,588557.33,2025-10-11,2025-10-11,2025-10-20,2025-10-20
USR_1AD0AAF0,TRUE,585922.14,2025-09-11,2025-09-11,2025-09-20,2025-09-20
USR_1AD0AAF0,TRUE,551989.88,2025-08-11,2025-08-11,2025-08-20,2025-08-20
USR_B827A893,FALSE,125639.42,2025-12-11,2025-12-17,2025-12-20,2025-12-25
USR_B827A893,FALSE,531196.95,2025-12-11,2025-12-24,2025-12-20,2025-12-31
USR_B827A893,FALSE,262106.43,2025-11-11,2025-11-16,2025-11-20,2025-12-15
USR_B827A893,FALSE,726090.57,2025-10-11,2025-10-30,2025-10-20,2025-11-15
USR_B827A893,FALSE,509200.75,2025-09-11,2025-10-09,2025-09-20,2025-10-19
USR_B827A893,FALSE,683917.45,2025-08-11,2025-09-05,2025-08-20,2025-09-09
USR_DB6F1061,TRUE,936825.62,2025-12-11,2025-12-11,2025-12-20,2025-12-20
USR_DB6F1061,TRUE,996910.79,2025-12-11,2025-12-11,2025-12-20,2025-12-20
USR_DB6F1061,TRUE,912240.79,2025-11-11,2025-11-11,2025-11-20,2025-11-20
USR_DB6F1061,TRUE,667689.93,2025-10-11,2025-10-11,2025-10-20,2025-10-20
USR_DB6F1061,TRUE,279469.21,2025-09-11,2025-09-11,2025-09-20,2025-09-20
USR_DB6F1061,TRUE,292938.43,2025-08-11,2025-08-11,2025-08-20,2025-08-20
USR_159A134F,TRUE,491057.61,2025-12-11,2025-12-11,2025-12-20,2025-12-20
USR_159A134F,TRUE,861605.08,2025-12-11,2025-12-11,2025-12-20,2025-12-20
USR_159A134F,TRUE,813696.35,2025-11-11,2025-11-11,2025-11-20,2025-11-20
USR_159A134F,TRUE,932884.82,2025-10-11,2025-10-11,2025-10-20,2025-10-20
USR_159A134F,TRUE,204653.47,2025-09-11,2025-09-11,2025-09-20,2025-09-20
USR_159A134F,TRUE,318189.37,2025-08-11,2025-08-11,2025-08-20,2025-08-20
USR_337519F9,TRUE,853551.21,2025-12-11,2025-12-11,2025-12-20,2025-12-20
USR_337519F9,TRUE,596664.6,2025-12-11,2025-12-11,2025-12-20,2025-12-20
USR_337519F9,TRUE,106415.89,2025-11-11,2025-11-11,2025-11-20,2025-11-20
USR_337519F9,TRUE,426932.56,2025-10-11,2025-10-11,2025-10-20,2025-10-20
USR_337519F9,TRUE,586575.56,2025-09-11,2025-09-11,2025-09-20,2025-09-20
USR_337519F9,TRUE,558678.88,2025-08-11,2025-08-11,2025-08-20,2025-08-20
USR_1C65B39D,TRUE,509416.32,2025-12-11,2025-12-11,2025-12-20,2025-12-20
USR_1C65B39D,TRUE,692819.3,2025-12-11,2025-12-11,2025-12-20,2025-12-20
USR_1C65B39D,TRUE,357966.76,2025-11-11,2025-11-11,2025-11-20,2025-11-20
USR_1C65B39D,TRUE,645679.74,2025-10-11,2025-10-11,2025-10-20,2025-10-20
USR_1C65B39D,TRUE,532755.48,2025-09-11,2025-09-11,2025-09-20,2025-09-20
USR_1C65B39D,TRUE,681337.68,2025-08-11,2025-08-11,2025-08-20,2025-08-20
USR_15E07031,TRUE,292794.66,2025-12-11,2025-12-11,2025-12-20,2025-12-20
USR_15E07031,TRUE,672897.91,2025-12-11,2025-12-11,2025-12-20,2025-12-20
USR_15E07031,TRUE,221513.29,2025-11-11,2025-11-11,2025-11-20,2025-11-20
USR_15E07031,TRUE,225311.32,2025-10-11,2025-10-11,2025-10-20,2025-10-20
USR_15E07031,TRUE,614687.49,2025-09-11,2025-09-11,2025-09-20,2025-09-20
USR_15E07031,TRUE,628562.35,2025-08-11,2025-08-11,2025-08-20,2025-08-20
USR_0DF1C2B1,TRUE,593066.49,2025-12-11,2025-12-11,2025-12-20,2025-12-20
USR_0DF1C2B1,TRUE,621806.2,2025-12-11,2025-12-11,2025-12-20,2025-12-20
USR_0DF1C2B1,TRUE,571763.53,2025-11-11,2025-11-11,2025-11-20,2025-11-20
USR_0DF1C2B1,TRUE,822297.77,2025-10-11,2025-10-11,2025-10-20,2025-10-20
USR_0DF1C2B1,TRUE,245107.04,2025-09-11,2025-09-11,2025-09-20,2025-09-20
USR_0DF1C2B1,TRUE,948331.93,2025-08-11,2025-08-11,2025-08-20,2025-08-20
USR_E725C621,TRUE,511693.42,2025-12-11,2025-12-11,2025-12-20,2025-12-20
USR_E725C621,TRUE,171379.83,2025-12-11,2025-12-11,2025-12-20,2025-12-20
USR_E725C621,TRUE,751157.75,2025-11-11,2025-11-11,2025-11-20,2025-11-20
USR_E725C621,TRUE,453325.81,2025-10-11,2025-10-11,2025-10-20,2025-10-20
USR_E725C621,TRUE,463457.41,2025-09-11,2025-09-11,2025-09-20,2025-09-20
USR_E725C621,TRUE,842141.72,2025-08-11,2025-08-11,2025-08-20,2025-08-20
USR_E2F80B50,TRUE,556446.52,2025-12-11,2025-12-11,2025-12-20,2025-12-20
USR_E2F80B50,TRUE,914156.69,2025-12-11,2025-12-11,2025-12-20,2025-12-20
USR_E2F80B50,TRUE,623372.99,2025-11-11,2025-11-11,2025-11-20,2025-11-20
USR_E2F80B50,TRUE,664206.85,2025-10-11,2025-10-11,2025-10-20,2025-10-20
USR_E2F80B50,TRUE,511585.1,2025-09-11,2025-09-11,2025-09-20,2025-09-20
USR_E2F80B50,TRUE,563452.72,2025-08-11,2025-08-11,2025-08-20,2025-08-20
USR_249FD02B,TRUE,973574.04,2025-12-11,2025-12-11,2025-12-20,2025-12-20
USR_249FD02B,TRUE,853798.53,2025-12-11,2025-12-11,2025-12-20,2025-12-20
USR_249FD02B,TRUE,602839.72,2025-11-11,2025-11-11,2025-11-20,2025-11-20
USR_249FD02B,TRUE,125477.12,2025-10-11,2025-10-11,2025-10-20,2025-10-20
USR_249FD02B,TRUE,917426.38,2025-09-11,2025-09-11,2025-09-20,2025-09-20
USR_249FD02B,TRUE,481333.18,2025-08-11,2025-08-11,2025-08-20,2025-08-20
USR_1ABADF16,TRUE,822663.08,2025-12-11,2025-12-11,2025-12-20,2025-12-20
USR_1ABADF16,TRUE,438371.29,2025-12-11,2025-12-11,2025-12-20,2025-12-20
USR_1ABADF16,TRUE,180316.37,2025-11-11,2025-11-11,2025-11-20,2025-11-20
USR_1ABADF16,TRUE,384533.5,2025-10-11,2025-10-11,2025-10-20,2025-10-20
USR_1ABADF16,TRUE,217179.15,2025-09-11,2025-09-11,2025-09-20,2025-09-20
USR_1ABADF16,TRUE,152425.0,2025-08-11,2025-08-11,2025-08-20,2025-08-20
USR_53A5B4E2,TRUE,172931.91,2025-12-11,2025-12-11,2025-12-20,2025-12-20
USR_53A5B4E2,TRUE,452389.68,2025-12-11,2025-12-11,2025-12-20,2025-12-20
USR_53A5B4E2,TRUE,954765.66,2025-11-11,2025-11-11,2025-11-20,2025-11-20
USR_53A5B4E2,TRUE,682878.68,2025-10-11,2025-10-11,2025-10-20,2025-10-20
USR_53A5B4E2,TRUE,177222.26,2025-09-11,2025-09-11,2025-09-20,2025-09-20
USR_53A5B4E2,TRUE,442341.59,2025-08-11,2025-08-11,2025-08-20,2025-08-20
USR_C3C60E93,TRUE,273810.22,2025-12-11,2025-12-11,2025-12-20,2025-12-20
USR_C3C60E93,TRUE,202018.75,2025-12-11,2025-12-11,2025-12-20,2025-12-20
USR_C3C60E93,TRUE,217558.92,2025-11-11,2025-11-11,2025-11-20,2025-11-20
USR_C3C60E93,TRUE,731775.77,2025-10-11,2025-10-11,2025-10-20,2025-10-20
USR_C3C60E93,TRUE,561932.39,2025-09-11,2025-09-11,2025-09-20,2025-09-20
USR_C3C60E93,TRUE,594113.21,2025-08-11,2025-08-11,2025-08-20,2025-08-20
USR_07CB81E0,TRUE,875992.99,2025-12-11,2025-12-11,2025-12-20,2025-12-20
USR_07CB81E0,TRUE,474404.04,2025-12-11,2025-12-11,2025-12-20,2025-12-20
USR_07CB81E0,TRUE,831484.77,2025-11-11,2025-11-11,2025-11-20,2025-11-20
USR_07CB81E0,TRUE,607885.18,2025-10-11,2025-10-11,2025-10-20,2025-10-20
USR_07CB81E0,TRUE,581475.86,2025-09-11,2025-09-11,2025-09-20,2025-09-20
USR_07CB81E0,TRUE,862114.76,2025-08-11,2025-08-11,2025-08-20,2025-08-20
USR_2CF21257,TRUE,804445.5,2025-12-11,2025-12-11,2025-12-20,2025-12-20
USR_2CF21257,TRUE,562514.6,2025-12-11,2025-12-11,2025-12-20,2025-12-20
USR_2CF21257,TRUE,155489.2,2025-11-11,2025-11-11,2025-11-20,2025-11-20
USR_2CF21257,TRUE,928815.38,2025-10-11,2025-10-11,2025-10-20,2025-10-20
USR_2CF21257,TRUE,267311.55,2025-09-11,2025-09-11,2025-09-20,2025-09-20
USR_2CF21257,TRUE,404043.64,2025-08-11,2025-08-11,2025-08-20,2025-08-20
USR_6F51F239,FALSE,193050.25,2025-12-11,2025-12-15,2025-12-20,2026-01-19
USR_6F51F239,FALSE,924275.33,2025-12-11,2025-12-13,2025-12-20,2025-12-26
USR_6F51F239,FALSE,549628.54,2025-11-11,2025-11-12,2025-11-20,2025-12-03
USR_6F51F239,FALSE,610958.06,2025-10-11,2025-10-17,2025-10-20,2025-11-06
USR_6F51F239,FALSE,473255.86,2025-09-11,2025-09-28,2025-09-20,2025-10-06
USR_6F51F239,FALSE,393521.85,2025-08-11,2025-09-05,2025-08-20,2025-09-01
USR_2B7ACD24,TRUE,237186.39,2025-12-11,2025-12-11,2025-12-20,2025-12-20
USR_2B7ACD24,TRUE,329734.94,2025-12-11,2025-12-11,2025-12-20,2025-12-20
USR_2B7ACD24,TRUE,725839.01,2025-11-11,2025-11-11,2025-11-20,2025-11-20
USR_2B7ACD24,TRUE,814407.14,2025-10-11,2025-10-11,2025-10-20,2025-10-20
USR_2B7ACD24,TRUE,851896.24,2025-09-11,2025-09-11,2025-09-20,2025-09-20
USR_2B7ACD24,TRUE,893032.53,2025-08-11,2025-08-11,2025-08-20,2025-08-20
USR_7362124D,TRUE,717207.7,2025-12-11,2025-12-11,2025-12-20,2025-12-20
USR_7362124D,TRUE,278657.74,2025-12-11,2025-12-11,2025-12-20,2025-12-20
USR_7362124D,TRUE,622767.52,2025-11-11,2025-11-11,2025-11-20,2025-11-20
USR_7362124D,TRUE,889608.94,2025-10-11,2025-10-11,2025-10-20,2025-10-20
USR_7362124D,TRUE,302542.65,2025-09-11,2025-09-11,2025-09-20,2025-09-20
USR_7362124D,TRUE,902491.83,2025-08-11,2025-08-11,2025-08-20,2025-08-20
USR_CDE78BBA,FALSE,663189.24,2025-12-11,2025-12-31,2025-12-20,2025-12-31
USR_CDE78BBA,FALSE,529983.77,2025-12-11,2026-01-08,2025-12-20,2025-12-31
USR_CDE78BBA,FALSE,643292.2,2025-11-11,2025-11-28,2025-11-20,2025-12-18
USR_CDE78BBA,FALSE,358211.02,2025-10-11,2025-11-04,2025-10-20,2025-10-22
USR_CDE78BBA,FALSE,225116.28,2025-09-11,2025-09-19,2025-09-20,2025-10-16
USR_CDE78BBA,FALSE,941502.07,2025-08-11,2025-09-06,2025-08-20,2025-09-05
USR_E7D5B6C4,FALSE,950425.97,2025-12-11,2025-12-21,2025-12-20,2025-12-26
USR_E7D5B6C4,FALSE,866164.25,2025-12-11,2026-01-02,2025-12-20,2026-01-13
USR_E7D5B6C4,FALSE,510659.09,2025-11-11,2025-12-11,2025-11-20,2025-12-12
USR_E7D5B6C4,FALSE,335545.94,2025-10-11,2025-10-19,2025-10-20,2025-10-23
USR_E7D5B6C4,FALSE,917427.71,2025-09-11,2025-09-17,2025-09-20,2025-10-11
USR_E7D5B6C4,FALSE,985249.32,2025-08-11,2025-08-18,2025-08-20,2025-08-23
USR_B960BE4E,FALSE,930685.93,2025-12-11,2025-12-15,2025-12-20,2026-01-19
USR_B960BE4E,FALSE,115770.14,2025-12-11,2026-01-04,2025-12-20,2026-01-11
USR_B960BE4E,FALSE,856821.97,2025-11-11,2025-11-29,2025-11-20,2025-12-10
USR_B960BE4E,FALSE,297209.92,2025-10-11,2025-10-27,2025-10-20,2025-10-21
USR_B960BE4E,FALSE,635900.88,2025-09-11,2025-09-22,2025-09-20,2025-10-13
USR_B960BE4E,FALSE,472123.73,2025-08-11,2025-08-31,2025-08-20,2025-08-27
USR_D367C69F,TRUE,303391.08,2025-12-11,2025-12-11,2025-12-20,2025-12-20
USR_D367C69F,TRUE,177919.98,2025-12-11,2025-12-11,2025-12-20,2025-12-20
USR_D367C69F,TRUE,200643.91,2025-11-11,2025-11-11,2025-11-20,2025-11-20
USR_D367C69F,TRUE,838205.36,2025-10-11,2025-10-11,2025-10-20,2025-10-20
USR_D367C69F,TRUE,481593.52,2025-09-11,2025-09-11,2025-09-20,2025-09-20
USR_D367C69F,TRUE,735929.38,2025-08-11,2025-08-11,2025-08-20,2025-08-20
USR_474C63BA,TRUE,787970.85,2025-12-11,2025-12-11,2025-12-20,2025-12-20
USR_474C63BA,TRUE,370277.53,2025-12-11,2025-12-11,2025-12-20,2025-12-20
USR_474C63BA,TRUE,968457.08,2025-11-11,2025-11-11,2025-11-20,2025-11-20
USR_474C63BA,TRUE,593322.01,2025-10-11,2025-10-11,2025-10-20,2025-10-20
USR_474C63BA,TRUE,619928.1,2025-09-11,2025-09-11,2025-09-20,2025-09-20
USR_474C63BA,TRUE,133607.73,2025-08-11,2025-08-11,2025-08-20,2025-08-20
USR_9C4AD0B0,TRUE,510142.89,2025-12-11,2025-12-11,2025-12-20,2025-12-20
USR_9C4AD0B0,TRUE,450902.39,2025-12-11,2025-12-11,2025-12-20,2025-12-20
USR_9C4AD0B0,TRUE,127062.77,2025-11-11,2025-11-11,2025-11-20,2025-11-20
USR_9C4AD0B0,TRUE,345539.78,2025-10-11,2025-10-11,2025-10-20,2025-10-20
USR_9C4AD0B0,TRUE,202244.22,2025-09-11,2025-09-11,2025-09-20,2025-09-20
USR_9C4AD0B0,TRUE,227199.1,2025-08-11,2025-08-11,2025-08-20,2025-08-20
USR_0095B040,TRUE,144553.53,2025-12-11,2025-12-11,2025-12-20,2025-12-20
USR_0095B040,TRUE,393920.67,2025-12-11,2025-12-11,2025-12-20,2025-12-20
USR_0095B040,TRUE,513076.77,2025-11-11,2025-11-11,2025-11-20,2025-11-20
USR_0095B040,TRUE,462150.04,2025-10-11,2025-10-11,2025-10-20,2025-10-20
USR_0095B040,TRUE,237325.33,2025-09-11,2025-09-11,2025-09-20,2025-09-20
USR_0095B040,TRUE,953647.83,2025-08-11,2025-08-11,2025-08-20,2025-08-20
USR_FA652A72,TRUE,516093.71,2025-12-11,2025-12-11,2025-12-20,2025-12-20
USR_FA652A72,TRUE,534020.72,2025-12-11,2025-12-11,2025-12-20,2025-12-20
USR_FA652A72,TRUE,437791.13,2025-11-11,2025-11-11,2025-11-20,2025-11-20
USR_FA652A72,TRUE,413635.81,2025-10-11,2025-10-11,2025-10-20,2025-10-20
USR_FA652A72,TRUE,350150.68,2025-09-11,2025-09-11,2025-09-20,2025-09-20
USR_FA652A72,TRUE,261809.45,2025-08-11,2025-08-11,2025-08-20,2025-08-20
USR_35F7A5A3,TRUE,162172.89,2025-12-11,2025-12-11,2025-12-20,2025-12-20
USR_35F7A5A3,TRUE,429966.48,2025-12-11,2025-12-11,2025-12-20,2025-12-20
USR_35F7A5A3,TRUE,464334.47,2025-11-11,2025-11-11,2025-11-20,2025-11-20
USR_35F7A5A3,TRUE,881887.34,2025-10-11,2025-10-11,2025-10-20,2025-10-20
USR_35F7A5A3,TRUE,916941.8,2025-09-11,2025-09-11,2025-09-20,2025-09-20
USR_35F7A5A3,TRUE,485743.19,2025-08-11,2025-08-11,2025-08-20,2025-08-20
USR_75C7DDAB,TRUE,414699.75,2025-12-11,2025-12-11,2025-12-20,2025-12-20
USR_75C7DDAB,TRUE,229395.87,2025-12-11,2025-12-11,2025-12-20,2025-12-20
USR_75C7DDAB,TRUE,812483.19,2025-11-11,2025-11-11,2025-11-20,2025-11-20
USR_75C7DDAB,TRUE,634741.85,2025-10-11,2025-10-11,2025-10-20,2025-10-20
USR_75C7DDAB,TRUE,246248.54,2025-09-11,2025-09-11,2025-09-20,2025-09-20
USR_75C7DDAB,TRUE,797398.06,2025-08-11,2025-08-11,2025-08-20,2025-08-20
USR_AEE3D4AC,TRUE,253196.24,2025-12-11,2025-12-11,2025-12-20,2025-12-20
USR_AEE3D4AC,TRUE,267484.61,2025-12-11,2025-12-11,2025-12-20,2025-12-20
USR_AEE3D4AC,TRUE,790215.21,2025-11-11,2025-11-11,2025-11-20,2025-11-20
USR_AEE3D4AC,TRUE,469810.88,2025-10-11,2025-10-11,2025-10-20,2025-10-20
USR_AEE3D4AC,TRUE,116395.09,2025-09-11,2025-09-11,2025-09-20,2025-09-20
USR_AEE3D4AC,TRUE,219719.72,2025-08-11,2025-08-11,2025-08-20,2025-08-20
USR_D3781FB3,TRUE,470439.11,2025-12-11,2025-12-11,2025-12-20,2025-12-20
USR_D3781FB3,TRUE,324569.25,2025-12-11,2025-12-11,2025-12-20,2025-12-20
USR_D3781FB3,TRUE,612640.26,2025-11-11,2025-11-11,2025-11-20,2025-11-20
USR_D3781FB3,TRUE,257799.04,2025-10-11,2025-10-11,2025-10-20,2025-10-20
USR_D3781FB3,TRUE,480909.15,2025-09-11,2025-09-11,2025-09-20,2025-09-20
USR_D3781FB3,TRUE,132612.86,2025-08-11,2025-08-11,2025-08-20,2025-08-20
USR_15CB8083,TRUE,667389.97,2025-12-11,2025-12-11,2025-12-20,2025-12-20
USR_15CB8083,TRUE,171282.77,2025-12-11,2025-12-11,2025-12-20,2025-12-20
USR_15CB8083,TRUE,834048.65,2025-11-11,2025-11-11,2025-11-20,2025-11-20
USR_15CB8083,TRUE,898225.44,2025-10-11,2025-10-11,2025-10-20,2025-10-20
USR_15CB8083,TRUE,396850.56,2025-09-11,2025-09-11,2025-09-20,2025-09-20
USR_15CB8083,TRUE,677917.95,2025-08-11,2025-08-11,2025-08-20,2025-08-20
USR_E584956C,TRUE,757909.49,2025-12-11,2025-12-11,2025-12-20,2025-12-20
USR_E584956C,TRUE,348352.83,2025-12-11,2025-12-11,2025-12-20,2025-12-20
USR_E584956C,TRUE,972126.53,2025-11-11,2025-11-11,2025-11-20,2025-11-20
USR_E584956C,TRUE,689858.84,2025-10-11,2025-10-11,2025-10-20,2025-10-20
USR_E584956C,TRUE,681297.78,2025-09-11,2025-09-11,2025-09-20,2025-09-20
USR_E584956C,TRUE,426160.83,2025-08-11,2025-08-11,2025-08-20,2025-08-20
USR_DC8FBFED,FALSE,669698.48,2025-12-11,2025-12-31,2025-12-20,2025-12-29
USR_DC8FBFED,FALSE,631925.67,2025-12-11,2026-01-02,2025-12-20,2025-12-27
USR_DC8FBFED,FALSE,637912.2,2025-11-11,2025-11-14,2025-11-20,2025-12-01
USR_DC8FBFED,FALSE,434413.93,2025-10-11,2025-10-25,2025-10-20,2025-11-08
USR_DC8FBFED,FALSE,476406.17,2025-09-11,2025-10-07,2025-09-20,2025-10-05
USR_DC8FBFED,FALSE,228346.56,2025-08-11,2025-09-02,2025-08-20,2025-09-18
USR_4CFD0A06,TRUE,601176.83,2025-12-11,2025-12-11,2025-12-20,2025-12-20
USR_4CFD0A06,TRUE,789579.69,2025-12-11,2025-12-11,2025-12-20,2025-12-20
USR_4CFD0A06,TRUE,228884.5,2025-11-11,2025-11-11,2025-11-20,2025-11-20
USR_4CFD0A06,TRUE,642520.2,2025-10-11,2025-10-11,2025-10-20,2025-10-20
USR_4CFD0A06,TRUE,779223.53,2025-09-11,2025-09-11,2025-09-20,2025-09-20
USR_4CFD0A06,TRUE,982499.1,2025-08-11,2025-08-11,2025-08-20,2025-08-20
USR_01C5ADFD,TRUE,956242.99,2025-12-11,2025-12-11,2025-12-20,2025-12-20
USR_01C5ADFD,TRUE,959006.12,2025-12-11,2025-12-11,2025-12-20,2025-12-20
USR_01C5ADFD,TRUE,839966.12,2025-11-11,2025-11-11,2025-11-20,2025-11-20
USR_01C5ADFD,TRUE,758470.13,2025-10-11,2025-10-11,2025-10-20,2025-10-20
USR_01C5ADFD,TRUE,915245.31,2025-09-11,2025-09-11,2025-09-20,2025-09-20
USR_01C5ADFD,TRUE,537663.36,2025-08-11,2025-08-11,2025-08-20,2025-08-20
USR_7054F44E,TRUE,159797.44,2025-12-11,2025-12-11,2025-12-20,2025-12-20
USR_7054F44E,TRUE,523720.9,2025-12-11,2025-12-11,2025-12-20,2025-12-20
USR_7054F44E,TRUE,482328.1,2025-11-11,2025-11-11,2025-11-20,2025-11-20
USR_7054F44E,TRUE,926128.51,2025-10-11,2025-10-11,2025-10-20,2025-10-20
USR_7054F44E,TRUE,283890.99,2025-09-11,2025-09-11,2025-09-20,2025-09-20
USR_7054F44E,TRUE,944557.6,2025-08-11,2025-08-11,2025-08-20,2025-08-20
USR_69BA87C1,TRUE,967492.8,2025-12-11,2025-12-11,2025-12-20,2025-12-20
USR_69BA87C1,TRUE,657787.5,2025-12-11,2025-12-11,2025-12-20,2025-12-20
USR_69BA87C1,TRUE,124208.12,2025-11-11,2025-11-11,2025-11-20,2025-11-20
USR_69BA87C1,TRUE,772176.11,2025-10-11,2025-10-11,2025-10-20,2025-10-20
USR_69BA87C1,TRUE,799734.96,2025-09-11,2025-09-11,2025-09-20,2025-09-20
USR_69BA87C1,TRUE,752391.99,2025-08-11,2025-08-11,2025-08-20,2025-08-20
USR_81B90627,TRUE,978153.99,2025-12-11,2025-12-11,2025-12-20,2025-12-20
USR_81B90627,TRUE,955685.76,2025-12-11,2025-12-11,2025-12-20,2025-12-20
USR_81B90627,TRUE,496606.72,2025-11-11,2025-11-11,2025-11-20,2025-11-20
USR_81B90627,TRUE,341590.57,2025-10-11,2025-10-11,2025-10-20,2025-10-20
USR_81B90627,TRUE,175201.53,2025-09-11,2025-09-11,2025-09-20,2025-09-20
USR_81B90627,TRUE,164388.69,2025-08-11,2025-08-11,2025-08-20,2025-08-20
USR_45BB210A,TRUE,317967.02,2025-12-11,2025-12-11,2025-12-20,2025-12-20
USR_45BB210A,TRUE,717251.26,2025-12-11,2025-12-11,2025-12-20,2025-12-20
USR_45BB210A,TRUE,160224.25,2025-11-11,2025-11-11,2025-11-20,2025-11-20
USR_45BB210A,TRUE,298488.4,2025-10-11,2025-10-11,2025-10-20,2025-10-20
USR_45BB210A,TRUE,440811.67,2025-09-11,2025-09-11,2025-09-20,2025-09-20
USR_45BB210A,TRUE,407441.13,2025-08-11,2025-08-11,2025-08-20,2025-08-20
USR_CE74424A,TRUE,646952.94,2025-12-11,2025-12-11,2025-12-20,2025-12-20
USR_CE74424A,TRUE,542108.63,2025-12-11,2025-12-11,2025-12-20,2025-12-20
USR_CE74424A,TRUE,440224.15,2025-11-11,2025-11-11,2025-11-20,2025-11-20
USR_CE74424A,TRUE,375798.77,2025-10-11,2025-10-11,2025-10-20,2025-10-20
USR_CE74424A,TRUE,865925.01,2025-09-11,2025-09-11,2025-09-20,2025-09-20
USR_CE74424A,TRUE,708798.3,2025-08-11,2025-08-11,2025-08-20,2025-08-20
USR_5257B46D,FALSE,157836.01,2025-12-11,2025-12-24,2025-12-20,2026-01-09
USR_5257B46D,FALSE,699425.19,2025-12-11,2025-12-20,2025-12-20,2025-12-28
USR_5257B46D,FALSE,829505.37,2025-11-11,2025-11-30,2025-11-20,2025-11-26
USR_5257B46D,FALSE,410245.11,2025-10-11,2025-10-30,2025-10-20,2025-11-16
USR_5257B46D,FALSE,631739.39,2025-09-11,2025-09-22,2025-09-20,2025-09-22
USR_5257B46D,FALSE,694597.01,2025-08-11,2025-08-17,2025-08-20,2025-08-23
USR_4168A2D1,TRUE,774313.64,2025-12-11,2025-12-11,2025-12-20,2025-12-20
USR_4168A2D1,TRUE,583597.29,2025-12-11,2025-12-11,2025-12-20,2025-12-20
USR_4168A2D1,TRUE,561557.93,2025-11-11,2025-11-11,2025-11-20,2025-11-20
USR_4168A2D1,TRUE,753838.53,2025-10-11,2025-10-11,2025-10-20,2025-10-20
USR_4168A2D1,TRUE,256994.9,2025-09-11,2025-09-11,2025-09-20,2025-09-20
USR_4168A2D1,TRUE,814067.72,2025-08-11,2025-08-11,2025-08-20,2025-08-20
USR_E85E4304,TRUE,647970.54,2025-12-11,2025-12-11,2025-12-20,2025-12-20
USR_E85E4304,TRUE,137206.77,2025-12-11,2025-12-11,2025-12-20,2025-12-20
USR_E85E4304,TRUE,209713.49,2025-11-11,2025-11-11,2025-11-20,2025-11-20
USR_E85E4304,TRUE,918768.7,2025-10-11,2025-10-11,2025-10-20,2025-10-20
USR_E85E4304,TRUE,376566.36,2025-09-11,2025-09-11,2025-09-20,2025-09-20
USR_E85E4304,TRUE,341720.94,2025-08-11,2025-08-11,2025-08-20,2025-08-20
USR_B825B205,FALSE,720312.8,2025-12-11,2025-12-20,2025-12-20,2025-12-26
USR_B825B205,FALSE,170886.94,2025-12-11,2025-12-21,2025-12-20,2025-12-28
USR_B825B205,FALSE,675092.72,2025-11-11,2025-12-02,2025-11-20,2025-12-14
USR_B825B205,FALSE,898711.58,2025-10-11,2025-10-27,2025-10-20,2025-11-15
USR_B825B205,FALSE,986171.35,2025-09-11,2025-09-12,2025-09-20,2025-10-15
USR_B825B205,FALSE,836290.75,2025-08-11,2025-09-02,2025-08-20,2025-08-30
USR_CEFEA32E,TRUE,987043.06,2025-12-11,2025-12-11,2025-12-20,2025-12-20
USR_CEFEA32E,TRUE,678981.33,2025-12-11,2025-12-11,2025-12-20,2025-12-20
USR_CEFEA32E,TRUE,555393.52,2025-11-11,2025-11-11,2025-11-20,2025-11-20
USR_CEFEA32E,TRUE,577071.0,2025-10-11,2025-10-11,2025-10-20,2025-10-20
USR_CEFEA32E,TRUE,527612.67,2025-09-11,2025-09-11,2025-09-20,2025-09-20
USR_CEFEA32E,TRUE,289159.89,2025-08-11,2025-08-11,2025-08-20,2025-08-20
USR_17D78096,FALSE,220143.22,2025-12-11,2026-01-05,2025-12-20,2026-01-01
USR_17D78096,FALSE,297452.8,2025-12-11,2025-12-20,2025-12-20,2026-01-18
USR_17D78096,FALSE,603321.74,2025-11-11,2025-11-16,2025-11-20,2025-12-19
USR_17D78096,FALSE,800736.56,2025-10-11,2025-11-02,2025-10-20,2025-11-11
USR_17D78096,FALSE,471827.22,2025-09-11,2025-09-17,2025-09-20,2025-10-16
USR_17D78096,FALSE,952728.7,2025-08-11,2025-09-04,2025-08-20,2025-09-05
USR_FA934D2B,TRUE,472048.67,2025-12-11,2025-12-11,2025-12-20,2025-12-20
USR_FA934D2B,TRUE,554374.78,2025-12-11,2025-12-11,2025-12-20,2025-12-20
USR_FA934D2B,TRUE,630772.02,2025-11-11,2025-11-11,2025-11-20,2025-11-20
USR_FA934D2B,TRUE,761428.13,2025-10-11,2025-10-11,2025-10-20,2025-10-20
USR_FA934D2B,TRUE,231329.03,2025-09-11,2025-09-11,2025-09-20,2025-09-20
USR_FA934D2B,TRUE,597209.64,2025-08-11,2025-08-11,2025-08-20,2025-08-20
USR_26FC9196,FALSE,549079.08,2025-12-11,2025-12-25,2025-12-20,2026-01-03
USR_26FC9196,FALSE,581045.0,2025-12-11,2025-12-28,2025-12-20,2026-01-02
USR_26FC9196,FALSE,342249.36,2025-11-11,2025-11-26,2025-11-20,2025-11-27
USR_26FC9196,FALSE,323855.19,2025-10-11,2025-10-30,2025-10-20,2025-10-24
USR_26FC9196,FALSE,994565.33,2025-09-11,2025-10-05,2025-09-20,2025-10-13
USR_26FC9196,FALSE,782054.46,2025-08-11,2025-08-20,2025-08-20,2025-09-12
USR_49A679C7,TRUE,593263.67,2025-12-11,2025-12-11,2025-12-20,2025-12-20
USR_49A679C7,TRUE,632209.13,2025-12-11,2025-12-11,2025-12-20,2025-12-20
USR_49A679C7,TRUE,699291.57,2025-11-11,2025-11-11,2025-11-20,2025-11-20
USR_49A679C7,TRUE,982549.65,2025-10-11,2025-10-11,2025-10-20,2025-10-20
USR_49A679C7,TRUE,474326.65,2025-09-11,2025-09-11,2025-09-20,2025-09-20
USR_49A679C7,TRUE,652400.16,2025-08-11,2025-08-11,2025-08-20,2025-08-20
USR_C0D5DBB4,FALSE,328908.76,2025-12-11,2026-01-04,2025-12-20,2026-01-14
USR_C0D5DBB4,FALSE,793564.86,2025-12-11,2026-01-02,2025-12-20,2026-01-18
USR_C0D5DBB4,FALSE,612286.44,2025-11-11,2025-12-04,2025-11-20,2025-11-23
USR_C0D5DBB4,FALSE,712033.97,2025-10-11,2025-11-05,2025-10-20,2025-11-18
USR_C0D5DBB4,FALSE,700742.95,2025-09-11,2025-10-08,2025-09-20,2025-10-12
USR_C0D5DBB4,FALSE,712369.11,2025-08-11,2025-08-12,2025-08-20,2025-09-06
USR_29E76D3D,TRUE,398163.05,2025-12-11,2025-12-11,2025-12-20,2025-12-20
USR_29E76D3D,TRUE,850198.89,2025-12-11,2025-12-11,2025-12-20,2025-12-20
USR_29E76D3D,TRUE,167059.26,2025-11-11,2025-11-11,2025-11-20,2025-11-20
USR_29E76D3D,TRUE,998284.45,2025-10-11,2025-10-11,2025-10-20,2025-10-20
USR_29E76D3D,TRUE,664571.32,2025-09-11,2025-09-11,2025-09-20,2025-09-20
USR_29E76D3D,TRUE,621885.78,2025-08-11,2025-08-11,2025-08-20,2025-08-20
USR_ECA41906,FALSE,170139.23,2025-12-11,2025-12-27,2025-12-20,2026-01-06
USR_ECA41906,FALSE,792585.53,2025-12-11,2026-01-05,2025-12-20,2026-01-07
USR_ECA41906,FALSE,888856.53,2025-11-11,2025-12-07,2025-11-20,2025-11-25
USR_ECA41906,FALSE,609249.79,2025-10-11,2025-11-03,2025-10-20,2025-11-11
USR_ECA41906,FALSE,495248.77,2025-09-11,2025-09-16,2025-09-20,2025-10-02
USR_ECA41906,FALSE,469589.08,2025-08-11,2025-09-09,2025-08-20,2025-09-09
USR_3E49D657,TRUE,424455.07,2025-12-11,2025-12-11,2025-12-20,2025-12-20
USR_3E49D657,TRUE,552390.49,2025-12-11,2025-12-11,2025-12-20,2025-12-20
USR_3E49D657,TRUE,491535.71,2025-11-11,2025-11-11,2025-11-20,2025-11-20
USR_3E49D657,TRUE,422422.82,2025-10-11,2025-10-11,2025-10-20,2025-10-20
USR_3E49D657,TRUE,816078.86,2025-09-11,2025-09-11,2025-09-20,2025-09-20
USR_3E49D657,TRUE,738053.22,2025-08-11,2025-08-11,2025-08-20,2025-08-20
USR_DC5B57BC,TRUE,718861.16,2025-12-11,2025-12-11,2025-12-20,2025-12-20
USR_DC5B57BC,TRUE,744288.0,2025-12-11,2025-12-11,2025-12-20,2025-12-20
USR_DC5B57BC,TRUE,360804.71,2025-11-11,2025-11-11,2025-11-20,2025-11-20
USR_DC5B57BC,TRUE,747069.4,2025-10-11,2025-10-11,2025-10-20,2025-10-20
USR_DC5B57BC,TRUE,633375.54,2025-09-11,2025-09-11,2025-09-20,2025-09-20
USR_DC5B57BC,TRUE,763324.18,2025-08-11,2025-08-11,2025-08-20,2025-08-20
USR_5BC75524,TRUE,443636.31,2025-12-11,2025-12-11,2025-12-20,2025-12-20
USR_5BC75524,TRUE,478513.76,2025-12-11,2025-12-11,2025-12-20,2025-12-20
USR_5BC75524,TRUE,759079.58,2025-11-11,2025-11-11,2025-11-20,2025-11-20
USR_5BC75524,TRUE,728634.0,2025-10-11,2025-10-11,2025-10-20,2025-10-20
USR_5BC75524,TRUE,127496.89,2025-09-11,2025-09-11,2025-09-20,2025-09-20
USR_5BC75524,TRUE,187517.25,2025-08-11,2025-08-11,2025-08-20,2025-08-20
USR_AFE74FEC,TRUE,933284.92,2025-12-11,2025-12-11,2025-12-20,2025-12-20
USR_AFE74FEC,TRUE,726954.12,2025-12-11,2025-12-11,2025-12-20,2025-12-20
USR_AFE74FEC,TRUE,261209.71,2025-11-11,2025-11-11,2025-11-20,2025-11-20
USR_AFE74FEC,TRUE,114872.89,2025-10-11,2025-10-11,2025-10-20,2025-10-20
USR_AFE74FEC,TRUE,357403.08,2025-09-11,2025-09-11,2025-09-20,2025-09-20
USR_AFE74FEC,TRUE,434980.3,2025-08-11,2025-08-11,2025-08-20,2025-08-20
USR_08F80168,TRUE,321057.36,2025-12-11,2025-12-11,2025-12-20,2025-12-20
USR_08F80168,TRUE,124141.0,2025-12-11,2025-12-11,2025-12-20,2025-12-20
USR_08F80168,TRUE,588072.91,2025-11-11,2025-11-11,2025-11-20,2025-11-20
USR_08F80168,TRUE,544916.17,2025-10-11,2025-10-11,2025-10-20,2025-10-20
USR_08F80168,TRUE,408229.59,2025-09-11,2025-09-11,2025-09-20,2025-09-20
USR_08F80168,TRUE,208452.06,2025-08-11,2025-08-11,2025-08-20,2025-08-20
USR_8887739D,TRUE,925441.25,2025-12-11,2025-12-11,2025-12-20,2025-12-20
USR_8887739D,TRUE,498797.91,2025-12-11,2025-12-11,2025-12-20,2025-12-20
USR_8887739D,TRUE,924951.02,2025-11-11,2025-11-11,2025-11-20,2025-11-20
USR_8887739D,TRUE,860897.54,2025-10-11,2025-10-11,2025-10-20,2025-10-20
USR_8887739D,TRUE,177851.4,2025-09-11,2025-09-11,2025-09-20,2025-09-20
USR_8887739D,TRUE,972496.36,2025-08-11,2025-08-11,2025-08-20,2025-08-20
USR_66267FCC,TRUE,572449.04,2025-12-11,2025-12-11,2025-12-20,2025-12-20
USR_66267FCC,TRUE,117315.97,2025-12-11,2025-12-11,2025-12-20,2025-12-20
USR_66267FCC,TRUE,989488.16,2025-11-11,2025-11-11,2025-11-20,2025-11-20
USR_66267FCC,TRUE,793361.9,2025-10-11,2025-10-11,2025-10-20,2025-10-20
USR_66267FCC,TRUE,893467.09,2025-09-11,2025-09-11,2025-09-20,2025-09-20
USR_66267FCC,TRUE,239080.36,2025-08-11,2025-08-11,2025-08-20,2025-08-20
