person_id,q1,response_time_seconds_1,q2,response_time_seconds_2,q3,response_time_seconds_3,q4,response_time_seconds_4,q5,response_time_seconds_5,q6,response_time_seconds_6,q7,response_time_seconds_7,q8,response_time_seconds_8,q9,response_time_seconds_9,q10,response_time_seconds_10,latitude,longitude
USR_6531D56D,D,21.63,A,14.05,A,17.29,A,24.43,D,21.39,C,15.74,C,19.39,D,21.9,B,15.21,D,13.16,13.5558,77.3318
USR_62542950,C,28.94,C,13.6,D,29.47,B,31.08,D,5.94,C,23.77,D,13.04,C,10.58,B,36.05,B,24.47,22.8489,78.3673
USR_84B0D8F2,B,11.15,C,17.05,B,14.48,C,13.49,A,14.43,B,20.47,A,11.73,B,15.57,B,21.48,B,18.95,13.8506,76.6776
USR_335D72A3,A,6.94,C,9.16,A,10.89,A,11.59,A,6.59,C,5.14,B,5.55,B,7.27,A,5.83,B,7.44,23.0292,78.1314
USR_410C2E86,A,19.09,D,11.96,B,12.78,D,14.85,B,13.14,A,11.99,A,10.14,B,11.09,B,15.84,A,18.28,30.5336,77.7603
USR_6E24E8FE,D,24.86,C,10.4,C,31.71,D,16.83,D,11.96,D,6.26,D,3.63,C,12.05,C,28.13,D,33.63,27.6607,82.7774
USR_4308C6FB,D,19.77,D,19.96,B,16.79,A,22.36,B,17.6,C,24.79,C,21.73,B,17.35,B,11.1,B,11.66,11.683,78.7728
USR_4F282185,B,10.52,A,19.51,C,15.91,C,20.22,C,21.41,D,11.38,C,13.42,A,18.11,B,16.67,A,14.19,30.0419,78.0713
USR_821443F7,C,15.88,B,18.77,B,23.51,C,15.45,A,16.21,D,17.64,A,18.41,B,22.85,A,20.68,B,17.34,20.4418,73.7499
USR_AA5D9018,B,5.65,A,10.41,B,5.56,D,8.98,A,9.79,B,8.51,A,11.01,A,7.35,B,5.08,A,10.88,20.3182,71.4815
USR_05314AD6,A,15.95,D,20.92,C,18.0,D,13.79,B,16.05,D,11.99,D,18.11,D,18.57,B,4.88,A,8.92,17.6953,73.5222
USR_87B91F1C,D,16.09,B,10.8,B,18.33,A,15.62,A,15.41,B,10.69,A,11.99,C,22.27,A,19.41,A,14.73,17.2515,72.4109
USR_FF0AB7B1,C,23.93,C,11.47,B,21.17,B,10.13,A,15.78,C,13.71,B,20.75,A,19.62,A,13.9,B,23.73,20.426,71.9814
USR_3D429336,B,24.72,C,16.68,A,17.2,B,22.58,B,15.95,C,20.8,B,15.21,D,21.98,B,23.67,A,11.6,24.9986,80.9311
USR_9E075B1C,C,24.79,B,20.11,C,19.62,B,20.24,B,24.42,A,11.54,B,19.17,D,21.27,B,17.04,B,16.37,20.0146,73.609
USR_1CBF135D,D,31.88,A,9.71,D,32.98,D,18.68,B,39.81,D,15.56,A,8.15,D,17.01,C,36.06,C,11.14,18.6062,72.7209
USR_EDFC457A,B,11.79,B,23.87,C,11.69,C,11.73,D,14.8,C,21.47,C,20.04,A,16.0,A,15.41,B,21.25,17.7488,74.4037
USR_BC5C4F5D,B,10.21,B,16.99,A,11.26,B,16.61,B,15.35,B,14.79,A,22.22,C,14.04,B,12.28,C,16.39,25.724,80.1106
USR_C7FAC327,A,9.48,A,8.26,A,8.18,A,5.86,A,10.73,A,7.01,A,8.83,B,6.4,A,6.53,B,7.52,28.3198,77.1909
USR_ADEBB8CF,A,14.92,A,19.12,A,14.03,A,23.03,B,20.01,B,21.91,C,16.48,B,16.3,B,19.2,C,12.65,13.6453,78.1297
USR_04738E87,A,24.41,B,14.41,B,14.1,B,20.6,B,24.72,A,19.6,C,11.51,B,15.54,C,21.41,B,10.64,22.1962,80.8318
USR_9D211AF5,D,27.65,A,18.62,B,24.85,A,6.59,D,16.54,C,2.18,C,13.41,B,11.62,D,30.62,A,13.08,20.4642,72.0351
USR_02C3C498,B,20.84,D,37.99,D,30.74,A,35.75,D,10.4,D,37.65,D,9.79,C,32.28,C,22.93,D,33.6,30.0136,78.7388
USR_BD0A6A95,B,17.56,C,20.05,C,15.23,D,16.44,B,14.14,C,19.29,A,16.48,D,18.28,D,18.53,C,22.87,29.1676,77.614
USR_C8138BE5,B,17.33,D,26.84,C,2.92,D,18.12,A,13.96,D,21.58,C,30.26,D,13.11,C,21.8,B,33.55,26.9959,80.474
USR_F1374429,D,22.22,C,22.13,B,24.36,D,17.94,B,15.09,A,15.62,B,10.06,A,20.02,B,14.68,B,19.81,29.2352,76.0835
USR_31C59414,B,21.73,A,14.51,B,19.47,D,22.01,D,11.34,B,17.21,C,17.87,C,11.07,C,15.54,B,19.37,28.7101,82.0216
USR_58D0F1D0,A,27.2,C,12.82,C,4.3,B,34.6,B,35.56,C,18.89,B,31.1,D,7.7,D,28.33,C,8.69,19.7411,73.0664
USR_A9280717,A,11.82,A,9.94,A,10.8,D,6.03,A,10.46,B,8.39,A,11.5,A,6.09,A,11.11,A,6.1,27.6594,79.0473
USR_D13F1E6F,A,10.62,A,7.86,A,10.39,A,11.7,B,11.01,A,8.52,B,10.12,A,5.94,A,5.09,C,11.83,21.4321,80.2304
USR_6559E5E3,A,21.06,A,11.32,C,17.61,A,10.94,B,20.45,B,14.88,A,13.95,A,14.74,A,22.74,D,11.0,18.3023,74.3477
USR_9D84E443,D,11.18,D,2.35,D,38.43,D,27.4,B,39.6,C,10.16,D,39.32,A,27.41,D,33.51,D,38.02,24.0793,79.335
USR_EF7A789E,C,31.87,D,11.2,A,37.85,C,10.74,C,33.38,C,19.63,B,7.52,C,15.79,A,18.58,D,14.25,14.4896,79.1968
USR_250415B2,A,21.58,C,18.91,C,12.59,A,15.84,A,13.8,C,11.94,D,19.32,D,22.5,A,24.3,A,17.27,30.4913,76.7646
USR_C9077446,B,13.28,D,20.26,A,16.07,C,22.52,A,23.42,A,21.0,B,10.57,A,15.2,A,13.63,B,20.09,27.3469,79.125
USR_4BCB1944,D,17.69,B,13.41,B,23.58,A,23.7,C,11.32,B,10.1,B,13.84,A,20.21,A,12.31,C,21.67,27.363,80.9117
USR_48C7F0DE,A,10.73,A,11.64,D,6.09,A,10.99,B,5.44,B,5.99,A,10.68,D,9.45,B,10.45,A,8.61,23.6384,80.5404
USR_4809E90E,B,21.28,B,21.37,B,19.02,B,23.81,D,16.92,D,12.9,D,10.87,B,10.84,B,10.71,B,15.63,28.4199,78.9455
USR_70180564,B,20.51,B,23.02,A,18.67,B,24.67,B,11.77,B,16.12,C,22.51,C,10.54,C,18.29,B,18.86,23.5329,77.149
USR_176D24A4,A,13.1,B,20.94,D,14.7,C,24.78,A,11.79,A,21.98,D,21.71,C,14.33,A,11.08,B,23.87,26.2347,79.6693
USR_2213BE98,D,10.59,C,16.38,C,15.45,B,20.64,B,20.48,A,17.19,C,10.18,C,12.31,C,20.24,D,16.1,27.7769,82.4146
USR_5A57EE09,C,24.14,B,32.86,B,20.2,A,24.03,B,5.93,D,2.05,B,28.42,D,2.15,A,7.42,C,7.62,22.79,80.7112
USR_9CE5DD19,B,11.03,B,13.7,B,16.94,B,12.09,B,18.22,B,24.6,C,21.7,A,16.23,B,13.09,C,17.18,24.7631,78.4194
USR_0B88A208,B,5.94,D,32.1,C,35.29,D,37.77,D,3.46,C,18.13,D,28.11,C,13.56,C,21.79,C,11.97,25.8553,80.5399
USR_E456EDFC,B,20.33,B,11.22,C,10.46,B,12.33,A,17.21,B,23.53,B,14.48,C,13.88,A,19.52,C,11.69,20.1242,71.5339
USR_29936AD5,A,18.42,C,15.31,B,21.05,D,10.14,C,15.78,C,11.95,B,11.43,D,23.23,B,11.25,A,11.73,19.1776,71.7064
USR_0924668B,D,14.38,C,24.73,D,15.44,B,37.42,B,19.55,C,29.98,C,26.65,D,25.44,B,26.46,B,3.42,14.5116,75.6763
USR_4695DE0F,A,9.25,A,9.78,A,9.63,A,10.28,A,5.31,D,8.44,A,8.8,A,8.21,A,9.01,C,10.01,18.4031,74.8131
USR_0C5B684C,A,11.09,B,23.68,B,11.57,A,20.57,B,24.46,A,15.17,B,18.99,C,22.23,A,15.16,A,10.1,11.21,78.4167
USR_70CC91C9,B,11.37,B,23.58,A,24.87,C,23.77,A,24.9,B,16.08,B,10.13,B,22.5,B,23.26,C,19.81,30.5176,75.3365
USR_9DD92780,A,3.95,D,7.6,C,16.54,C,15.31,B,10.73,D,23.92,A,3.9,B,27.69,D,10.38,B,5.54,20.007,74.817
USR_A8D6BE98,A,18.19,D,12.79,C,12.76,D,10.4,C,9.45,B,37.8,C,22.21,D,6.97,D,8.4,A,6.77,26.8415,82.6293
USR_B0372D80,C,11.47,B,24.37,B,13.9,C,17.21,B,17.6,C,18.48,A,11.49,C,17.75,B,12.94,D,11.45,24.565,77.6693
USR_4E88EF40,B,22.19,C,11.9,C,11.69,B,11.36,C,10.01,B,14.8,A,19.88,A,12.12,B,16.71,B,13.93,12.5611,76.5699
USR_C277F95C,B,22.23,A,15.47,B,13.56,C,17.66,B,22.46,A,22.72,A,22.26,B,10.26,C,21.22,B,17.58,14.0787,76.4223
USR_AE0E9EB6,A,10.03,C,17.07,B,15.66,C,15.38,D,22.65,B,11.14,D,14.98,A,15.81,A,21.53,B,14.03,20.2678,71.2172
USR_536D8DBC,B,14.39,D,15.0,C,14.69,A,23.07,A,18.22,C,10.55,B,19.67,B,13.27,C,18.72,C,14.37,26.5749,79.0887
USR_E4FCF737,A,16.98,B,16.83,B,10.9,D,10.31,B,14.05,C,15.02,B,18.22,B,24.67,B,13.6,C,17.36,24.0821,78.8155
USR_0D6C312A,B,6.11,B,7.48,B,11.66,A,10.46,A,9.55,A,7.32,A,6.07,B,8.04,C,10.12,A,9.73,13.1242,79.5214
USR_3EEB1F48,A,7.64,A,7.35,A,7.88,A,9.41,D,6.37,A,10.94,A,11.76,C,9.85,A,11.51,B,6.97,20.2461,73.7024
USR_144D97CC,B,16.97,B,21.79,A,19.1,B,16.67,B,15.54,C,10.22,B,17.7,A,15.46,A,17.17,D,17.8,28.4609,79.458
USR_7D1D64FB,A,7.01,A,7.0,A,6.36,B,7.71,B,7.95,A,9.9,A,7.06,A,8.19,A,8.91,B,6.59,30.5522,77.6618
USR_DFBC8C50,B,22.96,D,5.79,B,38.34,C,9.75,C,27.39,A,33.44,B,6.72,A,22.61,A,13.11,A,12.75,28.6611,75.6122
USR_0B1CF6DC,C,19.79,C,7.5,C,30.36,A,29.87,A,22.2,D,23.14,C,3.33,C,18.0,D,38.85,C,15.48,23.2186,77.1665
USR_8924BA06,A,2.94,C,37.29,B,19.82,B,4.07,D,27.76,C,32.74,D,39.17,C,21.33,D,4.58,A,13.34,29.854,78.9602
USR_FC03D459,B,23.19,B,23.36,B,12.99,C,19.15,C,16.46,D,23.75,B,16.86,B,17.35,B,15.23,A,18.65,28.1492,75.7021
USR_E53B51F3,D,14.08,A,14.56,B,21.45,B,10.13,D,10.23,A,19.98,B,11.31,B,17.93,B,18.19,C,22.19,23.9597,77.4972
USR_5080924F,A,21.39,C,18.04,C,21.7,B,17.62,D,15.95,B,13.72,B,17.79,D,11.54,A,18.31,B,24.61,13.5583,76.2638
USR_F084BD24,A,22.36,A,10.96,A,10.81,A,11.44,B,24.58,C,17.34,D,13.1,A,24.31,B,19.51,B,18.97,26.1317,80.1752
USR_FE6391E3,D,22.33,C,12.58,D,18.01,B,15.47,B,12.04,C,20.72,C,14.6,B,16.99,B,13.52,A,21.24,29.841,76.3785
USR_50B8873A,B,16.94,B,13.17,C,18.15,C,13.6,B,23.91,B,18.52,B,18.09,B,21.09,C,12.78,A,14.17,13.2113,78.3548
USR_F1DBC157,C,23.91,D,17.86,B,12.84,B,10.66,B,14.82,B,10.52,C,21.26,A,23.43,D,22.91,A,14.7,19.0952,72.9801
USR_71C56D1A,C,19.27,B,22.39,A,12.97,B,18.1,C,24.69,C,22.66,B,17.0,B,11.34,A,18.8,D,23.14,19.3632,73.7523
USR_21ECBF06,B,19.81,B,15.64,C,21.86,B,10.01,C,19.76,B,24.84,B,10.8,B,21.93,A,19.63,C,11.68,18.6141,73.7582
USR_797D7C17,A,6.22,C,7.2,A,6.78,A,8.1,D,5.96,A,8.56,A,11.51,A,10.65,A,6.4,A,5.29,24.8485,81.544
USR_799B6D02,A,10.39,A,10.54,C,11.08,B,11.96,A,11.33,B,11.29,D,10.24,A,8.73,A,8.46,A,7.05,22.2846,78.8349
USR_63FEA3D7,D,29.93,C,37.5,B,30.22,B,32.7,D,36.54,C,29.33,A,24.95,B,27.91,C,4.83,B,21.04,17.8016,73.6408
USR_8E1CA70B,B,12.38,A,18.1,A,21.91,A,18.73,A,22.38,B,12.29,A,13.02,A,18.69,C,18.24,A,13.97,13.6415,78.0075
USR_01A24169,C,22.91,C,12.92,C,17.84,C,16.34,B,15.44,A,23.56,B,22.52,A,10.52,A,14.41,B,15.77,19.4415,73.4084
USR_764B9E0F,A,19.34,B,22.02,D,18.31,B,15.61,B,11.59,C,16.62,B,10.3,B,13.59,B,24.69,D,19.42,18.7619,72.891
USR_67F55F45,A,16.65,B,23.04,A,19.53,A,19.06,B,15.48,C,18.68,C,12.59,A,22.98,D,17.01,C,23.45,27.0328,77.5928
USR_DD8D717A,B,10.25,C,18.65,B,15.12,C,13.03,B,17.35,B,24.31,A,13.41,B,14.99,B,18.55,A,20.14,18.1077,73.4443
USR_E144D4BF,B,21.17,A,14.47,C,17.01,B,11.59,C,14.53,A,20.14,A,13.1,B,15.92,A,22.74,A,10.13,25.3451,79.5581
USR_D9400A74,D,19.81,A,15.53,B,16.62,C,23.9,B,24.9,C,24.03,A,21.83,B,21.15,D,16.13,B,20.43,22.4874,80.6269
USR_AFC2D29C,D,5.03,C,30.55,D,13.42,A,4.99,C,20.46,D,34.01,D,17.92,D,2.45,D,31.37,D,4.68,13.1713,76.1704
USR_B8A4DDFA,B,11.69,A,7.6,A,7.03,A,10.0,C,11.5,B,6.65,B,11.38,A,8.25,D,5.93,A,5.36,29.81,76.0942
USR_21BFAD9E,A,14.77,A,20.57,B,23.12,C,24.94,A,12.51,A,23.41,B,18.94,B,17.35,B,13.89,B,20.35,28.0293,78.8019
USR_8C21ADB5,B,20.49,B,11.95,C,17.56,C,24.93,D,19.43,A,10.11,A,13.42,A,17.96,D,12.92,A,17.44,23.3459,80.7253
USR_7CDB1FCD,C,24.44,C,17.91,B,18.17,D,24.22,A,22.75,A,13.53,B,10.7,A,16.12,B,19.04,C,23.37,17.3343,71.437
USR_3BDEE864,D,20.09,A,23.65,C,18.63,A,20.94,A,21.71,A,20.64,B,14.36,B,17.22,B,14.11,A,10.68,22.1263,77.6584
USR_374E21C2,D,5.79,A,9.28,A,9.25,A,5.8,A,10.53,A,8.71,A,11.63,A,6.24,D,9.48,A,7.08,12.344,79.5439
USR_C24FEE21,B,23.3,B,24.34,C,17.28,C,11.92,C,11.8,A,23.58,A,20.6,C,20.65,C,21.94,C,15.74,18.3053,72.0728
USR_E03FA4C4,A,7.5,B,11.1,A,5.0,A,9.46,A,7.47,B,8.91,A,5.19,D,5.13,A,9.15,A,11.95,27.3774,78.7713
USR_B818A5E1,D,8.61,B,11.98,A,6.82,A,6.16,A,6.84,B,9.89,A,5.95,A,8.62,A,5.04,A,5.7,13.3287,79.2463
USR_2CF4C743,C,27.19,C,26.65,D,29.41,B,14.08,B,38.95,D,2.33,C,26.19,C,24.43,B,3.02,D,29.89,26.9772,77.6862
USR_5B908408,D,31.25,C,25.75,C,13.92,D,30.07,D,7.66,C,4.83,B,17.93,B,19.41,C,24.54,D,30.19,26.6369,76.7248
USR_136208A8,A,8.6,B,7.0,A,5.88,A,11.43,A,11.14,A,11.28,A,6.33,B,7.72,D,11.52,A,8.54,24.5666,80.5115
USR_952A1EAB,D,9.0,A,8.37,A,5.84,A,5.81,A,11.21,A,11.79,A,6.45,A,10.6,B,10.62,A,8.83,30.039,76.4397
USR_AE779D6C,D,28.73,D,28.68,B,3.08,D,9.54,B,24.26,A,33.24,D,8.37,D,39.84,C,22.06,D,27.54,13.5963,75.7487
USR_A2F9D7FE,C,17.59,B,11.48,B,17.16,D,14.39,B,18.27,B,19.07,C,15.44,C,20.19,C,16.24,D,12.45,11.8437,75.8752
USR_2872E1BF,C,13.07,C,22.4,B,9.75,D,9.69,B,19.76,D,21.38,D,5.56,B,22.35,D,2.42,C,16.96,12.727,78.621
USR_97505443,A,8.64,D,8.65,A,6.42,A,7.96,B,9.05,A,5.81,A,7.3,D,8.85,B,10.77,A,7.57,22.4009,78.7082
USR_7FFFF03D,C,18.79,B,17.78,C,18.92,C,21.02,C,14.75,C,12.37,C,13.76,C,12.27,B,14.52,B,21.02,26.6776,79.3735
USR_E15BB985,C,38.71,C,26.31,D,32.8,C,39.93,D,20.54,D,25.66,B,31.06,D,27.91,D,28.45,C,3.28,28.527,76.8587
USR_7757FC3F,C,20.06,B,19.26,B,16.0,A,21.28,B,15.47,B,15.1,D,19.35,A,11.43,C,14.42,B,12.95,27.5227,79.6709
USR_EE39712C,A,23.81,B,12.91,D,23.13,A,20.07,C,20.24,B,20.21,C,16.23,D,17.57,C,13.61,B,23.16,24.5518,80.4069
USR_528DE5D0,B,11.78,A,12.79,A,21.74,B,16.77,C,17.96,C,21.75,C,23.51,B,15.42,B,13.86,C,11.66,28.7427,76.7253
USR_C057B699,C,16.62,A,22.2,A,15.11,C,12.13,C,17.31,D,13.15,C,12.46,C,21.12,B,16.61,B,18.36,14.6924,76.3298
USR_C3B556E0,A,5.96,A,8.15,A,5.93,A,5.86,A,11.53,B,10.93,A,8.7,B,6.92,A,11.62,A,6.43,23.9398,79.29
USR_7F85AC56,B,23.9,B,15.2,D,13.15,B,12.19,B,17.23,B,14.73,C,22.71,D,18.6,A,22.59,D,10.26,28.3025,78.0863
USR_9362CDB5,C,23.06,C,12.5,D,21.81,C,18.21,C,15.06,B,20.84,A,11.1,B,17.9,A,18.85,C,19.35,28.534,76.564
USR_47D0FF5B,B,18.75,B,11.04,A,10.66,B,24.8,B,20.12,A,19.22,D,23.63,B,17.87,C,16.63,B,20.97,18.8673,71.2194
USR_D7CB68F5,D,34.27,B,20.06,B,28.29,B,29.48,B,17.63,C,9.25,C,23.08,D,27.89,C,20.78,D,23.16,29.006,78.0343
USR_D8A54932,B,7.46,A,6.51,A,5.67,B,9.16,A,11.78,B,5.84,A,11.04,A,5.16,A,11.65,A,9.01,29.6735,78.9088
USR_2FBFF6F3,C,21.36,B,18.28,B,17.92,B,23.91,D,15.78,D,11.0,D,20.33,A,21.02,A,15.58,B,14.66,21.7351,77.5644
USR_29E2E72B,B,19.9,A,24.02,A,19.87,C,17.43,B,11.27,A,15.5,B,12.7,C,24.41,B,22.68,C,14.5,21.9341,78.0685
USR_A449E3B4,A,9.38,D,8.41,A,5.63,A,7.05,A,10.6,D,10.28,A,8.69,A,8.2,A,7.64,A,10.35,26.2,81.033
USR_0089E28E,A,18.18,B,15.63,B,16.19,D,14.18,D,11.64,C,21.01,B,10.61,A,16.91,A,15.96,D,20.05,27.551,76.8305
USR_55AF9410,A,12.78,A,14.64,A,23.6,C,22.55,A,13.83,B,15.69,B,18.78,B,12.67,C,20.98,B,15.31,19.7415,71.2025
USR_86269C65,C,4.44,C,32.08,C,28.4,D,16.92,A,25.09,A,20.85,B,38.55,D,15.38,B,16.54,C,19.29,22.9611,79.2641
USR_C4AC0E30,A,9.78,A,8.62,A,7.15,A,11.5,A,9.53,A,6.39,A,5.02,A,8.96,C,7.31,B,6.49,20.112,72.9824
USR_208DEB74,A,7.49,B,7.89,A,7.51,A,5.95,D,6.71,A,6.99,A,9.31,A,9.99,A,8.93,B,8.42,24.292,78.9995
USR_659C2DA4,C,13.79,B,20.85,B,18.05,B,16.9,B,17.65,A,15.2,B,13.04,B,19.52,C,14.22,C,12.4,29.7302,78.2492
USR_49429177,B,9.29,C,11.54,B,5.37,A,11.22,B,5.05,D,9.43,A,5.66,D,9.67,A,9.4,B,11.01,14.5777,76.3905
USR_73BB70B3,B,23.83,B,15.48,B,23.97,C,10.72,B,20.31,B,22.78,B,23.97,B,16.95,D,18.88,B,11.89,26.4237,79.0471
USR_EC25A69C,C,16.54,C,11.11,D,19.99,A,20.97,C,12.67,A,11.79,C,18.95,B,12.15,B,14.52,A,21.11,14.9541,79.0133
USR_0C4227AF,B,8.7,B,11.36,B,9.82,A,5.74,A,7.96,A,6.45,A,10.94,A,8.26,D,5.85,A,5.48,19.7553,71.1465
USR_93FDBF1E,B,11.91,D,11.99,B,5.21,A,7.74,A,6.77,C,11.65,A,5.71,A,8.8,A,9.65,A,6.03,24.0491,80.925
USR_2DD7B51D,C,21.21,A,24.11,B,19.54,C,22.49,B,18.72,C,17.33,C,17.7,B,21.12,B,14.55,B,19.88,17.501,74.8157
USR_89AE624A,C,31.84,C,24.21,C,11.89,B,15.31,D,8.47,D,37.76,C,29.57,D,34.83,C,39.69,C,24.04,14.3373,75.664
USR_75338BCD,D,17.51,B,20.24,D,18.42,B,12.6,D,11.42,B,21.49,A,10.67,B,16.71,C,20.8,B,16.45,27.9194,78.1842
USR_5ADBE146,B,22.35,A,17.13,B,20.95,B,17.41,B,11.16,B,16.18,C,23.96,B,22.95,B,10.98,A,22.51,23.7147,77.2044
USR_C3B367C6,B,10.73,A,6.82,A,11.05,A,5.67,A,10.26,C,6.56,A,9.8,A,7.99,A,10.43,A,10.75,26.4098,79.9111
USR_DFD4FA0F,A,18.68,B,22.76,B,14.51,B,23.79,B,20.12,D,20.97,A,21.34,B,11.42,A,14.19,A,16.28,24.0915,80.5274
USR_9ECAECCF,B,5.12,A,5.64,B,11.09,A,7.57,B,8.21,A,6.65,A,11.73,A,10.34,A,7.09,B,10.93,21.0402,73.0768
USR_62443D25,A,7.29,A,11.98,B,8.29,A,5.88,B,5.34,A,9.34,A,11.25,A,10.31,A,10.6,A,8.01,14.0377,76.5536
USR_E735C830,A,21.86,D,24.42,B,23.42,B,10.2,D,23.92,B,24.77,C,18.01,B,20.04,B,13.82,C,21.01,13.9023,76.814
USR_76866BCF,B,16.29,A,20.27,C,21.67,B,16.18,C,10.24,D,20.44,A,23.28,C,21.77,A,18.75,A,22.86,20.5183,71.4062
USR_D657A6C9,B,20.37,A,19.1,C,10.52,B,13.87,A,22.16,B,14.58,A,13.08,A,21.55,B,19.86,C,13.91,27.8568,82.7948
USR_31F32C09,B,25.06,D,10.42,B,32.25,A,37.95,D,36.66,C,34.35,C,15.37,D,9.33,C,9.36,D,6.34,27.8567,75.3205
USR_89B08D42,C,15.9,C,22.15,A,21.01,A,21.08,C,12.75,A,23.95,B,16.94,C,24.05,C,18.47,C,17.39,22.0594,77.8466
USR_FF148CA2,A,15.88,C,19.73,B,16.83,B,14.4,D,16.63,C,10.33,C,18.36,D,14.31,A,23.44,B,21.15,25.2584,82.4604
USR_7AB79C69,A,11.7,B,13.43,A,20.49,A,15.19,D,22.34,B,22.0,A,21.53,B,14.91,B,24.81,B,18.52,11.0281,79.1019
USR_6EFF7A2E,A,11.86,B,9.35,A,10.35,A,11.31,A,5.03,B,11.88,A,10.66,A,7.6,A,11.91,A,10.86,22.5943,78.3956
USR_75C844E0,C,11.22,C,11.03,C,24.97,A,13.47,B,22.7,A,14.67,A,19.71,B,16.76,B,11.56,B,16.62,28.0692,80.8225
USR_56F4EF6F,B,15.36,C,12.0,A,13.1,A,17.84,B,12.93,C,20.66,B,24.92,A,21.76,D,19.78,A,14.2,11.743,77.5673
USR_3D4283C2,C,11.7,C,20.3,C,21.39,C,20.75,A,19.73,B,15.98,A,21.5,A,23.73,A,20.7,C,10.73,13.3892,77.1486
USR_19B48CC6,A,19.96,B,16.22,C,22.44,B,14.01,C,14.36,D,20.88,A,17.26,D,22.17,D,20.31,B,23.63,28.9757,78.0991
USR_48DDF86C,A,8.08,B,6.02,B,8.12,A,8.38,A,11.96,A,8.88,A,7.77,A,8.41,A,9.68,B,9.3,21.8311,80.7071
USR_F6B2D6C7,D,28.84,C,32.06,B,34.46,C,27.49,D,22.69,D,28.56,D,5.8,B,32.72,D,29.88,C,16.14,22.0263,78.1439
USR_36ABF3AD,B,24.49,A,19.67,B,11.29,C,23.49,A,21.66,A,11.22,A,20.48,B,10.2,A,19.95,C,19.22,22.5766,78.2931
USR_F5D83010,B,14.96,D,12.59,B,19.55,C,12.71,A,17.09,B,15.83,B,12.68,D,13.92,B,21.81,B,23.74,18.2725,73.2289
USR_2C2AD9A4,B,16.84,B,11.09,B,12.12,C,23.06,B,24.46,A,20.26,C,17.57,B,11.89,D,14.66,C,13.7,14.7249,76.5744
USR_D1380BED,B,14.87,C,23.53,A,17.71,C,17.24,C,11.66,A,17.45,B,11.94,C,24.0,D,23.25,B,10.27,22.8695,77.1263
USR_ADAFFF2C,D,7.68,D,7.52,A,7.03,D,12.44,C,39.91,D,21.68,C,39.53,D,22.07,C,15.01,D,7.3,27.6481,75.9462
USR_806C4D3A,A,14.44,C,21.47,B,10.12,B,15.52,B,13.64,A,21.0,B,14.55,B,13.37,A,14.08,A,21.89,26.8236,77.9715
USR_642692A8,A,7.28,A,8.36,B,9.62,A,5.17,A,5.51,A,6.17,A,6.43,A,7.58,A,6.0,A,10.67,24.377,80.7386
USR_D47A167D,A,9.52,A,10.96,A,8.14,A,10.35,D,10.37,A,7.33,A,8.34,A,11.33,D,8.96,B,10.14,29.6638,76.8291
USR_05AED58B,B,23.1,B,19.71,B,21.35,B,14.42,C,18.95,C,12.73,A,10.64,A,22.8,C,18.77,A,16.5,13.1827,78.9353
USR_A0998620,B,10.78,A,12.02,B,11.13,B,12.09,A,21.79,B,10.6,B,22.34,B,16.74,B,12.73,B,23.35,13.0452,78.9466
USR_09A26730,D,37.14,D,39.89,B,11.04,B,38.98,D,5.7,D,23.43,D,26.71,C,32.5,C,34.88,B,39.97,27.7798,80.8952
USR_416591A7,A,8.97,A,8.24,A,10.26,A,7.0,D,10.98,A,5.01,A,10.84,B,11.64,A,5.7,A,6.56,26.3384,79.7021
USR_F7ECCD31,B,18.43,A,14.86,A,12.14,C,10.05,B,24.23,A,11.53,A,21.58,B,13.65,B,14.62,D,13.43,12.2381,78.7466
USR_AC7230E3,B,15.07,C,37.43,D,29.39,C,13.64,D,35.63,D,39.91,A,31.39,A,23.83,A,21.26,C,38.99,17.7989,72.233
USR_A9DD320E,B,11.9,B,12.15,A,22.83,B,13.44,C,20.05,A,12.42,C,16.69,C,19.05,B,24.57,B,19.95,29.0784,75.332
USR_ABF6842D,C,26.2,B,13.09,A,9.06,D,19.28,C,11.73,D,14.48,D,31.88,B,18.54,C,23.88,A,24.92,19.4252,73.9964
USR_F5459398,A,7.98,A,6.19,A,8.18,B,11.57,B,7.26,A,8.47,D,5.73,A,10.64,A,11.51,A,6.45,24.7023,78.365
USR_A88EFCEE,D,8.36,B,9.65,A,7.16,A,10.2,A,8.58,D,7.32,A,6.58,B,6.58,A,9.22,B,5.32,13.9652,77.063
USR_AAE52CBB,A,19.99,A,18.39,B,22.71,B,16.44,B,16.04,A,15.52,C,11.44,A,16.55,B,23.59,A,23.27,24.8903,80.4612
USR_2A572634,B,24.81,B,21.93,C,20.02,B,14.21,B,13.35,C,16.93,C,13.73,A,15.64,C,16.51,B,22.26,28.2086,80.7817
USR_E43A1F59,C,24.5,B,21.42,D,12.15,C,15.71,C,10.26,D,18.45,B,15.63,B,22.57,C,13.57,A,13.81,12.4277,78.9389
USR_A5A9C43A,A,28.75,C,23.65,A,11.55,C,14.04,B,36.83,D,30.72,C,11.07,D,4.9,D,23.95,C,11.3,27.4053,77.4151
USR_2CE034C7,A,5.18,A,6.75,A,10.96,A,5.03,B,6.71,A,10.65,A,7.85,A,5.44,A,8.29,A,6.34,13.2834,75.7348
USR_73FF3C30,C,6.36,A,8.27,B,11.58,A,8.17,B,8.04,D,9.81,B,8.96,A,6.92,A,9.23,A,6.58,12.4066,79.2723
USR_B5F7A532,B,6.44,A,5.32,A,11.09,D,5.43,B,7.13,B,10.19,A,6.3,B,7.67,A,8.52,A,8.0,12.719,78.2481
USR_D684E540,A,11.18,A,9.81,A,11.45,A,8.52,C,7.56,A,6.06,A,11.75,B,9.51,A,6.81,A,10.61,21.1315,77.2142
USR_C6495818,B,22.31,A,22.19,A,17.78,A,18.67,B,11.58,C,17.29,B,20.03,B,23.37,D,21.99,C,10.98,27.2919,80.7688
USR_56B8268E,A,11.31,B,10.35,B,16.23,C,20.47,B,20.66,C,13.81,B,13.17,A,11.28,C,10.17,B,16.91,29.2976,75.6978
USR_9E367E7C,A,11.57,B,14.18,C,13.97,D,16.39,C,24.57,A,11.01,B,16.94,C,24.7,D,23.17,A,23.66,12.4608,77.3325
USR_11E05C5D,A,14.65,B,22.47,C,20.85,A,10.81,D,24.06,B,15.9,A,11.11,B,12.37,C,12.39,B,23.48,27.6731,79.8699
USR_FEF4222C,A,24.7,A,22.67,B,14.03,C,14.77,D,21.61,A,13.35,B,12.94,A,11.5,B,19.1,B,12.32,13.9519,76.9423
USR_91EC48AB,D,19.37,B,13.29,D,33.47,D,7.87,D,17.78,D,32.17,C,31.67,C,12.4,C,6.88,D,4.81,11.9173,78.7458
USR_F146576B,A,21.79,B,13.16,B,11.72,D,24.65,D,15.16,A,20.25,A,11.61,B,24.05,B,16.14,C,11.53,17.3741,72.0435
USR_9779D5ED,B,2.31,B,26.05,C,18.07,D,27.0,A,13.69,B,20.04,A,9.03,C,24.64,D,33.74,C,4.59,27.6917,80.2211
USR_9847557E,C,25.4,C,12.47,D,7.57,C,33.18,D,10.56,A,35.27,D,11.54,C,5.65,D,14.93,A,4.87,29.085,76.1785
USR_05EFCEE1,A,21.98,C,13.09,B,12.43,A,20.3,B,11.75,B,18.69,B,23.18,D,15.94,C,17.35,B,14.17,22.3326,77.4443
USR_FFCCF85F,A,14.61,A,18.03,C,22.26,B,13.98,B,13.01,B,19.17,A,14.54,C,14.24,A,17.43,C,24.92,29.9377,75.8121
USR_94EAB7D2,A,6.59,B,34.79,D,2.63,B,3.79,D,29.16,D,28.05,B,31.52,A,38.89,D,38.18,C,17.87,28.3773,79.4903
USR_11C89673,B,5.46,A,6.16,A,9.7,D,7.08,A,6.44,B,6.44,B,11.11,A,8.87,A,11.78,A,10.59,13.2903,77.4272
USR_6758B795,C,21.97,D,20.29,B,15.53,D,26.82,B,38.15,D,39.44,C,29.26,B,25.74,C,14.36,C,28.97,30.6099,77.0123
USR_E1B31FA9,C,15.76,D,10.16,D,19.84,B,13.7,C,12.1,C,22.27,B,19.01,B,13.63,B,15.42,A,24.61,25.914,80.2835
USR_1FE4EFA2,A,9.69,A,11.31,B,6.98,A,9.5,A,11.03,B,5.07,A,8.36,A,10.21,C,6.44,B,7.8,20.9159,78.5182
USR_0FBA1576,C,11.07,B,15.98,C,20.83,D,23.02,B,21.25,A,19.01,B,16.5,C,13.38,C,16.54,B,17.52,26.5823,81.2518
USR_F635B22D,D,20.6,B,19.37,A,12.92,C,18.17,D,14.97,A,20.97,C,17.75,B,16.86,B,20.13,A,23.06,22.8118,78.6521
USR_E872A892,A,21.53,A,20.08,A,11.94,B,20.35,D,17.03,C,12.12,A,24.4,A,20.86,B,10.89,B,16.41,20.9624,79.3803
USR_FBCED2EF,B,19.97,A,14.97,B,21.31,B,16.99,A,22.07,C,18.49,C,23.61,A,24.81,B,24.4,B,14.09,20.1302,74.5557
USR_DE181224,C,5.17,A,8.67,A,6.31,A,7.9,B,9.58,B,6.39,A,5.42,A,5.97,A,5.9,A,9.35,28.6011,81.976
USR_E58906B6,A,8.44,A,5.26,B,7.67,B,8.67,B,11.51,A,7.59,A,11.48,A,10.83,A,9.05,B,9.2,21.6144,77.9711
USR_494C6CC9,A,14.63,B,15.88,B,10.03,D,11.78,B,20.48,B,21.21,A,12.25,B,17.78,B,19.07,C,10.97,13.4933,76.6159
USR_C731EBC5,B,5.87,A,11.66,A,7.63,B,7.53,A,9.44,A,11.44,A,9.87,A,6.45,C,6.4,B,5.42,28.9071,78.1167
USR_40853572,D,25.65,B,28.02,C,3.46,A,38.61,C,24.86,C,36.1,D,28.68,D,3.58,D,3.56,A,9.95,21.1287,78.287
USR_F0C18E9F,C,24.5,C,19.33,B,19.57,A,18.8,A,15.03,C,14.17,A,15.71,C,13.29,D,15.82,B,15.3,28.3763,76.0002
USR_F75C7C25,A,11.29,D,11.84,A,7.79,B,11.77,A,8.64,A,5.9,A,8.38,A,7.68,A,5.83,A,10.97,30.4202,78.7716
USR_F38513A8,C,13.21,B,17.95,C,16.4,D,19.23,C,19.41,B,20.36,B,14.39,A,24.65,A,10.06,A,13.27,19.9543,74.7806
USR_0315D0D7,B,14.52,C,23.66,B,23.0,B,21.5,A,15.0,B,16.13,B,19.61,C,15.07,C,18.55,B,19.9,28.8725,77.5428
USR_C2EDC7C4,D,14.25,B,9.68,C,17.07,B,8.63,D,20.35,D,22.95,A,19.11,D,6.34,A,6.18,D,35.25,24.3165,77.4074
USR_3E5BC757,B,13.47,C,13.2,C,18.16,B,19.96,C,15.81,B,18.3,C,14.11,C,24.45,B,11.38,B,12.34,14.5953,75.7147
USR_7AD6E3CF,C,13.8,D,22.85,B,25.43,A,26.95,C,22.85,C,35.08,D,21.65,C,12.27,B,36.67,D,2.99,22.935,78.8001
USR_BA97F298,B,6.83,B,7.27,A,6.85,B,10.4,A,6.9,A,8.48,B,8.23,B,8.07,A,11.21,A,9.82,19.213,73.0823
USR_B66B4363,B,13.53,B,20.44,C,16.51,B,21.95,A,20.44,C,24.44,B,15.95,C,20.87,C,16.13,C,11.39,19.3488,73.9227
USR_7BA3EE43,C,20.96,D,38.94,D,12.35,D,12.42,D,27.89,A,6.2,C,39.23,D,31.4,C,33.13,C,4.85,14.8528,79.2134
USR_165730FA,C,17.44,B,19.43,D,23.48,B,9.89,D,6.62,D,18.59,D,27.79,B,25.61,B,17.63,B,34.12,22.9404,78.8305
USR_C3D93093,A,6.23,A,5.7,A,10.32,A,10.46,A,11.16,A,6.7,A,6.32,A,5.24,A,6.6,C,10.37,27.1975,78.0824
USR_124DB354,A,14.34,D,17.55,B,18.14,C,21.61,B,16.32,B,11.19,D,13.72,B,15.74,A,19.08,C,13.87,14.1967,76.6236
USR_5ABEE773,B,23.78,D,20.73,A,12.83,C,22.76,C,13.11,C,15.03,A,20.15,B,17.63,C,10.63,C,15.39,27.2831,79.8232
USR_534D87A9,A,20.39,B,21.99,A,16.09,B,13.65,B,15.51,A,16.52,C,18.62,D,10.85,D,10.32,A,17.61,23.6115,77.883
USR_D818C109,C,16.73,D,15.47,A,17.69,A,23.18,A,12.44,A,24.1,A,14.91,B,10.64,C,14.64,A,12.19,26.6469,82.8816
USR_E6603AAE,D,19.16,B,22.37,C,18.94,B,19.85,B,18.06,C,16.38,A,21.9,B,20.89,B,14.42,B,13.15,27.8956,76.2195
USR_295579C0,B,24.32,C,5.67,B,13.7,A,7.22,B,6.58,B,32.95,C,31.08,A,20.32,D,21.63,D,30.77,28.522,80.474
USR_443186C4,A,10.73,C,8.68,A,5.7,A,6.62,A,7.81,A,5.45,A,7.55,C,6.46,B,9.33,A,11.59,13.985,76.19
USR_CAB1CC68,D,28.59,C,2.07,A,23.25,A,39.79,C,11.12,A,25.36,A,26.72,B,12.18,A,32.37,D,37.75,20.4796,71.7616
USR_71BB7213,D,39.42,A,14.4,C,33.0,C,21.72,C,7.97,C,38.55,D,17.74,D,14.66,C,21.76,D,2.45,13.0291,78.0973
USR_B85246CA,B,16.14,D,20.7,A,24.49,A,18.93,A,19.39,A,20.92,B,15.35,A,17.28,C,16.49,A,23.2,27.7057,78.1888
USR_770828A7,D,10.28,D,32.09,D,21.43,A,4.31,C,19.69,C,31.05,B,27.48,C,5.88,B,26.77,C,37.63,27.3387,81.5398
USR_CB1B009A,C,11.77,C,28.75,D,38.44,D,22.01,C,20.5,B,27.08,C,38.55,B,17.93,D,2.9,C,19.43,30.4397,78.1822
USR_22AEDD25,C,24.6,D,19.93,C,13.98,D,14.24,C,10.06,C,17.41,C,12.38,B,21.06,C,10.93,A,11.61,11.7267,78.1802
USR_1C5A5C48,A,20.4,A,18.34,A,10.48,D,22.79,A,16.76,A,24.86,B,10.07,C,11.93,B,11.23,B,15.13,28.5701,78.9499
USR_192B997A,B,5.17,B,9.36,A,7.54,B,8.68,A,8.92,A,11.96,A,11.56,A,8.41,A,8.28,A,5.03,25.9436,79.7824
USR_C10EFD5B,D,23.78,A,18.02,B,19.51,B,24.88,B,24.11,C,22.96,B,22.67,C,23.64,A,13.19,B,17.03,26.7951,77.7182
USR_D458305B,B,19.18,B,12.49,B,10.96,C,22.3,A,12.71,A,11.26,B,16.01,A,23.91,C,20.73,C,23.3,19.2207,72.4346
USR_D2C7B6ED,B,17.18,B,12.51,C,18.73,B,13.42,B,17.85,B,12.18,A,11.24,A,24.94,A,22.86,C,10.18,28.3425,78.2713
USR_51706054,B,22.46,A,21.87,B,14.3,A,16.31,A,22.4,C,22.3,C,21.99,A,23.04,D,22.8,B,24.04,24.537,77.0855
USR_511C99D6,B,15.14,B,10.89,C,22.11,C,23.9,B,11.22,A,19.41,B,23.83,B,24.05,C,16.13,D,20.3,22.6948,78.8389
USR_4987730F,B,22.35,A,12.63,B,17.25,B,22.88,A,19.87,B,15.51,B,20.26,A,15.14,A,13.07,B,10.71,14.3066,77.8224
USR_01A8DE2C,B,33.0,C,13.24,D,36.15,A,6.13,C,8.11,D,2.14,D,10.2,C,27.81,C,20.03,D,29.76,21.9012,78.2664
USR_15ADDE3B,B,10.85,A,10.41,B,14.73,A,11.49,B,19.52,D,16.5,B,12.31,B,12.96,A,16.11,D,15.73,23.7644,78.0426
USR_F6358773,C,12.33,D,21.17,A,17.05,A,15.39,A,17.65,C,12.15,B,24.95,D,23.16,C,16.43,C,24.66,26.8636,82.1708
USR_EA50885D,D,16.33,A,18.37,B,15.78,C,22.25,B,22.33,C,11.08,D,22.35,C,11.3,C,14.45,C,13.47,23.4576,78.4241
USR_C9A16A16,D,36.5,B,11.12,C,27.83,B,8.01,C,20.33,D,27.49,C,20.31,D,33.78,B,38.27,D,29.22,25.8731,82.9306
USR_A08058AA,D,13.05,B,16.9,A,24.25,C,12.68,C,11.66,B,22.93,B,11.11,C,15.5,B,23.62,C,17.83,19.6834,71.4615
USR_6BED5DC5,B,15.64,A,16.97,A,16.33,D,24.03,B,19.68,C,22.31,B,22.4,C,15.07,C,16.99,A,10.57,21.5238,78.4942
USR_ED3F39FE,B,20.21,A,12.91,C,22.43,B,10.15,A,12.79,D,20.33,C,20.64,B,21.61,A,13.25,B,18.3,27.4653,79.9733
USR_5048C820,D,2.81,B,29.28,D,21.99,D,3.04,B,12.24,D,25.71,D,39.25,D,24.56,B,34.84,D,4.52,27.6728,80.1506
USR_EAFA88A5,C,39.75,C,23.51,C,35.71,C,35.13,D,4.21,D,38.58,C,26.61,C,23.14,A,18.24,D,10.62,30.4677,75.4157
USR_BCA7AD75,B,24.25,C,10.44,A,23.17,B,20.45,A,18.8,A,17.84,A,14.36,A,16.7,D,11.28,C,11.08,11.0013,79.0713
USR_6FC32E10,C,14.59,B,29.64,B,25.19,D,15.18,C,33.16,A,16.87,C,2.52,D,38.93,B,36.52,C,13.5,22.7473,78.5614
USR_2F5566F0,A,6.51,A,9.07,B,10.92,A,5.47,A,10.59,A,8.52,A,8.95,A,9.82,A,7.76,B,7.46,12.1272,77.8631
USR_1105CFF8,C,21.85,C,18.93,B,20.03,C,18.27,C,13.47,A,11.49,C,17.58,B,13.01,A,16.74,A,16.45,22.9897,78.3506
USR_4115A6F7,D,15.16,C,22.45,B,22.0,A,14.31,C,21.59,B,12.35,B,23.83,B,17.24,B,24.24,C,16.83,27.018,76.987
USR_C3FFDD3F,D,22.6,D,20.53,B,22.9,A,17.72,A,10.83,B,16.75,C,13.44,C,19.59,C,24.18,C,23.68,22.5474,80.348
USR_48BFD783,A,9.97,A,8.74,A,6.99,C,5.71,A,9.67,A,10.87,A,10.26,A,8.48,B,5.87,B,9.15,21.1263,77.0912
USR_C42CB187,A,10.38,B,13.13,B,18.05,D,11.12,B,18.61,A,16.29,B,20.04,A,21.7,A,20.0,A,15.94,26.5302,81.6681
USR_0D76B99D,B,19.56,C,20.81,C,15.42,C,14.38,B,17.36,D,12.72,D,14.3,B,12.56,C,12.0,C,16.11,27.098,81.5566
USR_AF2D5723,C,11.13,A,15.89,D,18.01,D,16.84,C,17.75,A,19.12,A,14.47,B,21.44,C,16.43,A,16.2,21.3468,78.4744
USR_A11D1A3F,B,11.42,B,19.87,A,21.75,B,23.73,C,10.99,B,13.22,B,12.11,B,20.68,A,21.38,D,11.2,29.1249,75.4587
USR_EF297508,A,5.48,A,10.91,A,10.01,D,5.27,A,6.2,A,5.49,A,11.77,C,5.78,A,7.63,A,8.98,28.3662,80.6787
USR_BA422DCB,A,10.62,A,5.95,A,5.41,A,9.76,A,6.15,C,9.57,A,11.96,A,10.11,A,11.34,A,5.87,23.4188,80.4936
USR_AC591504,B,24.6,B,13.44,A,23.42,B,20.4,C,18.77,D,14.75,B,15.83,D,23.69,B,12.23,D,12.83,29.1376,78.5832
USR_162503A2,D,11.76,A,22.72,B,28.98,B,4.33,D,20.54,C,22.36,C,2.88,C,19.64,A,12.24,C,13.6,20.4299,74.3542
USR_0A8BB312,A,9.51,A,10.07,A,8.9,A,8.45,B,11.44,B,11.54,A,10.92,B,7.4,A,5.98,A,5.69,26.3559,79.1596
USR_34F59AFA,A,20.95,C,22.42,B,19.47,B,12.06,A,20.33,C,12.68,A,21.94,C,20.19,C,21.48,A,14.66,29.1,76.6738
USR_4E67F7AE,B,14.63,D,16.54,A,24.87,C,13.78,B,13.66,B,17.41,A,20.74,A,24.78,B,21.32,B,19.0,28.8637,78.7921
USR_4457342A,D,39.53,C,25.5,B,19.16,A,18.28,B,18.6,C,28.16,D,31.84,B,36.69,D,5.86,C,10.27,12.9316,76.3
USR_7AB89A47,A,10.26,A,11.9,A,10.88,D,7.16,A,10.08,B,9.54,A,11.88,A,11.61,A,8.75,A,6.29,26.6188,79.1901
USR_8BA467C3,B,20.09,C,13.34,B,16.66,A,19.27,A,11.75,A,10.89,A,15.13,C,17.65,B,11.23,A,14.4,25.5189,78.966
USR_86E22EBE,D,12.06,D,13.29,B,38.51,B,9.03,A,10.54,C,30.52,C,23.05,D,9.06,B,28.24,D,37.7,23.3975,79.7023
USR_E2EECD1F,C,13.35,C,22.57,C,17.58,B,13.17,A,21.12,D,15.5,C,20.48,C,13.5,B,17.99,B,24.39,19.8908,72.7659
USR_A49DF95C,C,21.72,A,24.91,B,21.53,A,18.6,D,23.48,B,13.11,A,12.02,C,24.42,B,18.13,B,15.7,29.9978,76.0069
USR_DFEE3D1D,C,19.47,B,18.38,A,17.18,B,12.53,C,16.47,B,16.45,C,24.61,A,23.72,C,11.88,B,15.66,11.65,75.812
USR_6B87F030,C,24.35,B,12.6,C,15.15,C,21.22,D,18.89,A,21.42,B,12.45,B,20.96,B,12.66,B,16.01,24.7285,78.5286
USR_C51E661F,C,18.99,B,13.35,D,20.67,A,21.85,B,20.19,A,11.84,C,22.75,B,14.78,B,17.82,B,17.32,27.2411,78.2355
USR_6D468E8E,A,11.24,A,9.7,A,7.52,A,6.77,A,9.04,B,7.05,A,5.96,A,7.03,A,5.8,A,6.32,17.5816,71.6819
USR_AA23F8D9,B,23.39,A,16.91,A,22.97,C,20.52,D,18.23,B,12.19,B,15.55,C,24.53,A,16.54,C,11.65,17.8744,74.3659
USR_7B5EB33F,B,20.95,C,23.76,B,19.54,C,22.77,C,23.04,B,16.82,A,12.2,B,14.57,B,11.39,C,16.96,27.7816,79.0181
USR_1CF8ACB3,D,8.5,C,7.23,D,25.1,C,9.12,B,11.53,B,9.49,D,3.25,D,39.25,B,18.08,D,31.09,18.9944,74.3286
USR_4324714C,A,6.67,A,10.73,A,7.9,A,10.97,A,9.48,A,6.21,A,5.5,B,6.6,A,9.82,A,5.31,22.9396,77.1285
USR_33FD28B7,C,20.63,B,13.8,C,17.15,B,19.14,B,11.81,C,18.58,A,21.51,B,24.35,C,15.75,A,21.31,12.0747,77.247
USR_5F5C2DF2,A,10.51,B,23.11,A,23.84,B,16.87,C,19.42,B,13.44,B,12.28,D,19.82,A,12.9,B,23.32,24.3781,79.0561
USR_884CFBB9,D,10.98,A,8.22,C,9.14,B,11.06,A,6.01,A,9.21,D,7.43,A,9.76,B,6.22,B,10.54,14.716,77.8425
USR_6C0551BE,C,9.01,D,31.6,C,13.58,B,34.58,A,39.13,B,30.7,D,28.29,C,25.3,C,38.07,C,26.02,14.6689,76.1496
USR_9650DC6E,C,38.1,D,19.39,B,7.11,D,12.17,C,38.82,D,39.79,D,35.97,D,25.72,D,26.16,A,16.33,20.064,74.7417
USR_3A6D1FCA,A,6.1,B,8.25,A,8.95,A,10.81,A,9.76,A,7.31,A,8.64,B,6.11,A,9.97,B,7.99,22.1655,78.9431
USR_6B58B8E9,C,11.25,B,20.57,B,17.62,B,21.37,B,15.87,C,15.95,D,16.92,B,16.73,C,12.58,A,17.86,27.1297,79.7651
USR_6615A498,A,12.7,B,19.32,C,11.83,B,20.15,B,20.75,C,12.19,B,16.21,C,14.13,B,13.97,C,21.15,12.3652,76.6885
USR_D89F87EF,C,20.76,B,13.31,B,10.17,C,16.11,B,20.13,B,18.93,B,17.29,B,10.49,B,16.17,C,20.22,25.5954,82.2884
USR_2B1D4A5D,A,6.97,A,8.17,A,9.55,B,5.43,A,6.58,A,9.98,A,8.98,A,9.77,A,5.95,A,5.39,28.7432,77.9098
USR_F316C57B,C,18.52,A,18.08,B,21.46,C,23.38,A,11.93,B,17.63,B,15.29,B,22.43,A,17.93,D,14.03,11.8142,79.2517
USR_B0D5DF31,B,16.38,A,11.39,B,21.27,B,22.34,A,15.26,A,14.45,C,20.24,C,24.79,A,24.04,B,13.51,18.008,72.297
USR_9AA8CE57,A,13.86,C,10.33,B,23.12,C,21.58,A,11.34,B,12.16,C,17.85,A,24.42,B,10.72,B,19.46,11.1904,79.3417
USR_D1F816C6,C,12.33,A,24.07,C,16.73,A,20.5,B,10.93,B,11.61,B,24.14,C,22.97,A,21.27,B,24.21,25.4783,79.7011
USR_E818D042,D,11.96,A,10.14,C,15.04,D,19.25,B,19.2,A,23.22,A,14.5,B,11.3,A,20.51,B,20.21,28.0583,78.4303
USR_5F2D5068,C,18.83,A,24.94,B,11.29,C,15.66,C,10.81,C,11.98,A,10.15,B,11.43,A,20.68,C,10.9,13.0768,75.9756
USR_E3749CED,D,14.4,A,11.03,D,26.59,C,21.88,D,9.23,D,38.55,D,34.12,D,13.3,D,37.98,D,7.38,20.6922,71.3447
USR_786472D8,A,19.76,C,22.97,B,11.79,C,13.6,C,13.47,C,12.99,B,22.73,A,11.63,B,11.41,C,21.17,30.2803,78.1253
USR_4813C972,B,24.4,A,20.08,B,19.42,C,23.08,A,21.17,B,17.73,C,10.94,B,22.97,A,18.59,A,19.6,30.032,75.3885
USR_2AE9F91D,C,12.02,D,12.33,B,21.84,B,18.33,C,21.15,B,23.39,B,10.94,A,18.92,A,12.23,D,17.66,25.9127,81.3799
USR_78828E4B,B,7.57,A,6.72,A,5.91,A,6.8,A,7.5,A,10.95,B,12.0,A,7.93,B,11.26,C,5.27,27.0786,78.0233
USR_1C4530FD,C,3.56,D,22.56,C,27.63,D,31.4,C,35.71,C,9.58,D,16.78,C,39.53,C,39.09,C,12.38,30.1804,77.3768
USR_11FBDBD3,A,10.93,A,8.34,A,10.37,C,6.95,B,9.36,A,6.02,A,5.46,A,9.34,B,10.58,A,8.09,20.8716,72.5461
USR_31C1812E,B,19.42,B,18.42,A,12.95,C,23.95,B,18.7,B,20.32,B,20.34,B,16.82,C,11.46,C,23.7,29.3539,77.6446
USR_3AFF4FB0,B,5.13,A,5.92,B,10.13,A,7.55,D,11.86,B,9.77,A,7.74,A,5.28,A,11.24,D,9.03,23.2741,77.2193
USR_4CA2BC49,B,29.21,D,29.93,C,34.27,A,14.54,D,17.13,C,34.63,D,37.71,D,12.22,B,21.16,B,24.02,22.4481,78.6712
USR_69936623,D,21.0,A,17.87,C,13.5,B,24.36,C,17.44,B,18.95,B,22.99,C,10.75,A,21.48,C,12.78,18.287,73.618
USR_63AD0274,A,8.08,A,7.03,B,10.47,A,9.17,A,11.73,A,11.79,A,6.44,A,8.04,A,9.38,A,11.39,11.8935,79.0361
USR_2FB74221,B,9.19,B,11.73,A,11.97,A,9.16,C,6.59,B,10.8,A,5.38,A,10.08,A,8.75,A,7.77,21.1221,77.6652
USR_96309D9D,B,17.88,A,11.73,C,20.28,A,22.33,B,21.93,A,14.47,C,11.35,A,15.28,C,23.07,A,18.16,18.7469,74.768
USR_5BA596DB,D,5.69,B,8.34,C,7.88,A,10.06,B,11.33,A,6.15,D,11.54,A,6.23,A,10.61,A,8.49,23.1474,79.0973
USR_6DE3C0C9,A,10.29,A,8.41,A,5.0,A,9.52,A,7.66,A,9.57,A,9.13,A,10.06,C,9.17,A,9.36,14.153,78.4791
USR_FC3EC19F,A,7.79,A,10.11,A,6.59,A,7.07,A,6.33,A,7.48,A,8.84,B,10.97,A,6.1,A,7.26,30.2242,75.4978
USR_5AEE5295,C,23.6,C,13.36,B,15.59,B,22.04,B,21.38,B,11.51,C,22.43,D,13.07,A,23.23,C,23.3,24.1019,78.1714
USR_463A5892,A,24.81,B,18.46,A,16.15,D,18.9,A,10.51,B,20.97,B,14.36,A,24.59,B,19.64,B,23.53,29.603,77.6092
USR_9E829579,A,6.29,B,9.04,A,8.87,A,5.17,A,5.58,B,5.42,B,10.05,A,11.9,A,11.61,A,8.04,23.2894,80.0257
USR_FA620E2F,D,6.89,D,38.83,B,25.2,B,28.33,D,15.21,B,10.38,C,31.58,D,19.98,C,36.42,D,23.69,12.1695,76.2585
USR_4523E1D9,B,22.89,C,21.36,A,22.76,C,21.19,D,10.26,C,20.8,B,13.66,A,15.93,A,16.64,B,12.65,25.2068,81.9302
USR_1A2DCE3E,D,24.13,A,24.86,B,15.13,C,15.37,D,23.68,C,15.13,B,20.14,C,16.93,C,12.5,B,24.15,21.8776,77.6559
USR_2B7F8FA8,B,10.91,B,21.31,D,19.02,A,12.38,A,10.15,D,19.23,C,21.84,A,24.73,A,21.22,B,22.69,19.6685,73.8376
USR_645EE25B,B,12.67,C,21.63,A,11.79,C,18.47,C,22.53,B,19.33,B,13.77,A,15.34,B,20.75,A,18.68,11.142,78.1445
USR_BAD39E77,A,9.02,A,11.55,A,6.39,A,5.42,A,11.37,A,8.04,B,7.6,C,8.32,A,9.13,A,11.01,19.4591,72.1485
USR_177133F0,A,10.35,B,8.09,A,9.5,A,6.72,A,5.28,A,10.1,A,9.85,A,11.69,A,8.56,A,5.44,27.0163,75.8049
USR_2733B8E3,B,23.76,B,13.7,B,14.82,C,23.13,A,14.17,D,19.15,C,16.25,A,17.01,B,10.31,C,20.01,24.1239,79.9669
USR_8A0CAA4C,C,12.24,B,18.89,A,23.44,D,17.45,C,16.61,C,20.83,A,17.59,A,16.96,C,20.33,C,14.11,24.6968,78.9437
USR_90A7B058,D,16.4,B,14.02,A,14.16,A,16.33,C,21.64,B,11.78,D,23.89,B,24.03,C,12.77,B,23.63,21.3524,79.277
USR_C718B7B0,B,12.36,A,22.48,D,10.72,D,23.25,C,20.57,A,18.43,C,20.97,B,15.97,C,18.46,A,23.25,28.4868,78.4896
USR_903864C0,A,17.74,A,23.46,B,13.43,C,14.2,B,19.84,A,15.76,C,16.72,C,20.3,B,13.52,C,16.45,26.5364,80.7907
USR_EDEE556D,B,13.86,A,13.16,A,21.63,B,13.19,A,19.81,A,15.23,B,10.43,B,14.95,B,21.67,B,15.28,11.1352,76.9011
USR_5B5F3788,A,5.88,B,5.58,A,8.84,D,5.38,A,11.67,A,6.51,A,11.98,D,6.14,A,9.69,A,9.61,28.8798,78.4107
USR_C55EF80D,B,10.65,C,18.16,D,23.87,B,14.63,C,15.04,C,16.2,C,16.36,C,14.88,D,15.33,C,24.67,17.664,71.221
USR_EC465F14,A,23.15,A,18.79,A,22.18,A,14.43,A,12.49,A,19.87,B,23.43,D,17.13,A,18.33,A,17.97,29.1532,78.3664
USR_7DCDDED9,A,20.36,A,12.39,A,24.95,B,12.45,A,24.27,A,12.61,B,10.59,C,13.36,A,19.09,D,11.68,25.4467,80.9123
USR_3CB0C9FB,A,19.47,C,10.64,B,22.5,A,15.96,C,23.2,B,24.96,A,20.32,C,24.17,B,15.6,B,12.96,26.3648,82.7568
USR_FA121192,B,14.63,A,11.55,C,19.54,A,14.75,D,18.71,C,19.79,A,16.6,B,23.39,D,17.88,B,10.09,26.0897,81.3628
USR_749FF0E0,B,18.45,D,9.98,D,28.94,C,32.7,B,22.6,B,25.29,D,5.11,A,39.15,C,4.08,C,5.53,21.715,77.9573
USR_48DC4A4A,B,20.72,A,14.86,B,15.65,B,19.12,C,13.15,A,24.87,B,15.63,C,24.0,B,22.57,B,14.54,19.0619,72.284
USR_B9A3121B,A,18.19,D,21.14,B,11.93,B,15.68,C,23.31,A,23.97,C,18.81,C,23.95,A,11.87,D,17.92,21.4389,78.0595
USR_7C7C0B78,D,8.97,A,7.23,C,7.72,B,11.98,A,11.52,B,11.56,D,6.61,B,7.28,A,10.81,A,9.04,19.3053,71.7431
USR_04A09EB8,B,17.33,A,16.28,C,16.81,A,21.05,D,17.99,D,17.56,C,18.12,B,12.69,C,16.43,B,22.42,20.9517,80.2561
USR_ABEEE316,B,13.78,C,24.85,C,10.51,B,21.36,B,22.12,C,16.72,B,23.94,B,19.37,C,12.63,C,24.19,18.3119,73.0269
USR_6CF72C84,B,20.09,C,4.16,D,13.81,D,15.35,D,29.14,C,15.73,D,5.42,C,23.04,D,10.96,A,13.11,28.2402,75.7461
USR_C1005F69,B,12.24,B,11.32,C,21.52,D,23.54,A,11.92,C,10.95,C,10.87,C,10.7,B,18.58,C,11.91,24.6323,77.9798
USR_FCCE6EF4,B,12.03,C,15.1,C,19.58,A,19.83,C,18.05,B,22.38,D,13.32,B,17.86,C,12.04,B,15.28,26.4989,82.765
USR_1A79F0AC,C,17.5,C,18.84,C,10.19,B,11.3,B,16.86,C,19.4,A,20.53,B,19.91,A,17.96,B,13.59,24.9255,82.6953
USR_07EB7B5C,A,12.85,C,16.81,A,18.32,B,22.2,C,10.07,C,20.03,B,11.03,D,13.44,A,13.1,A,21.33,21.965,79.6688
USR_52C6CE77,B,24.6,B,23.46,A,20.73,A,11.36,B,23.97,A,19.67,A,17.98,B,22.41,A,10.05,B,21.88,12.0454,78.1186
USR_5D3DC068,A,19.71,C,16.5,B,17.43,B,22.61,C,11.75,A,17.28,A,19.16,A,19.89,B,14.19,B,21.17,29.2873,75.3429
USR_7FBBAB46,A,24.81,A,19.47,B,10.81,C,16.71,C,18.64,A,23.58,B,19.37,B,14.34,C,19.8,C,12.19,25.7732,80.9258
USR_FC8534D3,D,24.94,B,2.9,D,20.01,A,5.18,D,26.59,C,36.13,D,33.09,D,18.24,A,32.24,D,14.7,24.8108,78.5999
USR_9E52203B,A,18.49,D,20.05,C,12.79,D,17.86,B,17.53,A,24.46,B,16.6,B,17.6,C,19.43,B,21.19,29.4201,75.6038
USR_96D8C8E4,A,23.54,A,21.96,B,16.57,B,17.07,A,15.28,C,21.07,B,14.96,A,22.43,B,14.28,D,15.83,11.9439,77.4531
USR_3D54C04B,C,21.93,D,16.98,B,10.63,D,13.12,B,11.26,B,18.16,B,15.03,B,16.2,A,16.5,A,24.08,20.6098,72.6311
USR_5B929DD8,D,14.47,A,16.17,A,20.23,A,14.06,C,16.45,B,20.49,B,22.78,A,21.01,C,22.84,B,23.57,20.755,72.4435
USR_C4CDA811,B,14.13,B,22.64,B,24.85,A,11.09,A,11.35,A,12.81,B,19.88,B,10.62,B,13.0,B,15.42,14.8973,77.4462
USR_5A9D15C8,B,21.09,D,18.5,B,20.26,C,11.85,A,10.93,C,12.25,B,15.49,D,20.57,B,15.75,B,19.73,28.2836,78.2809
USR_640587F3,A,8.67,A,9.24,B,5.25,A,9.46,A,10.58,B,7.77,A,5.77,A,5.96,A,6.87,D,7.11,28.3193,77.8771
USR_823FE805,B,18.2,C,19.31,A,17.6,C,12.65,C,23.34,A,23.46,C,16.13,B,23.76,B,16.92,C,11.19,27.0608,76.4277
USR_278DD62E,A,10.22,A,7.91,B,6.52,A,11.56,A,11.52,B,11.9,C,11.62,A,8.02,A,5.1,B,7.18,17.4603,72.0562
USR_D3164F72,B,21.37,B,20.4,A,14.04,B,11.98,D,15.77,B,11.99,A,12.11,A,14.18,A,15.55,B,21.95,29.8516,77.987
USR_7B5DEF48,B,8.36,A,6.42,A,10.11,A,5.72,A,8.61,A,5.86,A,10.0,A,8.57,A,7.01,A,5.72,27.4265,81.4847
USR_F6363207,A,23.14,B,10.71,B,21.82,A,18.32,C,21.97,C,18.92,D,19.09,A,15.45,B,19.41,B,12.53,26.6434,77.9338
USR_79289ED8,A,5.38,A,10.31,A,10.61,A,6.3,A,5.36,A,5.9,D,10.19,A,9.99,B,8.3,D,9.54,25.0588,79.8941
USR_17040CA5,C,14.76,C,11.98,A,24.01,B,23.29,C,10.65,B,10.61,C,11.13,B,23.37,B,16.47,C,11.07,26.013,79.1249
USR_5A5E1383,C,10.85,A,11.65,B,5.63,B,5.43,A,9.42,A,10.84,A,8.61,A,10.22,A,5.7,A,8.65,24.8824,78.3468
USR_4FCF51EB,B,10.34,A,7.14,A,9.32,A,9.74,A,6.97,A,11.2,A,8.95,A,9.82,A,10.5,A,7.64,22.3106,81.0105
USR_B964E262,B,12.57,A,13.69,A,21.18,B,14.45,B,18.41,D,16.01,A,22.14,B,17.3,C,15.56,D,22.23,26.7555,77.3195
USR_451F3A80,B,4.15,D,29.04,B,8.53,C,21.22,B,8.76,D,21.98,C,7.91,D,39.49,C,35.08,B,6.73,24.7308,80.3654
USR_11A9F25E,A,19.69,C,22.23,B,18.1,B,21.22,B,10.29,D,22.26,B,18.9,C,12.98,A,12.04,B,16.61,12.9601,76.2208
USR_BCC6215D,A,6.6,D,9.83,A,10.02,C,11.0,B,11.78,A,7.98,A,6.78,A,7.43,B,6.61,A,5.92,18.7222,71.0227
USR_76747A17,A,5.41,A,9.7,A,8.9,A,11.81,A,10.64,B,10.58,A,9.16,A,9.13,C,7.88,A,11.52,26.3183,79.6864
USR_DBA05C07,A,14.64,D,24.44,C,23.59,B,17.0,C,23.52,B,19.69,B,10.49,B,16.02,B,21.04,B,10.05,27.7261,82.501
USR_3929A2F6,A,8.58,B,6.86,A,9.89,A,7.49,A,9.52,A,10.9,D,6.51,A,6.46,B,5.81,A,6.72,14.825,75.7669
USR_9195B24A,C,13.23,B,16.86,B,12.78,B,18.81,A,14.65,B,10.93,A,16.69,B,25.0,B,15.94,C,21.26,27.5285,81.7013
USR_9A0DF3C5,B,19.48,A,11.1,B,16.12,A,24.06,B,21.58,C,11.65,C,12.96,C,14.67,D,14.15,C,12.69,24.4446,80.0665
USR_426224DA,A,21.53,B,20.4,A,17.07,D,16.5,D,14.86,A,21.77,B,17.65,B,15.62,C,12.31,A,16.43,14.2219,78.3421
USR_AE843B8E,A,37.66,D,30.5,D,6.98,C,20.29,D,32.83,D,22.46,C,11.4,A,8.42,B,2.22,D,12.77,17.4125,74.8561
USR_60C04CF4,A,7.09,B,7.55,A,11.77,A,6.86,A,8.66,C,5.6,A,8.41,A,11.29,A,10.84,A,10.86,27.0489,80.2863
USR_F5800B11,A,22.71,C,19.01,A,13.61,B,14.98,A,23.51,A,19.86,C,22.78,B,21.37,B,16.49,B,14.07,19.0582,72.4768
USR_9CF20DDB,A,7.0,A,6.21,A,9.8,A,5.89,B,6.93,B,6.66,A,7.0,A,5.77,A,9.9,A,6.92,27.7008,80.7564
USR_7CC39AB2,B,5.88,A,7.92,A,10.98,B,10.84,A,5.53,C,5.6,A,9.32,A,11.62,A,8.65,A,11.24,11.0593,75.67
USR_C62E7D19,B,17.67,C,15.14,B,24.0,A,15.22,A,10.23,A,17.94,B,16.92,A,10.83,A,14.14,B,15.92,23.6891,79.6277
USR_0A66775A,A,10.71,A,9.81,A,9.05,A,6.7,A,11.24,B,5.4,B,5.43,A,5.01,A,7.45,A,10.74,21.3685,78.9669
USR_13F7FD0A,D,15.28,A,21.44,B,10.05,D,21.87,B,23.85,D,15.4,B,22.42,A,18.14,C,10.55,C,21.32,25.9762,81.7303
USR_DAC8EAB6,B,19.14,B,16.74,C,22.48,B,22.27,A,20.71,C,11.44,C,10.6,B,18.63,B,14.26,B,24.98,11.5918,79.3717
USR_973F0FA1,A,18.78,D,22.61,B,11.1,B,14.67,C,20.76,B,12.65,A,16.45,A,16.67,C,18.24,B,17.81,29.3285,77.5976
USR_BC3BA6B6,A,15.67,B,23.81,B,16.94,A,24.67,C,23.05,A,14.67,B,11.58,A,19.97,C,13.24,B,14.55,13.5932,76.9699
USR_37FB7430,C,15.03,C,23.02,C,12.38,A,18.83,B,15.55,D,22.02,B,17.64,C,14.91,B,22.84,C,20.9,25.9391,82.3917
USR_42D245B9,C,21.3,C,10.85,A,22.46,C,19.88,B,12.98,C,17.67,A,20.27,B,10.25,D,24.52,B,18.05,22.2926,79.7218
USR_620F61E7,A,22.46,A,11.41,D,12.51,C,10.67,B,20.98,B,21.42,C,20.82,B,17.28,C,13.97,B,14.4,12.0547,77.373
USR_7037AAC3,A,20.95,A,23.93,B,18.41,D,19.15,B,19.14,B,13.34,C,11.85,B,20.32,C,17.02,C,20.2,12.4903,76.2343
USR_9E476260,A,18.68,A,15.49,A,21.08,A,21.33,B,20.9,B,21.99,B,18.11,C,14.08,C,23.65,C,20.68,28.7946,80.6989
USR_5E93E25A,A,8.32,A,6.16,A,9.81,A,10.13,B,10.17,B,5.41,A,11.31,A,8.85,B,8.59,A,9.2,27.825,79.8922
USR_6B3AF04A,B,6.9,A,9.06,A,11.85,A,6.07,A,10.69,A,6.62,A,5.67,A,11.35,A,5.24,A,9.61,21.065,80.2598
USR_B1CE4242,A,13.67,C,18.17,A,24.02,C,16.82,B,13.62,C,20.98,D,18.88,B,22.17,B,11.43,B,23.02,11.3573,76.4472
USR_F4A27BB7,A,20.42,A,12.55,A,19.52,B,23.3,A,11.03,B,23.28,A,11.68,C,22.82,C,22.09,B,22.09,18.6229,74.3899
USR_728EA6DD,B,24.82,B,21.07,B,23.85,C,22.68,A,24.98,C,13.15,B,15.44,B,15.24,B,13.17,D,22.58,23.2512,77.3401
USR_521A9590,A,5.43,A,9.09,D,5.27,A,7.05,A,9.58,D,8.44,A,8.02,A,5.8,A,11.82,B,10.96,19.5596,74.3214
USR_444DC7B1,A,10.72,A,7.32,A,8.74,B,9.49,A,11.75,B,10.78,A,8.69,B,11.27,A,6.12,A,6.56,28.2368,79.7518
USR_083D9503,C,23.05,C,22.83,D,11.75,B,12.23,A,13.18,A,13.74,B,11.86,B,14.88,B,19.64,A,16.72,25.1674,79.6282
USR_9A4C9E19,B,13.88,C,19.39,C,11.06,B,24.11,C,12.64,A,20.13,B,14.52,B,24.92,B,16.7,B,24.89,20.217,72.3416
USR_10F21D00,A,9.22,A,5.78,A,11.36,A,10.32,A,11.02,A,6.25,A,6.31,B,11.96,B,10.88,A,5.83,23.5111,79.5951
USR_6134DFA3,B,24.12,C,24.87,C,19.19,C,24.04,D,21.66,D,15.91,A,18.71,C,18.09,B,18.94,A,11.86,27.1414,75.6705
USR_AA5B8438,B,13.09,A,21.57,B,20.15,B,18.57,B,11.45,C,23.6,A,16.51,B,15.3,B,12.86,D,15.64,17.9487,72.3429
USR_77E57D30,C,5.3,B,9.15,A,6.84,A,5.98,A,5.12,A,8.91,B,8.53,A,10.16,B,7.78,B,8.09,27.1495,76.5544
USR_5D7137DB,B,16.35,C,18.04,B,10.07,A,19.52,A,18.72,D,10.06,B,18.29,B,16.67,B,19.81,B,12.8,27.993,79.9412
USR_0737FAB1,B,35.97,D,38.22,C,25.99,B,14.34,A,3.3,B,33.44,B,14.56,A,29.05,C,22.9,D,28.28,30.2713,75.4718
USR_B3451B2B,A,15.49,B,23.25,D,13.06,B,18.03,B,24.35,A,14.96,C,14.58,C,22.86,B,10.17,B,19.5,26.7929,79.0072
USR_521EBD7A,D,10.68,B,23.12,C,14.18,B,19.89,B,12.37,C,14.1,A,10.14,B,14.05,A,10.81,B,10.56,20.2011,70.9812
USR_03FCCBDE,D,35.16,D,32.97,D,35.08,A,12.26,B,16.18,C,21.45,D,35.17,D,16.11,C,36.95,B,35.15,13.7545,76.5678
USR_142ACF1E,B,12.44,C,17.74,C,21.6,D,18.23,A,11.92,A,21.27,B,12.53,B,14.81,B,19.29,D,14.25,24.5756,80.8668
USR_087BA264,B,23.65,C,21.39,B,11.27,B,23.86,B,24.67,C,24.64,B,23.89,B,23.66,B,10.07,B,12.44,20.9754,73.1947
USR_D037F1A0,B,14.77,B,23.44,A,23.53,A,24.16,A,19.16,B,12.91,B,17.81,C,22.46,C,22.98,B,12.9,11.8571,78.0091
USR_D9000133,B,19.47,B,21.16,D,21.97,C,18.36,C,14.57,B,18.54,C,17.35,B,11.32,A,16.86,A,19.71,14.6476,77.3323
USR_2DA4FF26,C,16.81,B,22.84,C,13.95,C,20.99,B,10.24,C,23.28,B,15.83,B,11.77,C,14.79,C,10.24,28.6419,78.5682
USR_5EA50529,C,15.16,C,13.17,A,13.19,B,16.97,B,23.73,C,17.63,C,15.46,C,13.91,B,12.08,B,10.91,11.7977,76.1126
USR_A776FD2A,C,14.47,A,18.05,C,23.83,C,10.36,A,17.73,A,19.01,C,12.86,C,23.86,C,12.27,D,16.15,23.4729,78.5026
USR_339D2106,B,14.26,A,16.58,C,19.67,D,19.7,C,16.38,C,20.62,B,22.78,C,16.22,B,20.69,B,19.26,29.9291,76.6758
USR_398D7318,D,15.47,B,18.19,C,24.3,C,37.85,B,35.61,C,2.64,D,15.34,C,7.88,C,33.85,D,33.11,25.1202,80.373
USR_7B992AA2,D,23.71,A,9.92,C,3.04,C,32.11,D,29.63,C,37.09,D,11.73,C,16.15,D,25.11,B,29.05,19.8618,74.2939
USR_4AE2ECE2,A,10.29,C,13.7,C,10.54,A,12.16,A,15.51,A,21.66,B,13.3,C,15.43,A,17.22,C,11.17,29.6209,77.3445
USR_6DE1EB0F,B,17.06,C,24.27,B,19.11,C,16.08,B,17.82,B,13.39,B,23.5,A,20.07,C,11.23,A,21.82,26.6233,77.618
USR_7DE982B4,B,16.16,C,11.17,B,21.65,B,17.03,A,24.67,B,10.62,B,20.36,C,10.61,B,21.63,A,17.48,12.4174,78.6391
USR_CD6D7BB0,B,14.6,A,10.43,C,15.48,B,15.75,C,10.2,D,21.34,C,12.25,D,10.27,A,20.83,B,18.13,25.301,82.1257
USR_C4E947A1,B,13.11,D,12.75,A,20.38,B,22.78,B,15.02,D,10.32,B,24.57,C,16.05,C,17.65,B,24.46,28.6597,81.3854
USR_E426E430,C,15.53,A,22.79,B,12.6,B,14.76,A,23.38,B,18.68,C,15.97,C,22.41,B,17.02,C,16.34,29.0444,77.6982
USR_3CCAE549,C,12.59,B,10.71,B,15.61,D,24.56,B,16.31,B,18.08,B,20.59,A,10.65,D,18.7,B,12.29,11.7325,76.799
USR_A275D91B,D,13.33,A,17.12,A,14.04,A,17.37,B,13.67,A,18.41,C,21.3,A,10.57,B,21.03,B,24.1,30.4697,78.6645
USR_FD1E82CE,C,14.5,B,21.29,A,22.43,A,13.72,A,19.84,B,19.71,C,16.13,B,17.12,A,15.76,C,10.97,12.2604,78.0342
USR_724C2F38,D,12.09,C,18.47,B,24.11,C,23.18,B,16.6,C,12.0,C,11.14,C,13.18,C,11.06,B,14.89,18.8691,71.1988
USR_1F2DB2C9,B,22.22,B,22.89,B,12.63,A,17.06,B,15.56,B,15.82,B,15.52,B,21.32,A,15.98,A,18.95,27.8659,82.93
USR_886296FC,B,14.02,B,11.92,B,14.4,C,21.81,A,10.48,B,24.51,A,13.97,C,24.19,A,12.22,C,22.39,17.4797,70.9014
USR_618C81AA,B,22.74,C,18.93,B,15.28,C,23.05,C,19.13,B,10.98,C,22.92,A,10.57,C,14.34,A,21.09,25.2651,79.9865
USR_DED1E207,D,11.86,B,10.21,A,8.78,A,6.13,B,11.72,A,10.16,A,9.87,C,6.45,A,5.08,A,5.71,18.7738,72.0401
USR_5800B0BB,A,22.11,D,16.82,B,21.64,A,19.33,D,24.55,B,20.93,B,19.41,C,11.51,B,10.43,B,11.62,11.2765,76.1981
USR_1CC4FECD,A,6.79,A,33.44,A,13.75,D,30.38,D,15.39,A,21.11,D,16.45,B,10.11,C,32.61,C,32.25,29.4466,78.7789
USR_5B666246,A,8.09,A,10.86,A,7.47,A,5.85,C,7.7,A,10.43,A,11.91,B,7.02,A,9.87,C,6.27,21.4172,79.1268
USR_2E764C80,B,15.32,B,18.82,A,24.02,D,15.51,A,11.83,C,15.45,C,21.09,B,24.65,B,16.26,C,13.68,13.3276,77.4264
USR_650F6799,D,16.01,A,14.91,A,11.2,C,24.25,C,14.39,B,23.52,B,16.94,C,23.88,C,13.81,B,10.29,21.3863,78.8957
USR_A8B6ED8B,B,15.83,C,11.72,B,21.52,B,17.14,C,19.97,B,12.88,A,22.42,C,13.62,D,10.27,A,23.98,26.0289,80.4187
USR_A07BC9FE,B,8.66,B,7.3,A,10.19,C,6.58,B,6.0,A,10.15,A,6.72,A,9.79,A,6.79,D,9.04,26.7715,75.6121
USR_EA876F5C,B,5.73,D,35.31,D,36.97,C,28.19,A,39.67,B,33.99,B,10.62,B,3.48,B,15.15,C,30.44,12.389,77.6275
USR_F7F2459A,A,9.34,B,6.59,A,11.52,B,5.46,A,10.23,B,7.68,A,11.91,A,5.46,B,5.83,A,7.42,28.5215,79.2612
USR_2B84731F,A,10.64,A,11.89,A,9.29,D,10.9,B,11.13,A,6.11,A,6.24,A,10.22,B,9.67,B,5.95,26.7977,75.5124
USR_BBE29141,A,13.07,B,19.67,B,12.68,A,15.05,D,22.53,B,10.27,B,10.84,B,17.27,C,18.45,B,11.61,27.6754,77.1124
USR_1EBF299C,B,5.85,A,11.12,A,10.49,A,8.86,B,10.77,A,8.29,A,5.02,A,7.0,A,7.25,A,6.9,30.5866,79.1348
USR_7DB26DD5,B,15.68,A,15.18,D,10.02,C,16.3,B,18.49,B,12.63,C,12.3,A,11.2,C,22.9,B,13.47,28.7543,81.5789
USR_F66840F7,C,20.08,B,12.56,B,18.58,B,24.99,A,17.28,B,11.72,B,20.15,A,20.35,B,18.27,B,22.77,20.4538,74.6164
USR_E02463E5,A,20.71,B,17.94,A,16.52,A,24.06,C,18.49,B,17.08,D,18.47,C,18.68,A,12.7,A,17.21,11.0726,77.4654
USR_6CCD6345,C,16.48,D,19.49,B,10.26,D,16.47,B,15.74,B,18.15,B,13.02,B,22.57,B,22.22,C,21.99,19.3608,70.9206
USR_3089EA07,A,10.47,A,22.17,B,23.62,A,19.87,B,11.17,B,24.29,B,11.44,A,22.3,B,23.28,B,19.55,26.5481,81.9286
USR_47DC396F,D,12.64,D,36.87,C,28.1,B,9.19,D,30.82,D,18.31,B,20.66,C,32.66,C,39.17,C,36.51,12.2253,75.612
USR_F5E359C1,B,16.6,A,10.24,B,12.45,D,24.28,D,21.8,B,16.82,C,23.01,A,12.77,B,24.65,B,18.47,28.5734,76.9914
USR_DEB69DBA,A,14.05,B,22.47,C,21.36,C,13.75,C,21.29,D,20.73,C,11.29,D,16.06,A,11.15,B,23.87,29.5685,78.1442
USR_4369C10D,D,26.53,D,7.24,A,2.14,C,34.34,D,35.41,C,10.57,B,32.03,B,29.44,D,11.05,B,5.01,21.2487,80.6867
USR_7CFBA1D4,D,4.63,A,33.79,D,7.28,C,7.76,C,19.14,D,4.39,C,23.12,D,13.35,D,30.73,D,19.18,22.4371,79.6785
USR_84B664E5,C,24.91,B,12.68,C,16.94,A,12.17,D,10.01,A,18.47,C,13.7,D,13.52,A,14.78,B,22.71,19.1027,73.3174
USR_16FD66C5,D,24.01,B,11.94,A,19.39,B,18.56,C,22.24,B,12.85,C,18.99,B,15.83,B,19.81,B,17.17,24.1455,77.9769
USR_EA892953,B,12.06,A,10.55,B,11.99,A,24.13,A,18.18,A,20.68,C,22.08,B,15.05,D,17.77,D,11.64,29.6942,75.857
USR_EC5A4B83,A,18.59,A,13.7,C,22.16,B,21.77,D,14.76,B,24.02,A,14.58,A,18.43,C,18.78,C,18.36,24.5198,78.1751
USR_BB8B128B,B,24.0,A,11.18,C,24.59,B,19.85,B,20.71,C,18.16,B,13.47,A,18.35,D,20.33,B,10.13,12.8207,77.9159
USR_5C28B7D3,C,21.22,D,17.12,D,12.93,C,22.53,A,16.48,A,18.77,B,17.68,C,18.22,B,10.19,A,12.65,21.0239,71.3181
USR_1ED6E227,A,6.49,A,5.57,A,7.14,B,9.93,B,7.33,A,7.07,A,8.02,A,7.46,B,11.03,B,6.94,11.7199,77.6393
USR_143684A7,C,38.8,D,22.92,D,25.73,D,7.44,D,35.33,C,38.34,C,35.9,C,33.84,C,10.75,D,10.89,28.4799,79.3436
USR_F5CBDFB6,A,10.88,B,9.62,A,8.2,A,10.49,A,9.22,A,5.5,A,9.56,A,6.18,B,8.23,B,6.63,11.4407,76.7748
USR_FCFB48A1,B,10.4,B,10.25,C,11.49,C,10.73,A,24.6,B,13.34,D,10.34,B,19.99,B,22.48,B,21.26,18.7608,71.8781
USR_1605340A,A,8.46,A,8.79,A,5.81,D,11.39,A,9.76,A,5.07,B,7.54,A,8.33,A,9.61,A,11.96,27.0154,77.1471
USR_66FB5CB8,B,5.08,B,7.27,A,9.89,B,7.13,A,6.39,A,5.61,C,10.28,A,6.0,A,9.47,B,6.38,12.3602,78.1535
USR_F0591BC5,C,12.71,D,16.89,B,38.02,D,16.04,D,32.41,D,19.93,D,33.69,A,19.8,A,38.24,D,37.43,27.4268,75.506
USR_39BA610F,D,28.88,C,37.25,D,27.52,D,17.94,C,2.41,B,18.62,B,2.36,B,14.66,D,16.52,D,20.23,22.5637,78.2034
USR_6E8FC0D7,A,19.16,B,16.63,A,15.98,C,12.93,C,12.25,B,22.02,B,24.45,C,23.58,C,21.36,D,14.37,27.1635,80.3611
USR_2B75CF4D,A,9.17,A,6.61,B,11.25,B,6.17,A,5.23,A,9.59,B,10.56,B,9.25,B,11.63,A,5.41,27.5515,79.5507
USR_4FFD23DE,D,31.77,C,27.73,A,18.36,A,32.37,A,18.69,D,37.63,B,25.29,B,27.81,A,16.73,A,21.97,11.7485,78.0248
USR_B213EA7B,B,24.43,B,19.71,B,15.51,A,23.35,D,21.97,C,24.6,B,13.29,A,17.2,A,10.86,C,24.19,28.6454,75.5848
USR_36B69BBE,D,35.51,B,8.29,D,29.08,D,7.03,D,24.44,D,38.23,C,28.53,C,8.81,D,32.71,C,34.77,23.8696,79.326
USR_719A3299,B,22.29,B,24.68,B,11.76,A,17.06,C,17.16,B,18.8,B,24.75,B,15.26,B,15.21,A,11.09,12.3069,78.3723
USR_ABF398C7,A,10.81,D,11.02,A,5.92,B,10.37,A,8.66,A,11.07,C,10.99,A,6.82,A,8.28,B,10.34,13.9667,78.883
USR_66C5A8B7,C,18.09,C,18.98,B,14.15,A,17.68,B,15.52,A,13.95,B,13.51,B,13.17,B,12.45,B,13.54,14.0223,79.0856
USR_56D46C94,B,12.4,B,15.62,A,12.31,B,24.43,B,22.97,B,13.5,C,16.42,C,18.42,D,23.64,C,13.64,21.3849,78.1218
USR_2FC7E644,A,10.05,A,19.42,C,15.75,C,19.05,A,15.28,B,15.98,A,16.63,B,16.16,B,12.18,A,18.99,23.2041,77.3418
USR_F4BD1897,B,15.4,C,23.15,B,22.17,B,21.31,B,10.67,C,18.49,B,24.08,A,24.01,A,23.34,C,19.17,12.0932,78.6771
USR_F8586AD4,A,12.01,B,16.11,A,16.89,C,10.11,B,13.43,A,17.72,C,20.67,C,14.82,C,24.77,B,18.03,20.558,71.4202
USR_E9737966,B,17.78,C,17.86,B,19.36,B,23.54,B,19.58,C,20.62,B,15.94,C,20.94,B,13.04,B,24.99,22.0928,78.3085
USR_53FA2FE8,C,15.8,D,18.99,B,11.37,A,24.3,B,12.9,B,21.3,A,18.75,B,23.87,B,15.73,A,11.1,20.2746,71.7538
USR_3927FF9E,C,16.24,C,11.84,D,22.41,C,20.13,A,22.73,B,23.6,C,15.71,D,23.96,C,11.07,C,24.12,29.6312,75.3519
USR_2F74CC67,B,18.85,C,18.76,D,17.33,B,11.9,D,22.61,C,16.2,B,12.87,A,10.94,B,10.77,B,11.62,17.8918,73.7291
USR_2970C1FA,B,10.32,A,16.7,A,15.73,A,13.65,C,12.95,B,12.89,C,13.43,B,11.55,A,21.49,C,10.9,20.483,72.9071
USR_7F7989FD,B,22.96,B,13.57,B,11.94,C,16.25,C,22.36,C,23.88,B,10.82,C,14.73,C,10.28,B,23.75,24.7822,78.6204
USR_D125FA42,C,21.13,B,18.71,C,19.62,B,14.54,B,10.09,A,13.85,B,16.99,A,12.09,C,11.22,A,16.27,22.9033,77.5982
USR_6C64EC2A,B,23.01,B,24.49,B,14.02,D,11.96,B,22.69,C,23.94,B,24.34,B,18.59,C,13.13,C,24.14,23.8686,77.4175
USR_69720FE6,A,24.46,C,13.12,C,13.34,B,20.69,A,12.52,B,19.22,A,17.87,B,10.92,B,11.27,D,14.91,12.353,76.6771
USR_A94B6E44,B,5.07,A,11.27,C,7.76,A,5.75,A,8.3,A,6.2,A,7.02,A,7.0,A,10.99,A,6.83,20.8795,71.4475
USR_2A0F5637,A,10.51,A,10.3,A,9.75,A,8.11,A,7.57,A,9.46,A,9.81,A,9.46,B,5.31,A,10.6,11.129,76.3551
USR_5A994D91,A,12.13,B,23.49,A,19.4,D,13.68,C,16.24,D,10.64,A,19.8,B,13.06,D,13.22,B,18.01,25.5165,82.72
USR_977C3A76,D,13.66,C,14.12,C,19.66,D,14.09,C,11.48,B,23.85,B,19.06,A,23.78,A,21.74,B,18.72,27.039,77.0636
USR_A1C89882,B,16.09,A,13.51,A,18.55,B,14.46,C,24.48,B,24.73,A,21.52,B,15.66,A,23.19,B,19.38,20.7967,74.6722
USR_F3A604B0,C,15.59,A,13.19,B,23.34,C,22.77,A,15.99,C,13.08,B,18.71,B,23.97,B,16.72,C,23.17,29.866,78.0557
USR_2743AF66,A,12.74,D,12.45,B,12.16,C,14.09,B,12.68,A,17.04,B,14.37,A,10.76,A,23.77,D,21.76,27.2512,75.2365
USR_5A01952F,C,21.64,A,6.3,C,27.6,D,13.93,C,12.81,A,15.43,C,7.87,D,19.06,C,11.63,B,7.23,23.3752,79.9797
USR_DE8F8873,C,18.19,D,32.21,A,26.4,C,16.48,B,8.84,A,21.49,B,20.71,C,34.66,D,36.13,C,23.04,12.1193,77.9952
USR_DC867373,B,10.39,A,21.11,B,18.13,A,11.21,C,19.54,B,23.56,B,20.79,B,18.32,B,21.39,B,20.34,30.3498,77.9431
USR_30D3D677,A,18.8,C,12.02,C,14.69,C,24.81,B,22.14,A,16.73,B,20.72,A,21.85,A,20.02,A,20.04,21.0076,79.4079
USR_7D73412B,A,9.0,B,7.0,B,8.06,A,7.48,B,7.37,D,9.62,A,11.45,A,11.78,A,11.78,B,11.22,29.3487,75.9807
USR_DFE2EF6F,A,16.09,A,15.22,B,10.59,D,15.1,B,16.65,A,14.48,B,23.68,C,18.47,C,10.36,A,10.36,20.2354,74.4242
USR_311DCB1D,A,9.35,D,11.87,B,11.73,A,9.05,B,11.49,A,6.54,A,11.75,D,9.75,A,5.36,A,12.0,17.2753,71.4071
USR_5361BC71,D,21.99,D,24.71,D,12.17,D,17.31,C,10.16,D,27.4,D,12.39,C,23.6,D,2.42,D,36.5,21.1276,80.5063
USR_4BFED8F6,A,10.68,D,5.59,A,9.13,D,8.05,A,9.01,B,11.04,A,5.84,A,10.43,A,8.54,A,11.24,22.9979,77.8254
USR_DB5FEC4E,B,21.85,C,13.01,C,19.93,C,21.39,B,16.83,C,19.91,B,14.1,B,10.37,C,21.45,B,12.3,21.6643,80.7857
USR_B16CC249,B,24.94,D,19.05,A,23.49,B,19.35,B,18.78,A,10.69,B,17.12,A,10.33,B,15.02,D,24.99,28.77,78.0812
USR_DF75E57B,C,16.31,C,12.42,A,11.11,B,20.06,C,17.57,D,15.67,C,13.81,B,14.48,B,23.38,B,20.54,14.2043,76.2407
USR_DCFA5D58,B,19.67,D,16.71,D,20.73,B,11.59,A,14.91,C,18.1,A,11.23,C,14.5,B,15.63,D,16.83,24.6473,79.303
USR_08AE83F6,B,12.45,B,22.39,A,17.18,B,17.1,B,16.61,C,16.78,B,24.99,D,17.93,A,20.22,D,23.24,28.885,75.4649
USR_CDDEA617,C,21.27,D,8.91,B,27.04,D,24.06,D,20.76,D,4.8,C,35.16,A,11.83,C,38.8,C,15.87,28.4645,82.5105
USR_F5A99DBB,B,21.14,C,10.51,B,18.98,A,10.25,A,16.51,B,12.06,B,13.34,A,12.36,B,12.45,C,19.1,17.496,71.7533
USR_398639B0,A,9.24,A,10.87,A,9.46,A,9.97,A,8.67,A,9.87,A,6.75,B,11.81,A,6.96,A,7.53,11.5768,75.6587
USR_596D3FE1,C,11.24,B,16.38,C,18.0,B,11.55,B,17.3,C,15.49,A,18.57,B,12.4,B,16.65,A,19.07,28.8158,75.8811
USR_209D97B8,B,21.12,B,19.79,C,23.82,C,11.46,A,10.64,A,19.83,A,15.91,D,17.29,A,20.09,C,11.93,12.5762,77.5918
USR_474D9F25,D,4.92,D,38.37,D,9.63,A,12.52,C,8.91,C,22.63,C,21.39,B,6.51,D,33.55,D,22.11,26.7426,81.3459
USR_9C3A667B,B,17.38,A,20.77,A,18.18,A,16.69,B,11.0,B,13.19,B,11.21,C,11.04,A,24.18,B,10.06,13.4655,77.447
USR_453FC8F4,D,39.81,D,13.59,B,3.69,D,18.91,B,2.84,C,17.55,D,11.75,A,20.58,D,35.97,C,7.7,18.5408,74.0589
USR_6BB4A8C1,C,28.92,C,21.12,C,29.68,C,21.91,C,21.41,D,28.44,C,37.68,D,28.74,A,38.34,B,10.16,22.5959,80.3871
USR_041093EB,B,14.53,A,17.78,B,15.61,B,18.02,B,11.48,B,10.04,B,23.41,B,18.73,B,11.46,B,21.58,11.5488,78.4567
USR_0BDB3B47,B,6.2,B,10.5,A,7.4,A,9.97,B,7.39,A,7.39,D,11.02,A,8.97,A,5.41,A,8.68,23.7598,77.4823
USR_129902F6,A,6.27,A,5.92,A,6.74,A,9.75,A,8.85,A,6.27,A,8.28,A,8.63,B,8.04,A,11.29,14.5776,79.5343
USR_95D3B1C0,A,14.51,C,19.66,D,22.71,B,22.01,B,10.85,C,21.9,B,23.3,B,20.57,B,13.21,B,22.93,13.2414,79.1505
USR_23EF859C,A,6.89,A,10.36,B,10.29,A,10.71,C,11.14,A,10.15,A,7.06,A,6.29,A,9.74,A,11.7,14.5788,76.5196
USR_930F6025,B,11.27,A,19.8,A,19.86,C,10.52,B,13.59,B,15.64,B,17.81,C,18.08,A,22.64,B,22.37,14.6105,79.4283
USR_2A224CAD,D,11.3,D,16.43,B,11.71,B,15.16,B,22.75,B,22.15,A,19.15,D,24.76,B,17.45,D,16.43,20.0889,73.6216
USR_BFE3EE96,B,18.65,B,24.29,B,18.85,A,22.91,A,16.65,A,16.88,C,14.66,D,20.37,D,10.11,B,12.97,17.9934,74.1926
USR_B3A50082,B,17.28,A,10.04,B,20.63,C,15.38,A,12.92,C,19.77,C,13.85,C,22.86,A,11.62,A,13.02,23.5462,80.4932
USR_913C0CB1,B,33.82,B,4.16,D,29.53,B,39.67,C,7.6,B,31.62,C,18.31,D,37.51,D,5.59,C,12.46,12.585,75.6368
USR_957A7DEA,A,23.34,A,20.96,B,10.92,A,17.58,B,15.53,B,20.72,C,21.91,C,17.05,D,15.64,D,13.75,20.2606,73.8901
USR_D7B16238,C,11.62,C,17.81,A,15.9,A,18.65,D,11.09,B,22.56,A,16.27,B,19.63,A,20.7,C,11.62,12.6613,78.3567
USR_67BC39D8,B,15.91,B,18.54,A,11.23,A,10.79,B,17.46,C,13.11,D,10.59,A,18.35,C,10.39,D,11.34,14.9045,79.1421
USR_69862218,A,8.17,A,9.51,A,11.36,B,9.99,C,7.85,B,11.36,A,10.3,A,7.06,A,10.16,A,11.27,11.2471,78.8235
USR_0253E844,C,14.5,B,12.97,B,12.54,B,18.58,B,21.04,B,13.9,B,19.84,C,22.64,A,10.43,B,13.5,22.3533,77.5992
USR_9BF405CF,B,6.72,A,7.78,A,5.69,B,7.76,C,10.99,C,11.74,B,8.58,A,9.23,A,9.7,A,7.99,23.0975,77.5086
USR_AE112DD7,C,24.18,C,11.48,B,16.14,A,11.22,A,16.29,A,11.34,D,11.09,D,11.42,D,11.2,A,21.49,12.8503,76.2261
USR_D62336F4,D,25.08,C,34.89,D,19.81,B,7.93,B,17.15,C,21.11,C,17.59,C,4.8,C,34.11,D,33.76,25.1441,81.5167
USR_5674AF24,A,8.91,A,7.84,B,6.38,A,10.03,A,10.72,B,10.57,C,8.53,A,6.57,A,7.2,A,10.86,13.8088,76.7384
USR_C2F78BFD,B,17.94,D,10.99,C,8.2,D,29.52,C,24.0,D,30.05,D,26.99,D,19.05,B,30.83,D,13.32,18.5318,73.1107
USR_B431AF39,B,16.22,B,13.77,B,10.53,B,15.25,C,17.53,B,11.97,C,18.99,A,14.12,B,16.72,C,11.32,18.5471,72.5218
USR_32D77A4A,B,13.4,C,14.74,A,15.37,D,16.7,B,21.09,B,12.01,C,15.9,D,22.75,C,19.18,C,18.08,22.5204,79.3119
USR_67977E49,C,15.61,A,16.27,B,13.27,D,12.92,D,12.82,C,21.76,B,21.93,D,22.18,C,22.69,A,11.78,19.5682,71.7353
USR_71B021AE,A,7.67,A,6.6,B,10.22,B,11.27,B,6.9,A,8.57,A,10.13,A,5.32,A,11.35,A,8.81,27.1007,80.0938
USR_B3F287AC,B,19.79,B,15.71,B,24.73,B,21.74,A,13.86,B,14.24,B,10.88,A,17.42,C,10.77,B,10.49,30.0515,77.3955
USR_02B4E92E,A,14.46,B,22.15,C,10.02,A,21.98,B,15.36,B,16.78,B,13.8,C,16.34,C,21.31,A,13.55,23.8591,79.4855
USR_62A8DF29,D,9.46,D,14.31,D,11.46,A,33.39,A,2.25,D,18.85,D,13.15,B,29.99,D,12.81,C,3.73,24.7801,77.1099
USR_55296A43,C,28.53,C,13.91,C,31.9,C,30.31,D,28.03,D,31.22,B,12.51,D,15.6,B,10.35,A,4.77,25.5914,81.983
USR_B181670A,D,16.04,B,10.71,B,19.98,B,17.81,B,19.12,A,20.37,C,22.45,A,17.8,B,24.88,B,12.58,28.3669,79.6807
USR_4CC09A9D,B,10.13,A,10.08,A,10.27,A,8.17,A,10.98,D,6.8,A,10.17,B,7.74,B,10.32,A,6.79,12.4238,78.5954
USR_CC81D2CD,B,10.55,A,5.94,A,6.03,B,10.59,A,11.57,A,7.69,A,7.58,A,7.45,D,8.26,A,9.06,18.9349,71.4153
USR_A11B5442,B,11.82,B,11.32,B,5.7,A,6.43,A,9.78,C,5.82,D,7.42,B,8.15,A,11.11,A,7.7,12.7725,79.4756
USR_91CA3638,C,11.58,A,11.75,B,13.28,B,18.33,A,22.54,C,18.62,B,11.22,D,11.08,B,19.3,B,12.19,30.5702,78.0095
USR_107BB4B8,D,17.45,D,20.04,B,25.39,D,37.02,C,13.18,D,7.8,C,29.18,B,17.75,D,2.95,B,2.27,25.3551,80.0956
USR_35AA8DF5,B,10.86,C,14.8,A,20.42,A,19.82,A,23.39,C,15.19,C,24.27,B,20.74,D,22.77,B,22.67,21.9145,77.8154
USR_762AF953,B,7.7,B,6.17,A,6.74,A,10.62,A,10.65,B,8.19,A,7.43,B,6.84,B,10.8,A,8.07,28.6684,75.2081
USR_22099561,B,12.72,C,10.34,A,21.98,B,22.9,B,14.24,B,12.21,D,13.34,C,18.33,B,20.53,B,11.93,27.2196,80.0543
USR_D54C3251,C,20.18,B,10.13,C,18.5,A,21.5,A,24.81,C,24.08,B,11.54,B,21.31,B,19.99,C,14.39,28.4872,77.0965
USR_320FBA66,C,14.14,C,12.75,C,24.08,C,32.52,B,26.49,D,13.29,C,23.44,B,13.63,C,16.38,C,5.31,25.7637,79.9119
USR_55BD418B,A,5.31,A,9.48,A,11.27,B,11.32,A,7.5,A,8.57,B,8.19,B,8.42,A,8.95,C,7.37,21.6026,80.0544
USR_D13FD806,B,21.3,C,13.88,B,11.12,A,10.7,A,22.57,B,14.45,C,10.04,D,15.3,B,12.55,B,13.25,22.8408,77.3506
USR_B3A16E2B,B,19.05,D,27.09,D,15.51,C,38.77,C,21.5,B,39.84,D,31.13,B,11.86,B,26.87,D,8.94,29.2454,79.0785
USR_C7824E7A,A,16.06,C,11.13,B,24.97,A,14.13,B,14.94,A,20.42,C,23.46,D,15.37,B,20.17,A,14.69,21.4126,80.2646
USR_C26104EA,D,16.76,B,19.83,B,17.69,A,15.03,B,13.39,A,24.0,C,15.62,B,23.25,D,23.75,B,17.54,28.9508,77.6597
USR_F17EDE65,D,11.74,A,10.73,A,7.18,A,6.2,A,11.04,B,7.84,A,10.04,B,9.85,B,11.3,A,10.38,20.699,73.6257
USR_C5B9955D,C,17.64,C,24.63,B,21.38,C,23.37,C,10.56,B,19.29,A,18.71,B,21.21,D,19.65,B,17.77,18.4165,74.1976
USR_5A1ACCA4,B,11.26,B,19.59,C,23.59,B,17.63,A,24.81,A,14.57,C,12.29,A,20.0,A,21.48,C,15.4,28.3289,79.7271
USR_29EDEA5A,C,22.08,D,17.22,B,12.51,C,19.43,C,21.2,B,16.11,B,14.23,B,12.22,D,18.05,B,20.37,28.1702,76.7336
USR_946C565E,A,22.54,B,21.47,A,20.51,B,23.36,A,23.35,B,17.18,B,15.32,A,17.28,A,13.47,A,15.46,18.4763,74.295
USR_84C43175,A,18.89,B,21.6,B,22.22,C,20.27,A,14.72,B,16.35,B,10.17,C,17.34,B,22.61,A,12.57,21.5039,77.7933
USR_4ED7BA37,A,7.67,B,16.51,D,13.83,A,36.56,D,18.53,C,39.14,D,2.61,D,7.16,B,30.68,C,39.75,29.3118,77.7127
USR_1A877B02,C,11.93,B,23.9,B,15.06,A,16.67,B,13.43,B,23.72,B,10.65,B,18.73,B,11.78,B,12.01,18.588,72.279
USR_5A9B5E12,C,17.35,D,32.71,D,3.67,B,23.38,B,24.99,B,39.56,C,30.07,D,35.14,B,21.78,D,36.86,29.9196,76.7866
USR_140AB3ED,A,7.49,A,11.98,A,8.4,B,10.88,A,7.33,A,5.78,A,6.3,A,7.8,A,10.24,A,5.25,23.3016,79.3046
USR_4BC82F85,D,6.86,C,37.84,D,8.47,D,31.89,D,38.56,D,17.84,D,36.8,B,13.62,D,37.65,C,2.79,24.2902,77.4681
USR_997884D8,C,14.31,D,23.11,D,22.28,A,18.07,D,10.85,C,14.88,A,19.0,C,20.8,C,11.9,C,14.98,19.4706,72.3023
USR_5EFA5B1C,C,15.46,D,36.16,D,36.08,D,28.49,D,25.86,D,37.3,C,26.58,D,23.89,C,26.15,C,20.2,22.9797,78.3649
USR_B48F5645,B,18.01,D,19.23,B,16.47,A,13.25,A,18.74,B,10.17,B,22.07,B,24.37,B,24.35,B,23.28,28.2176,82.3561
USR_F82C908F,A,10.74,A,9.07,D,8.98,D,7.73,B,10.13,B,8.8,D,8.33,B,9.9,A,6.5,B,7.6,11.2274,79.4724
USR_0804542B,A,13.03,A,12.88,B,19.06,B,14.4,D,12.62,C,16.45,B,19.42,B,20.99,C,12.24,C,13.9,23.0365,77.3914
USR_E1DC3B14,C,24.06,C,23.92,C,22.56,B,13.71,B,17.02,C,15.29,C,12.26,B,24.54,A,16.58,A,18.31,29.7585,78.3148
USR_F8B3798C,C,15.83,A,11.0,B,20.56,B,20.54,A,11.57,D,12.73,A,22.66,C,15.89,B,10.65,B,10.41,28.8315,76.8969
USR_FD2A04A7,D,31.79,D,7.53,A,16.98,D,26.68,C,23.07,C,6.4,B,30.64,D,31.94,D,9.53,B,25.3,27.0682,78.2406
USR_15609282,D,21.22,B,16.28,C,19.77,B,22.12,C,24.98,B,12.47,B,14.43,A,18.94,B,11.91,B,11.79,13.789,78.8419
USR_95626120,D,24.03,A,15.75,C,21.22,A,18.21,B,14.77,A,19.19,A,22.69,C,20.66,D,16.88,C,15.92,19.4613,73.102
USR_CA20DA35,A,21.6,C,24.19,B,15.92,D,16.17,B,23.55,B,20.59,B,12.4,D,11.27,B,14.07,B,15.84,11.6049,78.0735
USR_199B0D71,B,19.56,A,21.61,B,17.01,A,17.45,C,10.68,B,10.07,C,14.06,A,24.93,D,22.97,A,22.35,18.1677,73.2156
USR_E9366199,C,13.35,A,21.07,B,13.03,A,14.21,B,20.45,B,17.71,B,22.35,C,21.06,B,10.44,C,15.93,28.7666,81.8418
USR_FF5A5F2F,B,24.54,C,14.92,A,14.55,A,14.19,C,13.1,D,19.24,C,16.79,C,14.6,B,14.82,B,14.71,11.0744,78.4076
USR_F9B0FEF5,C,10.52,A,22.8,A,16.67,D,16.61,A,23.29,A,20.14,B,19.32,C,13.62,C,15.17,B,18.02,11.5618,78.0148
USR_51BB0327,B,11.98,C,15.56,D,13.78,B,12.74,A,20.82,B,23.02,B,19.37,A,12.47,C,19.41,A,14.47,13.5363,76.7213
USR_4D148E83,D,19.68,B,15.79,B,21.54,D,21.29,D,18.66,B,15.76,D,20.51,A,20.88,C,18.0,B,17.36,24.8957,80.0858
USR_4307302C,A,14.2,B,22.88,A,13.05,B,10.62,C,19.05,A,15.6,B,17.83,C,10.31,B,17.17,C,11.4,20.0459,72.6055
USR_FBAFD591,A,19.8,B,21.38,B,23.85,A,24.05,D,14.42,B,15.97,A,17.62,A,21.01,B,12.46,C,23.42,14.6573,78.4904
USR_549142B5,B,11.1,A,20.33,D,22.02,B,18.02,B,13.99,B,17.67,C,16.66,B,10.92,B,21.42,B,21.53,27.2845,76.9822
USR_30FD1B9D,A,14.23,C,14.66,C,10.83,B,12.5,D,16.11,D,19.87,B,13.01,C,24.41,B,12.46,A,23.69,29.835,75.9383
USR_72F8F65D,B,23.91,A,12.44,B,16.12,B,16.15,B,23.63,B,22.24,A,12.62,C,21.02,D,21.92,B,19.28,29.6643,78.1294
USR_9C640C77,B,15.45,C,21.3,B,10.19,C,15.47,B,19.79,C,24.56,B,10.88,B,16.2,B,11.94,D,20.41,18.842,72.9923
USR_F28EB932,A,10.47,A,8.12,B,9.71,B,8.15,A,9.54,A,6.0,A,6.11,A,9.7,A,8.94,A,5.56,18.2814,73.742
USR_283729C2,D,9.1,D,10.98,B,11.32,A,23.73,C,36.98,D,25.13,B,13.71,D,35.33,C,8.93,D,25.99,19.1702,72.5874
USR_D36C231A,A,10.93,A,9.98,A,8.93,B,11.9,A,6.5,A,6.29,B,8.65,A,11.13,A,6.37,A,11.28,20.2283,72.3508
USR_310B9041,C,19.18,A,23.7,B,24.6,B,24.66,C,20.02,C,15.68,C,21.46,A,15.04,C,24.71,A,24.63,12.2549,76.2542
USR_C363C8B1,C,23.38,C,12.25,D,15.45,B,15.01,B,21.32,D,19.1,C,24.89,B,23.79,A,20.79,B,14.01,28.5881,78.2227
USR_349F8690,B,17.4,A,23.78,A,24.39,B,17.28,A,14.35,A,24.85,A,24.03,C,16.33,A,16.92,B,13.67,13.4196,77.0179
USR_EB6B3D09,A,8.85,B,8.73,A,9.69,A,7.59,A,9.77,A,10.1,B,6.44,A,5.82,A,5.28,B,6.39,19.0061,73.8584
USR_D4CB3060,A,19.14,B,19.83,B,21.47,A,14.09,C,17.32,B,23.47,A,12.82,A,11.76,B,11.2,A,18.06,27.8052,80.7027
USR_211BE1CB,C,36.84,B,24.33,D,39.79,D,3.98,D,8.79,B,23.67,B,6.7,A,34.66,B,30.45,D,38.17,25.3713,81.4368
USR_6FBF04DF,B,24.96,D,12.09,D,14.19,B,16.79,A,14.68,C,24.71,C,19.66,B,20.29,A,14.8,A,20.68,18.5898,71.4541
USR_51317001,A,8.97,A,6.97,A,11.25,A,9.23,A,9.84,A,8.32,A,8.63,A,9.2,A,8.69,D,11.69,17.4455,73.8868
USR_FEDCEDAE,B,5.53,A,5.67,C,7.63,A,5.02,D,8.01,A,5.94,A,8.0,A,7.51,B,10.06,A,11.08,21.9878,79.0051
USR_60CF4B07,B,6.52,A,10.11,A,5.85,A,11.44,A,7.04,A,10.82,B,8.12,C,9.33,A,8.63,A,7.26,19.3076,71.3639
USR_D0E1FA21,D,4.88,D,12.42,D,12.47,B,19.87,C,8.89,A,9.81,D,28.67,B,20.84,D,5.88,D,5.95,19.5892,73.6885
USR_69385E36,C,14.41,C,24.55,D,22.27,B,22.93,A,17.42,C,13.39,D,11.46,B,18.92,A,14.14,B,22.74,26.7698,79.183
USR_8D2477B3,A,11.35,D,5.86,C,11.05,A,6.44,D,6.82,B,8.79,A,5.98,A,11.31,A,11.53,B,5.88,12.9686,76.3835
USR_DEBFD92F,A,11.96,B,21.82,D,11.06,A,18.17,B,12.83,C,17.96,A,22.46,C,10.89,A,17.31,B,17.3,26.0728,80.5241
USR_DF297132,C,22.42,B,20.91,C,17.71,A,17.75,B,11.88,C,15.83,A,11.94,C,19.79,D,19.7,B,24.15,27.456,79.0995
USR_9758D582,A,5.03,A,9.36,A,11.08,B,10.2,A,7.06,A,8.45,A,8.41,A,10.95,A,10.3,A,10.09,27.0269,75.6052
USR_7AC27B65,C,22.22,C,23.55,B,15.96,B,15.95,B,18.49,A,22.28,B,10.17,B,13.76,C,22.82,B,24.67,17.887,71.707
USR_03869EDB,C,2.42,A,23.16,C,11.82,D,21.69,D,7.06,B,31.37,A,8.01,B,39.31,B,4.66,D,25.17,26.0394,81.0777
USR_B51CB81B,C,37.73,D,26.63,B,22.25,A,21.43,C,15.68,C,10.96,D,30.54,C,8.51,C,26.0,D,32.92,28.4926,81.0543
USR_2A1D42DB,B,21.6,C,24.05,C,15.42,C,11.56,B,11.53,A,21.39,C,20.31,A,18.63,B,17.24,A,15.18,27.1977,81.2721
USR_DFB6E1BF,B,15.95,B,24.78,B,19.28,B,17.28,B,21.69,D,21.8,B,11.18,C,11.08,C,17.42,A,11.89,28.2065,76.4452
USR_17BD912C,B,12.19,C,12.25,B,16.66,B,10.71,B,21.55,B,20.25,C,21.91,A,19.57,B,10.28,A,14.08,23.6414,79.2384
USR_80274DAF,C,12.27,B,24.44,C,12.41,A,14.02,C,20.36,C,21.76,B,19.08,B,17.28,A,23.81,C,22.99,19.8372,74.6427
USR_5FA3444E,C,17.53,C,23.44,C,14.34,C,5.08,D,2.83,D,29.34,D,35.34,C,6.6,C,3.85,D,8.31,25.6703,81.34
USR_47543929,D,24.41,B,10.99,A,16.07,A,24.58,B,15.54,A,17.12,B,24.77,B,21.91,A,20.47,B,12.58,25.6588,81.8068
USR_B91BC6A3,B,20.16,A,13.25,B,18.06,C,20.6,B,17.1,C,21.3,C,21.85,C,16.63,B,12.44,D,11.95,29.2178,77.6633
USR_26C7B53E,A,24.5,A,23.73,A,10.38,A,21.63,D,14.59,A,23.07,B,13.46,B,12.36,B,24.1,B,20.78,14.7041,76.5036
USR_4873C022,C,15.17,B,14.64,B,14.31,C,19.76,B,17.74,C,21.06,B,19.68,B,23.55,B,24.29,A,11.24,29.6698,76.1618
USR_156E3516,A,6.93,B,7.06,B,10.58,B,5.68,A,6.56,B,10.18,A,7.63,B,9.7,A,11.1,B,11.23,18.8974,71.0976
USR_3447F2B8,B,21.8,B,13.77,A,15.41,A,24.92,B,18.38,B,15.8,A,14.91,B,21.59,D,23.5,A,21.17,29.927,75.5717
USR_13AF1F24,C,18.76,B,14.81,B,17.58,C,7.69,D,9.22,D,5.66,D,3.58,D,11.72,B,35.7,C,37.97,20.6555,74.6429
USR_02094391,B,21.52,A,21.18,B,19.68,A,17.33,C,10.71,B,21.59,D,22.97,B,21.63,A,21.26,C,20.23,21.1011,79.3436
USR_9CD54BD6,A,17.6,A,24.4,C,21.94,A,12.07,D,23.47,B,16.74,B,24.49,B,16.47,C,13.37,B,19.32,28.0979,76.4164
USR_89A09F5A,D,12.6,B,14.69,A,13.45,B,14.8,C,22.63,B,19.51,B,11.55,C,16.64,A,10.45,C,23.03,27.0155,82.1573
USR_ED6C1BE2,B,22.15,B,24.33,D,37.63,C,13.06,D,31.12,D,4.49,C,32.93,C,16.21,C,30.16,B,14.17,26.2453,81.9187
USR_FBDFCF4C,A,17.71,B,15.34,A,15.23,B,11.28,C,11.34,B,20.1,A,10.24,A,13.93,D,21.77,A,16.47,22.4752,80.0302
USR_884DA39F,B,11.57,D,13.29,A,13.12,D,10.26,C,11.36,B,16.36,A,14.66,A,11.7,C,23.8,A,19.37,28.8967,78.1248
USR_96FD07B1,A,11.3,A,6.1,A,9.42,A,8.85,A,6.35,A,8.6,B,8.91,D,6.98,D,7.24,A,9.75,13.3868,78.0861
USR_03BC16AD,C,27.83,C,23.93,B,35.39,C,17.27,D,37.67,D,4.9,C,8.85,D,17.89,D,14.44,D,19.63,23.9194,79.2442
USR_8A64F683,B,21.4,A,18.03,C,12.23,C,24.49,C,12.23,B,13.67,B,19.65,A,10.75,D,13.88,C,19.33,28.4247,75.7444
USR_F53BD5A6,B,10.37,A,18.29,A,22.15,B,15.83,C,23.63,A,12.66,A,14.49,D,14.39,B,10.09,A,19.47,25.4363,81.084
USR_8AD6AD60,A,15.73,B,20.96,C,12.9,C,14.72,B,20.99,C,15.81,D,22.81,A,14.28,A,21.44,B,14.27,28.0356,75.4633
USR_783111D8,C,24.21,C,12.03,B,11.76,A,17.55,C,18.29,B,21.46,B,23.23,D,14.82,C,22.59,D,11.37,27.1598,77.4951
USR_E6D4C059,B,16.86,C,33.05,B,17.57,B,27.76,B,9.54,B,13.51,D,31.4,D,39.39,D,33.43,D,28.61,23.3174,79.5306
USR_3AE385DD,B,18.37,B,10.77,C,17.81,D,12.47,B,24.84,C,18.21,B,21.82,D,13.73,C,12.54,D,16.29,22.4314,77.4862
USR_7789D74B,A,11.66,A,10.81,B,9.07,B,11.66,A,7.83,B,10.38,A,10.43,A,8.39,B,10.08,B,9.52,23.8748,80.8289
USR_98982072,B,10.45,B,10.72,C,15.56,B,16.59,A,20.5,B,16.1,C,23.79,B,14.77,A,22.75,C,18.32,22.5101,78.022
USR_1769C92B,C,21.0,B,20.32,B,12.1,B,13.31,C,18.65,B,19.02,B,19.69,B,22.63,B,20.98,A,20.58,27.1871,79.1597
USR_FA859376,A,14.73,A,15.77,B,10.25,A,17.79,C,10.59,B,20.66,B,23.51,C,19.07,A,22.14,A,21.0,27.2512,78.5213
USR_5688BF9C,A,8.59,A,7.63,A,6.08,A,9.73,A,7.17,A,5.09,A,6.46,A,11.27,B,7.34,A,7.7,18.7279,71.8639
USR_7DDC9692,C,11.51,A,14.44,D,18.87,C,17.28,B,21.52,B,16.15,B,20.57,C,15.21,B,19.63,A,18.89,18.2798,71.5875
USR_986BA599,B,19.57,C,19.22,B,14.8,A,21.21,C,23.23,A,13.02,A,10.17,A,10.91,B,16.84,A,13.2,28.3346,76.1418
USR_1A9F7B48,B,6.07,A,7.41,A,11.79,A,5.26,A,10.33,D,10.9,A,6.37,B,7.48,A,7.33,D,11.88,12.4122,78.2259
USR_AB8EC9FF,C,5.67,D,14.99,B,29.63,B,33.06,C,21.62,C,9.36,C,4.22,D,17.17,B,39.32,D,8.5,14.5735,79.0192
USR_BF858D1F,A,24.21,C,21.17,A,20.73,A,16.08,C,22.56,B,18.51,B,11.75,C,16.67,B,13.73,B,17.61,19.4387,73.0477
USR_F315F549,A,26.09,C,7.52,B,30.92,C,32.2,C,26.4,C,36.56,B,15.24,D,30.28,C,19.26,C,15.82,27.8216,82.0685
USR_CC8B6DCA,C,16.63,B,11.22,C,22.31,C,16.52,A,11.24,C,22.29,B,14.07,C,10.43,D,18.72,A,18.58,21.2649,79.7133
USR_87E88F4A,B,24.63,B,12.99,B,24.53,C,19.99,D,18.2,B,12.87,C,16.94,B,23.01,B,23.18,B,20.49,20.0666,71.636
USR_E29F3ED8,A,14.3,A,22.2,C,16.3,B,11.53,B,10.73,C,23.32,B,22.29,A,11.42,D,23.21,B,10.68,13.8407,75.7335
USR_0DCB3107,B,24.58,B,11.92,B,24.43,A,24.61,B,19.42,D,12.9,C,16.58,B,16.58,A,17.47,C,23.33,23.7311,80.6973
USR_A1607385,C,21.37,C,18.56,B,23.71,C,14.02,B,19.45,B,10.03,B,11.78,A,18.6,B,18.76,D,24.34,27.385,82.1583
USR_DE91A465,A,10.22,A,10.75,A,7.15,A,7.41,A,11.23,B,8.98,A,7.79,A,9.67,A,5.7,B,6.6,24.8557,79.0576
USR_08BCF00F,C,16.86,D,15.48,B,15.81,D,11.64,C,14.86,C,18.1,A,20.28,B,17.6,C,12.11,C,24.68,30.2281,75.6912
USR_40F05720,D,21.29,D,30.15,A,18.91,C,37.41,D,10.91,C,30.54,B,10.7,C,7.33,D,18.57,D,25.29,18.9081,73.8718
USR_AFD1CDC7,B,13.53,A,23.71,B,21.34,A,12.59,B,14.6,B,14.35,A,16.32,C,23.01,B,16.03,A,17.0,19.3623,71.7515
USR_2972B286,A,21.11,B,21.58,B,20.44,B,11.24,A,15.66,B,10.42,C,24.8,D,19.7,C,13.87,B,11.99,27.1472,80.5614
USR_8F59C1BE,B,12.8,D,21.25,B,21.84,B,18.17,C,23.04,B,16.83,C,12.0,B,11.63,B,10.84,B,21.21,27.9674,78.768
USR_1F6CBF7A,B,15.04,B,18.55,C,15.29,B,16.26,A,14.78,B,12.88,D,11.77,B,14.48,C,12.49,C,17.6,12.0899,79.5248
USR_417EDE73,B,23.2,B,20.32,B,19.8,C,17.38,A,17.81,D,16.92,D,15.63,B,16.75,B,24.61,A,22.17,20.0763,73.2283
USR_3EAE775F,A,5.14,A,9.69,A,10.15,A,7.29,B,8.84,B,11.98,D,8.71,A,10.82,A,6.68,A,5.21,20.5536,74.1373
USR_9E7C97B7,A,19.5,B,24.5,B,22.09,B,16.68,B,11.51,B,19.95,B,23.45,B,20.05,C,10.88,C,11.91,26.7026,78.3066
USR_3C8E666A,A,11.12,A,14.23,D,11.72,A,19.52,A,15.98,D,12.49,C,21.09,C,12.41,C,10.85,B,16.26,14.3595,78.9899
USR_DBF51BB8,A,22.25,A,24.76,B,10.26,A,24.44,D,12.64,A,23.02,C,21.52,D,12.18,A,16.94,B,11.77,21.6433,79.9911
USR_209B0CD2,A,8.52,A,11.3,A,8.09,A,5.28,A,7.49,B,7.25,D,5.19,A,9.44,A,5.33,C,7.26,30.2825,75.5869
USR_BFA37DBE,C,4.86,D,23.1,D,30.23,C,33.35,D,31.73,D,3.29,D,35.1,C,20.95,D,19.66,D,36.09,28.6944,78.9519
USR_97A565B9,D,24.01,D,36.18,B,22.31,B,30.79,A,29.78,C,7.65,D,35.37,D,18.46,B,9.82,B,37.01,27.2781,75.3335
USR_BEF6CB1D,A,6.32,B,7.73,A,7.48,A,8.41,A,9.91,A,11.29,A,9.97,B,11.54,B,9.58,A,7.5,17.9137,73.3496
USR_6092C6DA,A,20.54,D,15.46,B,38.83,D,34.46,D,22.23,B,33.97,C,10.82,A,7.85,D,26.27,D,7.68,24.8896,78.7732
USR_3E08CD93,C,21.18,A,15.87,B,15.29,C,19.42,B,22.95,B,21.82,A,15.6,C,24.62,B,16.67,B,18.94,21.9595,78.0904
USR_BABAA810,B,22.03,C,24.25,A,12.84,B,23.65,C,23.42,D,19.23,B,14.62,C,15.42,C,18.43,C,14.12,24.1868,79.6949
USR_0AC4A11C,B,10.48,A,13.52,C,12.78,D,13.64,D,19.01,C,22.52,B,24.67,D,12.25,D,12.8,D,10.05,13.7061,77.4675
USR_1976AEFD,C,17.87,A,14.64,A,14.37,B,15.21,B,13.22,D,13.01,B,13.51,B,19.19,C,13.14,B,15.99,19.069,74.5351
USR_47960124,B,17.45,A,9.42,C,3.82,D,6.65,B,18.88,D,6.97,D,30.49,A,10.47,C,22.5,C,33.02,24.5306,80.5155
USR_53635766,A,18.66,C,15.8,C,16.09,A,13.6,A,23.82,C,13.75,B,19.55,A,15.5,B,22.24,A,19.21,27.7097,78.9226
USR_FE5F01D9,B,23.72,B,13.15,C,18.43,B,11.95,C,18.48,C,13.96,B,10.79,B,18.46,B,23.07,B,23.35,21.4815,79.8345
USR_92A9F4B9,B,19.02,C,23.46,C,16.58,C,16.7,C,17.18,B,14.57,B,10.76,B,18.8,A,17.17,C,17.01,28.4254,80.1517
USR_2B2B2698,A,15.87,B,17.91,C,21.38,B,14.38,B,24.69,C,13.22,A,15.89,D,19.19,C,13.22,C,11.82,28.2777,76.4033
USR_11246026,B,23.62,B,17.39,C,20.09,B,24.94,C,20.18,B,12.69,B,17.94,B,13.13,C,22.79,A,12.34,26.1778,81.9106
USR_5E193478,A,7.94,C,10.42,A,9.0,A,10.33,A,7.17,A,5.05,A,7.05,B,5.13,A,7.31,B,11.37,25.3227,80.6907
USR_F6A89DF1,A,22.85,A,20.19,C,14.66,D,20.69,A,15.7,A,19.76,C,20.64,C,21.29,C,13.53,B,16.63,12.6772,76.8083
USR_E0108CBD,B,21.72,A,18.35,D,23.58,D,24.55,C,36.85,D,2.88,D,3.65,C,19.71,B,33.28,D,29.64,20.0987,71.0733
USR_1EA30C28,A,22.45,B,24.35,B,14.98,A,17.5,C,17.01,B,16.01,A,18.68,B,20.62,B,11.35,B,13.52,13.912,76.0478
USR_F590CC1B,C,15.24,C,19.06,A,21.47,C,14.16,A,22.98,A,14.84,B,12.59,A,11.62,A,10.89,A,22.42,26.6314,78.2658
USR_81797E18,D,33.87,C,10.48,D,5.6,C,8.69,C,3.41,B,36.82,B,20.07,C,10.29,C,39.86,D,27.61,18.3883,72.5502
USR_EC55D09C,B,11.05,D,34.31,D,29.57,C,38.87,D,12.65,B,13.09,D,39.1,D,13.8,B,4.52,B,33.43,27.4178,75.9327
USR_3857B3F6,A,22.13,B,13.71,B,11.72,A,10.88,A,18.84,B,24.0,A,24.77,C,17.61,B,15.16,C,11.16,20.6171,73.5983
USR_5B3AE193,B,18.13,B,22.26,A,17.42,A,11.18,B,20.4,B,17.75,B,10.99,B,14.54,B,13.81,B,22.59,24.1884,78.6764
USR_EB933F79,A,18.45,B,20.74,C,15.8,C,23.91,B,12.02,B,17.19,A,20.13,B,17.05,A,14.48,A,22.34,11.2542,77.1662
USR_B9519848,C,38.08,B,8.24,A,13.67,D,20.48,B,15.46,C,7.4,C,6.47,C,18.64,C,16.62,B,11.54,27.6561,77.8715
USR_CE11E437,B,14.49,B,12.18,C,17.6,C,19.11,B,17.22,D,12.78,C,20.71,B,24.94,C,23.64,A,10.53,27.3775,80.9143
USR_294029A1,A,11.87,B,20.99,B,11.2,B,11.81,C,19.23,A,10.87,B,18.71,B,16.98,C,14.59,B,17.69,12.6347,75.9047
USR_5EE8775F,B,6.4,C,25.7,C,37.5,C,20.79,C,7.71,C,26.33,B,8.08,C,12.73,C,13.45,B,25.96,17.5957,73.1624
USR_9E20FD63,D,5.77,D,10.1,D,5.55,D,29.66,A,20.36,A,9.33,D,35.33,C,12.84,D,15.67,C,34.23,14.1431,77.5503
USR_FF5A1FA9,B,20.22,C,5.81,C,6.66,A,10.24,C,22.39,D,30.99,C,31.19,D,2.01,B,37.69,D,5.15,13.7343,77.6276
USR_6F8EA8F5,B,16.05,B,22.6,C,19.08,B,22.28,B,19.6,A,21.34,C,14.34,C,19.06,B,17.88,B,17.45,29.9257,76.3589
USR_492CED65,B,18.23,C,16.83,A,16.69,B,16.96,C,17.87,A,24.63,C,20.01,C,24.51,C,24.74,B,19.73,25.6986,80.7783
USR_DE667B4A,D,20.3,A,15.13,B,23.03,D,15.16,B,11.61,B,13.81,A,17.64,C,12.55,C,13.37,B,11.61,14.2201,77.9928
USR_0F8FEC62,B,7.27,A,9.04,A,10.3,B,10.43,A,5.6,A,11.98,B,11.45,A,7.61,A,8.16,A,6.21,26.3955,80.3819
USR_E81F8521,B,12.44,A,20.69,A,11.69,B,17.77,B,12.22,B,17.37,B,18.01,D,17.24,C,23.68,B,13.66,12.6246,78.8092
USR_0EB04838,B,13.72,B,12.74,C,11.12,B,13.75,A,14.02,B,14.04,A,10.29,B,14.11,B,11.92,C,15.52,11.4866,77.0462
USR_4BD5F9C5,B,11.7,C,10.09,C,21.73,B,21.46,C,20.8,B,24.19,C,24.37,A,18.99,B,11.8,A,11.74,28.2868,77.8705
USR_D787B049,B,10.23,B,11.31,B,12.97,B,15.29,B,20.48,B,11.7,B,16.81,C,19.07,B,14.54,A,13.36,20.9578,73.4136
USR_24DCA372,B,11.36,B,10.38,D,11.48,A,11.18,A,7.14,A,5.32,A,6.77,B,8.51,B,7.46,A,11.09,27.6117,81.5542
USR_F90E18C9,D,9.0,A,8.05,A,9.19,A,8.19,B,7.52,A,8.59,A,10.83,A,8.39,A,5.48,A,5.48,28.8072,75.6078
USR_DBE39AB6,C,29.59,D,7.15,D,25.21,A,20.35,C,17.94,C,28.94,C,12.72,C,37.5,C,27.18,D,25.14,26.0418,82.4709
USR_C27A20D1,C,16.9,B,13.9,A,16.64,C,14.15,A,23.11,C,11.72,C,10.25,C,22.25,A,19.08,C,19.91,13.5011,76.7276
USR_68F65CE8,C,6.11,C,29.99,D,28.3,C,28.67,D,31.68,D,2.25,D,4.9,D,6.42,C,33.5,C,10.53,26.9203,81.3385
USR_667641B1,A,6.49,D,9.81,A,11.96,C,7.12,A,11.2,A,10.52,A,6.33,A,6.39,D,7.2,A,11.01,30.5226,75.7606
USR_ACA7AC8C,B,11.12,B,8.28,A,5.55,A,11.79,A,5.14,A,9.93,A,7.37,A,11.29,A,7.09,D,9.73,14.0447,78.8909
USR_DB76B8B4,A,13.36,B,24.84,C,12.99,C,13.85,D,14.36,B,24.73,A,19.17,C,14.82,C,16.93,D,15.26,17.4736,73.0231
USR_019923C3,C,14.92,B,19.91,D,20.26,D,24.31,A,23.46,C,23.24,C,17.49,B,12.25,C,14.44,B,10.79,22.57,77.1192
USR_E76A4742,C,19.89,A,12.51,C,15.8,D,22.57,C,19.69,B,22.41,D,18.26,D,12.9,B,17.0,C,22.37,27.0002,82.2034
USR_4A71A9F5,C,18.32,A,17.52,B,14.13,B,16.15,C,18.3,B,15.51,B,14.91,D,15.53,D,13.51,A,13.81,19.5044,71.1486
USR_8B4EC197,D,10.5,C,8.41,D,11.78,A,16.69,C,37.37,A,5.52,B,37.63,C,34.24,C,37.08,B,5.16,27.4195,80.2709
USR_240D876E,A,23.64,C,12.84,B,12.44,B,18.5,B,20.76,A,14.99,A,13.33,B,11.65,A,22.35,A,18.53,24.2856,80.9338
USR_7E2A8730,D,5.95,D,14.59,D,6.92,D,2.23,C,21.18,D,29.3,C,31.05,C,15.25,A,9.89,D,8.58,26.629,80.7324
USR_782DE8C9,D,22.85,C,20.79,A,16.17,D,10.04,B,15.7,C,18.67,C,16.22,B,14.72,B,21.45,A,19.27,27.0548,80.9919
USR_FE3D5455,B,6.51,A,9.67,A,5.77,A,11.75,B,5.22,D,7.56,A,9.75,A,7.59,A,8.23,A,6.97,18.7877,71.5065
USR_379804D3,C,13.86,B,13.79,A,19.37,C,23.52,D,12.99,B,14.55,C,22.13,B,17.04,C,24.28,B,24.69,28.8084,77.1025
USR_D6BF94D1,D,19.58,D,18.75,D,20.03,B,22.32,A,19.27,C,15.92,A,10.33,A,23.36,A,24.91,C,21.3,29.9165,77.8477
USR_18734A08,D,26.03,C,29.13,D,37.37,D,12.49,C,30.94,A,21.35,C,35.56,B,26.2,D,17.22,D,19.21,23.6709,81.0047
USR_397080BF,D,14.73,C,8.65,B,7.99,A,3.01,D,34.22,B,8.54,B,4.15,B,29.21,B,10.98,C,12.06,17.5985,72.7953
USR_0FB10F4C,B,23.12,B,12.96,A,14.22,A,24.17,C,22.97,B,22.75,A,10.61,D,17.47,D,21.73,D,15.51,25.6404,81.1123
USR_8C859D91,C,12.48,B,12.95,A,14.59,C,21.05,B,21.08,B,24.4,C,19.45,B,19.15,A,24.98,B,22.54,24.7772,77.9588
USR_2CB25F50,B,12.14,D,21.04,A,16.54,A,18.8,C,16.76,B,14.82,C,22.15,A,16.98,C,21.97,B,20.92,21.5143,80.8438
USR_945B8DB0,B,21.88,B,15.51,B,16.01,A,11.91,A,15.55,B,12.4,B,16.5,B,17.66,C,19.12,A,15.29,28.351,79.7921
USR_F7718279,B,8.71,A,9.37,A,7.24,C,9.0,A,7.58,B,5.4,A,6.62,A,7.05,A,6.51,A,5.04,27.4049,76.2113
USR_84E0CFAE,D,12.6,C,22.03,B,33.55,C,20.63,B,37.67,B,15.08,D,24.86,D,28.0,B,39.48,A,25.41,27.274,75.6693
USR_E47C351A,D,22.21,C,19.93,C,14.0,C,22.85,C,12.69,C,14.04,C,22.35,C,11.63,B,20.75,B,15.29,24.2621,77.7104
USR_48EF0B35,C,22.34,C,12.67,C,31.46,C,5.23,B,11.38,B,13.89,D,16.2,C,27.03,D,22.42,D,35.71,26.64,80.3847
USR_582A2C96,B,10.33,C,20.52,A,17.27,C,19.71,B,24.05,B,18.74,C,12.75,A,22.46,A,14.42,D,19.7,22.6679,77.8934
USR_32ACD334,B,20.92,B,12.49,A,23.96,B,21.2,A,24.68,D,22.34,C,22.16,C,20.94,A,23.44,B,12.63,12.9914,78.6401
USR_1475A139,C,37.84,A,22.06,C,29.83,C,4.45,D,3.0,C,29.57,B,35.73,D,33.44,A,37.9,A,35.44,21.8505,79.7046
USR_64E61FC6,B,10.6,B,19.23,C,15.08,C,21.79,D,12.33,A,20.51,A,21.33,A,15.24,C,14.69,B,23.08,17.7401,71.8421
USR_E96BBB67,D,14.07,B,22.46,D,22.65,A,12.07,C,23.85,A,12.15,B,14.39,B,22.5,C,17.04,A,10.32,27.2621,76.3245
USR_992F3A49,A,10.48,B,21.52,C,23.67,A,22.38,D,24.85,A,20.36,B,20.98,C,14.77,B,20.81,C,15.01,12.0876,77.6609
USR_DEF2EBDE,B,29.74,D,6.02,D,10.94,B,25.32,C,36.54,B,6.64,B,22.27,C,18.52,D,19.3,D,29.3,23.4945,79.5202
USR_26897A8A,D,35.75,C,31.93,B,14.51,D,15.57,C,30.45,B,31.86,B,30.6,B,34.45,B,32.28,C,33.51,23.9836,79.8753
USR_A7C1A566,B,17.98,A,13.15,B,12.17,D,15.88,B,13.98,C,18.39,A,16.37,A,11.63,A,16.71,C,24.66,22.1132,80.3679
USR_43EF7AC0,A,24.31,B,23.54,C,19.04,D,20.68,C,23.96,A,17.98,B,17.04,C,12.71,B,15.68,A,11.71,23.5592,78.6649
USR_AEDC846A,A,19.33,A,13.3,B,11.59,A,10.13,C,23.55,B,24.43,A,14.35,B,21.77,C,12.34,B,13.04,28.7705,81.967
USR_0B7EDFBE,D,14.08,C,14.25,B,15.11,A,23.34,A,12.52,D,17.72,A,21.65,B,24.11,C,20.11,B,12.64,28.9004,78.5364
USR_0071BADE,B,11.62,A,17.85,B,22.55,C,14.46,C,21.46,B,17.78,C,20.66,A,14.69,B,11.57,A,23.78,12.6935,78.4357
USR_FA1B29AE,A,17.14,C,24.91,B,24.86,B,14.71,B,22.75,A,14.06,B,10.7,C,15.48,C,12.82,A,23.32,24.3235,77.9502
USR_9FD7F640,C,10.02,A,22.59,B,14.61,B,15.12,A,12.56,D,14.45,D,22.05,B,10.66,A,14.38,C,16.62,21.8042,80.7806
USR_4058DE36,C,13.36,B,12.11,C,23.34,B,18.4,A,23.77,C,21.22,B,23.95,B,22.18,A,16.13,C,24.81,23.9571,79.8203
USR_E1CA0DE3,A,6.03,B,8.89,A,7.8,A,11.76,A,9.0,A,10.13,A,5.53,B,6.97,A,8.0,A,5.75,14.4047,76.4528
USR_71FCCDBE,C,19.15,A,20.24,C,10.06,C,12.45,A,18.38,B,16.95,B,10.69,C,17.78,A,24.22,B,22.6,22.202,78.6559
USR_38688C71,B,11.67,B,7.57,A,10.26,B,8.86,A,9.23,B,6.43,A,9.25,A,9.28,A,9.76,A,5.5,27.4922,81.8847
USR_79311196,A,13.61,C,18.25,B,22.55,C,14.39,C,23.83,B,20.15,B,23.15,B,19.88,C,18.08,A,10.99,28.5745,82.5814
USR_E6C8E57F,A,24.22,A,17.16,B,12.96,B,19.3,C,22.89,B,20.93,B,16.38,A,24.89,B,21.48,B,11.99,19.2795,73.7465
USR_8297EA24,A,11.11,A,10.04,A,8.88,D,9.8,A,5.65,A,5.54,A,5.47,A,6.45,A,9.94,A,7.2,25.8005,79.4528
USR_0A0A8A93,C,18.56,B,17.08,A,24.6,D,17.55,A,10.76,B,13.97,B,20.87,D,16.73,B,14.96,B,22.74,13.3238,78.0771
USR_F0107889,A,11.97,A,11.07,A,7.56,B,9.77,A,6.03,D,10.86,A,9.94,A,9.35,A,11.29,A,10.29,17.2086,73.3209
USR_E0044105,D,25.41,D,8.72,C,16.21,A,10.21,C,13.73,C,9.2,B,33.71,D,32.68,D,39.35,D,12.6,11.8884,76.3187
USR_7670F4EA,C,38.29,B,2.29,B,5.76,D,29.24,A,5.27,C,2.97,C,19.78,B,13.38,C,35.6,A,24.69,26.0939,78.9975
USR_FB2EE62B,A,11.73,C,6.07,A,6.03,A,11.71,B,10.29,A,7.52,D,7.25,D,10.3,A,11.52,A,11.21,17.5704,72.0471
USR_35DAC8BA,C,3.95,D,19.7,B,36.85,D,24.56,D,7.05,D,31.26,D,22.61,C,33.6,C,10.48,A,33.56,20.1474,72.4538
USR_7684ABAD,B,29.72,C,13.5,D,13.42,C,10.77,B,31.03,C,10.52,D,7.72,B,3.32,A,25.16,B,22.56,17.6565,74.1315
USR_F2772487,A,16.06,C,19.35,C,12.61,B,19.49,B,17.94,C,18.6,C,21.13,B,23.53,C,17.93,B,14.69,24.3594,78.6789
USR_541BA8AE,B,22.39,C,21.96,C,15.93,B,17.28,B,22.69,C,13.78,B,15.95,C,21.06,A,21.87,A,22.18,27.6452,76.068
USR_FA07EB92,B,15.27,B,16.16,A,15.11,A,21.82,B,13.88,D,20.71,A,22.22,A,24.76,B,14.76,A,14.06,21.6945,79.886
USR_D61D75F9,D,39.42,D,19.1,D,37.91,D,36.17,D,39.54,A,22.66,D,34.56,B,29.43,B,27.94,D,10.69,29.6885,77.35
USR_42BFAA16,C,14.55,C,20.59,D,16.89,A,15.18,C,4.46,D,24.1,D,2.36,B,27.61,B,9.55,B,35.27,17.4813,73.0158
USR_728EF88D,C,22.08,A,13.89,B,15.38,C,13.24,D,16.21,B,13.52,B,14.7,C,13.76,C,18.59,A,17.89,18.9919,73.8137
USR_5A0A94A0,A,8.39,A,9.01,A,9.77,B,9.38,C,8.42,A,6.6,A,5.56,A,6.99,A,8.39,C,7.81,29.6966,76.1389
USR_7A72E7D2,A,16.46,C,19.5,B,10.81,B,17.46,C,20.55,C,11.19,B,12.53,B,15.46,B,12.35,C,11.33,18.1856,73.3542
USR_422AAF7E,A,10.4,A,6.27,B,8.15,B,7.82,A,8.72,C,5.83,A,8.21,A,8.93,B,5.97,B,6.39,22.7858,78.1732
USR_62C374F2,C,10.06,D,29.19,C,33.61,B,6.31,D,15.65,D,15.42,D,8.4,B,24.5,D,29.05,B,26.26,27.0934,81.745
USR_4B22E664,A,10.53,B,6.05,A,7.69,B,8.19,B,6.68,A,6.81,A,10.47,B,5.14,A,8.49,A,6.58,11.9772,77.4665
USR_6F1558BC,B,21.95,B,21.87,B,17.79,B,20.92,A,11.19,A,18.95,D,13.76,A,21.13,D,14.3,A,21.32,20.4229,73.5196
USR_D1042CE8,A,7.47,D,11.68,A,5.78,A,6.97,A,9.71,A,9.73,B,8.01,A,6.36,A,10.05,C,9.12,21.597,77.5985
USR_AFF17C05,A,11.67,A,5.45,B,7.38,B,6.62,A,7.79,B,7.09,D,10.47,D,9.68,A,10.66,B,11.57,21.5995,78.5131
USR_94186FBD,B,11.88,D,8.99,D,34.64,D,19.47,C,11.97,D,13.24,D,39.43,D,7.23,D,12.23,D,26.43,25.8923,79.4585
USR_3872DE80,D,23.0,C,23.5,A,24.6,A,11.54,B,11.54,B,11.11,B,16.36,B,23.68,B,15.78,B,15.32,27.2551,77.9577
USR_8CA9C075,B,9.11,A,6.42,D,7.25,D,8.49,B,6.13,A,7.37,B,9.81,A,11.25,B,6.35,B,8.02,11.4537,77.4169
USR_C05B4C59,B,16.48,C,24.86,B,19.64,B,15.97,D,15.99,B,21.75,B,10.44,B,16.76,B,24.22,C,10.06,24.7737,78.1594
USR_F69784EF,B,15.72,B,10.97,B,19.7,C,15.77,C,24.77,A,11.99,B,21.15,C,21.81,C,23.76,B,12.18,18.7613,71.248
USR_8E93B86A,A,6.03,A,6.15,A,5.75,B,8.61,A,9.33,A,8.4,A,8.14,A,10.88,A,11.52,A,5.76,19.2677,72.3169
USR_B1AEF787,A,24.16,B,21.74,B,12.15,C,19.17,B,21.94,C,23.83,C,21.56,C,12.39,B,20.47,A,23.04,14.4777,76.4033
USR_FD150054,C,23.85,D,26.87,A,24.47,C,6.65,D,14.49,A,38.92,B,3.03,D,10.8,B,23.62,D,22.18,27.8596,77.0189
USR_B8F00CDB,A,9.23,A,11.62,A,9.0,A,8.69,B,5.56,B,5.43,A,5.22,A,9.98,A,8.17,A,5.49,11.5803,78.9969
USR_B3FB0112,A,11.79,A,5.94,A,8.84,A,10.01,A,8.33,C,10.4,B,11.51,A,6.37,B,7.75,A,7.16,17.8837,71.8636
USR_555D49E4,B,14.97,C,16.81,A,14.01,A,15.15,C,18.37,B,23.5,A,16.02,B,11.31,B,19.11,B,14.47,22.9076,78.0461
USR_746C2DD7,D,19.92,C,23.16,B,17.72,D,30.06,C,11.21,D,38.31,C,33.43,D,33.37,C,37.74,D,16.39,23.8812,80.5712
USR_51F09069,B,9.99,A,11.95,B,11.55,A,10.28,D,8.36,A,8.39,A,8.83,A,8.18,A,11.26,C,11.83,12.6938,79.0161
USR_55B19119,B,6.77,C,11.49,A,7.89,A,10.89,A,7.03,C,8.46,A,5.31,A,7.99,D,7.41,A,7.41,20.631,72.5695
USR_7B0A1015,B,24.27,D,21.75,A,11.42,B,24.08,B,12.91,C,23.49,B,24.49,A,16.51,B,18.93,D,10.48,28.5794,82.5472
USR_256C495F,A,8.08,D,8.85,A,9.77,B,5.25,D,6.75,A,8.64,A,9.3,A,7.28,A,8.2,D,6.19,14.189,79.131
USR_F2F5F5E8,C,15.66,B,10.1,B,18.38,D,22.54,A,23.64,A,16.74,B,24.74,A,16.96,B,21.22,C,15.55,26.9144,75.2488
USR_877F5A47,C,23.2,A,23.62,D,11.26,B,17.44,A,14.04,C,19.41,B,11.47,B,22.53,B,22.7,C,16.14,28.4387,79.4562
USR_3C152C62,D,38.55,D,9.98,D,19.97,D,24.19,B,34.82,D,16.81,C,30.29,C,9.74,D,16.18,B,14.02,11.2344,75.6864
USR_C5786C5D,A,13.54,A,20.15,D,23.27,A,22.34,C,24.25,B,23.93,A,21.82,B,20.31,C,17.7,B,11.83,26.9249,77.6311
USR_B32D5C01,B,7.48,B,7.83,A,5.07,A,9.17,A,8.11,A,7.49,D,8.92,A,6.53,A,7.1,A,8.02,21.8686,77.6495
USR_4DA0BF42,A,13.67,D,22.04,B,17.33,D,24.03,B,12.67,A,20.08,B,20.5,C,17.99,C,19.88,A,24.24,19.0033,72.1433
USR_5564C115,B,24.37,C,20.07,B,23.24,D,22.21,C,24.59,A,12.74,A,21.14,B,13.53,C,20.1,A,23.78,28.1226,82.7603
USR_698E5806,A,13.28,A,12.33,C,13.86,D,18.82,B,10.84,C,12.02,B,12.62,C,16.74,A,23.15,C,24.02,18.8772,73.4882
USR_792CAA4F,C,19.32,A,11.31,A,24.16,A,16.01,B,10.43,D,23.14,A,16.0,B,19.24,A,11.7,A,14.07,19.1668,72.787
USR_AC6AFE45,C,12.64,A,18.52,B,17.03,D,17.66,B,22.07,B,19.84,A,20.92,B,13.04,C,13.84,C,23.21,14.58,78.8856
USR_AC0C6C1E,B,21.18,B,21.83,A,17.66,C,17.97,B,24.14,A,15.52,C,19.92,B,19.04,A,23.62,A,23.4,17.734,71.5133
USR_25ECE0C0,B,21.26,C,23.93,C,18.25,A,22.42,A,19.83,C,18.53,D,18.1,D,13.84,B,23.29,B,18.22,17.2334,73.1407
USR_FAF5F743,B,12.95,A,18.2,C,10.85,B,11.65,A,14.03,C,19.54,C,12.52,B,20.67,C,13.31,A,20.76,11.9478,76.7339
USR_08FC767F,A,22.42,B,21.73,C,14.16,A,14.05,C,15.15,C,16.37,C,10.47,A,24.93,B,17.41,C,15.1,26.8547,79.5839
USR_333683C6,A,6.37,B,7.87,B,6.5,A,7.03,A,8.79,A,11.61,A,6.78,A,7.09,B,6.27,A,11.22,19.4806,71.7902
USR_8920ECD4,C,10.53,B,14.1,B,23.27,C,12.18,C,11.37,D,22.72,B,23.51,D,22.76,D,21.19,A,18.48,13.3275,77.475
USR_9968A9D3,A,22.24,B,10.07,A,14.47,C,24.28,D,13.01,A,15.37,B,18.11,A,22.1,C,14.03,C,12.46,27.9719,79.2996
USR_9C2D32FD,C,19.31,C,18.73,B,21.1,B,22.46,B,10.16,C,19.72,C,14.89,B,20.78,A,22.73,B,20.01,27.0749,80.7091
USR_5ED3AE3D,D,18.2,B,12.82,C,34.94,D,22.64,C,16.98,D,28.31,C,16.03,D,21.98,A,8.63,D,21.8,30.4877,76.7882
USR_45E6BFED,B,15.95,B,11.73,B,20.92,B,23.67,B,14.19,B,10.86,A,17.62,B,22.13,D,11.81,B,22.48,26.7866,77.7121
USR_61A997F9,A,11.35,A,5.24,B,5.42,A,9.9,A,5.12,A,9.73,D,8.05,A,9.51,A,6.53,A,5.14,27.7063,80.6894
USR_DEACC2E6,A,13.15,A,10.87,B,18.85,D,11.29,B,19.25,C,11.46,A,22.98,B,19.14,C,11.16,C,10.38,22.874,78.3329
USR_35161D3A,C,20.51,B,22.55,B,14.78,C,18.37,A,10.03,C,19.59,B,14.97,A,11.97,C,12.02,B,16.95,20.663,74.5478
USR_0A0AFE96,B,12.21,A,12.46,B,10.14,D,14.58,A,19.7,B,23.7,B,24.2,C,19.22,D,15.07,B,10.62,18.5355,74.3629
USR_A83D8A78,A,6.67,C,8.22,A,11.45,A,10.68,D,11.46,B,8.23,A,8.14,A,9.21,A,6.24,A,9.93,18.8616,70.8929
USR_E7D382B4,D,24.65,A,15.27,B,21.42,B,38.47,C,12.24,B,30.95,B,6.04,A,7.96,D,11.84,B,31.92,22.989,78.8767
USR_54681F67,A,9.18,A,10.17,A,9.9,B,8.19,A,11.68,A,10.03,D,7.04,A,9.07,A,7.39,A,9.46,27.7396,77.2292
USR_F45C0B1B,A,5.62,A,11.28,A,11.25,A,9.21,B,6.22,B,11.62,B,11.55,A,7.38,A,8.82,A,8.02,27.0013,80.569
USR_20B17C5D,B,11.66,A,12.57,C,10.54,D,10.44,B,11.02,C,17.73,A,22.58,A,14.53,C,17.03,A,13.25,17.7687,73.1282
USR_AA64AF9C,D,7.88,C,23.08,D,38.7,C,28.86,C,9.39,C,33.83,D,18.55,D,19.27,D,20.22,D,4.91,11.4008,78.0039
USR_925B3DC1,A,24.5,B,12.65,B,13.18,C,11.87,B,19.17,B,13.27,C,22.38,D,10.73,B,23.4,A,11.62,28.8773,75.5786
USR_D1757623,A,37.93,B,8.05,B,35.32,A,30.35,B,5.22,B,10.4,B,38.25,D,26.24,C,2.5,B,26.5,18.4135,73.1793
USR_DA9A605C,D,28.18,B,34.39,A,25.13,C,39.15,B,13.8,C,34.29,C,12.35,C,10.94,C,14.94,A,9.44,22.2868,79.0047
USR_F6F03D1E,D,29.51,D,30.16,D,15.67,C,3.13,D,33.18,D,22.52,B,13.23,A,18.61,D,3.18,D,17.57,23.7521,80.6755
USR_4EBA2076,B,9.13,A,6.83,A,5.3,A,9.82,A,8.88,B,11.42,B,10.8,A,7.81,B,9.93,A,8.16,12.1151,78.5856
USR_DEDCCF21,B,21.37,B,16.05,A,23.76,B,20.06,B,20.05,B,17.05,A,21.54,A,17.11,C,23.82,C,20.94,23.0921,78.6941
USR_7F59EE63,A,24.61,A,6.9,C,30.73,D,25.87,B,37.24,D,37.4,D,34.04,D,33.3,D,8.11,D,11.62,27.3255,82.0095
USR_15809569,A,10.67,A,11.13,B,11.06,B,11.21,B,6.42,A,8.82,A,7.04,A,10.49,A,9.53,A,11.68,28.7317,75.9695
USR_B969C5AC,B,14.57,B,11.48,B,19.79,A,18.42,A,19.65,D,11.14,B,14.7,C,21.12,C,20.86,B,11.33,12.1682,78.7036
USR_EE121F60,A,14.53,D,20.14,D,17.31,A,20.44,A,17.57,A,14.79,A,24.31,B,22.98,A,22.68,C,13.63,26.8938,81.6557
USR_C02CC90F,A,28.13,C,10.36,C,30.74,D,5.55,B,32.93,C,9.78,A,35.06,D,3.0,A,8.1,A,34.8,27.7693,80.2115
USR_A90C1A22,A,18.12,A,24.99,D,39.05,B,20.91,C,10.71,B,21.49,B,39.71,D,27.62,B,32.8,C,28.57,28.8605,78.0228
USR_6E59CEA0,D,20.85,B,23.43,A,11.44,B,24.77,B,20.44,D,21.18,D,20.9,B,22.79,A,15.54,B,11.97,25.3901,82.3258
USR_C1AED532,B,11.51,C,33.41,A,31.77,D,8.47,D,9.39,C,16.31,C,20.44,B,27.6,A,22.77,C,20.02,11.6761,78.3068
USR_F9929371,B,14.06,B,24.12,A,18.35,C,19.23,A,17.16,B,24.53,B,23.16,B,21.69,C,20.15,D,18.76,27.6372,81.0405
USR_36315686,B,17.43,D,17.42,A,16.5,C,11.62,B,14.39,B,24.4,B,20.41,B,14.56,B,20.35,C,22.14,21.3338,80.926
USR_D93C287A,B,25.02,B,28.13,D,2.99,C,37.71,D,35.88,B,8.43,C,37.51,C,20.52,B,6.13,B,10.38,21.059,77.4104
USR_9F25F3C6,D,11.89,B,39.67,D,35.42,C,17.56,B,6.07,B,14.6,D,26.8,C,9.91,D,32.04,C,11.64,13.0206,78.1711
USR_ED2A2A50,C,18.67,B,15.32,A,14.44,B,18.68,B,22.47,B,16.08,C,13.33,C,10.93,B,14.03,C,21.01,20.3211,74.2446
USR_D8FC112A,A,8.65,A,9.22,A,8.67,A,6.1,A,8.7,A,7.66,A,10.09,A,6.07,A,10.39,A,8.43,24.1194,80.8065
USR_A283CC07,A,20.27,B,12.89,B,11.99,B,14.54,D,22.67,A,23.89,C,18.22,A,19.67,D,17.38,A,15.09,20.2131,72.8227
USR_FA041A5E,A,22.42,D,11.45,D,21.64,C,21.07,A,12.48,B,12.1,C,24.23,B,11.25,B,13.99,A,18.13,27.8884,80.8297
USR_5C7D908B,B,22.75,B,15.26,B,21.57,A,23.95,B,18.5,A,15.81,A,21.59,B,20.33,C,13.5,B,20.08,28.7999,79.7847
USR_3061E970,C,12.99,A,23.54,B,23.04,B,20.71,A,12.06,A,11.26,C,12.77,D,10.78,A,20.28,B,17.87,12.619,76.6491
USR_BF1ECE5B,A,22.81,C,19.81,D,38.88,C,14.82,C,2.85,D,36.08,C,38.63,D,5.83,D,22.95,D,15.66,13.6247,77.2337
USR_9028AABF,D,12.82,C,20.65,B,22.81,A,10.28,D,10.94,B,12.1,B,21.66,A,15.32,B,13.37,A,22.47,21.9399,80.8298
USR_48AEDE96,C,17.32,C,11.54,C,23.3,B,12.84,B,21.33,B,20.73,A,14.22,C,18.23,A,10.62,C,20.17,24.6841,77.9254
USR_4B3A6A96,B,20.49,C,16.54,C,14.2,C,10.94,C,15.54,B,15.83,A,19.61,A,23.33,A,23.77,B,22.27,28.7399,80.9418
USR_57B6261B,A,19.82,D,24.78,A,20.81,B,19.06,C,17.47,C,20.53,B,17.88,C,21.68,A,13.52,B,13.82,18.3403,72.0797
USR_09863711,B,18.68,C,12.48,D,11.95,A,14.52,B,15.18,C,24.41,C,14.59,B,21.76,C,14.31,B,15.08,27.9008,75.9876
USR_49DC0673,B,10.98,D,11.4,A,6.09,A,6.76,A,10.85,A,6.82,A,6.08,A,9.57,B,8.96,A,8.94,28.3976,82.4179
USR_CEED2767,B,17.31,B,16.63,D,17.76,A,23.37,A,17.41,A,13.12,B,19.95,C,14.98,B,17.12,B,18.03,22.8419,80.0728
USR_93D616FD,B,13.76,B,14.6,B,22.26,C,15.59,C,11.89,A,17.58,D,19.38,A,21.31,C,14.26,C,21.73,30.4477,77.4482
USR_33BB6B04,C,11.82,C,20.68,B,10.74,C,24.04,A,12.9,B,24.61,B,20.4,C,18.49,C,11.68,D,18.29,27.3777,75.404
USR_0F923CD9,A,23.66,D,12.92,C,22.09,B,12.32,B,18.36,B,20.77,A,20.28,D,21.97,B,13.46,C,16.78,18.2736,73.0255
USR_FF95B4F5,B,20.58,B,16.15,C,12.43,A,13.66,B,19.9,B,11.02,D,15.01,B,10.87,A,17.54,A,22.31,25.6078,81.3893
USR_05BC86ED,D,20.68,D,11.41,B,13.39,B,17.84,D,18.83,C,15.8,B,13.53,D,20.32,C,18.84,B,10.85,19.6275,74.5847
USR_E6F9F421,B,23.32,D,13.83,C,13.65,A,13.98,C,18.37,A,23.1,B,22.1,C,15.41,B,21.73,D,15.54,23.1562,79.9834
USR_031AE4C7,A,24.47,B,17.75,C,20.08,C,22.3,A,23.76,B,13.39,C,11.78,B,21.43,B,23.23,A,10.34,24.1441,80.1991
USR_8567C9B6,B,16.24,C,10.74,C,17.08,B,22.63,A,16.41,B,24.13,A,10.9,C,17.14,A,11.03,B,24.51,28.482,80.4324
USR_1D1D6F49,D,23.6,C,15.8,D,4.39,B,18.82,C,33.9,C,4.27,B,32.37,D,27.25,B,13.75,B,20.47,14.0202,77.5968
USR_6C0517A4,C,35.74,D,3.99,D,4.82,B,14.67,C,5.71,C,31.48,C,39.38,D,14.11,A,28.02,C,31.83,12.1505,79.2773
USR_18526998,B,23.59,B,17.89,B,19.79,B,20.41,B,21.32,C,19.53,A,22.23,C,18.3,A,24.19,A,21.01,29.4679,77.0786
USR_CB6DEC29,D,17.81,B,19.62,D,18.3,C,15.93,C,23.67,C,29.98,D,30.85,C,37.79,C,20.83,D,34.94,11.4413,76.2948
USR_D9B541D6,A,9.22,D,9.22,B,6.04,B,11.63,B,6.4,C,7.84,A,7.46,A,7.56,B,5.2,C,5.31,13.4357,77.5891
USR_9366C966,D,36.64,C,3.4,B,2.4,D,21.33,D,13.19,D,21.63,D,20.16,B,28.27,D,4.19,D,7.9,30.3624,78.857
USR_00F5157F,A,15.77,B,11.28,A,23.79,B,14.57,C,12.2,B,18.07,B,21.78,B,24.48,B,18.36,C,19.84,17.6302,74.5546
USR_70D65CFE,B,10.28,D,20.04,A,28.3,B,9.13,B,22.22,B,13.57,D,17.81,C,34.98,B,27.32,C,10.4,23.0783,79.9181
USR_20ED6C18,A,17.7,B,17.63,C,22.05,B,24.26,B,24.14,D,22.11,C,11.58,B,20.65,A,18.83,A,24.47,28.2075,77.0032
USR_3F7239F5,B,18.07,C,15.72,B,23.27,A,12.66,B,10.8,A,14.78,A,15.94,C,13.82,C,23.81,B,21.53,17.8412,71.9282
USR_2558B848,C,15.7,B,13.1,A,15.73,C,21.97,B,21.98,D,18.51,C,17.41,C,17.9,B,16.05,D,14.84,22.9393,80.1144
USR_6162003A,B,20.05,B,22.15,A,21.81,C,17.98,A,17.27,B,16.67,B,20.69,D,12.27,B,22.32,B,12.27,12.0667,76.763
USR_BE2B0BBD,D,15.37,C,4.56,B,37.74,D,28.31,D,25.78,D,19.54,A,25.29,B,10.91,B,14.45,B,9.76,28.3019,80.25
USR_67CF973F,A,6.47,B,9.02,A,11.8,A,9.49,A,10.74,A,10.26,A,10.32,A,6.63,C,5.23,A,9.83,22.5796,78.1866
USR_EC8AD851,D,13.77,D,10.76,B,31.99,C,22.13,D,2.77,D,15.51,A,32.41,D,34.73,C,36.9,B,26.97,17.8395,72.7845
USR_5211E765,B,17.04,D,21.12,D,20.84,B,15.62,D,22.35,C,21.98,D,19.92,B,20.61,B,11.79,B,20.97,29.4587,75.7616
USR_30F4523A,B,22.64,D,18.95,B,17.78,B,17.66,A,11.29,D,20.26,A,10.33,A,24.49,B,22.51,B,22.82,13.0528,78.312
USR_746AD07E,C,10.3,D,19.52,A,23.36,A,23.74,B,15.47,B,23.6,B,14.48,C,24.18,A,15.37,B,21.45,25.8065,82.4894
USR_28576175,A,20.83,C,21.4,A,20.5,A,23.22,C,21.79,B,20.83,A,19.38,A,18.51,C,22.26,C,22.18,19.0361,74.2641
USR_A07C4AE5,C,20.59,C,23.53,B,23.73,A,23.2,B,24.82,B,18.94,B,10.06,A,12.77,B,10.71,B,11.97,22.3019,78.3493
USR_D00375F8,A,10.03,A,5.34,A,6.41,A,9.25,A,11.94,A,6.06,A,11.85,A,8.22,A,7.26,A,8.33,11.7506,78.4346
USR_206A2309,C,25.32,B,39.21,D,6.54,D,34.42,C,24.57,B,28.52,A,27.09,D,34.0,C,14.3,C,5.1,11.1268,77.4164
USR_816D85B0,A,8.58,A,8.75,A,8.21,A,5.35,A,11.39,A,9.21,A,7.8,A,9.47,A,6.99,A,10.72,14.6469,77.4879
USR_2646FCFB,B,31.18,D,32.93,C,25.23,C,33.65,D,33.7,C,16.51,D,27.75,D,13.97,D,5.01,C,12.18,11.3945,77.4476
USR_75113ED0,C,21.89,A,11.17,B,10.54,A,14.77,A,19.42,C,14.21,C,22.33,A,16.12,C,18.77,C,15.04,23.5773,77.5008
USR_8BC91AE4,B,13.45,B,10.56,D,22.33,B,15.35,C,15.2,D,14.37,B,11.99,A,23.62,A,15.38,D,15.24,19.0672,74.7059
USR_4F8A5F1F,B,12.57,A,15.35,A,20.21,B,18.6,D,14.77,B,12.35,D,20.55,B,24.69,C,22.39,A,13.15,11.3852,77.8381
USR_A82BC376,D,16.89,B,18.77,B,16.23,C,22.67,B,17.7,B,17.81,B,18.52,B,13.77,A,17.35,C,16.96,12.493,78.5298
USR_B82039C3,A,8.34,A,11.51,C,11.42,B,8.06,D,6.98,B,7.74,A,9.22,A,8.56,C,8.22,A,10.27,21.5345,80.6106
USR_A5E948E0,B,9.64,A,9.78,A,7.73,A,9.94,B,8.34,A,11.17,A,11.87,B,8.77,A,5.42,A,5.31,29.0356,76.4538
USR_2BB399B9,C,17.88,C,10.13,D,37.46,B,5.67,C,20.44,C,18.14,D,8.98,C,35.95,D,10.51,A,32.86,18.7898,72.9416
USR_E6D1E511,B,23.41,B,20.07,B,22.76,B,14.34,C,22.89,B,19.05,B,15.85,D,20.19,A,21.83,C,23.19,28.2674,76.7089
USR_1356BBEB,B,18.58,C,12.66,A,18.65,B,13.22,B,12.89,B,17.63,A,24.01,C,12.57,C,24.72,B,16.25,27.6025,76.521
USR_85D69580,D,27.5,B,25.71,C,28.51,D,5.6,D,9.75,D,15.25,B,39.74,C,14.37,D,6.14,D,19.89,26.077,79.2016
USR_91F2D9CD,B,23.85,B,22.68,B,13.72,B,22.24,C,17.65,B,17.55,B,16.68,C,18.13,D,20.34,C,17.17,17.8545,73.1672
USR_DCBAD04D,B,21.17,B,19.18,B,12.41,A,11.39,B,13.8,C,18.89,A,21.99,D,20.82,C,23.3,C,10.94,21.2272,78.4162
USR_FDFE2282,A,9.16,A,10.81,B,9.61,A,5.69,B,9.79,B,7.1,B,9.83,A,7.89,B,11.44,C,11.19,21.0131,73.6147
USR_DF2375EF,A,17.18,B,12.19,B,24.85,A,19.56,A,14.44,B,21.22,A,11.29,B,19.24,D,23.47,C,11.15,18.0582,72.2871
USR_8F321058,A,24.65,C,19.07,B,14.56,A,10.91,B,20.88,A,17.03,C,15.09,B,19.26,D,22.28,A,11.21,20.7364,73.3263
USR_4E1DC2C3,A,23.5,B,20.37,B,11.15,B,16.4,D,11.57,C,10.72,D,23.08,B,13.32,C,13.01,C,11.76,14.628,77.724
USR_7BDCD8A4,A,9.51,A,8.0,A,7.39,A,8.9,A,11.15,B,6.34,C,8.49,A,5.57,A,7.43,A,8.46,14.732,77.6556
USR_E2D12092,D,4.06,D,14.6,D,20.96,D,7.45,C,28.97,D,29.79,D,22.42,C,37.02,B,19.02,B,12.6,14.9358,77.5674
USR_7C3262C7,A,19.31,B,22.13,B,15.57,B,13.68,A,19.69,A,11.29,B,22.4,B,21.59,A,22.21,C,21.78,19.5352,73.5402
USR_30819765,C,13.73,B,13.94,B,11.42,B,23.42,A,12.64,C,24.98,B,19.82,A,23.39,B,14.72,B,16.69,22.8798,79.3032
USR_42FF5E8E,B,33.12,C,3.13,C,10.17,C,20.04,C,7.97,B,17.51,B,35.13,C,25.74,D,14.64,B,11.58,12.9758,77.77
USR_3855C737,C,20.86,C,19.66,A,23.57,C,17.1,B,20.94,B,13.07,C,17.36,B,10.73,C,22.86,C,18.53,20.7739,73.2314
USR_80053FB3,C,10.7,B,12.68,A,10.04,D,14.1,B,24.33,B,23.88,C,18.85,D,17.65,C,20.14,B,16.15,26.101,82.4145
USR_32E52AE5,A,11.86,A,7.31,A,11.91,A,5.89,A,11.96,B,7.39,A,7.15,A,10.65,C,5.38,C,8.46,22.211,78.0255
USR_BBB660BB,B,22.43,B,10.73,A,22.17,A,11.47,B,12.38,C,18.34,A,14.44,C,11.69,C,17.47,D,13.88,11.2561,76.1213
USR_6978B3A2,B,7.32,A,7.58,A,11.93,B,5.15,A,11.76,D,7.12,A,6.18,B,5.82,B,9.98,A,11.9,27.7361,78.7837
USR_0DBBF055,B,35.28,B,35.94,C,11.14,B,2.76,C,6.94,D,24.44,A,4.99,D,9.4,B,20.36,B,28.0,14.7185,78.305
USR_858D5255,D,25.23,A,11.58,B,31.86,B,21.11,B,38.72,C,29.55,D,19.31,A,18.12,A,33.89,D,14.76,23.58,78.7292
USR_397AF78F,A,9.96,D,8.66,A,8.19,A,7.15,A,7.57,B,10.98,A,11.05,A,7.02,B,5.36,A,8.54,28.1451,79.4512
USR_736A6084,D,14.87,B,35.93,D,32.71,D,37.62,C,28.93,C,16.43,A,32.29,B,13.33,C,8.38,D,4.73,26.4312,81.0964
USR_76CD0A7B,A,17.97,B,12.75,A,22.6,B,13.49,C,16.85,C,15.8,A,15.19,B,11.02,C,16.55,C,24.24,12.2339,78.7099
USR_9304076B,B,19.86,A,21.22,B,13.25,B,14.11,C,22.42,C,17.78,A,16.11,B,16.53,C,10.52,A,16.58,18.0507,73.6946
USR_1A40443E,B,7.7,B,8.66,D,6.26,B,8.02,A,10.58,A,7.4,B,11.5,A,8.93,B,11.6,A,5.16,25.4788,79.4395
USR_36291E78,B,24.76,B,10.16,A,11.33,B,22.73,C,13.81,C,20.8,B,10.36,B,18.72,B,11.21,B,14.58,18.8588,73.6053
USR_6E3BE376,C,4.37,B,35.79,D,12.72,D,34.47,C,31.84,C,2.0,A,17.92,B,31.57,C,31.36,D,10.78,24.3058,79.706
USR_941DF74A,A,2.52,C,13.35,A,7.03,C,14.93,D,8.38,D,29.14,D,38.75,A,23.14,C,24.71,D,26.86,12.2957,79.5769
USR_5D8B2409,B,24.82,B,13.14,B,10.34,B,19.09,C,23.93,A,12.79,A,18.29,D,15.9,C,14.02,A,23.39,21.0546,79.2894
USR_476411E6,D,11.83,D,33.59,D,35.0,D,32.89,C,29.52,B,29.19,A,20.63,C,21.57,D,23.18,C,13.51,12.2129,76.0888
USR_49F68EF6,A,10.9,B,11.28,A,7.23,C,7.73,A,10.48,C,10.01,A,8.59,B,8.77,D,9.04,A,8.21,25.8086,80.1355
USR_EFC3C116,D,37.11,C,16.21,C,9.48,D,25.57,B,27.93,C,12.98,C,25.17,D,2.86,B,39.85,D,34.89,24.7578,79.8157
USR_B7D8B51D,A,21.44,B,17.04,D,19.88,D,29.64,D,17.97,D,25.3,C,20.38,D,8.73,B,8.18,C,39.05,20.6649,71.7253
USR_B056831D,A,11.65,A,11.93,B,11.73,C,11.57,B,24.21,A,18.01,B,24.61,C,10.98,B,15.29,A,12.97,27.8792,75.3663
USR_8D585680,C,13.11,C,24.34,B,14.9,B,13.58,B,12.19,B,16.78,B,18.54,A,17.31,B,21.03,A,24.02,17.3233,71.664
USR_474884C6,B,20.66,D,36.46,B,5.53,D,6.41,B,30.49,C,31.8,B,27.66,A,38.49,B,30.31,C,3.13,27.1731,80.7849
USR_41C267C2,B,15.34,B,20.68,D,14.43,B,12.57,B,14.76,B,14.93,B,16.78,B,24.04,C,10.0,B,18.92,27.9955,82.7052
USR_8597F7A1,A,9.17,A,8.39,A,8.2,A,10.09,A,5.88,A,8.56,D,10.07,A,7.21,B,7.53,A,9.02,13.986,78.0666
USR_4FFAF510,B,19.23,A,24.51,B,18.38,B,13.72,B,21.21,B,21.94,A,18.26,C,11.65,C,22.12,A,17.34,26.9964,81.1078
USR_8C18322F,D,12.55,D,21.18,D,12.52,C,18.1,A,19.56,D,35.57,A,26.36,B,34.27,C,22.6,C,15.04,26.6524,82.8556
USR_4086BECB,A,32.3,D,34.38,D,36.0,C,31.5,C,33.48,A,19.61,D,6.88,D,22.39,D,3.86,B,33.85,29.8777,76.949
USR_AC81185F,C,16.97,B,12.18,B,15.2,B,16.64,B,11.54,A,21.93,C,23.41,B,19.45,C,20.37,C,14.94,26.3098,80.0874
USR_02AA06C8,C,15.15,B,17.06,C,19.15,B,19.12,B,13.82,C,22.6,C,19.45,D,22.91,B,21.23,B,10.36,17.7504,73.3672
USR_E19E2A41,A,7.17,A,8.11,A,11.83,A,6.19,B,11.05,A,5.67,A,6.05,A,9.41,D,9.16,B,10.75,14.7307,77.5178
USR_C16D4E99,B,23.89,A,14.75,C,22.04,B,18.9,D,15.56,A,16.91,D,15.2,D,21.03,B,16.5,B,20.92,28.8924,78.5892
USR_FD94C2D6,C,17.43,C,22.61,B,15.13,A,22.28,B,13.03,A,10.79,A,23.54,C,15.11,A,22.77,A,23.06,20.2306,70.9503
USR_7D1D9B39,D,19.44,A,19.89,C,20.2,C,13.81,C,12.9,C,18.91,C,14.48,B,16.94,C,16.73,B,10.21,14.414,75.9861
USR_166C95BE,C,19.75,A,14.85,B,19.36,D,10.46,A,14.75,A,15.1,B,23.72,C,19.24,C,21.13,B,22.89,27.4723,75.361
USR_DB2D113F,C,36.12,C,30.63,C,34.14,A,26.85,D,6.39,B,17.66,B,34.14,B,19.76,C,16.4,B,18.58,25.1557,82.0546
USR_8B6A56D3,B,9.29,A,11.35,C,9.32,A,9.59,A,6.34,B,8.66,B,10.22,A,11.84,C,9.26,A,9.25,22.7948,78.6408
USR_4CD48B42,D,22.77,A,37.58,C,9.89,D,38.26,C,15.66,C,17.27,A,38.49,B,25.39,D,39.31,D,37.21,26.5048,80.3037
USR_32BD231E,A,19.81,C,18.91,A,14.55,A,22.3,A,10.22,B,15.05,B,15.69,C,17.77,C,23.56,B,12.01,26.6808,78.5879
USR_5F681372,B,19.37,D,35.38,D,14.38,A,18.48,D,8.42,D,34.14,C,17.3,A,37.01,D,29.2,A,16.1,28.055,78.4771
USR_A04ABD1C,B,20.05,D,13.36,B,11.06,D,20.66,B,13.1,B,23.99,B,23.03,A,20.44,A,10.58,B,17.04,28.1835,77.1302
USR_80096B95,B,20.27,A,19.2,B,12.39,C,18.48,B,19.78,C,23.27,D,22.43,C,21.91,D,16.31,D,24.67,26.3381,82.2437
USR_1269A80A,C,21.89,C,24.79,A,19.73,A,20.33,D,12.97,A,13.54,D,11.21,C,21.41,C,13.0,B,13.36,29.9442,77.2611
USR_D694DCA8,A,10.18,A,11.4,B,15.22,B,22.46,B,21.05,B,17.32,A,20.37,A,23.8,C,12.43,C,16.66,23.2016,79.936
USR_04A40DBB,C,19.55,C,18.78,A,12.55,B,20.56,A,12.81,B,18.64,C,10.61,D,15.2,C,17.54,D,19.97,20.7518,72.2447
USR_ECCE522C,C,10.28,B,10.58,B,11.43,B,20.97,B,12.74,B,10.74,B,24.65,B,15.53,A,23.09,A,11.82,28.2534,79.9202
USR_E71D3AB9,C,13.62,B,24.32,B,17.57,B,12.48,A,20.28,B,20.35,D,24.52,C,23.75,D,20.95,A,16.51,18.1065,72.0323
USR_738DA7D9,C,18.51,D,12.41,A,11.59,B,24.86,B,12.18,A,24.3,C,14.06,C,17.68,C,15.68,A,12.88,17.211,74.7896
USR_7683F4E5,D,9.3,A,31.4,D,15.18,A,34.01,A,25.88,C,17.2,C,22.86,D,25.5,D,26.16,D,4.67,12.0295,76.7757
USR_86843532,B,19.32,C,7.93,C,5.8,C,18.59,B,33.63,B,27.35,D,17.91,D,26.01,D,10.12,D,28.25,26.797,82.3778
USR_63D31410,C,15.65,A,15.57,C,12.75,A,12.12,A,23.86,A,13.94,A,13.33,C,16.91,D,16.53,A,22.46,28.8674,75.6538
USR_99F15310,C,37.78,B,39.88,B,17.95,C,22.25,C,8.85,D,30.33,A,20.16,D,3.88,D,12.53,D,16.33,24.7162,80.7401
USR_D1B0D55E,B,20.52,C,22.96,D,23.14,C,20.24,B,15.07,B,20.52,B,20.77,B,11.81,B,13.33,A,21.46,27.7402,80.0845
USR_6CF58FBF,A,20.52,B,20.96,B,14.8,A,23.24,B,16.88,B,21.43,B,18.25,C,23.87,B,16.66,B,22.92,27.4255,75.8728
USR_77033603,B,11.7,C,22.66,C,14.7,A,18.23,B,14.99,B,16.05,A,20.83,A,16.55,D,22.28,C,15.28,14.1441,76.384
USR_9D83CD9C,A,7.58,C,9.15,A,9.08,A,11.87,A,5.83,B,11.85,A,6.08,A,6.06,A,6.02,A,8.13,27.2908,77.5665
USR_D220D22E,B,12.18,B,10.08,A,18.8,A,18.85,B,24.51,A,19.0,A,12.68,B,20.63,A,12.13,A,24.47,21.0309,80.034
USR_4C7FFA19,D,14.88,C,23.98,D,11.84,C,31.94,C,38.77,C,9.01,D,29.93,C,36.7,D,4.21,D,6.23,28.7308,82.6104
USR_CF3DC8FB,A,27.85,D,17.62,B,8.02,D,32.35,D,12.07,D,11.0,B,17.63,B,27.25,B,5.57,B,3.9,27.9187,80.901
USR_8891876A,A,23.58,B,10.59,B,20.46,C,19.24,D,20.77,A,10.03,B,13.69,A,24.57,B,13.87,B,15.71,27.2665,81.1621
USR_E8721927,B,24.8,A,14.16,B,16.32,D,14.75,A,14.21,C,13.67,B,21.94,B,24.44,C,21.6,C,19.63,20.9786,78.2169
USR_2D810DA2,A,9.28,A,7.82,C,6.39,A,8.46,B,8.96,A,5.33,A,10.33,A,7.26,A,8.7,A,7.59,19.9236,71.4832
USR_2DB44BD4,A,8.82,A,10.27,A,11.69,A,11.86,A,7.59,A,11.35,A,9.22,A,9.29,A,7.05,A,8.99,19.0379,72.8763
USR_F8EC2AB9,A,22.79,B,10.04,C,18.2,B,24.74,C,16.42,B,14.28,C,15.52,D,10.99,B,12.14,B,24.43,23.2561,78.6741
USR_8780453F,A,15.48,B,19.82,A,13.14,A,16.25,B,12.73,B,15.9,B,21.36,A,11.75,A,16.5,A,12.2,12.8346,79.2287
USR_7B33DD76,D,11.25,B,23.12,A,21.77,A,18.04,B,21.37,C,23.28,B,18.35,B,10.54,B,19.73,A,24.47,13.7393,79.5802
USR_B82E63D6,A,10.27,B,9.34,A,5.08,B,10.66,D,9.92,D,9.36,A,6.73,B,5.03,A,5.16,A,9.59,19.5169,70.9639
USR_BBAF40EF,D,8.26,A,6.2,A,10.65,C,8.63,A,7.0,B,6.24,A,10.93,A,6.13,B,10.63,B,11.22,13.6073,75.6606
USR_0217648D,B,14.32,A,22.19,B,21.34,C,15.36,C,20.0,B,12.53,B,23.09,D,22.82,A,15.89,B,22.63,13.2858,75.6922
USR_3411E153,D,13.52,B,23.0,C,20.36,B,23.99,B,18.3,A,23.17,A,22.79,B,10.41,A,19.56,B,10.63,22.7351,78.046
USR_E023C548,B,14.71,B,22.31,B,20.56,D,17.13,A,21.22,C,23.06,B,21.91,D,12.87,A,17.6,A,24.73,23.5643,78.1352
USR_FE1CD6FF,B,13.02,C,19.79,C,14.55,B,11.64,A,13.29,A,15.46,B,14.87,B,22.6,B,20.17,C,19.79,30.5861,75.5102
USR_5E7C9E07,A,11.11,A,9.41,A,11.51,A,11.7,A,6.71,A,10.98,D,11.49,A,10.1,C,6.44,B,7.27,28.1047,80.6198
USR_30D7D1F6,D,19.15,A,18.85,C,19.79,D,14.24,A,11.71,D,14.16,A,20.22,B,14.94,B,10.44,C,22.06,26.4967,80.2981
USR_F8A46208,C,13.43,B,24.13,A,19.54,B,14.32,B,18.37,C,19.36,B,10.01,D,13.8,C,16.8,D,15.33,26.7734,80.5171
USR_041A930B,D,15.42,C,21.59,A,17.88,B,19.47,B,17.15,D,20.91,C,11.83,C,15.67,B,12.64,B,13.4,27.0937,78.0538
USR_F36042C9,B,11.28,A,22.44,B,20.05,A,17.61,B,19.83,C,12.42,C,13.63,A,15.86,C,19.95,D,24.81,18.4802,74.3207
USR_69745443,B,6.89,A,5.37,A,9.25,A,9.65,A,11.32,C,7.73,A,11.36,A,10.05,A,6.88,A,5.35,27.6599,79.0642
USR_F46C3DE2,C,13.88,A,15.7,B,15.61,B,19.28,C,14.63,C,22.82,A,20.98,C,15.5,C,23.61,C,22.46,14.9292,77.6916
USR_C7474749,A,9.62,A,9.72,B,8.4,A,7.51,A,9.99,B,9.44,A,9.15,A,11.48,A,9.1,A,7.5,23.9257,78.9895
USR_A0C334B3,A,11.01,D,6.9,A,11.37,A,11.31,A,6.36,A,5.59,A,9.49,A,10.39,A,10.73,B,5.71,24.338,78.9453
USR_49C203AB,A,21.6,A,15.52,C,15.86,D,24.86,A,12.56,C,15.69,D,23.54,C,22.02,B,17.29,B,18.27,29.871,75.6725
USR_1F957EC3,C,21.78,D,10.53,B,10.54,B,21.92,B,13.07,C,18.28,D,18.03,B,21.22,C,11.89,A,14.93,27.4937,80.5312
USR_2C0F512A,A,22.93,C,21.49,B,13.45,D,19.91,A,23.95,B,19.25,C,14.37,C,15.82,C,11.99,B,17.65,14.1471,78.5229
USR_CD5B461E,B,20.6,D,17.26,B,19.18,B,14.55,B,16.71,B,16.41,B,11.66,B,20.24,B,13.51,B,12.52,25.5386,79.1148
USR_4672D738,B,14.1,C,21.81,A,16.26,C,22.9,D,22.24,B,21.03,D,14.68,D,11.62,A,15.48,B,20.14,28.5351,82.6345
USR_BBB50C51,D,10.01,B,10.84,C,14.99,C,31.0,D,22.76,D,32.48,C,12.18,B,7.08,B,28.11,B,21.45,27.6927,76.7943
USR_63A468E4,D,6.04,B,11.55,C,29.99,C,39.28,D,13.83,D,29.96,D,21.41,D,13.14,B,14.77,C,32.62,22.3205,80.6553
USR_20252B7A,A,21.08,A,19.7,A,10.49,B,17.14,B,22.22,A,24.22,A,12.71,B,24.05,C,22.83,C,20.83,13.2582,78.0925
USR_259D1E7C,A,24.8,C,15.86,A,23.85,B,11.15,A,12.67,B,11.83,B,22.82,C,19.1,A,22.53,C,15.93,14.9363,76.0225
USR_4E0755AA,B,11.32,B,17.37,D,15.26,D,24.99,C,16.74,B,20.99,C,18.12,C,24.25,B,10.48,B,16.44,27.8911,77.8112
USR_C351A86B,B,18.8,B,12.7,B,11.62,C,18.16,A,21.39,B,17.9,C,24.45,C,23.84,C,10.3,C,18.49,17.1749,73.795
USR_E0A1C12E,B,20.44,D,4.77,D,23.79,A,19.78,D,32.89,D,12.23,D,3.92,C,24.84,D,30.95,D,35.93,17.8644,73.2302
USR_D1D38648,A,8.1,B,7.53,A,9.61,A,10.77,A,8.29,A,6.6,B,6.21,A,8.05,B,9.13,D,9.04,18.4721,73.4455
USR_DFC3517D,D,27.93,B,38.22,D,34.28,D,26.59,C,17.73,D,36.88,B,27.54,D,36.7,C,15.4,D,34.86,22.4912,78.2002
USR_42F23E6B,B,25.73,C,28.36,D,20.06,D,20.49,D,19.13,D,20.67,B,8.91,D,30.89,C,8.09,D,33.41,14.2378,76.1827
USR_CDF08837,A,7.82,A,11.19,A,7.27,A,8.61,B,5.24,B,8.82,A,7.02,A,7.92,A,8.58,A,9.68,19.7582,73.1482
USR_67E70FA7,A,19.27,B,11.07,C,20.12,C,14.89,A,22.56,B,10.59,D,24.33,B,22.35,A,21.95,A,22.67,14.479,75.886
USR_0260A4C6,A,13.16,D,12.27,A,20.15,C,22.06,A,21.63,B,23.26,C,13.36,B,21.1,B,24.02,D,10.84,23.1079,78.1121
USR_72F602D2,C,16.24,B,15.52,A,22.86,A,24.49,A,15.89,A,23.87,B,23.38,A,14.28,B,23.17,B,18.39,22.2469,81.0571
USR_6CAB636C,C,24.52,B,4.76,C,14.26,B,11.28,D,2.35,C,39.22,D,19.71,C,3.78,D,20.42,C,34.23,11.295,76.0994
USR_68613E63,D,22.99,B,15.47,D,19.82,A,23.86,A,10.04,C,10.09,B,12.53,B,14.23,B,12.39,B,20.1,25.2255,80.1152
USR_8E982688,A,10.28,A,5.34,B,5.36,C,6.96,A,6.83,D,6.6,B,10.87,B,6.35,A,8.03,A,9.28,18.1641,72.7028
USR_7E9A7A5F,B,20.74,B,19.74,B,23.77,B,24.13,B,11.75,B,16.94,C,19.93,B,14.8,A,17.78,C,24.74,17.2724,73.5481
USR_8406CCCE,C,21.35,A,17.32,C,12.94,A,12.48,B,22.73,C,18.35,C,12.07,A,20.76,A,22.22,A,14.86,21.2279,78.7752
USR_F3284DB0,A,24.15,B,17.06,C,12.83,B,18.86,A,13.72,A,15.35,B,16.73,B,16.37,A,18.44,B,19.94,11.7875,78.0328
USR_B54A1FE7,C,13.72,B,17.61,B,15.99,B,17.35,A,23.82,C,21.92,B,10.69,A,14.41,B,11.87,B,16.89,30.5977,78.1244
USR_16268598,C,18.87,B,11.44,D,21.14,B,23.18,B,14.09,A,20.7,D,16.2,A,10.13,A,16.76,D,18.01,28.1627,76.352
USR_B59D5203,B,12.39,C,21.94,B,16.03,C,17.69,C,21.67,B,17.7,B,19.47,D,16.43,B,14.82,A,16.0,20.8906,74.8498
USR_23790F11,C,11.59,C,19.62,B,18.65,B,23.88,C,17.67,A,12.29,A,12.63,A,21.44,C,21.79,B,17.65,21.9935,77.5647
USR_AD239258,C,27.56,C,30.67,B,26.03,C,33.82,D,11.98,D,31.58,B,27.96,A,28.59,D,29.45,A,12.85,11.9859,75.9995
USR_0C1012CB,B,24.68,B,20.98,C,14.32,A,15.87,A,10.37,C,15.04,B,22.55,B,24.43,B,16.95,D,13.13,17.7233,72.361
USR_30C15EC4,A,5.78,A,10.67,A,5.32,A,7.03,A,5.07,A,9.98,A,8.96,A,5.93,A,9.88,A,7.0,17.603,71.8212
USR_A4786DF6,A,7.81,A,11.74,B,10.9,A,7.46,A,9.9,A,11.02,A,11.36,A,5.39,A,9.83,A,7.06,12.4068,75.8375
USR_EEA9C5F7,C,17.12,B,17.32,C,22.3,B,20.07,C,17.97,D,22.38,C,20.65,A,17.64,A,12.04,D,21.2,14.8505,77.0208
USR_C7F5E9A0,B,20.86,C,20.35,B,24.96,D,12.67,C,15.43,D,20.46,A,15.14,C,19.32,B,18.51,A,10.18,26.5896,79.9883
USR_F8624465,D,32.78,D,2.22,B,10.84,C,21.77,D,21.36,B,30.65,D,30.98,C,16.38,B,31.26,C,4.87,29.1796,76.0356
USR_B0A076AD,C,10.84,A,38.92,C,9.45,B,5.61,C,38.17,C,32.81,B,37.9,D,19.83,C,34.18,D,36.16,21.2397,77.6924
USR_2349DF7E,B,11.22,C,21.86,A,19.49,C,23.16,B,18.48,B,17.06,A,10.38,B,21.36,B,20.83,A,16.64,22.5547,79.1733
USR_80190DF0,A,11.96,B,21.37,D,20.45,B,18.93,B,13.36,B,20.44,B,11.76,B,11.22,B,12.32,C,24.84,27.4034,82.0057
USR_3E83D8EE,B,12.2,B,10.24,D,19.37,D,22.7,B,19.54,C,14.71,B,13.92,C,20.91,D,16.38,C,11.47,14.9588,77.729
USR_8A71824D,A,17.96,A,17.63,C,18.23,C,17.07,A,13.67,C,12.05,B,13.17,C,17.76,C,21.59,C,19.05,28.8004,76.6701
USR_507467CA,A,24.79,A,13.42,C,11.74,A,15.1,C,20.15,D,14.72,D,19.36,A,18.47,B,17.88,B,14.42,20.5962,73.1438
USR_02819B16,B,18.36,D,14.67,A,11.65,D,22.55,A,20.58,C,14.32,A,16.59,A,15.84,A,21.35,B,22.86,22.9066,77.23
USR_C3967801,B,4.7,B,14.46,C,28.15,B,22.81,D,7.03,D,8.95,B,28.32,D,21.84,B,10.61,D,39.37,25.5488,80.2144
USR_F89CE6F1,B,17.4,A,24.41,A,12.83,C,10.38,A,11.68,A,19.0,A,10.88,A,12.81,C,18.34,C,23.98,21.3997,77.6365
USR_57FD9251,C,29.3,B,10.87,D,20.2,B,21.98,A,28.76,B,29.07,B,39.5,B,34.18,D,3.26,A,38.58,27.1378,78.0772
USR_B7721943,A,22.83,C,12.07,D,21.18,D,22.31,A,21.58,B,12.57,A,15.03,A,21.56,B,14.01,D,11.65,30.4351,78.5232
USR_DDC974F5,C,39.65,C,12.88,D,15.36,B,16.34,D,33.67,A,24.17,C,4.51,C,30.75,A,25.3,C,16.03,28.3744,82.321
USR_A1D0BAEB,B,16.14,B,21.57,A,19.48,C,18.16,A,16.44,A,18.88,A,12.14,D,11.92,A,11.05,D,17.62,13.4783,77.1532
USR_3DAACE9E,D,15.26,D,24.79,A,22.78,C,10.49,B,29.45,B,39.76,D,34.62,D,5.16,D,11.25,C,26.75,22.3152,78.9
USR_F106BF48,C,16.69,B,10.27,B,17.25,C,15.07,B,21.15,C,17.35,A,19.05,A,12.14,B,23.52,B,15.82,27.573,77.6093
USR_BE8D800D,C,12.05,B,16.35,A,15.01,B,15.13,A,23.69,A,11.43,B,12.65,B,11.81,B,20.85,B,13.51,13.3838,77.3381
USR_3546EF25,B,17.76,A,22.1,A,10.71,B,18.74,C,10.59,B,19.63,B,14.92,B,23.63,A,13.35,B,22.93,23.2683,80.2053
USR_2A1E1266,C,15.64,B,21.36,B,19.95,B,11.38,B,14.96,B,23.27,C,13.55,B,21.45,C,13.1,A,24.55,28.8717,78.0514
USR_66EE2253,B,18.65,A,16.16,B,16.89,C,20.65,B,12.92,B,12.13,B,17.73,B,19.14,A,23.41,A,24.97,26.2786,80.3559
USR_B231B562,A,16.92,B,15.15,B,13.08,C,22.39,B,18.36,B,12.12,B,11.19,B,19.58,A,10.13,B,14.25,26.7876,81.2159
USR_6E347B03,A,9.18,A,11.48,A,11.87,A,9.75,B,9.03,A,11.83,A,9.04,A,7.11,A,10.63,A,6.97,22.1985,79.3858
USR_02776461,B,15.46,B,13.23,A,20.17,C,21.14,C,24.85,B,20.79,B,20.23,C,24.04,A,16.05,C,11.23,21.9111,78.3733
USR_EE1844E5,D,18.0,B,16.62,C,13.72,A,10.87,C,20.27,B,14.87,C,20.9,B,11.14,C,12.49,B,13.06,13.1546,77.1729
USR_1A517471,B,13.3,B,11.04,C,15.89,B,21.35,C,13.13,C,19.69,C,14.75,C,11.27,A,11.27,A,11.59,26.8647,76.4322
USR_7103E2FC,C,22.28,D,7.08,D,5.14,C,36.96,C,34.31,C,22.23,B,33.84,D,22.93,D,19.41,B,38.31,28.504,78.5178
USR_75595B2A,C,33.47,C,37.76,D,6.48,C,23.95,C,21.37,C,37.53,C,35.14,D,20.28,C,38.14,C,25.56,26.7584,81.0976
USR_72526A8B,A,16.01,B,20.67,A,17.34,C,13.02,A,11.75,A,17.66,A,13.29,A,17.16,B,16.34,B,10.19,13.6382,78.7431
USR_B6659718,A,12.19,B,14.81,C,18.44,B,23.74,A,11.64,C,23.31,A,10.51,C,19.69,C,10.24,B,10.39,18.302,71.7753
USR_A5486A1B,B,8.24,B,10.71,B,9.7,B,10.81,A,5.52,A,9.09,A,10.67,A,11.78,B,8.13,B,10.38,23.3465,78.8085
USR_8A176AB3,B,9.64,A,11.54,A,9.34,B,8.91,A,8.6,A,5.97,A,5.12,B,11.6,A,8.94,A,7.91,14.9484,76.8582
USR_C98E9110,D,6.12,D,31.31,D,30.04,B,26.93,D,36.59,D,26.07,B,34.86,C,31.42,D,16.37,C,7.57,12.6971,79.4964
USR_8330CFB6,B,10.37,A,16.3,A,21.16,D,24.53,D,11.62,A,17.51,A,17.24,B,21.88,A,21.16,A,18.27,25.8458,80.2179
USR_10C9491D,A,11.07,B,13.23,B,14.39,A,20.22,C,23.27,D,12.08,B,22.47,D,24.97,B,19.39,B,15.52,17.4563,73.808
USR_FF50CD76,D,33.22,C,15.57,B,20.48,C,11.16,C,29.08,C,11.5,A,2.67,D,11.55,C,30.65,C,8.69,27.1095,75.5211
USR_AD9F5A7A,A,16.71,C,19.05,B,13.75,D,13.57,D,23.55,D,15.92,A,18.43,C,14.71,C,16.46,C,16.73,28.1306,77.5857
USR_5EC270F3,A,10.03,C,18.79,A,17.28,B,12.71,A,11.53,C,21.51,B,11.27,A,20.8,B,23.81,B,15.65,30.2939,79.1689
USR_60F66B24,A,38.03,D,11.13,D,23.62,B,30.2,A,35.38,B,15.61,C,39.74,C,38.03,C,26.92,D,16.78,23.1694,78.8698
USR_567FF769,A,10.05,B,7.17,B,5.38,A,10.97,A,6.57,A,5.92,A,6.22,B,9.98,A,7.25,A,5.41,14.8993,79.4507
USR_7ABD3560,B,13.92,C,10.35,B,10.04,A,19.78,B,12.53,C,10.05,B,24.56,A,12.64,A,16.79,B,14.03,25.9149,80.7114
USR_8DC90CB8,C,22.94,B,18.43,D,10.09,A,12.74,D,18.85,A,18.83,B,24.04,C,18.92,B,21.3,A,10.77,28.0408,80.238
USR_D53D77D2,A,8.98,A,11.21,A,7.1,A,7.51,A,9.19,A,6.17,A,9.55,B,7.47,A,5.42,A,6.11,11.9279,77.0193
USR_2A88D0A6,A,13.64,B,16.4,D,19.13,A,20.81,D,20.76,B,16.91,C,24.3,B,13.82,B,17.61,B,14.55,30.3049,79.1645
USR_1E67E985,A,6.62,A,6.66,A,8.05,A,9.55,A,5.92,A,10.22,A,5.4,B,6.63,A,7.02,C,8.55,20.3517,71.3013
USR_338DBD8A,D,3.31,D,2.04,D,30.56,C,37.14,A,29.94,C,23.06,D,24.05,B,37.94,C,33.95,B,5.06,29.2015,77.0524
USR_5F567E8F,A,13.47,B,15.02,C,23.43,B,15.4,A,13.83,A,24.68,C,10.98,B,20.5,B,22.26,B,21.2,13.9124,78.1631
USR_110D36CE,B,10.36,B,19.11,B,10.89,B,21.05,D,22.84,B,18.71,C,10.69,B,18.49,B,19.02,B,10.66,28.857,78.7616
USR_476B15C1,B,23.6,A,24.34,C,23.24,B,15.26,A,14.25,A,19.95,C,13.47,A,16.36,B,21.47,C,20.35,20.936,72.1204
USR_E9D12E9B,C,24.5,C,21.82,C,11.61,C,23.39,B,19.56,B,19.98,B,11.97,B,19.32,D,20.59,C,24.3,11.2467,76.8366
USR_83F4BC8C,C,24.74,D,14.39,A,19.65,B,15.09,C,15.69,C,11.95,C,24.37,C,17.74,B,10.01,D,23.49,11.66,78.046
USR_5DD36013,B,17.45,B,13.63,C,24.98,A,22.83,B,15.03,B,12.68,C,12.16,C,16.76,D,23.38,A,12.92,12.7032,76.346
USR_B39D7EC2,C,10.12,A,10.61,B,8.48,A,6.52,A,9.81,A,9.33,A,5.07,A,11.65,A,7.02,B,7.5,14.4772,76.7148
USR_7108B80F,C,10.35,B,28.6,C,12.02,C,26.29,D,15.45,D,38.43,D,26.6,D,26.33,D,12.97,D,16.06,18.05,71.8735
USR_18CF2BF4,B,21.1,C,21.7,C,24.89,B,14.43,B,11.08,C,24.01,C,15.13,C,13.55,A,16.54,C,10.41,14.1989,75.7615
USR_5FEC441D,B,15.6,C,21.28,D,18.05,B,12.16,B,15.81,B,15.11,C,10.53,B,20.54,B,22.47,B,19.54,26.7041,81.9656
USR_71EDFD3C,C,14.49,C,14.66,B,11.97,A,23.47,D,19.48,C,11.59,A,14.71,A,12.41,C,22.59,D,23.6,25.5651,82.8485
USR_F7FB6BB6,A,23.24,B,14.76,C,23.78,B,20.01,B,14.91,C,21.35,D,17.37,C,12.54,B,20.29,B,13.0,14.3121,78.2983
USR_B56E8573,C,11.53,B,12.34,B,14.52,C,16.14,C,21.03,A,23.39,A,17.73,A,17.75,A,13.37,B,17.2,11.7423,78.4095
USR_9B572E1E,B,13.31,D,19.45,A,17.54,B,13.64,B,24.72,C,22.9,B,16.55,A,22.63,B,21.06,B,22.01,11.9568,76.1489
USR_C5EE1F85,A,11.53,A,7.8,A,7.04,A,5.24,D,5.5,A,6.47,A,6.74,A,6.53,B,10.28,A,6.17,14.6324,78.0257
USR_7FB58D44,A,16.41,C,23.19,B,19.6,C,20.15,C,16.34,C,19.21,B,24.63,A,19.21,A,13.48,B,19.34,12.0356,77.8986
USR_7A1ECE87,C,17.47,B,22.01,A,10.94,C,16.62,B,21.59,B,15.63,B,13.37,D,11.15,B,14.69,A,21.97,23.7739,80.6746
USR_A24A5D46,B,27.5,D,11.32,D,31.17,C,36.75,D,31.97,C,11.35,D,3.04,C,34.73,B,38.19,D,27.22,24.8738,78.5574
USR_03AEAA48,C,29.56,D,36.19,C,34.02,D,22.77,D,26.22,C,20.55,B,8.36,C,23.33,D,28.47,D,5.41,11.8724,79.4828
USR_C544D7D2,A,15.4,D,22.91,B,20.68,A,13.73,B,11.13,C,11.96,A,16.12,D,18.84,C,20.82,D,20.1,27.7259,81.1205
USR_45E1291A,D,17.03,B,13.01,A,15.3,A,22.33,A,21.11,B,16.0,B,23.48,D,24.94,A,21.77,A,16.74,26.4759,82.5108
USR_5046DF76,C,11.84,C,14.39,B,21.14,B,22.9,A,16.42,C,14.87,B,13.12,B,23.35,C,21.33,A,14.86,29.8042,75.598
USR_7E5E22F9,C,24.87,B,11.81,D,24.33,B,24.88,C,14.71,D,24.36,C,15.31,B,17.23,B,20.04,A,10.7,19.1574,72.985
USR_31DDEE22,B,17.21,A,19.82,A,24.32,A,13.09,A,16.53,B,10.22,B,16.85,B,21.45,A,11.04,B,23.43,11.6994,76.1271
USR_BC98E090,A,21.3,B,19.41,C,23.28,C,15.32,C,24.2,A,20.19,D,12.29,A,16.66,C,13.58,B,24.86,24.5964,77.5176
USR_0905D31C,C,18.49,B,20.81,A,17.54,C,11.06,B,21.99,C,20.91,A,22.39,C,17.29,C,11.25,A,10.51,28.0499,80.1617
USR_25AA8F70,D,12.34,C,28.56,C,13.79,C,14.55,D,8.04,C,30.24,D,8.89,C,8.02,D,5.81,D,38.25,20.0841,71.7613
USR_10AE9601,B,21.0,A,24.38,C,23.61,B,17.08,A,13.53,D,18.92,C,16.88,C,18.74,C,19.1,B,17.59,26.9644,82.1821
USR_220B6223,D,4.4,C,26.18,D,4.11,C,20.41,D,30.05,A,28.02,D,10.45,D,9.78,C,2.13,C,5.36,19.6403,72.9483
USR_DBA69353,A,10.82,A,9.79,A,6.93,A,11.86,A,6.23,A,9.03,A,7.63,A,6.32,A,5.65,B,10.31,11.5702,76.6811
USR_04A3FDA7,B,21.06,B,18.71,D,19.69,A,14.41,B,13.68,A,17.75,C,14.01,B,16.07,B,23.91,B,14.27,24.9267,79.858
USR_EFAFA6D3,C,11.75,B,22.35,B,13.6,A,19.06,D,10.47,D,11.15,D,22.77,B,10.99,D,10.68,A,11.19,12.3771,77.7677
USR_262478D8,A,7.05,B,5.77,A,8.73,A,9.56,A,9.54,A,8.12,A,11.97,D,6.55,A,6.37,A,7.2,14.3323,79.5219
USR_67AF7317,B,8.05,D,23.18,C,38.05,D,32.24,C,6.47,C,37.88,D,16.07,D,17.46,D,21.48,B,28.04,14.4614,78.0701
USR_CB8D66BD,B,29.37,C,21.07,C,3.03,B,29.97,D,9.23,D,28.12,C,28.97,C,9.7,C,30.61,D,24.23,26.7907,77.0516
USR_430EFD3B,C,15.92,D,22.44,B,10.23,D,13.86,A,24.46,D,21.6,C,17.45,D,14.75,B,17.63,B,17.54,22.1201,78.3753
USR_8C85E550,C,23.13,C,12.38,C,12.23,B,17.98,B,19.45,C,24.71,C,19.1,A,24.19,A,22.99,C,16.25,22.1168,78.2056
USR_848AB78D,A,33.31,B,17.75,B,18.04,B,16.52,C,24.22,C,24.07,B,10.06,C,7.39,C,32.29,A,25.17,20.8731,73.9952
USR_894013F3,B,30.21,B,21.23,B,23.93,D,33.08,C,15.62,B,34.4,C,29.86,D,15.28,B,3.46,C,23.87,26.5354,82.5433
USR_84CE86B4,B,16.97,A,24.36,C,20.22,B,14.85,C,12.84,A,15.27,B,11.82,B,21.84,B,20.76,B,18.04,13.112,76.1654
USR_5AE67CC3,B,24.97,A,3.44,C,14.35,D,18.24,D,3.29,B,33.33,B,35.77,C,27.19,C,32.79,D,32.5,27.0914,78.9063
USR_7B982FC2,C,16.79,C,16.65,A,12.82,A,24.65,C,22.05,C,16.52,B,16.9,B,24.58,C,19.72,B,18.26,11.4988,76.4875
USR_6EA4531D,B,17.24,B,23.99,A,15.5,A,15.14,D,19.14,A,18.69,B,22.37,B,15.96,A,24.93,A,18.24,29.8115,76.757
USR_D89F5718,B,11.78,B,15.9,D,20.16,C,24.41,B,10.6,B,23.33,A,12.71,D,16.31,A,17.53,C,17.72,19.6577,73.6752
USR_7D7C48A4,B,15.63,B,24.29,A,17.02,A,22.85,C,14.04,B,15.62,A,19.91,C,22.27,C,24.59,A,18.01,12.1623,79.3748
USR_58614F4C,B,14.08,C,22.77,B,20.15,B,11.23,B,18.02,B,20.17,B,11.19,C,20.69,C,16.32,D,24.67,12.1495,76.2166
USR_D075CB4E,D,2.32,D,7.83,B,3.86,B,9.06,D,30.01,B,10.38,A,17.19,A,24.69,A,15.39,B,25.34,11.1404,76.5866
USR_726E6A15,A,16.52,B,13.33,B,14.7,A,21.97,A,10.0,A,12.31,D,20.65,C,17.53,A,14.75,B,21.57,29.2049,77.5153
USR_D5054BC3,B,18.86,B,29.71,D,13.31,B,8.34,D,3.63,D,39.51,C,34.95,C,5.07,D,36.02,D,12.33,29.4022,76.4683
USR_BDF0D163,C,35.94,C,4.91,A,20.86,C,37.63,C,6.92,D,7.86,D,23.06,B,18.49,B,18.87,A,6.75,14.5891,78.3092
USR_02FEC1FB,D,28.23,D,37.15,D,21.25,B,2.12,D,6.11,C,38.71,B,26.24,D,13.03,B,27.59,C,24.28,27.8877,81.8503
USR_E83432EC,B,17.9,B,12.62,C,15.75,A,24.48,A,17.57,B,19.52,B,22.31,B,14.53,A,11.41,B,22.11,18.2734,73.2576
USR_ABB0508D,C,19.26,A,17.71,B,10.26,D,14.53,C,16.77,B,22.71,A,19.48,B,11.58,B,13.13,C,10.21,27.4542,78.9526
USR_0F847CBD,B,18.64,C,21.5,B,24.03,A,21.32,A,19.08,A,11.78,C,18.34,B,13.6,C,15.22,B,19.5,27.3525,77.5094
USR_44AFAC40,B,18.88,C,20.97,D,10.51,D,12.01,B,20.25,B,24.83,A,20.13,B,17.96,D,15.71,C,11.55,12.5299,78.1162
USR_7FE55E11,A,11.65,A,9.95,A,7.35,D,6.98,D,8.33,A,5.98,B,7.67,A,9.38,C,6.1,A,5.11,25.5869,80.099
USR_D82F0F97,A,15.59,B,15.23,B,24.95,C,11.2,A,17.31,C,23.87,B,10.24,C,19.11,B,11.5,C,20.04,20.7644,71.5521
USR_878ED5C2,B,10.25,A,12.91,B,20.41,D,13.0,C,22.5,A,12.77,B,12.5,B,22.83,C,18.71,A,13.48,29.3213,76.2822
USR_13B23358,A,11.48,C,23.05,B,12.84,D,15.39,B,19.21,B,16.34,D,19.65,A,22.9,C,15.37,C,22.19,27.7813,82.9235
USR_1CC66872,B,15.94,D,10.16,A,12.68,B,14.39,A,11.71,B,18.84,B,11.25,C,11.08,B,17.5,C,14.11,14.5857,77.255
USR_DD2C4C79,A,8.63,A,8.94,B,6.51,A,7.43,A,5.39,B,5.05,A,11.33,B,7.49,B,8.42,D,8.46,25.9324,79.6386
USR_0BB2C89C,B,15.43,C,10.77,B,13.26,B,14.83,A,24.26,C,15.85,A,13.18,C,18.44,B,14.54,C,15.43,12.5778,78.566
USR_EE8A7463,B,20.45,B,19.28,D,23.06,B,17.59,D,15.63,A,17.63,C,14.59,C,16.09,B,18.71,A,18.96,24.2469,80.6244
USR_EA3C7FDA,A,21.07,C,16.8,D,20.19,C,24.92,C,10.54,C,14.1,B,15.97,A,14.01,C,20.21,B,10.87,18.3232,74.8301
USR_82205A7D,D,17.91,A,20.7,B,10.13,D,15.76,B,15.22,A,15.22,B,17.5,D,12.04,D,19.73,C,22.8,17.7469,74.2552
USR_7329C582,A,9.62,B,10.76,B,10.06,A,5.99,A,6.12,A,6.69,A,6.48,A,9.28,C,7.47,A,6.33,11.2928,78.845
USR_D2EF2DBC,C,23.71,B,31.29,B,7.24,C,36.47,B,22.36,B,10.28,A,10.93,C,8.48,C,8.21,D,23.12,29.0486,76.4296
USR_F3C9D9F0,A,8.39,A,6.76,A,6.03,A,11.5,C,10.18,C,6.69,A,11.64,A,11.61,A,7.03,A,10.75,17.2883,73.7121
USR_5BC5FE9F,A,10.71,B,7.79,A,6.86,A,11.45,B,9.79,A,6.28,A,8.04,B,6.29,B,10.08,A,6.09,14.0914,78.6561
USR_5F4F2C9E,A,7.13,A,5.45,B,7.79,D,11.74,B,9.19,B,5.28,A,9.44,B,11.49,A,7.29,A,8.78,26.5893,82.7991
USR_CFE4D39E,B,15.62,A,24.86,B,22.85,A,10.74,A,15.96,B,19.21,B,16.59,C,14.9,C,16.13,C,19.88,28.3954,80.6279
USR_E90C4277,B,10.36,D,9.51,A,9.92,A,10.76,A,6.25,A,5.72,B,5.69,A,9.84,A,9.11,D,5.55,20.1765,74.4461
USR_5D84C366,A,17.18,C,18.52,C,14.41,C,13.17,B,13.62,C,18.65,B,19.37,A,23.12,B,18.18,D,13.76,27.3399,76.6643
USR_4FD3EE3B,C,30.05,C,4.79,D,24.7,D,11.86,B,23.8,C,34.44,A,23.46,D,25.16,C,14.52,C,10.69,28.2316,80.4786
USR_939C66FE,A,20.93,A,17.1,B,15.16,B,22.11,B,17.96,C,21.73,B,11.56,B,15.79,C,21.72,C,23.75,24.6843,79.2571
USR_FD9108FB,B,17.35,A,21.37,B,22.37,D,14.14,C,22.36,B,11.85,C,18.45,B,23.34,C,22.42,C,22.9,12.041,77.6678
USR_3E61ACE5,B,13.93,C,21.38,A,21.07,B,21.85,A,18.0,A,13.64,B,22.28,B,12.51,B,11.63,B,21.99,29.8333,78.573
USR_CA4283B9,B,18.51,C,23.02,B,23.14,C,21.48,D,17.48,A,20.29,B,20.11,B,23.73,C,12.93,D,11.38,18.406,73.5854
USR_AD94B631,A,10.48,A,13.91,B,15.3,B,23.21,A,16.05,C,14.15,C,21.96,C,11.95,B,24.8,D,13.94,27.5516,77.4436
USR_482B9753,A,13.27,B,18.12,C,22.6,B,22.93,B,24.44,B,18.79,C,14.69,B,10.88,C,10.48,A,20.38,29.6143,76.7858
USR_F8E311A5,A,16.95,B,24.58,A,16.27,C,24.56,B,22.07,C,23.2,B,16.55,C,11.19,A,13.56,D,23.11,22.2234,77.4807
USR_ABFC76D3,A,21.68,B,16.77,B,21.8,C,16.48,C,17.8,B,10.85,D,18.01,D,13.03,C,13.23,C,11.15,17.4228,74.7737
USR_B05A55FA,C,20.27,C,23.01,B,21.56,B,17.4,A,18.92,B,12.02,B,10.48,C,24.43,A,19.17,D,24.36,27.1243,82.7565
USR_51B4295B,B,16.66,A,20.31,A,17.38,B,23.69,C,21.63,B,14.7,B,23.58,C,18.74,B,10.67,C,13.96,27.8572,81.3051
USR_10297B5C,B,21.49,B,13.0,B,15.55,D,13.04,C,18.31,B,23.72,B,24.31,B,21.04,C,14.91,A,22.24,27.2808,79.4263
USR_E994D65A,C,21.91,B,22.05,D,18.78,B,18.21,D,17.59,B,15.2,B,16.7,B,24.83,C,19.18,C,13.5,21.6445,79.0192
USR_3F3908E3,C,16.11,B,16.45,C,23.2,A,17.53,B,15.02,A,23.25,B,22.69,B,11.22,C,23.54,C,15.88,29.1154,78.3993
USR_4609C2DB,D,12.21,C,13.41,C,12.16,A,15.15,A,10.08,C,12.15,C,22.95,C,13.7,A,13.09,A,15.08,24.8475,81.1976
USR_436D9B11,B,16.9,C,27.52,C,4.82,D,37.5,B,35.89,C,10.64,D,29.78,B,36.72,C,7.2,C,19.34,19.1447,71.9007
USR_0EDF3478,A,5.17,A,6.14,A,7.18,B,6.78,B,10.86,A,7.67,A,6.08,C,9.65,B,10.02,A,5.45,14.6873,79.2018
USR_026083E5,C,35.54,C,31.25,A,11.24,D,6.74,D,29.13,C,25.41,A,28.06,D,2.08,D,14.0,A,20.23,24.7359,77.2584
USR_A7DE9FD8,B,16.31,B,10.7,C,23.2,B,20.0,D,19.5,C,15.14,C,13.37,B,15.76,B,19.62,D,14.46,17.1333,73.0608
USR_F0149633,B,23.96,B,18.17,B,19.78,C,15.37,C,15.24,C,17.52,B,15.24,A,24.94,C,11.64,C,14.88,28.6263,80.2429
USR_1B26641A,B,19.78,B,17.21,C,24.98,D,20.47,B,22.94,A,11.84,B,16.25,A,19.81,C,24.49,D,16.69,30.18,78.005
USR_C8867AC7,B,7.86,C,6.27,D,7.23,B,10.94,A,5.41,A,11.92,A,5.54,A,8.79,D,9.1,A,7.54,29.5664,77.3458
USR_3AE900BC,D,20.53,B,15.23,B,19.35,A,14.08,C,18.47,B,15.43,B,11.12,B,21.41,A,22.09,B,13.08,19.2258,74.2753
USR_024A4B91,B,13.83,D,10.88,B,18.74,A,21.75,A,10.4,C,17.56,B,21.17,A,21.52,D,23.64,D,15.45,26.6191,75.7464
USR_D2072361,A,10.88,D,15.02,D,14.95,B,21.67,C,19.18,A,23.8,C,10.72,A,10.02,C,12.43,C,11.87,25.9407,79.2939
USR_417B1207,A,7.18,D,5.55,A,6.13,A,9.91,A,7.53,A,10.39,A,11.78,B,7.57,B,10.95,A,8.73,29.4841,75.3553
USR_71715DA3,A,17.21,B,14.91,C,10.7,D,17.51,C,14.58,B,23.54,C,12.23,C,11.51,C,15.13,A,16.98,17.4338,74.0124
USR_C250ABF7,A,9.54,D,11.17,A,6.62,B,8.93,A,10.33,A,11.52,A,6.38,B,11.62,B,7.47,A,6.82,19.376,73.8106
USR_EEEEE994,D,31.05,B,2.47,D,38.23,A,24.74,B,5.41,C,24.01,C,6.7,D,34.13,A,12.99,D,11.21,27.8943,76.432
USR_72CEFC12,A,10.24,B,15.97,B,16.29,B,16.26,B,21.29,A,21.48,A,19.57,B,10.18,C,22.81,D,11.98,23.9579,77.8798
USR_C264FCF1,C,22.5,B,13.36,D,15.16,B,22.96,D,15.13,B,25.0,B,23.07,A,13.94,B,24.16,A,23.85,24.7579,78.2573
USR_DB86BFCA,D,19.28,C,17.49,A,16.71,C,18.5,B,16.36,C,22.17,C,14.89,B,15.42,D,22.86,B,15.83,26.9523,79.7851
USR_3236144A,B,11.4,A,22.42,C,14.65,C,14.6,C,15.9,B,18.97,D,18.28,D,11.91,B,12.41,A,20.53,21.8843,78.5075
USR_8BBA9827,A,7.35,A,5.61,A,5.11,B,9.11,B,8.5,A,6.4,B,11.84,B,7.33,A,6.53,A,11.13,21.0601,78.3887
USR_76476877,A,12.22,D,22.82,A,22.99,A,13.54,A,11.83,B,23.24,A,11.01,A,22.2,A,16.86,D,14.18,25.2168,79.1891
USR_87245487,B,17.19,B,16.46,A,11.29,B,19.55,B,22.89,D,12.92,C,10.21,A,21.89,C,18.31,B,11.36,30.5067,76.0643
USR_EDC35BFF,B,10.16,B,19.32,B,21.96,A,20.98,B,23.31,B,13.73,B,24.12,A,14.85,B,23.88,A,24.25,21.605,78.885
USR_A071A954,B,13.52,A,11.79,C,24.7,A,13.29,B,16.79,C,16.48,B,21.02,B,15.03,B,14.22,C,22.85,30.246,76.9856
USR_9A259881,A,10.15,B,9.19,B,11.26,A,10.15,A,5.28,A,10.7,A,10.59,D,7.95,A,6.72,A,5.85,29.5362,75.4761
USR_7291BD1E,A,8.03,B,8.46,B,11.87,C,7.28,B,9.08,A,9.83,A,9.59,A,10.44,A,6.85,A,10.17,28.5171,81.4026
USR_66A349EB,A,15.95,A,17.78,A,19.28,B,19.04,B,17.48,B,24.87,B,13.24,A,14.46,B,20.56,A,13.51,19.3457,71.4935
USR_25158CE8,B,20.59,C,11.76,C,12.66,A,22.24,B,13.23,A,23.86,B,19.29,A,10.05,B,15.3,A,22.94,20.0615,72.3098
USR_8D6ECCB6,B,23.11,B,15.64,D,18.48,D,18.95,C,14.69,D,24.8,C,25.0,C,13.44,C,16.49,A,23.88,13.5253,78.1863
USR_21A61429,A,10.54,C,14.14,B,15.63,B,23.59,B,23.59,D,12.37,A,12.19,A,15.04,B,18.69,A,24.86,26.2462,80.0499
USR_F8C5F3ED,D,16.03,B,14.06,B,12.49,B,11.83,B,24.14,A,10.22,A,22.82,B,13.39,C,17.58,B,19.88,26.3082,82.9398
USR_CE03A389,B,11.55,D,11.13,B,12.46,B,14.67,C,24.12,D,11.62,B,14.66,C,20.26,D,20.27,B,11.73,27.9833,82.8842
USR_CC7651B4,B,6.56,A,5.84,A,5.42,A,10.26,A,11.88,A,5.12,A,8.21,A,6.61,D,7.85,A,7.83,11.2703,76.6677
USR_40B9504B,D,22.06,D,9.66,C,9.17,C,17.56,D,20.95,C,17.8,B,7.61,C,28.77,B,36.69,D,3.25,18.2421,72.0094
USR_6A898CE7,B,19.07,A,16.23,B,21.25,C,20.08,B,18.68,D,10.1,C,20.7,B,22.2,B,22.78,C,12.39,12.2545,79.2219
USR_8EECCB6D,A,14.99,B,14.19,A,15.45,C,20.67,A,13.11,C,10.46,B,19.51,D,18.73,A,21.54,B,14.75,17.2395,70.9152
USR_6A79A545,B,14.39,A,17.66,B,11.68,C,19.71,C,18.12,C,22.29,B,10.1,B,11.25,B,22.91,A,15.48,18.343,71.0354
USR_F41D55E0,C,34.84,D,3.48,D,35.42,D,7.53,D,11.35,C,5.87,D,13.09,C,14.36,D,3.85,D,7.05,23.3438,79.6118
USR_A11CFAF1,D,12.05,B,9.81,B,23.52,D,3.8,D,25.49,B,11.75,A,36.28,C,38.21,D,26.54,B,21.78,29.2613,76.6317
USR_A6FF8ACD,D,5.1,C,25.66,D,27.12,D,23.1,C,28.15,D,11.71,B,14.69,D,18.54,B,19.42,D,12.8,26.2072,82.0171
USR_B6B5946C,C,14.14,A,10.05,A,12.8,D,21.35,B,22.01,C,15.15,A,14.6,B,11.1,B,18.19,A,19.39,19.8169,74.3666
USR_5AE7DF38,A,10.85,A,8.23,A,9.43,A,6.81,A,11.41,B,5.84,A,7.16,A,7.6,D,10.04,A,7.76,11.2376,77.4731
USR_66960224,C,12.53,C,12.76,A,23.43,D,11.02,B,20.02,A,13.94,B,14.89,C,11.57,A,21.45,D,22.05,27.8764,77.5059
USR_C6184244,C,22.17,B,21.56,C,12.25,C,21.42,B,16.77,B,12.06,A,16.83,C,18.04,C,16.8,C,19.09,13.4602,76.7511
USR_9AA538A6,A,13.69,B,10.26,C,12.72,D,19.48,B,19.22,B,19.43,D,16.76,C,13.44,B,19.55,B,13.72,28.3997,82.204
USR_E48ABCB2,B,20.16,C,23.59,C,20.15,C,17.42,C,16.72,A,24.89,B,16.04,C,13.69,A,14.57,B,12.28,27.2867,75.4504
USR_DFAE46DA,B,24.55,B,14.8,A,24.9,B,10.37,C,10.18,B,19.12,B,23.81,C,24.96,B,12.66,A,13.62,28.6149,79.2014
USR_7AA72F7B,C,10.45,C,15.31,A,21.65,B,19.9,B,16.64,A,24.18,B,17.3,B,23.16,C,24.6,A,11.54,18.5046,71.122
USR_E0F4302A,B,20.19,B,21.9,C,19.37,B,20.79,B,21.54,A,15.8,A,15.96,B,17.51,B,12.54,A,24.35,26.6952,78.7989
USR_3B1F50D0,C,24.79,A,22.04,D,22.05,A,20.28,B,12.98,B,22.08,B,12.59,B,19.23,B,24.73,B,22.41,29.9075,78.6196
USR_067D91AA,B,6.74,B,11.25,A,7.99,A,10.11,B,10.99,A,6.41,B,6.56,A,7.65,A,5.49,A,9.1,23.2224,80.9067
USR_058F577E,B,12.87,B,17.49,A,24.35,C,20.29,A,11.98,C,23.21,A,17.69,A,15.77,C,23.21,A,13.18,27.7751,76.0281
USR_0C735C1A,A,5.19,A,8.35,A,8.97,B,6.3,B,11.88,A,6.97,A,7.38,B,5.71,A,7.22,C,8.65,20.4879,72.2581
USR_2165C72F,D,13.47,C,14.8,C,32.78,A,20.85,D,21.56,D,5.36,D,3.33,D,37.03,D,26.44,B,18.35,18.8001,71.5262
USR_7B4CDFDC,A,21.0,B,21.56,B,10.9,A,17.65,D,22.4,B,20.24,C,11.77,C,14.46,C,14.59,C,15.95,12.5918,78.9294
USR_F1BC09E0,B,8.07,D,6.51,A,8.78,A,9.41,A,11.63,A,10.68,A,6.68,D,8.82,A,6.34,A,5.09,25.9559,79.0992
USR_32782195,A,11.52,A,7.53,A,6.34,A,6.78,A,6.16,A,10.72,A,11.09,A,9.87,A,11.13,A,8.65,27.6999,78.705
USR_B8CDC89E,B,14.08,C,24.95,B,14.98,A,19.85,C,20.56,B,19.85,B,10.39,A,21.6,C,19.97,C,22.72,11.0926,76.5148
USR_C73CC8AE,C,17.62,C,16.78,C,24.64,C,20.05,B,18.93,B,10.34,D,13.37,B,19.98,B,13.87,C,23.75,13.6268,78.3765
USR_17E4CD77,B,19.08,B,23.13,C,11.9,C,12.26,A,17.81,B,15.86,D,23.89,A,13.48,D,10.21,A,23.86,11.5894,78.5538
USR_90297049,A,7.46,A,6.39,A,6.83,A,7.83,A,9.26,A,10.16,B,10.81,A,11.06,A,9.86,B,9.02,29.6525,76.4276
USR_ABF13E83,C,21.13,B,17.26,B,16.19,A,11.3,B,22.71,B,14.45,A,20.87,A,23.15,A,22.69,A,22.28,28.6352,80.4878
USR_E2911158,B,9.06,A,10.08,A,6.28,A,11.5,B,7.04,A,11.27,A,9.13,A,8.26,B,10.87,B,6.93,22.1701,80.3209
USR_B7B56341,B,10.0,B,23.67,A,10.92,B,23.3,C,18.13,C,17.75,B,13.01,C,17.54,A,22.12,D,16.77,26.4281,81.4925
USR_8B156131,A,7.39,A,9.76,A,7.0,A,6.84,A,5.04,A,7.03,A,10.63,A,11.71,A,5.45,A,7.89,17.6018,71.6151
USR_8A602F4C,A,11.22,A,9.51,A,10.68,A,6.97,A,10.93,A,10.66,A,11.1,C,5.76,B,11.68,B,5.8,19.2934,74.5599
USR_1C558F27,B,15.83,D,11.27,C,12.12,D,36.32,D,20.18,D,6.36,D,20.22,C,27.54,D,37.35,D,34.13,20.8725,74.3231
USR_7D1D273E,B,15.04,B,24.91,A,18.23,C,14.02,A,18.05,B,20.92,B,24.93,D,11.96,A,20.49,B,16.81,17.862,71.81
USR_45ED8F3B,B,14.01,D,17.65,A,20.95,A,19.35,C,22.64,A,23.82,B,17.83,B,20.66,A,16.84,A,11.7,11.003,77.9249
USR_DB8C2170,D,2.62,C,32.35,B,10.57,D,22.12,D,13.75,D,35.32,C,12.95,C,39.77,D,34.56,C,21.73,14.8999,76.9618
USR_3AF88479,C,12.46,D,15.92,B,3.6,B,37.77,D,13.84,D,23.09,D,14.62,B,26.26,C,13.07,C,32.41,23.8558,78.2455
USR_4C7BA9E5,A,14.72,C,23.41,C,23.57,A,19.25,C,19.27,B,23.14,D,11.99,A,11.81,D,13.53,B,11.08,24.3923,79.6527
USR_15344AA5,C,10.76,B,18.21,D,18.32,D,15.59,C,21.87,D,23.48,A,15.89,C,6.99,C,6.49,D,12.96,17.4444,74.6323
USR_BAD2F143,C,10.5,A,10.5,C,22.48,B,22.83,B,15.83,A,12.3,C,18.67,D,16.3,C,24.78,B,24.39,24.4862,80.0546
USR_F68BC431,A,9.31,B,6.76,A,5.96,A,10.31,B,5.27,A,6.86,C,8.98,A,10.7,B,9.39,A,6.11,20.9804,80.3596
USR_DF44D778,A,16.78,D,11.01,C,24.0,B,13.6,C,17.93,B,18.1,C,10.4,B,14.64,C,18.82,B,20.24,23.9588,77.9801
USR_27FAA617,C,21.72,C,13.14,A,11.87,B,21.56,B,17.8,D,12.37,D,10.14,C,17.2,A,11.55,C,15.21,17.5475,74.1476
USR_CFA1A412,A,10.43,A,6.27,C,10.88,A,10.53,A,5.14,A,7.09,A,6.09,C,6.24,B,6.22,C,5.97,12.4255,76.4123
USR_ED7A56BF,A,19.84,C,16.12,A,13.33,A,24.15,C,23.1,A,11.02,D,13.96,B,23.15,B,22.75,A,19.28,14.718,76.7295
USR_1F8EB405,B,12.0,A,21.34,B,21.56,A,18.88,A,10.44,B,22.22,B,19.3,B,20.69,A,18.11,C,18.73,20.164,72.5754
USR_784DFB83,B,18.04,A,24.84,A,23.42,B,20.7,B,20.13,C,11.92,B,11.36,B,12.25,A,13.9,B,18.8,19.3096,71.8918
USR_584D7301,C,9.12,C,5.53,D,23.72,C,28.06,D,10.78,C,19.13,B,28.85,B,36.94,C,7.87,C,4.27,28.6491,80.4279
USR_722EF4EF,A,19.22,C,10.95,B,19.29,C,20.28,B,19.17,B,13.07,B,13.32,C,11.48,B,18.25,C,24.1,30.0977,75.6286
USR_75AB2993,B,24.42,C,15.13,A,20.63,B,20.32,B,11.82,A,20.35,C,14.37,A,23.68,C,23.83,B,15.78,22.4149,80.3037
USR_2FDC14E5,B,17.61,D,16.2,C,16.49,B,21.37,A,21.83,B,18.42,C,17.4,B,14.71,B,13.59,B,19.53,21.6575,78.4374
USR_C21E7901,D,16.26,B,8.0,D,25.26,C,9.05,D,31.66,B,38.23,D,24.18,B,16.46,C,37.46,D,32.99,28.4625,78.5283
USR_1683F036,D,6.1,A,9.86,C,7.5,A,9.55,A,11.58,A,6.02,A,8.5,A,6.95,C,11.89,B,11.11,21.1878,77.8337
USR_000CFE1B,B,23.26,A,16.76,B,20.14,C,13.26,B,13.62,B,10.2,C,19.1,A,10.95,C,19.18,C,22.46,14.6958,77.6591
USR_D27776B9,D,12.44,C,26.6,D,13.2,D,29.59,A,39.46,B,7.54,D,37.01,A,24.53,C,35.27,D,29.05,21.6702,81.0163
USR_A393EE7B,A,23.17,D,12.76,B,21.34,D,11.52,B,15.03,C,15.22,B,23.19,A,22.14,C,23.65,A,17.81,17.0841,73.187
USR_473F147D,A,22.48,D,11.54,C,10.68,B,20.05,B,15.62,B,12.45,B,18.45,C,15.55,A,18.23,D,20.09,17.9494,73.7321
USR_30DC364C,B,14.26,C,15.1,A,22.07,B,23.49,A,21.34,C,24.63,B,11.1,D,22.35,A,16.03,B,17.75,22.0684,80.8608
USR_0040E930,A,13.74,C,9.45,D,32.87,B,23.81,B,5.24,B,7.64,B,35.13,D,15.17,C,7.86,D,27.45,24.8703,80.3116
USR_75F06358,B,20.0,B,13.99,C,14.69,C,15.13,A,20.22,C,12.22,C,20.27,C,19.03,B,16.49,D,11.8,28.496,80.2237
USR_771394CB,C,20.72,B,31.55,D,10.98,A,17.61,B,8.94,C,4.98,C,10.18,D,23.07,D,10.84,C,38.11,13.8436,78.2253
USR_4FC2E8D9,A,13.01,B,23.85,D,12.13,B,23.89,A,10.98,B,16.57,D,22.57,B,12.54,A,15.75,C,16.25,22.0528,77.3842
USR_6E8DBAD7,C,21.78,B,17.11,B,22.26,D,17.98,A,11.75,A,16.97,B,16.74,B,20.72,B,21.75,B,10.19,29.4242,78.4097
USR_2E65FD53,D,9.34,C,4.87,D,36.15,C,15.52,C,16.96,B,26.2,D,12.15,C,22.4,D,39.17,C,8.04,17.6508,73.8366
USR_11B5D49F,B,17.77,D,24.22,A,23.83,A,10.39,A,22.54,A,16.86,B,17.01,A,13.96,B,19.87,A,13.13,24.5657,79.4892
USR_8FC27C15,D,14.57,D,25.36,B,28.36,D,36.48,C,17.64,C,16.63,B,12.99,D,24.63,D,29.78,B,20.04,23.0811,77.2563
USR_5E331AA0,A,12.89,B,13.14,C,21.7,A,17.54,B,19.75,A,11.45,B,22.97,C,17.12,C,22.56,A,23.18,13.0628,77.4716
USR_BF0FB3E6,C,22.09,B,10.95,B,13.43,B,18.69,A,15.52,D,13.27,C,18.4,B,21.49,C,12.82,C,20.39,14.9062,78.3675
USR_A4C91BCE,C,7.53,D,26.05,C,7.71,D,10.44,A,20.26,C,28.19,D,20.57,C,32.9,D,22.39,D,32.01,26.9742,77.5128
USR_3FC62A4D,B,14.47,C,11.82,C,24.81,D,16.12,D,13.09,C,14.45,C,12.96,C,16.15,C,16.9,B,20.64,29.1436,79.053
USR_E6E60AD8,D,33.7,C,28.54,C,27.45,B,6.77,C,22.84,A,16.4,A,15.02,C,34.32,C,5.38,C,17.41,13.2489,79.4168
USR_1B1CCF21,B,19.71,A,12.0,C,15.66,B,20.56,B,10.63,A,24.49,B,14.37,C,14.49,D,22.26,B,12.58,22.9879,77.0869
USR_2E84C4D9,A,13.09,B,22.31,B,22.21,B,10.37,C,24.38,A,22.48,C,21.26,C,10.06,C,11.98,C,14.99,26.8695,78.8011
USR_3C338E27,C,21.97,C,14.81,B,10.12,B,19.39,A,22.55,B,12.53,C,19.81,C,17.94,C,18.59,C,15.2,12.1845,77.3991
USR_E403AF79,A,5.6,B,8.44,A,5.84,A,5.49,B,9.82,A,8.36,A,5.72,A,5.13,A,5.62,A,10.67,29.6562,79.1555
USR_17311F8F,C,14.87,B,13.2,D,18.15,B,21.03,C,10.5,D,14.82,D,15.95,C,13.05,D,18.21,B,10.8,12.5165,78.9831
USR_8AD54F24,B,12.2,B,22.99,C,12.1,B,15.66,C,12.22,A,10.89,B,22.07,A,19.58,A,23.5,B,13.11,22.6374,77.5408
USR_52038479,D,8.63,B,9.83,A,11.46,A,6.35,A,11.11,A,10.8,B,9.28,B,7.33,A,8.16,A,9.14,28.1543,75.8635
USR_F8D25617,D,33.03,C,28.58,D,34.42,D,21.44,B,14.7,D,7.32,A,12.28,C,29.17,D,38.1,B,14.76,27.3914,82.7745
USR_D40B834E,A,16.19,B,14.25,C,22.02,B,17.13,A,23.27,A,21.5,D,22.44,B,17.02,B,24.2,C,11.5,20.3513,72.2429
USR_F6A13786,C,9.18,C,5.69,A,5.52,A,8.74,C,10.68,A,9.34,A,5.91,A,10.53,A,8.35,A,5.91,13.3144,78.8253
USR_C80ABB2F,D,35.82,C,15.36,C,10.81,D,21.43,B,16.63,B,22.76,B,32.14,C,30.4,D,38.33,D,10.1,13.0602,77.0941
USR_65D59AAA,A,6.8,C,11.41,A,9.4,A,8.21,D,11.46,B,8.53,A,5.7,B,8.92,A,10.94,A,10.59,22.1659,79.1374
USR_563F55BC,D,22.83,D,30.17,D,9.62,D,35.92,D,33.63,A,39.08,B,23.55,C,16.23,B,34.03,C,30.89,11.5362,76.3312
USR_FA762A09,B,27.41,D,37.38,D,2.99,C,20.09,D,5.28,D,22.45,C,31.59,D,26.32,A,28.64,B,4.42,29.7563,76.5134
USR_3A779C66,A,7.74,B,8.32,A,10.77,A,7.5,A,10.78,A,6.86,B,10.79,A,5.15,B,9.23,A,6.07,27.5521,81.0406
USR_68745584,A,7.37,D,36.8,D,4.8,D,39.99,D,12.7,D,24.13,C,29.13,D,31.78,D,9.24,C,6.58,14.1485,76.1938
USR_BCBCFF92,B,21.44,A,18.65,B,24.41,D,14.37,C,17.26,D,23.78,A,10.31,A,22.47,B,11.55,B,21.75,28.8311,78.7917
USR_790C5C6D,A,24.93,B,10.32,A,13.18,B,15.54,D,18.43,D,21.87,B,10.21,C,13.36,C,15.02,A,19.79,11.254,76.2289
USR_78FA0B36,D,12.1,D,18.89,C,24.13,C,13.91,D,17.85,A,11.98,C,15.32,B,20.32,A,24.24,B,17.91,20.743,74.5652
USR_E5D1EC99,A,20.26,C,24.72,B,23.98,B,24.53,A,11.03,B,22.97,A,15.43,A,11.92,B,24.94,B,15.92,11.7951,77.4114
USR_5C90C4CC,B,24.21,A,17.37,C,14.64,C,23.46,A,23.71,C,24.93,C,21.35,B,13.35,C,14.96,A,15.02,20.9008,73.7275
USR_CF9C8273,C,10.96,D,10.29,B,17.36,B,22.52,B,16.05,C,13.73,B,19.96,C,19.51,B,15.35,A,18.37,26.6084,78.949
USR_E46A2A74,A,16.63,A,18.08,B,11.7,A,16.7,B,16.14,C,19.74,A,24.67,A,11.77,D,17.69,A,20.88,11.0006,77.1911
USR_1D0FF588,B,11.4,A,8.22,A,7.58,A,8.32,A,10.03,B,9.34,A,7.73,B,7.11,C,5.71,A,5.08,30.6098,79.1585
USR_0E7FED1B,D,9.29,B,10.52,A,28.95,B,6.17,A,34.95,C,7.32,B,31.88,C,11.29,C,13.43,D,23.96,27.0006,76.4657
USR_F4A022DC,D,21.98,C,23.86,B,32.76,C,12.75,D,17.12,C,21.59,C,14.65,D,33.66,D,37.43,B,8.24,12.4021,76.8983
USR_1B788F55,D,39.0,D,12.81,D,13.57,D,3.64,D,38.9,C,18.38,C,14.68,D,17.99,C,8.05,D,4.26,17.4449,71.485
USR_90BAA255,A,18.2,A,16.33,B,14.46,C,18.14,B,10.48,C,18.06,B,13.86,C,11.71,B,11.6,C,14.84,20.572,73.2945
USR_F65C7589,A,21.08,B,17.07,C,12.91,A,21.6,B,12.45,B,15.97,C,16.02,C,13.24,A,18.2,C,20.84,12.134,76.8302
USR_DB4CBC58,B,23.04,B,21.46,D,16.04,B,10.75,C,17.49,B,21.6,A,14.27,B,11.37,C,22.59,A,10.06,12.5647,76.6839
USR_EFD46F53,B,16.65,B,22.39,B,16.27,B,14.84,C,12.97,B,12.08,D,10.49,D,21.64,B,20.78,C,23.09,25.7013,81.7397
USR_8C4F7FA0,A,21.34,A,13.42,B,16.51,A,13.49,C,23.41,A,23.87,B,10.85,B,22.77,A,15.43,B,18.0,19.5927,71.0574
USR_C38DD6DC,C,7.19,A,8.43,A,8.92,A,11.97,A,11.21,A,5.35,A,10.32,B,8.76,B,11.18,A,5.28,26.0515,80.7719
USR_5AFBB7A1,A,14.18,B,19.42,A,18.23,C,24.01,C,18.97,A,22.41,C,16.31,B,12.86,B,11.44,B,23.91,27.1841,82.9228
USR_3F5FD7D4,D,19.98,A,24.12,B,11.41,D,11.99,B,14.68,B,12.59,A,15.99,C,21.46,C,18.43,D,21.44,12.5803,76.856
USR_8D62F238,C,22.52,A,19.77,A,10.3,C,10.73,B,24.76,B,15.83,C,21.4,A,20.17,C,24.41,B,11.82,27.1565,79.0912
USR_9411BAFE,C,13.01,B,19.42,B,14.82,B,17.86,B,22.41,C,23.87,A,21.7,C,11.56,A,17.73,D,19.08,12.4195,77.0409
USR_28D22015,D,17.1,C,15.39,B,11.81,A,16.66,A,11.46,B,22.97,D,14.11,B,13.97,B,13.98,B,19.68,25.7655,80.5207
USR_CAA4BB24,D,23.77,C,23.82,A,11.47,A,18.74,C,14.37,B,24.78,C,12.09,A,10.36,A,22.32,B,12.37,21.0351,71.7666
USR_775A5F56,A,11.18,A,6.97,A,5.68,A,5.25,B,8.48,A,6.3,B,8.23,A,6.16,D,8.71,A,6.56,14.4759,77.8555
USR_67B7CFA6,A,9.69,A,7.74,C,10.53,B,10.75,A,7.92,B,8.28,A,11.38,A,11.81,A,6.43,A,6.15,18.2381,72.6623
USR_91FFF7EF,A,13.43,B,11.91,C,15.92,A,14.86,C,24.52,C,20.78,C,24.92,B,19.98,C,16.32,A,11.42,18.6203,71.386
USR_5F1A36B2,B,12.51,D,17.74,A,24.74,D,12.77,A,16.44,A,24.13,B,24.45,A,23.09,C,16.86,B,24.15,27.2303,75.9881
USR_5776EC4A,A,22.8,B,23.44,C,10.69,A,21.16,C,13.35,A,11.69,B,16.97,B,17.84,B,15.64,C,19.7,24.265,77.8274
USR_46611FC6,C,15.51,D,37.08,D,39.4,B,27.62,D,19.37,D,6.92,C,10.49,C,31.72,D,24.33,D,22.7,19.5985,70.9592
USR_8A7F9CD6,A,23.72,A,13.34,B,22.61,A,18.9,B,21.9,C,17.46,B,11.59,B,24.75,A,14.8,C,15.01,13.8117,77.0308
USR_C96E9FDE,B,22.6,B,17.89,A,24.4,A,20.66,B,17.78,C,14.79,A,10.62,C,11.49,A,10.8,D,17.94,20.3539,74.2123
USR_1115A37D,C,23.67,B,16.05,B,15.47,A,21.21,B,13.21,D,20.73,A,10.65,B,15.92,B,16.47,A,19.28,22.7535,77.1361
USR_D1FB4F3E,D,20.56,B,13.27,B,21.18,C,12.67,A,21.63,B,10.66,A,23.24,B,13.73,A,22.22,C,15.66,21.0509,71.516
USR_CA6D2980,C,12.93,B,19.76,C,11.54,B,14.0,A,24.72,D,14.08,A,12.25,D,23.07,A,16.89,B,22.32,14.4133,75.9768
USR_53127F3B,A,16.02,B,11.98,D,12.74,C,17.04,A,11.83,A,23.36,A,24.51,A,21.77,B,10.22,A,20.97,20.7531,72.4782
USR_F88C40A3,C,15.36,B,18.81,C,23.11,C,19.37,C,11.93,B,11.65,A,16.13,A,17.84,A,22.64,D,19.35,27.6857,77.7989
USR_0BE59A6F,B,20.37,B,15.95,A,18.82,A,21.6,D,22.75,B,23.95,B,17.66,C,22.62,B,17.29,B,20.95,24.4216,78.1137
USR_B632FF13,C,14.07,B,21.79,A,18.8,D,18.11,D,15.18,B,21.58,B,12.06,B,11.09,B,21.12,B,11.19,20.7845,73.5361
USR_937403E5,A,5.51,A,10.95,A,11.33,A,6.43,B,8.13,B,5.06,B,5.88,A,8.67,A,11.07,B,8.06,23.6602,80.7936
USR_D717371A,B,22.94,D,15.69,B,19.55,A,10.34,D,24.99,B,10.44,C,19.46,C,17.21,B,20.65,D,23.45,14.303,78.292
USR_FF579F41,A,15.16,B,13.78,A,17.28,A,20.99,A,14.11,C,18.4,C,23.43,B,23.08,B,24.87,B,18.27,30.1303,77.3591
USR_DC01C48F,B,8.74,A,9.51,A,5.87,A,5.7,A,5.34,A,7.59,A,8.49,A,5.56,B,6.56,A,11.68,23.5027,77.7549
USR_5C906B05,A,9.72,A,9.66,A,11.69,A,6.56,A,11.33,A,10.93,A,5.73,A,5.06,A,8.5,A,10.5,23.2444,80.2972
USR_04F2C255,A,17.16,B,11.71,D,17.1,A,23.76,B,13.82,B,19.37,A,19.1,D,13.89,B,14.2,B,18.3,30.271,78.5885
USR_529D63A0,C,11.02,B,23.28,B,12.21,A,20.87,C,23.51,C,24.4,B,17.01,C,10.2,A,13.82,B,10.32,13.9314,77.0855
USR_CAB5FBBA,A,6.76,A,5.39,A,10.23,D,7.07,A,11.86,A,8.78,A,10.52,A,10.31,A,11.73,A,10.2,18.1397,71.7461
USR_CB5DB527,C,15.76,C,13.79,C,22.43,C,22.55,B,11.48,D,12.9,B,18.97,C,20.0,C,23.45,B,23.31,27.6902,81.9791
USR_85198F45,B,32.64,B,12.08,C,31.77,D,7.96,D,11.26,D,28.68,C,11.51,C,32.84,C,27.87,C,16.75,17.2683,74.0879
USR_5FD361FD,C,14.95,A,22.59,D,16.55,B,15.48,B,18.95,B,13.38,D,21.18,A,15.42,C,23.04,A,14.35,23.5957,77.6486
USR_2A07CB91,A,5.94,B,7.22,A,11.67,B,6.09,A,6.08,A,7.7,A,8.06,B,11.47,A,9.03,A,7.42,27.0244,75.9645
USR_0CE400CD,A,17.23,C,15.77,A,15.01,A,14.2,A,14.25,A,21.94,B,12.48,B,24.05,A,20.52,A,18.69,27.5245,76.9032
USR_40EAD559,C,10.5,C,12.37,B,19.71,B,15.01,D,18.13,B,15.77,B,14.89,B,17.78,B,17.93,A,19.64,27.526,80.1455
USR_A54B2185,A,24.2,B,16.51,B,12.61,C,19.6,C,11.36,C,22.78,B,17.69,B,15.64,B,20.23,A,20.14,21.6096,80.4298
USR_2770C1A2,C,25.51,C,31.25,D,5.49,B,39.96,C,25.12,A,6.15,C,11.32,A,3.91,C,32.53,A,2.08,17.3112,71.8042
USR_EE0C7908,A,16.43,A,15.18,C,10.6,C,20.03,A,23.55,A,13.38,B,22.19,A,12.37,B,15.55,B,20.51,12.4808,79.1281
USR_DB4537E0,C,24.4,D,11.39,B,22.4,D,24.28,C,21.55,B,16.11,A,22.99,A,17.24,D,21.12,D,10.08,11.9852,76.2138
USR_A6498FD0,D,13.55,C,22.14,D,7.09,D,14.45,C,22.12,D,2.51,B,8.37,C,22.56,D,2.61,D,25.32,23.9572,79.9248
USR_952EBB8D,C,10.52,C,22.66,B,20.28,A,20.7,B,16.84,C,17.23,C,21.3,C,10.64,A,21.57,A,24.57,28.5513,76.8283
USR_19A91088,B,20.78,B,12.09,B,16.99,B,16.43,C,16.64,B,18.83,B,10.74,B,22.0,B,11.28,C,10.65,21.9392,77.7686
USR_051E9C69,D,31.98,D,10.42,D,11.08,A,32.29,B,28.6,B,28.86,B,17.64,B,39.95,D,36.25,D,32.69,19.0134,71.7476
USR_0CB01B58,B,4.67,B,3.46,D,32.38,D,21.96,C,8.76,D,28.08,D,25.45,C,20.34,A,17.47,D,11.13,22.9545,80.7794
USR_0D085C5F,A,7.61,B,10.05,A,7.13,A,5.14,A,7.13,A,11.51,A,9.48,A,10.68,A,6.41,A,8.32,20.908,72.024
USR_12D53CAC,A,20.63,B,20.73,C,20.27,B,22.35,A,20.33,B,15.63,C,19.67,B,18.58,A,10.48,B,19.22,29.9545,77.6822
USR_AFC29FB9,A,11.69,A,11.49,A,6.04,C,7.34,A,9.08,A,11.24,A,5.19,D,9.7,B,7.57,D,11.47,22.7131,78.8823
USR_FEAF6A41,B,35.12,C,34.35,D,16.32,C,19.41,B,32.71,B,29.05,A,4.53,D,14.1,C,11.74,C,27.23,12.1437,78.5821
USR_5FD07AB4,B,17.95,A,20.15,D,14.79,D,14.41,D,13.91,B,19.44,A,16.65,A,19.4,A,13.53,A,16.79,27.9454,78.6514
USR_6CB86C4B,B,39.14,C,35.73,D,15.39,A,33.85,A,31.24,D,11.91,D,12.81,B,38.36,B,29.97,B,17.75,21.769,77.7843
USR_4C061BEA,C,20.82,C,24.8,B,18.86,B,15.15,D,13.62,B,14.18,C,24.71,B,24.34,C,14.0,D,13.04,28.4849,82.0703
USR_6E1CB4EA,C,12.17,B,17.43,A,17.21,B,12.63,A,23.35,C,22.83,D,11.79,A,12.87,C,18.91,C,10.36,27.4353,76.2409
USR_83CEB245,C,16.95,B,14.12,B,23.04,B,21.46,C,20.77,B,10.49,C,19.42,B,18.95,C,14.43,B,17.12,29.4632,78.0937
USR_3972A337,B,10.3,B,21.46,C,10.34,A,12.05,A,22.34,B,20.63,D,23.82,B,14.14,D,15.22,C,11.92,24.6461,80.4176
USR_CB325189,B,14.28,A,15.49,B,20.93,B,18.33,D,24.19,A,11.1,A,21.1,B,13.82,B,20.38,A,23.14,28.7179,75.8641
USR_2FEE61DF,B,36.44,D,18.23,D,6.93,C,17.08,B,19.26,D,19.23,D,22.61,D,17.17,B,6.13,C,3.57,23.9424,79.6189
USR_AA0A7FE5,A,5.66,B,10.43,B,7.48,A,8.58,A,8.21,A,5.66,A,7.95,A,5.9,A,8.11,B,9.84,21.4525,79.6546
USR_ADF3A865,B,23.67,B,15.58,D,11.55,A,15.94,C,22.19,B,14.05,C,17.8,A,22.22,B,17.33,A,23.63,30.2852,76.9349
USR_075AB6AF,C,12.66,B,16.7,B,20.6,D,22.21,B,14.88,B,11.25,D,20.18,B,12.33,A,19.18,C,15.97,29.0093,77.2108
USR_6177DC32,C,12.32,C,17.18,A,23.07,D,19.33,C,35.55,D,26.97,C,39.52,C,19.16,D,3.48,D,20.27,19.0658,74.5248
USR_080FC211,B,7.68,A,9.83,A,8.7,A,6.38,A,9.92,A,5.47,A,10.44,A,5.39,A,6.46,C,8.65,21.8593,79.6219
USR_EA84188E,C,19.23,B,10.51,A,20.27,C,13.32,D,22.83,D,12.52,B,21.29,B,20.65,B,14.14,B,23.86,24.5675,77.9374
USR_BF17F975,C,28.86,B,3.25,C,26.27,C,2.08,C,5.4,D,30.32,B,32.77,C,32.66,C,18.58,D,16.17,17.251,74.3496
USR_C521F93A,C,13.55,B,13.24,B,19.53,D,18.77,C,17.55,B,11.95,D,21.76,C,14.22,B,10.31,A,18.55,12.2727,77.8968
USR_33C6E802,C,11.59,D,23.28,A,22.07,B,17.68,B,22.9,C,16.36,C,20.97,B,20.57,C,11.61,C,14.67,30.0695,77.8989
USR_0BC4D1D0,A,10.41,A,9.77,A,8.16,A,6.46,A,9.43,C,5.53,A,6.56,A,7.63,A,11.62,A,9.73,28.4851,77.3859
USR_0F996A63,B,23.57,D,5.92,D,21.19,C,15.16,A,24.51,D,12.34,D,26.12,A,33.85,D,39.01,C,3.41,24.0732,80.3246
USR_5889E7B4,C,14.79,B,15.17,D,10.62,B,14.94,B,15.34,D,16.83,B,19.7,B,23.18,D,23.13,B,19.99,28.1452,76.1133
USR_DE03BA8C,A,9.54,B,7.03,B,9.35,A,10.86,A,9.03,A,7.35,A,9.29,B,10.99,A,8.03,D,6.57,21.9219,77.3462
USR_4CD4FC2C,D,34.32,D,38.13,B,7.42,D,24.42,A,2.03,C,28.22,D,27.96,D,39.28,B,12.56,C,2.89,11.766,78.2849
USR_84E78348,B,19.72,D,18.99,D,11.92,B,19.84,B,19.85,A,19.19,B,16.73,B,18.58,B,23.13,D,13.51,29.8031,78.9781
USR_DC67C73F,A,14.82,C,15.57,B,12.93,D,13.31,B,17.36,A,20.53,C,21.43,C,23.98,A,18.84,B,16.8,11.0154,77.4936
USR_4561EC26,B,17.3,C,23.73,B,10.43,A,18.77,B,23.61,C,21.65,C,12.53,C,15.51,A,23.61,B,23.53,28.6964,81.4676
USR_D917C065,C,20.19,B,14.23,B,22.32,B,12.4,B,23.94,A,22.28,A,24.13,A,16.45,D,12.5,B,24.27,30.5331,79.1657
USR_EEDB5E63,B,11.92,C,23.74,C,17.58,C,21.5,B,20.19,A,19.74,B,18.18,D,23.72,B,16.05,B,10.83,12.1523,76.2517
USR_3B50CC2B,B,25.23,D,16.44,A,19.24,D,9.29,D,7.18,C,3.66,B,33.72,B,8.4,B,5.77,D,33.67,26.6622,76.9173
USR_331906E1,A,11.73,A,11.93,B,9.38,A,8.08,A,10.95,A,6.68,A,7.82,D,11.17,A,11.87,A,10.55,14.0223,79.3492
USR_7A231050,A,7.95,A,11.8,A,9.91,D,7.78,D,7.09,A,7.25,A,11.96,A,11.39,B,7.92,A,10.07,18.1606,74.8694
USR_EE34BE10,C,34.26,A,39.2,C,17.11,D,37.73,D,17.89,C,11.87,C,37.64,C,19.86,C,5.55,B,31.25,24.2909,78.9865
USR_E8D939B0,C,10.84,A,11.43,D,16.16,B,22.92,B,12.26,B,20.3,C,17.05,D,24.86,D,19.38,A,11.53,19.7511,74.1471
USR_2D1B3F28,B,16.1,A,24.85,B,17.91,A,19.24,B,24.85,D,23.59,A,20.72,D,24.61,A,18.11,D,12.14,21.0605,73.2286
USR_CDAA1241,A,36.57,D,29.28,D,16.9,C,39.9,D,22.43,D,32.77,C,10.26,C,19.35,D,39.72,D,26.52,28.0719,78.5895
USR_3C6708E0,B,16.46,D,16.02,A,21.62,C,12.73,A,19.89,A,18.94,D,12.61,B,12.95,B,15.39,B,11.13,24.0237,79.9904
USR_7327AF6B,C,22.15,D,33.17,C,38.11,D,28.13,B,18.09,D,34.64,C,4.03,D,4.18,A,6.57,D,2.15,18.9814,73.91
USR_C29A658C,D,19.3,D,25.2,C,38.33,C,19.01,D,25.01,C,36.9,C,16.88,A,24.19,D,18.54,D,32.89,21.5609,80.4043
USR_3AFB73DF,B,9.14,B,3.63,B,28.72,D,9.8,D,29.56,C,4.43,D,33.49,A,14.43,D,7.08,C,36.78,11.8084,79.5618
USR_4FEF7D9C,C,10.27,B,22.19,D,23.24,A,24.18,D,23.45,A,19.72,C,20.64,A,22.8,B,13.47,D,13.11,27.3874,75.762
USR_E6C59F43,C,19.08,A,17.53,A,11.03,B,22.92,B,12.79,A,19.53,A,15.5,B,14.69,C,19.29,B,24.47,28.3925,81.6847
USR_F1DF9993,B,11.93,C,21.31,A,22.62,B,17.17,B,22.73,B,16.3,C,17.71,D,14.12,B,11.9,B,22.44,13.5911,79.3364
USR_58FD0428,C,17.84,B,23.85,B,23.85,B,22.6,B,21.52,C,24.38,D,20.23,A,15.98,C,13.6,D,19.66,12.6518,77.41
USR_E09D931C,C,8.46,C,30.73,D,22.55,C,36.27,B,29.15,B,28.77,D,39.57,B,30.48,C,2.27,A,17.71,18.4977,74.433
USR_561EF9D6,A,24.59,C,23.6,B,24.11,D,15.66,B,22.85,B,24.05,B,17.41,C,14.26,C,19.31,B,14.18,25.7802,79.573
USR_00554E4B,B,11.5,C,19.78,B,23.89,A,21.05,C,24.67,A,22.89,B,14.13,B,12.51,D,19.99,B,22.48,21.5652,78.8203
USR_1F66E2CA,B,18.3,A,14.49,A,13.28,B,13.06,C,18.34,C,15.35,B,16.27,A,12.92,B,13.97,C,24.96,27.8346,82.4873
USR_343FC1B2,A,23.07,C,16.7,B,18.7,B,21.98,B,21.74,A,15.68,D,16.24,B,11.7,B,15.03,C,18.59,25.6732,79.6699
USR_7A50591F,B,18.86,B,20.88,C,15.27,D,10.68,B,24.76,B,16.93,A,23.1,A,15.83,B,12.45,A,10.4,11.2871,78.8251
USR_7B2C9A53,C,6.17,A,9.27,A,9.71,C,11.45,A,10.51,B,8.78,A,11.59,A,9.17,A,10.14,B,6.22,28.504,81.2778
USR_4719E8B0,A,14.0,D,23.45,A,11.74,A,17.91,B,23.43,D,10.3,B,24.72,B,11.69,B,22.55,D,23.85,12.7791,78.9013
USR_7879B28A,D,28.46,D,3.91,C,2.51,A,29.1,D,28.77,D,27.89,B,12.02,D,24.04,B,17.45,C,4.39,27.8228,77.9374
USR_335CAB72,B,11.15,A,9.65,B,10.14,A,8.21,B,7.18,A,8.31,B,8.18,A,9.88,B,7.68,A,9.25,30.0642,77.7232
USR_FCF6C3A0,A,7.66,A,11.09,B,6.96,B,10.86,A,7.65,B,7.26,B,8.56,A,6.67,B,9.45,A,8.62,20.957,73.8315
USR_23F68219,B,13.38,A,22.17,C,13.73,B,12.73,C,24.42,B,11.88,B,10.79,A,20.13,B,17.7,C,17.5,29.5325,75.2798
USR_BE64D068,D,16.84,C,32.71,C,26.08,A,6.21,B,4.14,D,8.5,D,12.62,D,2.9,B,26.91,C,36.07,27.456,78.1433
USR_4634CCF9,D,5.04,A,7.25,A,8.6,A,7.93,D,11.53,A,6.45,B,11.36,A,11.13,A,8.06,A,7.73,28.6698,80.2471
USR_5ACAAF04,B,7.32,A,7.92,A,10.38,A,7.32,A,10.03,A,5.31,A,8.5,A,11.36,A,6.57,A,6.64,14.383,78.5763
USR_97D40061,A,6.77,A,6.84,A,7.21,A,10.77,D,6.63,B,7.18,A,10.43,D,8.25,C,6.65,A,9.28,25.3522,80.4523
USR_8805402E,C,15.76,B,10.28,B,24.81,B,24.83,C,10.12,C,19.11,A,23.8,C,18.32,B,14.9,B,22.01,12.3858,77.9386
USR_8D08679E,A,9.11,A,9.74,A,8.25,B,8.57,B,6.98,D,6.33,D,6.42,A,7.75,B,8.35,A,9.09,26.4003,81.7289
USR_38474E4F,A,5.45,B,8.91,A,5.64,A,9.12,A,11.36,A,7.57,A,10.18,C,6.28,A,11.21,B,8.35,20.3616,71.3999
USR_B5CF3076,A,22.0,B,11.11,A,19.74,A,16.19,B,20.79,C,12.4,C,22.29,B,16.39,C,18.16,B,17.89,25.6546,80.8004
USR_6898E601,A,4.85,D,25.02,D,36.89,C,5.24,D,32.61,D,35.13,B,32.81,B,35.22,D,22.01,B,29.62,25.3938,80.4297
USR_D3860BEC,B,22.99,B,12.87,B,22.35,B,21.51,B,11.02,D,21.61,B,18.07,B,19.36,B,21.81,B,13.89,28.8015,82.8086
USR_E754D320,B,24.1,D,12.4,A,17.83,C,22.17,A,16.89,A,18.41,A,15.72,A,21.12,A,11.88,A,23.58,20.7498,73.85
USR_FFEF0C65,A,8.99,A,11.2,A,9.41,A,6.3,A,11.92,C,7.95,A,5.54,B,5.72,A,11.69,B,8.32,28.7964,81.2228
USR_C52A63BC,A,15.04,C,11.91,B,14.36,B,21.35,D,10.48,C,15.44,B,18.74,B,17.93,D,23.92,A,21.37,26.695,78.0556
USR_483A3EF8,A,17.86,C,10.9,B,17.39,C,21.47,C,24.3,B,23.77,B,13.49,C,12.69,A,22.92,B,20.0,20.6707,74.5883
USR_00E76DDD,C,14.2,A,23.01,B,12.03,B,24.7,B,20.99,A,20.66,A,21.54,A,13.84,A,15.72,B,20.72,18.6835,72.3948
USR_2C8F3DE9,C,23.29,A,21.49,B,17.05,B,17.45,A,17.46,B,14.51,C,16.23,C,10.94,C,22.2,B,22.61,14.0113,76.7762
USR_D8839B03,B,16.91,B,11.33,C,13.7,B,15.23,C,10.03,B,18.92,A,24.89,A,20.55,B,16.8,B,16.17,13.5041,76.5666
USR_C1E9C129,C,15.85,A,13.8,C,35.8,C,29.33,B,34.04,C,15.72,D,23.97,C,22.73,D,21.0,C,26.59,25.9159,79.5953
USR_43323455,C,36.81,C,18.52,C,26.77,C,9.47,D,23.84,C,19.46,B,34.05,D,8.19,C,35.29,C,29.73,28.7818,80.2124
USR_53DC959C,D,14.11,B,22.61,D,35.75,B,33.43,B,10.37,C,30.19,C,20.94,B,22.06,A,10.32,D,5.08,22.9238,78.4548
USR_727213D0,D,21.27,B,21.93,D,10.35,A,23.7,A,11.26,A,23.23,C,12.27,B,17.6,B,21.95,B,11.48,28.4586,75.2865
USR_A1EED3FB,C,20.62,A,13.94,C,19.9,B,22.5,C,23.71,D,21.56,C,14.78,B,16.22,D,13.33,C,20.0,24.435,80.1239
USR_2CE17CB3,A,19.12,A,18.82,B,13.13,A,18.0,B,23.61,B,19.52,C,12.69,B,15.57,D,20.64,A,16.18,21.8684,78.3757
USR_75A685BA,C,21.0,C,10.46,B,13.3,B,13.36,D,22.69,A,24.65,C,23.19,C,19.84,B,15.26,B,23.5,22.72,77.6107
USR_53D0D042,B,15.43,B,10.32,C,11.82,B,13.81,A,13.33,C,18.0,B,23.88,B,23.25,D,21.31,D,14.99,13.7521,76.5599
USR_CFA6CEC1,A,15.75,B,24.47,B,18.0,C,22.12,C,14.57,A,23.34,C,21.24,C,11.29,B,19.95,A,24.02,10.9927,79.5242
USR_892CD1BB,D,16.95,A,16.08,A,15.21,A,15.88,A,19.74,C,12.19,B,17.95,A,13.55,A,17.52,B,10.78,27.7164,75.9186
USR_40C45A9E,D,13.61,C,31.37,D,33.69,B,8.83,B,27.61,A,7.15,D,16.74,B,30.35,C,21.06,A,30.82,25.1237,82.5781
USR_050484B7,B,21.84,C,17.76,C,23.9,B,23.39,D,6.87,B,16.36,B,34.02,D,19.41,B,20.61,D,25.06,29.7948,78.3783
USR_A8BD831E,A,24.12,C,11.72,B,10.72,B,19.04,D,16.32,B,24.61,C,20.21,A,21.01,A,17.86,A,20.04,13.3102,76.1188
USR_468F1627,A,11.77,B,7.02,B,6.82,C,11.92,A,7.78,B,6.33,A,9.73,A,5.51,A,6.0,B,9.08,11.8107,78.3559
USR_61F0D480,B,19.69,B,23.66,C,17.89,B,15.91,A,17.8,B,18.32,D,14.92,A,22.48,C,23.49,B,10.5,17.8699,73.9448
USR_EA5E9CED,A,14.89,C,17.75,A,16.27,A,14.73,B,21.54,A,11.04,A,12.78,C,10.45,B,24.81,B,20.99,26.6893,82.3851
USR_53E10704,D,35.76,C,12.61,A,4.57,C,38.02,B,28.47,B,17.06,C,8.11,D,11.9,D,28.82,B,33.89,28.1704,81.1418
USR_29B20711,B,20.08,C,16.56,B,24.36,B,14.64,D,19.52,B,19.54,B,15.22,A,10.83,B,24.04,D,14.77,23.1247,79.3514
USR_16750F57,D,22.84,B,23.31,B,21.29,B,17.16,B,20.25,B,13.8,B,19.76,B,17.9,D,13.24,D,18.05,25.0989,80.1528
USR_EA95EC87,B,26.4,D,14.93,D,7.49,C,19.76,B,16.96,C,10.46,D,33.76,D,14.32,C,4.3,D,32.81,26.6908,81.0578
USR_D40CC214,C,18.28,B,14.07,D,14.28,C,19.42,C,19.85,B,21.25,B,20.43,B,24.0,C,16.43,A,17.92,27.4128,79.6359
USR_F061EA4D,A,17.74,D,23.49,B,11.36,B,20.28,B,14.42,B,11.59,A,18.81,B,18.86,D,10.49,B,16.35,29.227,75.8815
USR_3966213E,B,16.13,A,10.25,A,23.32,A,13.1,C,18.27,C,19.79,B,16.1,B,18.45,B,22.1,C,22.21,27.1617,79.1665
USR_889C5A8F,B,6.15,A,11.91,A,11.63,A,7.61,A,8.83,A,11.32,C,11.03,A,7.41,D,8.17,B,10.9,28.7591,79.3788
USR_93B7EF1C,D,12.01,B,19.96,B,12.66,C,24.05,B,10.83,D,20.24,B,20.33,C,19.37,A,21.38,B,23.79,14.8513,77.6763
USR_3BF3F7A5,B,24.22,A,10.82,A,16.36,B,19.27,B,17.05,C,20.45,C,11.9,A,22.14,C,21.32,B,14.57,27.207,75.5392
USR_D174892D,A,23.06,A,14.08,B,13.91,B,15.53,B,19.67,D,10.96,B,20.37,D,22.05,D,15.79,D,13.95,26.2817,81.6596
USR_EDCC86AF,B,14.04,A,16.01,B,12.47,B,21.69,B,15.53,C,17.81,D,11.98,B,10.74,D,24.12,A,17.41,22.5529,78.0231
USR_A8652659,B,13.87,B,24.54,C,13.39,C,17.43,C,17.52,C,21.87,B,14.33,B,11.04,C,14.83,B,24.0,25.4791,80.1764
USR_812B1571,D,13.73,A,17.95,A,10.98,A,15.72,B,15.77,D,12.18,A,20.94,C,20.07,C,24.94,C,17.76,12.443,77.9836
USR_F10F4940,B,18.88,C,22.93,D,13.22,A,14.68,A,23.66,A,21.93,D,19.21,C,23.86,B,13.27,A,18.3,25.849,80.2972
USR_2B73F981,C,15.18,B,16.72,A,13.77,B,17.0,A,10.88,A,13.14,B,14.83,D,20.34,B,22.48,C,14.24,21.4975,78.4271
USR_32D768F9,C,17.31,A,12.09,A,13.35,A,18.06,C,22.23,C,14.42,B,20.4,A,24.51,B,16.01,C,19.63,14.1108,76.9339
USR_C92C2707,D,23.22,B,19.0,B,13.85,A,10.18,A,10.41,B,17.16,B,13.28,A,20.54,A,17.38,B,23.9,24.2898,77.958
USR_77746398,A,10.43,A,22.13,A,14.67,A,12.57,D,13.26,A,16.65,B,20.09,C,17.93,A,13.55,D,11.33,11.4998,79.5054
USR_7ED7B8C9,A,9.27,A,8.6,A,11.83,A,7.02,B,6.29,A,8.25,A,11.28,B,8.64,A,11.82,A,7.84,28.589,82.8122
USR_F6C63FF6,A,5.94,A,9.72,A,11.51,A,5.83,A,7.56,A,7.11,B,9.31,B,9.78,A,6.97,A,6.27,25.9942,81.9613
USR_365ABAC6,A,7.29,A,7.63,A,7.0,D,5.19,A,6.3,D,6.6,A,11.25,A,6.12,B,5.65,A,7.48,12.5062,77.2955
USR_3B377486,C,20.21,B,20.17,D,12.07,B,19.73,C,20.87,B,15.39,A,21.81,D,22.54,B,17.46,C,12.88,12.3758,76.3727
USR_AE4086C8,A,15.28,D,11.33,B,22.08,C,11.31,D,22.46,C,13.41,B,10.76,A,10.65,A,15.1,A,15.46,27.1094,78.0528
USR_BC39230F,C,24.56,B,18.16,B,11.77,C,10.27,C,22.96,D,21.35,B,13.76,B,16.69,B,10.55,D,19.86,29.9425,75.8557
USR_4D85A86E,A,18.78,B,23.96,A,13.03,A,13.22,B,17.77,B,17.48,B,19.51,A,21.73,B,13.38,B,15.5,17.7236,73.8126
USR_9634154F,D,14.09,B,23.73,B,19.94,B,16.89,C,22.74,A,23.56,B,12.72,A,12.05,D,12.56,A,12.7,18.6331,74.1061
USR_F4508EE5,C,2.58,C,29.87,D,17.73,A,10.16,D,32.05,D,8.66,D,15.22,C,5.98,D,3.18,D,21.14,23.0598,79.4805
USR_8AC4E95C,B,4.03,C,37.46,D,28.53,D,8.82,C,30.78,A,2.16,A,18.73,B,39.41,D,2.41,D,12.79,28.3466,82.6023
USR_0F797BC9,C,13.14,B,15.35,C,15.68,A,10.9,A,19.52,A,14.35,B,23.15,A,13.82,A,24.96,C,21.21,30.5399,78.3297
USR_A0F73E45,B,35.77,D,10.42,D,10.32,D,4.05,C,28.38,D,19.76,A,35.63,D,7.08,C,2.6,D,24.61,28.8148,80.3247
USR_324DF4A8,B,15.89,B,17.37,A,18.59,B,17.67,A,19.89,B,11.06,D,24.3,C,13.9,B,13.84,C,20.68,24.7338,79.1669
USR_B56D6533,B,10.89,B,19.36,A,24.98,C,21.36,A,17.8,B,14.44,A,20.27,D,12.42,D,11.93,C,19.64,14.4592,77.5675
USR_65DF5A15,B,18.41,C,20.76,A,10.07,B,12.53,B,12.77,B,21.76,A,15.06,D,22.86,A,24.11,C,17.66,27.3008,80.9558
USR_F6B2DA58,A,13.56,A,21.5,A,23.67,C,22.62,B,11.35,C,10.52,C,18.61,B,20.56,B,16.17,A,12.56,28.0069,81.4565
USR_5F17F1D8,A,24.4,B,14.65,B,22.05,B,11.3,B,24.17,C,11.6,C,17.14,D,17.66,C,15.09,A,13.84,17.5307,71.1881
USR_E937EC73,A,16.35,B,18.21,B,10.27,C,21.83,C,21.5,B,17.84,B,11.55,B,11.98,A,23.26,B,13.29,18.5209,70.8846
USR_9B3B957A,D,36.33,D,9.2,C,10.98,C,2.22,D,30.41,B,34.33,D,37.11,C,10.02,D,17.43,B,20.12,27.4595,80.1955
USR_1E6DF917,D,30.96,B,37.46,D,9.95,D,33.08,B,35.27,C,30.9,D,13.67,C,13.44,B,25.45,B,35.65,14.3997,77.7723
USR_6BEE8760,D,18.69,C,16.19,C,20.83,B,23.23,A,15.32,A,14.59,B,22.23,B,20.98,A,22.54,A,16.35,26.9687,82.7574
USR_F2389E12,C,16.74,B,10.46,C,17.7,A,22.58,B,24.67,D,21.53,D,18.27,B,17.12,A,18.01,C,23.85,28.7754,81.7146
USR_D27ABB40,B,12.54,A,23.42,D,17.69,C,23.81,B,23.72,A,19.86,C,18.05,B,19.75,B,23.62,B,20.98,25.9181,81.2787
USR_B5E981B6,A,5.69,B,6.01,A,7.27,A,10.08,A,6.62,B,5.23,B,5.61,B,9.63,A,9.92,A,5.62,18.1957,74.6421
USR_53B8EBA8,B,5.74,A,10.03,A,5.54,A,5.82,A,9.35,A,11.32,B,7.17,B,10.44,A,8.9,B,5.97,19.73,74.6037
USR_E0060420,B,15.53,C,13.97,D,24.13,B,23.39,D,23.62,B,19.15,B,22.5,B,23.63,B,10.46,B,19.74,14.7504,76.5981
USR_1B96BDA8,C,11.22,A,18.67,D,15.99,D,22.23,C,16.9,B,20.93,B,23.58,D,13.91,C,19.22,A,10.98,18.659,71.9576
USR_C3942F58,B,20.86,A,19.82,C,14.26,C,18.59,D,20.68,A,11.71,A,16.31,C,16.66,A,16.4,C,24.48,19.1389,72.0428
USR_D49A270C,A,26.96,D,28.27,D,16.58,B,21.68,D,31.08,B,22.9,D,34.79,C,14.31,D,13.45,D,30.09,27.0582,82.2449
USR_5C9F5AC7,C,11.3,C,22.77,D,36.5,B,29.31,B,34.8,C,34.84,D,18.21,D,27.52,B,33.93,C,8.43,22.6275,77.793
USR_6AFA73BD,B,35.63,B,15.09,C,3.91,B,21.82,B,14.5,C,19.84,C,11.77,D,2.92,B,27.27,D,36.56,24.8725,81.2289
USR_64244330,C,17.46,A,19.11,D,14.2,C,12.68,C,22.69,A,10.4,C,10.47,A,15.73,B,18.35,B,24.11,26.4903,81.7926
USR_5E6FF555,B,23.89,C,18.93,D,21.79,C,20.25,A,18.89,C,15.19,C,15.59,B,23.62,B,21.22,D,24.99,17.7121,73.5248
USR_F74CFD0F,A,22.59,C,10.1,A,19.82,B,16.33,B,12.99,B,22.55,B,14.65,A,19.87,C,22.4,B,13.51,21.3556,78.2408
USR_D7560200,D,25.51,C,30.3,B,35.57,D,10.94,D,21.47,B,17.75,D,5.83,B,36.04,A,23.71,D,18.8,23.4509,79.659
USR_8B3B768A,D,11.65,B,25.05,D,27.71,A,24.9,C,39.38,D,35.81,D,3.35,D,24.57,D,30.34,B,26.53,19.7329,73.5524
USR_546F5A36,B,6.36,D,14.14,D,8.41,A,35.51,C,2.17,D,7.52,B,18.09,D,32.9,D,24.0,B,23.52,13.9904,75.7211
USR_29013E7C,D,29.36,C,24.13,C,20.37,A,22.32,D,11.89,D,11.15,D,5.16,C,25.75,B,8.79,D,22.85,25.2855,80.7839
USR_C07CEB8F,A,16.57,A,17.31,A,19.93,B,11.57,D,21.94,A,22.1,A,16.3,C,13.83,C,24.81,B,12.83,22.4315,79.559
USR_4FAED723,A,10.97,A,5.26,B,7.01,B,9.68,A,6.61,A,7.29,A,8.47,A,5.64,D,10.82,C,10.43,29.0676,78.5412
USR_71456D69,A,6.98,A,9.47,A,5.75,A,9.67,A,9.23,A,10.73,A,9.46,A,6.73,A,9.02,A,6.17,24.5073,80.2072
USR_2F0453B0,C,32.4,B,20.67,B,34.52,B,39.01,D,35.84,C,17.92,B,24.93,B,26.33,A,15.95,B,37.75,28.0361,77.3902
USR_8E29D3F3,D,23.57,B,24.37,C,23.39,B,18.93,B,24.92,A,16.77,A,20.18,B,15.58,B,24.43,D,14.53,28.0001,82.4067
USR_EA1FF9F0,B,20.87,B,11.2,B,13.4,B,14.08,B,21.61,B,17.54,B,20.25,A,13.97,A,15.33,B,16.88,19.1288,74.1753
USR_BA372B73,D,9.48,B,6.89,A,8.05,A,6.48,A,11.54,A,5.52,B,5.23,B,5.64,B,9.57,A,11.35,20.912,71.1105
USR_F9034E0D,C,5.99,C,21.5,C,17.8,C,36.28,D,22.39,A,9.53,D,27.72,D,2.48,B,12.27,C,24.05,20.4079,73.0804
USR_C4EC7894,A,16.09,B,22.92,B,14.98,D,22.99,A,18.72,C,24.9,A,17.86,B,12.58,D,10.63,C,15.75,11.0156,76.8978
USR_D04C126A,B,14.24,C,10.37,B,24.95,B,18.03,C,17.34,B,20.78,A,13.51,B,14.94,C,19.04,A,17.04,20.5407,72.8478
USR_4AEEDF6E,B,16.73,C,13.32,C,23.97,C,20.18,C,16.68,D,18.19,D,11.09,C,17.77,B,13.11,C,15.04,24.4354,80.3892
USR_C2985C0F,B,8.16,A,5.21,A,7.11,B,9.94,A,7.54,B,9.41,A,6.14,A,8.82,A,5.3,A,7.01,14.3641,76.15
USR_90BE995C,A,16.03,A,22.43,D,12.7,C,10.38,B,11.24,A,24.28,D,10.1,A,21.02,B,24.36,B,10.84,26.8722,81.6655
USR_C13F82AB,B,17.54,B,24.36,A,24.07,B,14.67,D,21.34,B,19.24,A,12.81,B,20.29,B,14.93,C,20.72,28.1975,76.5703
USR_81DDA02F,B,10.03,A,5.2,B,7.49,A,10.88,A,5.11,B,8.91,B,10.03,A,9.42,B,11.96,A,6.96,27.5023,81.8243
USR_105A933C,C,12.93,C,18.53,A,13.66,A,10.22,B,21.62,B,24.48,B,19.27,A,20.79,C,12.35,D,23.23,19.6659,73.8886
USR_26DFE3CD,B,22.36,C,19.94,B,13.96,B,16.54,C,12.13,D,11.03,B,18.37,D,13.7,C,14.6,C,21.65,26.706,81.2555
USR_075E44B5,A,11.15,B,7.23,A,7.03,A,7.09,A,9.73,A,8.85,A,7.64,A,7.96,A,8.66,D,10.23,24.0992,79.0168
USR_0DDB77EB,C,10.66,D,12.55,B,21.17,B,21.04,B,15.5,A,20.27,B,13.03,A,12.42,A,15.23,B,11.73,11.4154,75.595
USR_C7897750,B,17.3,A,17.3,D,17.86,A,15.67,B,13.39,A,20.15,B,23.31,A,19.05,D,22.94,B,10.92,29.6359,78.9556
USR_5914684D,B,23.12,C,16.05,B,22.52,A,22.81,A,20.58,B,12.96,C,24.09,A,17.77,A,17.57,A,19.66,22.3914,80.9787
USR_F3DCFACD,D,4.55,B,25.67,C,3.74,C,12.15,D,8.35,D,13.25,D,35.51,C,5.31,B,34.82,A,31.54,24.3881,79.3169
USR_BE4FBDDB,D,32.24,C,36.86,C,33.33,D,18.58,D,22.07,B,22.89,D,39.11,C,33.82,A,8.6,C,19.68,13.4197,78.4826
USR_ABB3037B,D,22.37,A,28.12,B,30.34,C,25.95,A,21.46,D,38.13,C,25.35,D,26.93,B,17.95,D,17.8,22.8681,78.1835
USR_CBE73B79,B,13.42,C,17.31,C,19.13,B,20.1,B,24.94,D,22.48,B,21.7,B,22.3,A,14.52,A,21.09,12.8279,77.4116
USR_7B9FC5B5,D,10.67,D,24.38,B,17.82,A,12.55,B,17.7,B,14.69,B,11.86,D,24.79,C,16.41,A,20.59,20.3638,72.7909
USR_5108E178,B,19.49,B,11.99,C,14.88,B,17.96,D,12.6,C,22.34,B,20.63,D,10.45,B,10.16,A,22.61,30.0063,75.7068
USR_D663CBAD,A,10.42,A,10.67,D,8.76,B,11.82,A,9.25,A,5.24,B,11.22,A,5.02,A,9.25,C,10.41,28.9591,75.8212
USR_AE6F4E14,B,11.08,A,7.5,B,8.6,A,5.04,A,11.52,A,11.71,A,5.26,B,10.94,B,11.34,C,9.25,21.0256,78.7557
USR_D4CE14BE,C,16.95,A,24.01,A,15.09,C,23.74,B,22.94,B,11.5,C,10.86,B,24.62,A,22.08,B,17.33,24.0604,80.4691
USR_AB69394C,D,30.66,C,12.31,C,22.54,D,6.48,D,6.88,C,29.78,A,37.35,D,38.09,B,8.53,D,8.52,28.9677,77.6667
USR_8C670D2A,A,18.94,A,14.83,B,19.85,A,14.28,B,10.18,A,16.46,C,17.84,C,18.98,B,21.3,B,14.35,21.7706,79.7238
USR_A1478DB7,B,11.7,B,10.39,B,23.72,B,18.74,A,13.09,B,19.73,C,23.24,C,23.55,C,15.98,D,17.61,20.863,74.6986
USR_F87DA8E6,B,12.88,C,19.59,C,10.69,B,17.35,C,17.43,B,23.11,C,19.77,B,19.36,C,14.52,C,10.4,13.832,76.0394
USR_DCA3413E,B,10.33,C,5.64,A,7.14,A,11.75,A,6.73,A,11.21,B,6.07,C,11.87,A,9.72,A,5.77,28.6469,81.3427
USR_8FC3CE1B,B,20.15,C,15.45,B,11.42,B,17.86,B,10.66,C,14.4,A,10.03,A,20.43,A,21.87,A,23.45,29.0559,77.8026
USR_5583794A,A,24.78,D,18.03,C,30.75,D,15.4,D,18.65,C,24.97,C,24.03,D,8.76,A,10.14,D,13.35,29.0435,77.9227
USR_A5194469,A,9.44,C,6.89,B,7.71,B,7.49,A,6.5,A,10.22,A,10.68,A,10.09,A,5.29,A,10.43,28.5327,80.4926
USR_DE7D2C44,C,14.81,B,22.12,A,18.02,D,20.01,B,17.23,B,17.72,A,13.05,D,23.37,B,21.74,C,21.13,23.8444,80.6722
USR_561F08B6,D,15.13,C,12.29,C,15.33,C,13.59,B,13.86,B,12.63,B,12.53,C,12.61,C,11.54,C,17.71,18.9533,74.0404
USR_61B01BF8,A,11.61,A,19.26,B,12.87,C,21.72,C,23.46,C,21.46,A,13.6,C,18.46,D,17.57,A,18.32,29.9669,79.0648
USR_956E1057,B,31.47,D,20.98,D,28.04,A,8.88,B,30.89,D,21.49,D,30.01,C,33.29,D,33.28,D,18.75,24.1435,79.7642
USR_87F8CDD5,C,15.18,D,25.93,A,22.77,D,19.73,C,22.04,B,6.82,B,26.41,D,2.5,D,8.95,D,34.62,29.9108,78.2805
USR_C3F4FB4B,A,9.59,A,6.27,B,5.58,A,11.59,A,8.76,B,5.27,B,11.63,A,6.41,A,6.94,A,10.04,12.1635,78.4084
USR_4DC5E105,A,24.95,A,22.34,B,13.46,C,19.03,B,19.06,C,13.62,C,21.81,B,22.99,A,15.28,C,16.74,28.3746,79.022
USR_26F2BF61,A,17.14,C,12.33,C,23.0,B,16.7,B,16.42,B,22.68,C,16.49,C,16.88,B,22.07,B,14.99,24.8411,82.2125
USR_3F940548,C,21.02,D,17.14,B,24.72,C,22.86,A,14.14,A,17.58,D,23.62,B,22.84,A,12.7,B,16.22,22.8436,79.6455
USR_4041E33E,C,15.77,D,23.43,D,23.89,D,4.39,D,17.85,D,22.6,C,8.8,D,36.93,D,19.73,B,13.38,30.3194,76.2187
USR_BAC01934,B,24.05,D,13.39,B,11.89,A,15.58,C,24.2,C,23.0,A,18.65,C,13.66,B,14.52,B,21.22,22.6336,81.0412
USR_63F136CC,A,6.74,B,5.19,A,8.66,A,9.0,A,8.88,D,10.81,A,6.05,A,6.64,A,10.81,A,8.27,13.5259,77.3211
USR_EAEF5AF6,B,18.89,A,16.26,B,16.53,C,11.78,A,23.08,B,17.99,B,16.41,C,16.97,A,24.71,B,25.0,26.1391,79.6256
USR_C0A72A69,C,23.64,A,21.12,A,22.56,B,24.07,C,19.7,C,24.85,A,14.66,A,23.63,B,17.13,B,16.41,17.8401,74.5802
USR_9341F38D,C,20.87,B,21.28,D,16.64,A,6.24,D,3.3,D,14.17,D,35.35,A,24.35,D,14.88,D,29.4,27.7868,79.5539
USR_14F4870D,C,21.49,C,24.92,B,13.11,A,24.18,C,13.95,B,17.32,D,22.24,A,12.28,B,18.53,B,19.71,14.6987,78.7011
USR_D786B2D5,C,24.88,A,13.02,B,19.65,B,10.51,A,14.99,B,23.86,B,19.22,C,14.02,B,14.87,B,13.57,22.0239,80.7752
USR_09475A15,C,18.25,D,15.48,C,15.93,A,12.53,A,17.06,A,23.94,B,24.57,B,15.77,C,21.03,C,17.99,21.6496,78.613
USR_0D17E1EF,D,17.97,A,22.98,C,24.63,A,13.08,B,15.0,B,15.47,B,17.89,A,13.95,A,22.31,C,15.92,23.2003,77.5548
USR_68E40E46,B,19.95,B,21.96,D,15.86,B,23.84,B,11.53,D,19.22,D,13.95,A,21.84,A,16.38,B,24.59,25.3645,80.14
USR_9C03B60B,C,6.79,A,7.0,A,10.97,A,8.78,A,11.31,A,6.4,A,10.49,C,10.94,A,9.42,A,7.34,20.8646,71.8178
USR_B547171B,D,37.07,B,9.04,C,24.53,C,5.09,D,14.99,B,26.76,D,38.18,C,23.81,C,8.55,A,22.42,19.6068,74.2205
USR_DD51C300,C,11.82,B,23.16,A,10.48,C,14.88,A,10.03,C,12.88,A,13.83,B,16.27,C,11.76,C,24.13,27.5831,76.3283
USR_37AF39BB,A,8.12,A,6.81,A,10.44,A,11.41,A,11.09,D,8.37,A,7.55,A,5.67,B,6.23,A,5.14,19.0703,71.0536
USR_4E14EB0C,D,28.35,D,20.96,D,4.72,C,18.67,C,11.02,D,36.54,D,22.4,D,22.33,C,31.85,B,29.07,11.2974,75.7713
USR_8CFAC047,B,22.61,A,10.39,C,21.78,D,20.17,A,21.19,C,11.23,D,10.33,B,22.09,B,23.93,D,19.51,17.5793,74.6908
USR_7C268583,A,17.59,A,13.79,C,21.9,C,22.31,A,11.21,A,15.43,C,18.04,B,22.39,A,20.62,B,21.97,14.0148,78.1523
USR_D2B2006E,A,9.8,A,11.32,A,10.89,A,10.87,A,6.62,A,6.15,A,5.26,A,7.47,A,7.86,A,9.24,19.1398,72.9715
USR_103C92E8,A,14.84,B,17.9,D,10.3,C,33.33,C,4.29,D,34.12,B,19.12,D,31.88,B,2.22,D,10.18,17.3709,72.7799
USR_D26B6563,B,16.23,A,21.05,D,23.73,A,20.12,B,20.52,C,12.14,A,12.34,B,11.15,C,10.73,C,16.36,11.9732,77.693
USR_29D2F87E,C,24.52,C,13.79,A,15.04,B,23.46,A,23.38,B,20.66,B,18.2,B,13.6,C,24.52,A,17.87,28.3278,78.453
USR_BB3AD8C6,B,12.63,A,23.37,A,23.73,D,10.89,C,24.64,C,10.35,C,14.26,C,21.86,C,17.64,D,19.93,14.9245,76.5471
USR_7F197F6C,C,18.4,B,35.89,D,20.61,D,14.09,D,26.04,D,15.66,A,20.23,D,20.25,B,37.88,D,4.15,25.1539,82.606
USR_A91BE93A,B,22.08,A,20.44,A,11.36,B,23.73,B,10.2,A,17.33,C,22.54,A,22.61,B,12.31,A,19.75,18.2804,72.4406
USR_B0737BA6,A,9.36,A,5.34,A,8.64,A,11.67,A,10.99,C,9.4,A,6.69,A,8.14,B,5.33,B,7.05,14.3814,79.5627
USR_72653FE9,B,9.64,A,5.75,A,9.15,A,6.43,B,9.01,A,6.61,A,6.7,A,9.32,A,9.69,B,5.33,18.081,71.4798
USR_02F85C72,A,12.25,B,15.35,A,17.57,C,21.2,A,21.52,A,15.08,A,22.19,B,12.6,C,14.43,B,18.06,12.2527,77.5851
USR_55DBE4A9,C,35.11,B,20.59,A,3.6,C,20.96,D,7.82,A,16.62,B,37.33,D,10.1,D,6.23,D,30.94,27.0653,77.3519
USR_719FD19D,C,22.69,B,23.78,B,10.13,B,11.61,B,14.0,A,11.64,A,10.71,A,20.53,D,18.24,B,14.81,13.6875,79.2263
USR_74A4D75E,C,19.61,D,24.19,B,17.14,C,39.96,D,20.09,D,32.93,C,15.88,B,2.13,B,33.36,C,11.6,13.9905,77.8553
USR_7C61BAF7,B,4.14,D,32.05,C,28.8,B,2.55,D,8.12,C,18.94,B,2.35,B,38.42,D,5.39,B,32.19,17.3439,71.9967
USR_90551B36,A,6.01,C,27.13,B,19.31,D,5.93,C,16.4,D,24.2,B,14.89,C,38.46,D,12.68,A,12.88,24.8738,79.7292
USR_9C7FA0FE,C,11.27,A,16.77,C,23.64,C,18.22,A,10.38,A,17.57,B,14.49,C,18.05,B,10.03,B,22.63,11.7474,75.6053
USR_B8E98CA8,A,6.91,D,5.11,A,11.3,A,5.41,A,5.5,A,8.06,A,9.82,A,11.96,A,10.94,B,5.19,21.2382,79.4921
USR_35309330,B,19.93,A,11.82,D,12.29,A,22.65,B,22.51,D,19.59,B,24.48,B,12.51,B,21.18,D,17.23,23.8632,80.8284
USR_8D542B8C,C,22.04,A,18.12,C,13.4,D,16.18,D,18.22,B,11.48,B,11.0,A,20.99,C,11.85,B,12.51,26.8933,77.3348
USR_8084B238,D,14.3,C,12.04,C,13.17,B,18.83,B,10.14,A,10.91,B,22.39,B,20.96,A,24.38,A,12.55,13.6976,78.583
USR_D075663C,D,12.83,A,11.89,B,23.04,D,20.95,B,16.88,B,24.64,B,15.07,D,22.76,C,18.67,B,10.55,30.3073,78.2673
USR_E16F9DB0,B,13.96,B,23.88,C,16.62,B,21.59,A,15.18,B,21.65,B,14.23,C,15.44,A,14.62,C,14.36,22.5816,78.9711
USR_F78DF446,B,16.5,D,12.21,C,10.77,B,20.94,C,23.65,B,10.93,C,24.43,B,19.33,D,18.58,A,10.33,30.2928,78.2565
USR_58C2A382,B,8.35,B,5.74,A,6.02,A,7.52,A,8.07,B,7.59,A,7.7,A,8.54,A,7.56,D,5.28,23.013,79.8226
USR_0BF04456,B,3.89,D,34.04,C,28.74,D,33.11,B,5.98,C,39.89,C,16.33,C,18.23,D,17.87,C,17.25,26.852,82.776
USR_B9451D11,A,10.06,B,10.0,A,8.02,A,5.5,A,9.33,A,10.12,B,6.65,A,5.97,B,9.8,D,8.35,28.1197,82.3488
USR_B6100B7A,B,16.63,B,18.78,B,12.02,B,15.21,C,23.9,C,17.99,C,23.92,C,17.83,A,24.57,C,21.05,28.2808,81.1541
USR_871FA10E,D,22.34,B,22.87,B,16.24,D,23.05,D,15.08,B,14.84,C,20.56,D,24.14,D,23.3,B,23.94,22.7612,78.0069
USR_3DC87176,B,20.54,C,18.7,B,15.31,A,12.62,A,13.4,B,10.86,A,11.51,B,10.63,A,15.41,A,15.35,22.6571,78.4668
USR_3F1B35B0,C,27.61,A,13.59,D,10.53,C,28.09,D,12.03,C,25.09,D,5.11,D,25.28,C,34.15,B,35.17,20.2473,72.5032
USR_7D87E50D,B,10.76,B,11.04,B,22.66,C,19.54,B,22.14,D,24.96,B,19.31,A,18.7,C,11.06,B,13.48,29.9056,77.9171
USR_7FDD7DDA,D,5.18,B,5.78,A,5.2,A,10.58,A,7.78,D,7.3,A,6.77,A,9.33,A,7.59,A,5.43,26.2037,81.8983
USR_9A5488E4,A,5.15,A,8.65,A,7.54,B,9.86,A,10.99,D,8.03,A,11.25,A,6.65,A,11.5,C,10.56,23.1127,77.9229
USR_E114858E,C,22.36,C,13.4,B,10.95,B,18.22,C,21.51,B,19.06,D,24.95,A,22.48,C,20.37,C,14.76,14.4737,78.0964
USR_86228E99,A,8.23,A,11.02,C,9.86,C,8.65,C,5.7,D,11.41,A,9.27,A,7.95,A,11.5,A,9.08,13.3422,79.3491
USR_E1225F0C,C,18.64,A,18.47,B,14.37,A,19.19,C,20.35,B,20.04,C,21.27,C,10.21,B,15.17,D,15.39,14.5235,77.9672
USR_A7F0C3D2,C,14.61,B,22.96,B,10.11,A,21.64,A,15.27,B,21.44,B,22.36,A,15.37,A,11.22,C,24.45,26.3049,82.1253
USR_A4D99020,C,15.07,C,12.21,A,22.27,A,16.37,C,23.57,B,22.79,B,14.6,D,21.54,A,18.51,B,20.19,17.5621,73.8397
USR_FE4A7ACC,A,10.08,B,10.96,A,11.24,A,10.33,B,5.86,A,9.51,A,9.68,B,8.78,A,11.79,A,10.25,25.2646,82.7236
USR_B69B3CF6,D,18.92,D,17.31,A,10.29,B,23.35,C,14.05,A,11.03,A,10.45,B,13.51,A,19.35,A,24.27,12.5829,77.9793
USR_2132E3DC,B,10.29,C,15.81,B,20.09,B,24.87,B,10.94,C,14.93,B,11.87,A,15.5,B,12.88,A,24.54,22.7613,77.173
USR_9B0C26FB,A,24.74,D,14.02,B,16.68,C,16.15,B,19.3,A,10.46,B,10.02,B,22.49,D,11.26,B,13.04,20.3421,73.2623
USR_0A72DB07,B,23.71,C,18.72,B,15.86,B,12.5,C,14.43,C,10.38,A,10.15,D,11.79,A,16.13,B,10.54,27.8023,82.8135
USR_B6C75843,C,21.9,B,21.68,B,19.35,A,19.47,B,23.6,B,23.13,B,18.07,D,22.33,A,13.5,D,12.39,27.5799,77.6981
USR_B163DC86,A,15.38,B,12.55,B,14.84,A,21.62,C,16.08,B,10.44,C,16.16,C,10.87,A,16.81,A,11.19,22.9034,77.2638
USR_74BED069,C,18.09,A,7.51,D,7.14,D,20.61,C,16.87,D,5.56,C,23.35,A,7.13,D,34.46,D,31.5,23.6964,79.4979
USR_AD90CDC9,A,7.82,B,11.38,A,11.54,A,8.99,A,11.55,A,5.91,A,5.74,D,10.92,A,9.28,A,5.68,26.7238,75.6554
USR_74F7FA3B,B,5.4,B,10.16,A,5.62,B,6.2,B,5.15,A,7.95,B,10.87,A,11.98,A,11.27,A,11.8,12.0844,76.2962
USR_751E48DC,C,12.77,C,20.16,C,23.36,C,17.47,B,17.05,B,21.22,D,10.81,C,20.84,B,18.33,B,24.46,17.6401,74.6564
USR_4FC5219A,A,8.44,C,27.34,D,7.78,B,20.92,D,3.1,C,31.26,D,26.72,D,9.71,B,15.34,A,15.87,26.6258,81.2523
USR_1CCA3416,C,12.34,A,18.6,A,14.55,B,19.8,B,11.02,D,21.96,B,19.19,C,16.62,B,20.2,C,23.54,23.0591,78.7176
USR_AD09C206,A,7.18,A,10.3,B,8.04,A,9.06,A,8.58,A,10.9,C,8.77,A,6.78,A,6.89,B,9.48,27.0635,76.6777
USR_017C4B2B,C,23.41,C,10.61,A,17.57,C,21.34,A,19.02,C,11.54,D,18.22,B,12.1,B,16.25,B,17.67,21.466,78.8479
USR_3D1374A0,A,11.6,A,9.46,A,8.83,B,11.79,D,7.43,A,7.05,A,10.1,A,8.05,C,10.42,C,11.43,28.7077,82.4531
USR_9943C6F8,B,19.09,D,15.08,A,12.17,A,10.55,A,10.65,D,15.2,A,24.37,B,16.94,B,24.36,B,21.0,29.4247,75.8984
USR_DB8B3555,D,18.7,D,21.59,D,9.68,D,10.18,C,11.3,B,31.36,B,34.82,D,25.47,B,31.56,C,16.64,26.9906,79.829
USR_92A034E3,A,15.52,A,15.06,B,16.95,A,10.92,C,17.93,B,20.37,C,16.39,C,24.41,B,22.75,C,10.1,25.5748,82.3056
USR_DF1C06A2,C,20.82,D,33.25,C,28.77,D,27.36,A,36.51,D,12.63,B,5.59,D,23.9,D,29.9,D,37.59,24.369,80.2233
USR_A3200171,D,19.08,C,18.63,B,18.58,A,23.95,D,12.16,B,16.25,C,19.86,C,20.71,B,12.67,B,10.11,12.1182,78.6971
USR_8BEBACAF,A,10.84,A,12.19,C,25.0,B,24.95,B,10.11,B,16.07,B,19.44,B,12.0,B,17.6,B,18.91,28.3109,78.4279
USR_9E0DADDD,B,12.08,D,23.89,B,19.24,B,11.49,C,20.09,A,12.17,B,21.28,B,15.85,C,10.46,A,10.53,13.5767,77.9739
USR_949E9423,C,16.32,B,24.86,A,24.86,A,22.74,B,15.09,B,15.57,A,20.9,D,13.5,B,15.76,A,18.7,26.6935,75.3802
USR_FBF3AEBE,A,11.28,B,20.06,B,15.87,B,24.05,B,19.51,D,20.5,B,18.96,B,16.43,C,23.63,B,10.48,13.9319,76.0055
USR_6038FBB8,A,11.7,B,23.35,B,23.12,C,14.28,A,13.18,A,22.0,C,11.19,B,17.92,C,13.81,C,18.79,29.8044,77.0072
USR_1966146F,B,13.72,B,10.13,B,19.92,B,14.85,B,11.35,A,17.34,B,22.69,B,17.79,C,23.56,A,18.42,28.3445,80.9725
USR_A6E36DB5,B,10.95,A,23.11,C,15.81,B,12.9,C,20.38,C,24.02,C,19.55,C,17.97,D,22.66,A,15.69,26.9276,82.4634
USR_35C6C72C,B,24.77,B,23.19,B,20.52,A,18.24,B,15.59,A,15.46,A,17.2,A,24.22,C,16.06,C,11.51,17.8289,70.9969
USR_0442651C,A,7.31,B,10.57,A,6.2,A,7.28,A,11.09,A,8.87,D,8.28,B,6.41,A,11.06,A,11.0,20.1589,70.9508
USR_DFD8EAF8,A,9.71,A,5.95,A,9.55,A,6.23,D,8.56,B,6.04,A,8.47,A,5.08,A,11.28,A,11.12,13.7053,77.3969
USR_A07AE87F,A,7.94,B,11.42,A,8.19,A,7.37,A,9.83,A,11.98,D,11.52,A,9.99,A,8.07,A,7.2,11.1729,78.249
USR_645A2E15,B,36.4,C,10.81,D,28.45,D,37.12,A,20.65,C,4.04,C,10.85,D,12.26,D,22.79,D,28.21,26.935,82.5374
USR_823BF549,A,14.44,B,22.91,C,11.7,B,11.49,B,11.26,A,11.1,A,18.27,A,10.55,B,14.47,C,15.58,29.5101,78.2597
USR_49028201,C,18.41,B,20.58,C,24.79,B,18.73,C,18.35,B,12.38,B,15.17,C,16.47,B,16.25,C,23.83,21.3998,80.213
USR_C6A7212F,B,14.27,B,10.24,B,10.22,C,12.41,B,18.33,D,19.08,B,17.54,C,12.66,A,10.91,C,24.01,18.4949,72.1083
USR_6800AD9A,B,13.05,D,12.52,A,18.24,B,19.49,A,23.15,B,24.67,A,10.09,B,20.48,A,20.69,B,15.73,11.6649,78.4576
USR_EA86A47A,C,12.27,A,10.36,C,17.02,A,12.72,A,15.22,C,23.66,C,22.02,C,22.07,B,19.95,D,11.21,29.9295,76.4008
USR_0C00F18D,C,22.71,B,18.38,A,18.11,D,12.86,A,17.52,A,24.36,A,17.96,D,16.46,A,13.51,D,17.85,21.6712,79.3861
USR_6CF0BF46,D,27.22,B,7.68,C,36.5,A,37.64,D,20.21,A,16.76,B,7.88,D,35.91,C,17.51,D,4.96,28.4396,80.7138
USR_DF476BB1,A,11.56,A,16.08,A,16.85,B,23.93,D,23.12,B,12.78,A,17.7,A,17.2,C,10.66,B,19.84,13.7731,76.596
USR_75E986F6,C,22.62,A,14.12,C,20.7,B,24.15,D,17.56,B,12.41,C,12.22,A,14.76,C,10.72,B,18.62,18.0925,71.0022
USR_8D3073D8,A,13.78,C,17.5,B,10.86,B,13.89,B,22.99,C,21.75,A,10.02,B,10.77,D,14.99,A,23.16,25.6818,79.9071
USR_4C586BD7,A,8.19,A,7.54,A,6.64,A,6.21,A,8.78,A,10.87,A,7.49,A,5.61,A,11.35,A,8.89,17.8405,73.4929
USR_4535896B,B,18.06,C,12.28,C,13.48,A,20.93,B,15.72,C,17.15,A,15.23,C,11.61,C,13.6,A,24.05,12.0662,76.163
USR_54E559B2,D,18.08,C,11.94,C,13.42,A,11.12,A,10.41,A,18.09,D,13.82,D,24.71,C,13.49,B,21.48,21.9056,80.0174
USR_F8A0E291,B,15.02,B,14.3,D,20.73,A,13.3,D,14.22,B,16.56,B,10.96,B,14.16,C,15.76,A,22.47,27.5739,76.8346
USR_4588E8CA,B,5.7,B,7.36,D,34.25,B,20.42,D,26.97,A,6.08,B,35.16,A,6.57,D,2.66,D,4.99,13.89,77.0523
USR_E7D2AE15,B,15.78,A,19.57,C,22.46,D,11.88,B,18.73,D,19.52,B,16.13,B,18.35,B,17.69,B,20.62,28.5397,79.5163
USR_C2765518,B,23.16,D,20.65,C,20.22,B,34.21,A,3.74,D,34.41,B,15.08,C,26.33,D,2.28,B,34.74,22.1985,77.3512
USR_307939BE,B,10.6,A,24.62,A,24.88,B,17.59,D,18.6,C,21.02,C,12.18,A,11.15,B,16.12,C,15.54,19.0007,74.0382
USR_4229D3AD,C,36.27,C,7.13,D,34.98,D,10.72,C,6.91,C,11.55,C,22.62,D,9.19,D,23.36,D,31.84,13.7332,77.7456
USR_999C8DAB,C,12.71,B,19.44,B,11.54,B,18.15,B,11.98,A,17.75,B,13.38,A,18.84,A,15.42,A,17.59,20.6945,73.0928
USR_E225D5A4,D,19.59,B,25.43,C,31.42,A,23.36,D,18.89,C,34.46,C,20.91,D,3.37,C,38.34,B,18.61,27.5539,75.6632
USR_2FF1355C,A,6.55,A,8.85,A,10.46,A,9.7,A,5.02,A,8.23,B,7.88,A,11.28,A,5.62,A,8.83,13.2827,78.284
USR_57D5DFF9,C,24.0,B,22.93,B,17.55,A,20.1,B,23.3,B,17.45,B,19.92,C,19.39,A,13.56,A,22.31,25.6302,81.5105
USR_1EF3B32F,A,10.71,C,13.43,A,16.24,B,10.58,C,20.37,B,18.28,B,24.64,C,10.64,B,23.79,A,19.55,13.873,75.7886
USR_C662F552,B,23.77,A,14.03,A,16.26,A,20.28,C,15.57,C,16.08,C,16.13,A,23.9,C,11.95,B,24.61,26.6331,81.0563
USR_5DE54D39,C,16.36,C,10.35,C,10.73,D,24.89,B,13.24,D,17.02,A,23.03,C,16.33,C,15.62,B,10.99,21.6732,78.3636
USR_1CD48638,C,14.15,A,12.48,D,15.9,B,19.37,A,18.88,B,19.02,A,11.62,C,10.62,C,12.2,B,14.58,22.6523,79.6277
USR_9EAD71DD,D,18.63,B,15.96,A,13.63,C,24.05,B,15.48,B,12.69,A,11.73,C,18.22,C,21.46,A,18.12,24.9529,81.1093
USR_25EE220F,A,13.87,B,18.02,C,17.01,A,22.66,D,21.9,A,14.73,B,16.16,D,12.05,A,23.28,D,21.04,25.6468,82.1814
USR_0B02A752,B,21.68,A,15.33,D,13.2,B,21.09,C,23.47,B,13.12,C,12.52,A,15.17,C,18.98,C,20.22,26.815,80.6188
USR_6C6D9CFA,A,10.59,C,11.28,B,33.01,C,17.82,D,37.25,C,8.93,B,17.06,D,32.44,D,11.24,C,22.95,11.928,78.9794
USR_D85359E4,B,21.56,B,17.31,A,10.26,B,10.26,D,18.35,C,19.24,C,21.43,C,16.84,A,21.79,A,19.12,28.008,77.0142
USR_66FFE4AF,C,16.15,A,19.09,B,14.34,C,12.69,C,21.02,B,21.9,B,18.55,A,11.44,C,19.38,C,18.17,24.7947,79.7979
USR_2602A6B3,C,30.51,C,29.36,A,36.63,B,14.15,D,34.39,D,38.75,B,31.65,B,5.69,B,3.04,D,10.01,29.077,77.9556
USR_AA115CC7,A,7.68,A,5.25,B,11.62,A,9.88,A,8.73,A,5.49,A,7.96,A,9.5,D,8.42,A,5.64,14.7958,77.1551
USR_37ADAE5B,B,5.59,A,5.82,B,7.83,B,11.81,A,6.13,A,6.15,A,10.29,B,8.74,A,10.14,A,9.81,11.0699,78.3885
USR_8D18009E,C,22.42,B,17.33,B,13.94,C,24.97,C,12.29,D,17.98,C,17.76,B,19.04,B,13.37,A,22.43,14.8633,79.3534
USR_3E5BA051,B,22.1,A,11.85,A,24.34,B,19.73,B,19.63,A,12.96,C,11.86,C,22.76,C,24.36,A,14.35,29.7679,75.6847
USR_938EF08F,B,13.37,A,14.64,C,14.44,B,24.97,D,24.7,A,21.1,B,10.06,C,10.72,B,10.07,C,18.32,27.1437,77.6481
USR_A0802EDD,B,6.43,A,6.0,A,6.47,B,11.19,A,7.72,A,10.53,B,10.5,B,7.75,A,5.48,A,7.25,26.9595,77.1718
USR_81CD2AF0,B,11.26,B,22.42,D,21.77,B,11.0,B,23.28,A,10.86,A,13.45,D,16.41,C,11.96,A,15.24,12.407,79.1593
USR_3A868ACD,C,13.2,C,16.87,C,16.43,D,14.4,B,21.31,B,23.62,B,20.95,A,15.83,B,12.03,B,17.74,22.2671,77.8956
USR_E00C24DB,A,19.41,D,11.91,D,31.17,D,38.56,B,3.84,B,20.9,B,15.18,A,6.21,D,5.26,C,26.35,23.8085,79.108
USR_6468ADE3,B,21.78,B,18.09,B,19.92,B,13.79,B,18.13,C,11.46,C,19.98,A,18.39,B,12.84,B,19.96,24.2436,77.5718
USR_B7CE33E2,D,22.73,A,22.68,A,19.79,A,20.21,A,24.76,C,11.44,B,10.32,C,18.45,C,17.96,B,18.41,23.683,80.0918
USR_5AC1349C,B,5.84,A,8.83,A,5.87,B,8.97,A,11.07,B,11.66,B,6.59,A,10.01,C,6.76,A,12.0,27.2623,77.6851
USR_344B840E,B,24.87,D,23.06,C,15.81,D,5.11,D,29.84,D,19.87,C,34.92,C,6.99,C,11.63,B,2.04,25.7805,82.3836
USR_F59B7224,D,18.83,C,11.19,B,16.68,D,19.59,A,11.32,A,24.18,C,13.59,B,11.82,D,17.07,A,11.4,12.2185,79.5031
USR_C1E6E304,D,20.83,D,20.67,B,23.4,A,13.75,D,22.14,B,16.48,C,22.36,B,10.09,C,19.67,C,20.81,28.7528,80.3012
USR_BE0605AD,B,7.69,D,15.66,B,9.5,A,9.65,C,20.99,D,6.26,D,12.3,D,39.95,B,20.03,A,8.13,20.7895,71.6644
USR_B447BC39,C,11.17,C,13.4,C,15.24,D,29.38,C,37.19,C,5.58,D,24.9,C,25.78,D,9.13,C,32.64,25.743,80.0989
USR_3BF3E047,A,5.45,A,10.2,A,8.72,C,9.86,A,5.03,A,7.87,A,11.7,D,5.91,B,6.78,C,9.51,30.394,75.2707
USR_6B2E0CEF,B,11.38,B,24.91,B,16.48,A,21.77,B,24.54,A,19.78,B,21.17,A,12.46,B,22.96,C,23.42,27.1188,78.9843
USR_DA257B84,D,4.75,D,10.57,D,3.2,B,19.01,D,15.42,D,34.89,C,37.37,B,18.11,C,17.79,C,6.79,17.6479,71.1686
USR_6111B601,A,6.34,A,9.58,A,10.28,A,10.76,A,6.12,A,6.61,A,11.11,A,7.43,A,7.41,B,9.86,26.2586,79.8122
USR_73C881FE,B,35.37,C,29.98,D,19.98,C,32.76,D,25.27,C,24.14,B,14.55,C,35.75,C,4.96,C,29.95,20.5517,73.7484
USR_E797513D,A,12.86,B,11.7,C,14.38,B,13.01,D,21.65,C,11.85,A,10.39,C,12.02,C,24.79,C,18.39,19.5403,72.8192
USR_ED7B9668,C,23.99,C,14.86,C,11.54,A,15.27,B,23.28,C,21.41,C,19.17,A,24.27,A,19.68,B,22.77,28.0169,75.6713
USR_350709B1,B,10.34,D,21.27,D,37.85,B,5.01,C,28.02,D,28.4,D,17.37,D,3.54,D,10.52,B,19.62,20.9667,74.1568
USR_82ACC7E9,A,11.75,A,12.24,B,10.51,C,15.05,C,13.36,B,16.52,B,19.27,B,10.73,B,16.22,C,18.75,18.1908,74.0521
USR_4E0C7373,D,23.17,B,18.25,B,24.87,C,24.13,C,12.15,C,11.37,C,23.92,A,17.54,C,22.5,C,24.09,27.5594,76.1027
USR_09366E10,C,15.64,B,17.02,B,17.26,A,18.9,A,18.34,B,11.17,C,24.16,A,14.08,D,15.13,A,13.91,12.6588,77.1335
USR_5C7FAD85,D,7.35,B,10.09,A,5.51,A,11.8,A,10.34,A,6.58,A,5.55,B,8.4,B,9.42,A,6.71,28.786,75.2952
USR_4A112093,B,39.36,C,28.71,D,10.24,A,27.74,C,19.21,C,36.14,C,31.35,A,10.7,D,36.34,B,8.53,14.0284,76.6102
USR_4C4BDD5C,C,13.99,D,13.85,D,20.12,C,17.57,B,19.78,B,18.75,C,13.81,B,11.22,A,10.4,A,12.24,29.3903,75.4841
USR_889F1904,B,14.33,B,11.86,B,13.65,B,12.85,A,10.74,B,24.45,B,16.96,B,13.7,A,16.25,A,11.92,17.3733,71.0864
USR_B961B17D,C,14.21,C,18.69,A,13.48,D,19.99,B,13.87,A,11.99,B,17.66,A,12.39,C,22.89,A,16.09,26.514,80.3246
USR_9B20538A,B,10.66,B,16.55,A,15.5,B,12.94,B,15.72,A,21.41,C,22.42,A,15.19,C,11.05,A,21.96,21.3472,77.4951
USR_09A9C9A9,B,20.43,B,23.01,C,11.14,C,22.29,B,18.05,B,23.65,B,18.23,D,19.3,B,17.22,B,22.93,24.0155,80.7272
USR_7C480935,C,22.17,C,18.26,B,11.55,C,20.88,C,21.74,A,15.61,A,12.39,C,18.37,A,14.9,B,12.32,22.0228,80.4785
USR_E941C12C,A,10.53,A,10.43,B,6.49,A,8.32,A,5.72,B,7.34,C,6.83,A,5.89,B,8.58,C,10.23,11.8965,77.7602
USR_1775F972,A,9.61,B,10.02,A,5.73,A,11.97,A,7.61,A,9.5,D,10.26,A,11.0,A,11.21,A,5.4,21.8717,77.6172
USR_871E9CE1,C,10.07,B,9.86,A,8.31,A,6.55,A,9.38,A,6.64,D,8.16,A,5.35,A,9.14,A,11.34,17.6169,74.6155
USR_A7E649C3,B,22.62,A,13.4,C,18.39,C,18.66,D,15.27,C,13.67,C,14.36,C,12.18,B,18.44,B,22.77,21.2506,79.385
USR_EDCB2B56,B,13.35,C,23.93,B,17.36,C,15.11,A,19.62,C,11.38,B,16.26,C,19.77,A,22.62,B,11.02,18.1081,73.5345
USR_1B1E04A5,A,18.17,B,23.93,C,14.43,C,24.0,C,20.42,B,18.55,B,24.3,B,13.48,C,21.74,D,11.87,19.4171,73.587
USR_268548CF,C,20.19,B,13.86,A,15.26,A,23.52,A,19.66,C,22.62,C,13.43,A,20.12,B,15.9,A,20.59,23.6301,77.0944
USR_FE4D1583,A,6.61,A,10.14,A,6.66,A,9.52,A,10.77,A,10.33,B,11.95,A,9.13,A,8.61,A,7.54,21.7084,79.7911
USR_FF592FC5,D,14.84,C,11.74,B,20.7,C,13.34,B,16.64,C,27.61,B,15.19,C,31.61,C,22.48,B,5.73,21.8519,77.6803
USR_BCB325AB,B,14.09,A,17.33,B,17.62,C,18.81,A,22.56,A,17.77,A,16.88,A,18.28,C,16.81,A,14.67,27.7457,81.6371
USR_039C39B2,A,26.69,D,3.59,A,31.1,B,30.08,A,3.58,A,14.84,D,29.45,D,38.14,B,29.46,B,22.72,25.3288,81.7903
USR_0D680A7E,D,24.35,D,10.69,C,12.96,B,15.38,D,16.12,D,4.96,D,5.36,C,13.48,C,14.58,D,2.64,23.7357,80.6067
USR_1573C55E,A,20.81,B,17.68,C,10.03,B,21.48,B,11.74,C,21.79,C,21.83,A,12.31,A,17.01,B,23.34,12.6168,79.5283
USR_1E402D7B,D,13.89,B,25.98,D,4.19,D,7.67,A,13.9,D,25.42,B,24.13,C,14.71,C,18.34,B,4.86,19.217,71.9759
USR_8FA06A3D,C,23.24,C,15.02,C,19.33,B,21.16,B,18.55,D,22.3,A,16.4,B,19.13,A,18.35,C,24.22,27.797,78.7248
USR_6460B86B,B,19.52,D,10.97,A,24.72,A,22.46,D,19.28,D,14.87,A,22.7,B,15.74,C,17.26,B,14.88,24.8434,80.4137
USR_A41FB33D,B,11.11,A,23.84,D,15.15,B,12.42,C,14.77,B,24.92,A,16.08,A,11.54,D,12.74,C,10.94,28.0484,78.0619
USR_698E49BC,C,14.68,B,12.32,C,14.22,C,24.7,A,13.48,C,18.88,D,11.49,B,23.37,A,20.6,A,20.41,12.1826,77.0928
USR_66441A0D,B,18.22,B,15.13,B,13.06,C,14.78,D,17.15,B,18.36,A,19.49,B,12.32,C,16.71,B,21.87,22.9167,77.357
USR_A3B79E24,A,15.17,C,22.86,D,18.98,B,22.58,D,16.17,A,16.22,B,16.24,B,10.01,C,22.66,C,12.06,21.7814,79.86
USR_D26137DA,D,19.21,B,12.25,B,21.9,B,24.53,B,14.07,B,16.05,C,23.73,B,16.75,B,12.65,B,17.46,28.7028,79.9626
USR_D81FF62F,D,18.83,B,14.33,A,22.21,B,19.93,B,19.25,A,12.94,A,19.73,A,15.8,B,15.88,B,16.51,27.6745,82.2795
USR_423256FE,A,19.89,C,23.26,D,10.28,C,15.97,A,21.55,B,20.05,C,23.42,A,11.71,C,11.17,B,19.64,26.459,79.6335
USR_B096981F,D,15.0,C,18.59,C,16.86,B,11.66,C,12.25,B,11.25,B,24.67,A,14.93,B,19.01,B,23.03,24.0305,77.2365
USR_A12DB22C,A,5.22,A,9.29,A,11.65,A,7.45,A,10.94,B,11.17,A,11.74,A,11.89,A,9.77,A,8.84,21.5111,79.3946
USR_7932442F,B,22.5,D,14.64,B,20.79,C,21.64,B,15.05,B,12.71,C,15.85,B,20.85,C,14.76,A,22.53,19.1215,73.9244
USR_44234AEB,C,22.85,D,23.35,B,21.01,C,24.33,B,18.6,B,17.64,B,23.05,B,12.62,C,12.17,B,18.08,27.803,76.4637
USR_20ECFA35,D,33.33,D,16.12,C,39.51,B,37.2,D,30.24,C,28.06,D,20.99,D,35.71,C,6.36,D,12.91,11.2784,75.7841
USR_7F8E8282,D,14.67,A,22.36,A,12.53,A,14.46,B,15.37,A,22.17,A,17.49,C,18.92,B,18.97,B,17.27,26.6825,81.3453
USR_E156776B,D,20.07,B,14.01,A,18.42,B,14.19,D,12.96,C,23.1,A,11.41,A,10.36,C,23.14,C,24.09,20.9641,73.899
USR_6A37978F,A,14.28,C,12.26,A,22.44,C,20.5,C,22.07,C,18.46,B,18.68,B,12.94,C,18.25,A,19.46,23.7869,78.8882
USR_B7C7E173,A,11.63,B,10.16,A,10.51,B,12.66,C,14.15,D,19.47,B,21.03,B,13.87,C,14.83,C,19.55,22.5578,77.4584
USR_9B3F2B9D,B,12.12,B,16.76,B,23.72,C,24.68,D,12.41,B,11.93,A,14.59,C,18.4,C,12.64,A,23.81,14.2417,77.5331
USR_5E611FE0,B,24.97,B,21.41,B,16.47,B,11.84,C,10.69,B,19.8,D,11.04,B,21.18,C,15.16,C,21.44,27.2374,77.6775
USR_A7692AB5,A,14.84,C,16.49,B,15.19,D,10.91,B,22.24,B,19.34,B,15.92,D,13.0,B,16.33,B,20.86,13.728,78.4193
USR_E3FD1F22,A,8.5,B,8.93,D,9.58,A,6.73,A,8.21,A,10.53,B,9.4,A,6.62,A,7.83,C,10.07,13.1383,77.7231
USR_103C5BB3,B,16.1,D,12.18,C,13.34,C,18.96,A,20.29,C,11.13,B,14.83,D,18.82,C,20.73,C,23.01,19.789,73.9228
USR_9A6E496B,A,12.81,C,24.54,B,16.11,A,17.87,B,20.86,C,24.02,C,23.51,B,23.14,B,15.27,C,15.41,28.3482,80.64
USR_68ED6200,B,20.8,B,14.45,B,21.23,A,22.01,B,13.7,A,24.18,C,20.68,A,15.03,D,20.71,C,21.5,28.0122,75.7147
USR_17F14067,B,12.7,B,15.64,D,12.99,D,13.94,B,24.82,B,16.32,B,10.77,C,20.57,C,22.54,B,21.83,22.6454,78.7108
USR_E12BCA79,D,18.53,A,15.04,C,21.72,C,22.68,C,21.8,A,11.34,C,14.43,B,24.29,A,19.9,B,22.89,25.2118,82.8368
USR_E89F4789,C,11.03,A,20.8,A,18.64,A,14.54,B,22.42,C,21.29,B,22.76,D,23.41,B,21.36,C,10.3,12.408,75.9486
USR_14614C38,B,15.23,D,11.35,B,15.14,C,15.25,B,21.73,B,18.95,B,20.42,D,16.59,B,17.73,C,20.94,24.1582,77.249
USR_C663E10D,C,17.9,A,20.57,C,24.23,D,18.45,C,13.44,D,23.37,A,24.29,C,11.41,B,11.33,B,24.0,25.9768,81.9448
USR_93DECDF6,A,23.01,C,18.49,B,10.85,B,23.1,C,12.06,B,15.33,B,17.38,B,11.65,C,19.29,B,21.22,30.4867,77.7039
USR_20404519,B,14.88,B,10.89,B,20.01,C,17.63,B,11.42,B,18.83,B,16.56,A,13.04,D,15.53,C,23.78,12.3872,76.5048
USR_3D24D0DE,B,12.49,B,19.52,D,11.77,A,22.88,B,17.45,D,15.41,A,17.63,B,20.76,B,17.52,B,15.81,29.375,78.526
USR_6B01A372,A,11.14,C,7.7,A,8.82,A,5.29,A,10.94,A,7.34,A,5.81,C,6.16,A,7.27,C,7.3,14.5053,77.8959
USR_DFDCE34E,C,23.61,B,11.42,B,20.62,D,22.2,C,12.31,B,12.16,B,11.1,A,13.55,C,23.79,C,21.28,24.7538,79.4344
USR_BBC5CC3E,B,17.74,D,10.06,B,14.39,B,15.38,B,14.04,B,15.89,D,17.21,B,13.91,B,10.7,B,10.91,12.5325,75.7165
USR_AD494F83,B,12.76,A,13.23,C,19.18,C,24.33,C,10.08,B,14.04,C,15.1,B,14.96,A,23.98,A,14.25,19.45,73.7751
USR_BFD1734B,A,6.29,A,9.11,C,8.82,B,9.06,A,11.9,A,5.56,A,8.75,D,7.74,A,6.63,A,9.86,28.8335,79.1957
USR_AFF9999E,B,11.27,A,8.65,B,10.93,A,7.71,A,10.55,A,8.46,D,11.29,B,11.45,A,5.85,A,6.62,28.0112,78.8187
USR_6D52539B,D,18.64,C,14.38,A,11.55,B,18.49,C,14.36,C,21.28,B,11.33,B,14.41,D,16.07,B,13.69,12.8408,76.1579
USR_85B09B69,D,14.4,B,12.76,A,13.23,B,19.37,C,13.29,B,23.38,C,11.72,A,24.93,C,22.26,A,20.13,11.6427,76.1746
USR_5D88F589,C,12.96,B,21.82,A,24.86,B,18.73,A,24.07,D,20.51,D,16.14,C,22.17,C,19.34,C,10.62,20.4799,70.8983
USR_C9238C1C,C,18.57,B,10.38,B,12.44,B,20.9,B,23.08,D,15.28,B,16.26,A,23.87,B,10.48,C,11.88,23.5711,80.1779
USR_72C3A978,D,30.0,C,26.7,D,28.09,C,23.22,B,38.42,C,31.32,B,33.87,D,30.01,B,31.19,C,31.63,25.5017,80.4111
USR_CE682F4B,A,8.01,C,8.88,B,9.23,A,9.03,A,8.17,C,5.78,A,11.37,A,9.79,B,11.74,A,9.4,28.2796,78.0365
USR_741FC109,B,11.23,D,12.31,A,23.57,C,23.57,C,10.49,C,22.92,B,13.05,A,14.84,B,12.72,A,21.38,30.2753,76.2651
USR_A9561A73,B,13.56,B,18.03,B,19.25,C,20.26,B,20.99,D,23.79,C,11.6,C,12.1,C,18.39,B,16.62,29.3297,75.7658
USR_0A194640,B,14.08,D,23.27,C,11.33,C,15.37,A,21.25,B,24.27,A,16.15,B,12.45,C,15.7,C,21.95,11.0466,76.768
USR_596C322C,A,19.78,B,21.14,C,17.16,A,20.52,C,24.46,C,18.4,B,16.94,D,24.14,C,23.77,C,22.79,13.3239,76.897
USR_F3FD210F,C,17.34,B,16.98,A,10.47,A,15.01,B,23.06,C,24.93,A,11.55,B,23.69,A,23.57,D,19.18,20.953,79.0295
USR_438C36A7,A,6.86,A,6.71,A,8.77,A,9.95,D,5.78,A,11.65,A,11.84,A,6.52,A,7.55,A,10.16,27.2376,77.9891
USR_E876F7D9,C,12.85,C,14.95,B,6.2,C,25.81,D,10.4,D,19.72,D,6.09,D,34.84,C,5.26,D,37.44,24.0348,78.4711
USR_44592900,C,24.28,B,12.21,C,19.51,A,15.88,D,13.92,B,18.4,A,24.92,A,11.29,A,14.11,B,24.89,21.2628,78.0556
USR_97B461CF,B,24.15,A,20.84,C,24.69,B,11.6,A,15.91,C,24.29,B,16.17,B,24.74,D,24.71,A,13.63,12.8498,75.8226
USR_C535097A,C,17.76,B,13.98,A,10.99,B,17.04,B,24.7,B,13.93,D,16.11,A,15.56,C,10.72,A,18.81,28.841,75.2373
USR_DAB11CD0,C,17.67,D,19.62,B,10.37,B,15.55,C,18.73,C,16.45,A,15.43,B,12.35,B,12.67,A,20.43,12.3195,76.0228
USR_BEE834D7,A,11.9,B,8.56,C,10.32,A,5.78,D,8.42,A,7.22,A,7.38,A,6.38,C,7.22,A,10.6,19.729,74.3515
USR_85DE4074,A,17.76,C,17.18,B,16.63,B,15.59,B,10.21,B,19.93,C,17.05,B,22.72,B,18.99,A,12.84,13.6863,79.1412
USR_689F89CF,D,4.37,C,24.55,B,12.69,C,2.36,A,33.49,B,17.36,A,36.73,D,13.68,B,17.5,A,30.88,13.6138,78.829
USR_EB3AC762,B,13.45,A,16.9,B,17.65,B,11.81,B,20.58,A,16.53,C,17.8,D,21.3,C,15.76,C,15.8,28.1237,79.2175
USR_5FBDE772,C,17.88,D,11.86,B,19.71,A,17.45,B,19.81,A,12.46,A,14.93,C,14.57,B,12.97,B,20.36,21.2274,77.9323
USR_B2357B32,A,23.87,A,17.9,C,19.53,C,22.14,B,22.51,C,12.11,C,11.38,C,12.58,D,14.4,B,12.7,26.4838,79.4444
USR_C7043DEF,B,24.93,A,18.61,C,21.36,B,21.03,C,17.58,D,13.21,C,14.13,C,16.94,C,20.06,B,15.28,18.4757,74.8085
USR_DBD163DF,B,10.17,B,16.4,B,19.04,B,19.47,B,16.35,A,16.6,C,13.0,D,16.19,C,12.78,C,15.32,23.7071,78.8848
USR_379D37B3,A,18.97,A,16.16,A,18.77,C,10.91,C,19.76,C,19.81,A,19.29,B,18.23,C,21.0,B,12.28,28.7391,78.9838
USR_55F2EA6D,A,10.21,C,9.81,A,10.11,A,11.36,A,5.27,A,5.96,A,6.63,A,7.86,A,9.04,A,10.58,22.3016,79.4476
USR_A5DD28EF,C,16.19,B,14.18,C,18.31,B,15.12,B,24.08,B,13.67,B,20.88,B,16.06,B,10.89,B,12.69,25.4838,82.4467
USR_DB955C9B,B,11.57,A,11.76,B,7.58,A,5.74,A,5.65,B,5.03,A,6.0,A,8.16,A,9.19,A,11.07,26.8088,77.6548
USR_65E656A1,B,18.71,B,12.42,B,11.78,C,10.8,C,14.98,A,11.81,D,21.86,B,18.3,D,20.81,D,15.21,18.8403,73.8863
USR_F8541A8E,C,13.63,B,13.01,C,14.41,B,12.41,B,13.36,A,13.79,B,12.31,C,23.85,A,21.7,C,13.69,28.9417,75.2845
USR_A01F90D7,B,10.21,D,5.85,A,6.85,B,10.87,B,5.75,A,5.9,B,10.69,A,10.06,A,11.65,A,9.92,20.1371,71.3351
USR_4F720C01,B,6.54,B,11.19,A,10.7,C,5.3,A,5.45,A,10.51,B,9.85,A,5.02,A,10.44,B,8.11,17.861,72.4216
USR_D9A47A5C,D,18.97,B,31.74,D,3.71,D,33.39,A,8.44,C,15.1,B,3.92,B,15.22,D,4.02,B,35.61,11.8957,76.8338
USR_A01596AE,B,16.58,B,17.26,B,16.63,C,13.38,A,15.45,B,24.14,B,20.1,D,14.46,B,10.36,C,23.19,17.923,74.638
USR_31808CCB,A,7.01,B,7.12,C,7.39,A,7.24,A,7.07,A,9.41,A,11.28,A,11.22,A,7.23,B,5.36,26.6265,76.7188
USR_2A1797A2,A,12.06,C,13.22,D,15.04,C,20.36,B,20.91,A,13.57,C,18.53,D,11.37,B,24.88,C,19.29,22.5272,80.6845
USR_0E1C72AF,C,11.93,B,13.57,B,14.4,B,36.47,D,5.12,D,11.22,D,22.22,A,15.26,C,15.54,B,19.24,24.9049,81.5623
USR_C9184738,D,16.63,B,16.17,B,19.92,A,10.36,A,21.59,D,13.19,B,17.41,C,15.61,D,13.22,C,12.32,28.4569,78.7028
USR_06AE6140,C,18.87,C,16.5,D,22.04,B,17.43,C,14.85,B,18.13,D,17.83,B,21.65,B,10.59,A,11.88,24.4718,79.628
USR_494A24C1,C,15.49,B,19.07,C,17.75,B,15.86,B,18.54,C,17.61,D,22.88,A,10.48,B,23.46,A,24.99,12.657,75.6618
USR_40416B4C,D,24.02,A,19.6,D,20.51,A,14.8,B,23.85,B,24.51,D,18.83,A,13.85,A,18.17,B,13.22,12.179,78.2036
USR_82FE8EDA,B,15.11,C,14.97,A,10.46,B,22.63,B,18.83,C,20.63,A,14.12,B,10.67,B,18.76,D,19.42,21.5361,79.7512
USR_CCD356C5,A,10.33,B,23.25,A,22.51,B,12.86,D,21.79,A,19.02,D,13.36,D,19.41,B,19.92,B,22.24,14.4578,77.7135
USR_302E82C0,C,6.65,B,9.41,D,11.65,A,8.36,A,6.42,A,7.68,B,6.04,A,6.79,D,11.1,D,9.5,28.0553,82.1365
USR_AC0DAE5D,A,9.76,A,11.92,A,8.57,A,11.78,B,10.24,A,5.89,D,8.45,A,5.12,B,8.15,A,8.49,11.1592,77.3511
USR_502F3F84,B,24.85,C,21.4,A,18.26,A,15.63,C,11.61,B,20.97,A,12.08,C,21.19,C,24.38,B,17.63,29.7142,77.4436
USR_E6801C34,D,2.28,D,31.43,C,21.79,C,3.51,C,12.64,D,5.77,D,15.02,C,21.84,B,25.79,B,3.81,13.7685,76.7175
USR_42D2BECC,B,20.07,A,18.66,C,18.45,C,13.82,B,14.63,A,19.71,B,23.6,B,11.31,B,21.11,B,16.15,26.7807,82.6693
USR_05700324,C,35.23,C,22.71,C,17.93,D,19.32,B,15.94,C,24.98,D,37.02,D,23.38,C,37.07,D,10.66,14.539,79.0116
USR_2E11FD18,B,21.66,D,23.82,C,23.56,C,24.73,C,15.15,C,24.47,B,12.79,C,22.4,B,23.23,C,16.3,23.2693,80.3959
USR_BFE790FC,A,16.55,A,15.94,B,14.95,A,13.84,C,22.32,B,23.28,D,16.28,A,12.58,C,23.55,D,19.82,30.3594,76.2537
USR_FB47FEEE,C,13.04,A,18.72,A,11.94,A,10.18,C,17.09,C,20.16,B,12.06,B,11.95,D,17.27,B,24.33,13.9567,76.3438
USR_5494E4FD,B,8.7,B,14.95,A,26.14,B,31.68,C,26.6,C,31.86,D,35.52,B,16.58,B,9.02,D,9.71,19.8034,73.7135
USR_25F3632B,B,12.46,A,21.18,B,19.04,C,16.03,C,20.14,A,15.84,C,18.42,C,17.51,B,13.48,B,10.58,18.1001,71.0757
USR_9B35C21D,A,20.74,B,22.99,B,13.89,B,20.6,B,21.72,B,11.3,C,24.87,A,21.85,B,12.2,A,23.35,17.4347,71.4484
USR_142C84B7,D,25.58,B,19.76,C,23.52,D,21.42,A,19.98,C,12.68,C,12.84,C,3.77,C,38.21,D,18.38,19.8149,72.0841
USR_05751151,C,26.72,C,30.7,D,11.69,D,27.22,B,21.43,C,28.67,B,21.46,D,19.55,B,2.77,C,7.49,28.1643,78.387
USR_3F59ECC2,D,17.3,A,22.85,B,18.86,A,16.75,B,19.77,C,17.11,C,10.06,B,22.43,A,10.16,D,19.42,26.9959,80.2091
USR_09586D2B,A,22.83,B,19.8,A,18.25,D,24.47,B,19.61,A,12.22,D,20.39,B,16.71,C,23.41,A,18.37,27.005,81.7127
USR_B94F0A2F,C,25.41,D,17.28,C,37.33,A,23.21,D,18.06,C,32.02,D,11.48,A,34.09,B,24.6,A,3.22,29.297,77.209
USR_E2FDC734,C,20.17,C,11.96,C,17.92,C,23.13,C,20.55,B,13.39,A,10.13,A,24.08,D,16.31,C,21.82,12.9858,79.4109
USR_0DE505D7,C,12.61,A,16.53,B,24.75,D,23.18,C,22.76,B,17.2,B,24.47,C,10.15,B,13.82,A,12.11,13.9008,77.225
USR_6825B7E3,B,10.91,A,20.45,C,19.93,A,14.1,A,13.41,B,21.6,C,15.08,A,10.1,D,14.86,D,24.25,28.7546,82.0742
USR_85B86F9A,A,18.37,B,20.47,A,23.41,C,18.58,D,22.81,C,23.09,B,24.81,A,12.88,C,24.22,B,18.56,20.1254,71.2527
USR_08FE4946,B,7.82,A,6.7,A,7.52,A,10.93,A,6.3,A,8.85,A,5.1,B,8.14,A,9.12,A,9.0,17.9929,73.5508
USR_27134484,B,20.79,C,15.01,A,17.68,B,22.61,B,24.99,A,13.19,A,16.65,B,22.3,C,21.78,C,19.79,30.3724,75.3029
USR_59EAD6C0,B,11.55,B,11.14,B,21.28,A,19.23,B,13.13,A,24.49,A,20.7,C,18.36,B,19.57,B,14.83,23.5807,79.5862
USR_059E63F9,A,8.94,A,11.55,A,9.26,B,11.79,D,10.33,A,7.68,A,7.75,A,6.42,C,9.44,A,11.68,12.5389,77.509
USR_8B68C4DC,C,18.97,B,12.38,A,22.12,D,18.78,B,14.78,C,10.12,C,10.93,A,17.14,A,17.14,D,22.25,27.2964,79.2715
USR_E7031B89,C,21.18,B,23.5,B,21.47,B,13.5,A,16.29,B,21.69,B,23.14,D,17.96,B,14.32,B,13.74,17.5319,71.7886
USR_B030334F,D,36.81,C,23.88,C,31.88,D,38.47,D,14.33,D,38.91,B,28.15,A,34.91,D,30.03,D,25.84,13.5469,77.3916
USR_2CBDBDD4,D,11.19,C,24.34,A,10.01,D,10.85,B,12.79,C,22.08,B,15.42,C,21.87,B,12.27,A,20.56,21.0523,77.4774
USR_3C2D0611,D,9.95,D,38.38,D,39.59,C,12.8,D,13.61,C,32.03,B,33.01,C,3.42,C,30.41,B,13.69,11.4169,77.0519
USR_572BD204,C,14.19,C,20.21,A,15.21,A,23.46,B,19.68,B,19.52,B,16.65,D,24.57,D,22.21,B,13.25,18.1047,71.7588
USR_0AAA5656,C,10.52,B,12.27,D,21.3,A,22.3,C,10.99,A,24.37,A,17.5,C,17.94,B,15.87,A,12.8,28.0208,79.1379
USR_86EC3727,C,7.68,B,9.95,D,17.27,C,16.19,C,2.35,D,32.72,D,7.1,D,27.88,D,30.3,C,2.59,19.5048,73.6547
USR_0B8F8739,C,23.54,A,21.89,A,12.25,B,24.25,B,22.7,C,20.38,B,16.29,B,16.11,A,19.22,B,16.68,23.7982,78.1631
USR_715A243C,A,6.25,A,11.27,A,10.14,A,10.07,A,9.42,A,7.79,A,7.38,A,5.59,A,9.86,C,9.19,21.3423,80.5696
USR_8FE74BCC,C,21.18,B,13.6,A,20.17,C,12.72,A,13.48,C,10.0,B,11.94,B,10.41,B,20.87,B,14.59,18.0223,71.2938
USR_382E0DF8,B,24.84,A,15.27,C,18.8,C,20.25,B,11.51,C,21.61,C,24.77,B,16.02,C,17.07,B,22.61,27.5608,81.7015
USR_39C85DEB,C,15.48,B,22.46,A,10.45,B,18.0,C,10.77,A,11.42,B,15.32,A,22.73,B,18.24,B,17.6,22.2249,80.746
USR_A809CA38,A,6.75,A,5.13,A,7.08,A,5.95,A,11.39,A,9.42,A,6.88,A,11.82,A,8.15,A,7.93,28.0256,79.6039
USR_99EAFB80,A,15.68,D,16.77,D,14.23,B,21.54,B,11.28,A,17.42,C,14.16,C,22.73,A,12.29,A,11.63,22.2717,79.7456
USR_5970C79D,C,19.13,A,14.87,B,11.61,B,10.18,A,23.25,C,11.23,A,12.54,B,18.58,B,23.96,B,16.87,26.3987,79.7723
USR_7253EAD0,D,16.51,B,22.49,B,13.78,B,14.72,B,24.98,C,15.47,B,17.65,B,24.98,B,24.91,A,14.59,29.8427,76.8917
USR_1C1FB3B6,B,17.14,C,24.96,C,23.21,B,15.7,B,11.59,C,20.04,C,10.86,C,24.71,A,20.63,B,19.26,23.1738,79.3244
USR_EEBFF924,A,4.65,A,24.61,A,7.57,A,16.04,B,18.18,D,39.02,D,37.49,D,37.81,B,4.49,B,19.02,28.7639,78.9781
USR_12E19D4B,C,16.05,C,11.62,A,14.28,B,21.9,C,11.97,B,11.38,B,20.38,A,17.49,A,21.93,B,12.3,18.5626,74.6198
USR_F5229F60,A,5.04,A,7.36,A,11.6,D,10.64,A,10.45,A,5.72,A,5.76,B,9.74,A,8.53,A,7.4,14.1241,76.2804
USR_D3C11607,D,12.45,B,13.12,A,21.17,C,21.81,B,16.8,C,22.42,A,11.55,B,11.6,A,23.52,D,23.94,26.5575,78.9741
USR_0F51BC42,C,11.5,A,21.28,A,15.62,D,19.05,D,24.99,B,22.16,C,11.58,B,19.58,A,22.82,B,19.33,28.0519,75.6462
USR_31048CD3,B,7.56,A,7.8,A,11.93,A,5.18,A,11.39,A,8.11,A,10.12,A,11.9,A,10.32,A,5.34,29.4136,75.6138
USR_DE95FB38,C,18.68,B,19.16,C,20.41,B,23.42,A,18.98,C,20.45,C,13.54,C,18.87,A,12.55,D,13.6,27.014,76.1675
USR_C59157D4,B,15.09,B,12.19,A,17.92,D,14.44,C,21.7,B,21.38,A,19.72,B,15.78,B,22.34,A,10.0,24.5544,80.4815
USR_C5A80729,A,9.85,A,5.82,B,6.52,B,6.63,B,9.26,A,7.74,A,9.09,A,7.05,A,10.06,A,10.84,27.3627,80.0737
USR_6728E125,C,12.93,C,24.68,C,11.52,B,23.94,D,16.01,A,21.83,B,18.74,C,16.62,B,18.4,C,24.63,23.8579,80.293
USR_66B4A87A,B,11.35,A,18.49,A,17.77,B,16.03,B,11.22,A,18.53,B,18.76,C,14.75,B,22.47,A,21.3,13.3046,78.5491
USR_E70802DC,A,9.35,B,6.03,A,5.8,A,5.78,A,8.78,A,7.69,A,8.33,A,5.69,A,11.32,A,10.37,29.1596,78.9058
USR_4B5BA3DC,B,19.28,B,15.12,B,22.75,B,24.08,D,11.48,B,11.15,A,20.95,B,12.27,A,23.61,A,23.98,23.4188,79.0771
USR_584B9998,B,19.62,B,21.39,B,14.75,B,23.11,A,21.25,C,11.96,B,13.78,A,22.85,B,23.28,A,21.03,21.6813,79.6549
USR_F9EB8633,A,6.26,D,8.61,A,11.2,B,11.25,A,11.69,B,7.99,A,8.37,A,6.02,A,6.1,A,8.56,28.6818,75.9436
USR_5A80F231,D,15.2,A,23.46,B,12.86,B,20.02,A,18.1,A,19.77,B,21.21,B,22.08,A,17.92,D,21.27,22.8316,80.1418
USR_54F81FB6,D,8.01,A,8.26,A,9.14,A,11.23,A,10.06,B,7.0,A,10.3,A,9.5,A,8.28,A,7.0,26.8944,76.9456
USR_CE0129AD,C,11.68,D,16.3,B,12.12,D,23.28,C,23.04,A,20.12,A,17.58,A,22.55,B,21.55,C,21.06,12.9178,77.04
USR_E1BCE258,A,21.45,B,10.08,B,14.13,B,12.18,A,21.54,C,15.06,B,10.65,A,21.43,C,16.35,B,19.08,30.2844,76.0194
USR_169127C6,D,31.62,D,13.2,D,39.13,B,22.36,A,39.45,C,20.31,D,7.25,D,18.39,D,6.29,C,25.12,21.6648,80.7455
USR_A98DF3B3,A,5.29,C,10.92,A,5.89,C,9.15,A,10.53,A,9.27,B,7.71,B,10.47,A,7.32,A,11.93,13.9879,76.6946
USR_3F10A5CE,B,12.67,A,22.8,B,13.81,B,20.65,B,23.61,C,18.89,B,22.89,D,10.53,B,16.29,B,16.4,25.5661,81.6582
USR_660E270C,A,8.2,D,6.07,A,5.37,D,6.69,A,6.84,A,5.86,A,7.23,B,7.37,A,9.33,A,5.23,14.3321,79.4118
USR_78243B39,D,25.67,A,4.64,D,16.54,C,7.7,A,24.31,B,24.4,D,24.83,D,25.37,B,37.65,D,14.73,22.77,80.574
USR_2CF0AB53,D,24.29,C,11.3,A,16.06,B,15.85,C,21.03,B,16.67,C,15.83,A,22.94,B,19.43,A,17.41,19.9046,71.2056
USR_27B9009E,C,19.41,B,18.97,C,23.68,A,23.64,B,11.97,B,21.43,B,12.26,A,24.2,C,16.5,A,19.37,14.0325,78.1737
USR_F8C59B61,A,17.66,C,12.46,A,16.02,A,23.96,A,20.46,B,20.02,B,14.96,B,15.83,B,23.89,A,24.82,19.1236,74.261
USR_5EEC6A24,B,24.96,A,16.46,A,10.33,A,14.97,B,20.01,B,17.56,A,22.96,B,21.71,D,21.76,B,22.0,24.5253,78.6733
USR_8658EE02,B,20.36,B,12.36,C,16.15,C,23.18,A,14.03,B,24.84,D,16.8,A,16.85,C,23.4,A,11.56,23.1484,79.014
USR_9F1F05D5,D,27.2,C,35.77,D,21.11,B,29.04,D,12.2,D,16.5,C,18.95,D,3.99,D,37.61,C,3.98,21.7498,79.4776
USR_9798C783,B,9.13,B,8.88,A,8.34,A,10.43,A,11.28,A,8.0,D,10.54,B,9.07,A,10.56,A,11.56,14.4191,77.3474
USR_FFAFEDA8,D,16.62,C,39.56,D,21.03,A,23.64,C,11.51,D,5.51,D,17.77,D,19.26,D,18.76,D,20.21,29.8506,76.864
USR_57DFD2F0,A,15.42,B,10.63,B,18.65,C,24.66,B,13.14,C,13.17,D,13.55,A,20.89,C,15.37,B,15.76,28.1211,78.1763
USR_4ABFD046,A,16.73,A,21.44,A,21.45,C,10.54,C,11.74,D,15.43,B,12.68,C,16.34,B,10.48,B,17.28,29.2942,77.4284
USR_9CC812D1,B,12.82,B,12.65,C,15.3,A,24.32,B,16.88,C,19.67,C,22.06,B,18.12,C,11.1,B,16.61,22.3574,78.5544
USR_0E6EB691,D,29.86,A,26.94,C,14.64,D,12.57,C,26.13,D,3.22,D,28.65,C,33.12,B,9.61,A,37.81,27.9741,75.293
USR_76F2DD0F,B,10.89,B,19.74,C,23.54,D,10.48,A,12.26,C,15.73,B,20.66,B,22.48,D,10.35,A,24.51,20.4367,72.8153
USR_FA06A0F8,D,10.28,C,12.77,A,7.76,B,22.24,B,28.85,B,21.87,D,24.52,D,16.23,D,8.81,C,35.85,17.1464,71.946
USR_8FA61FE2,D,20.66,B,22.78,A,10.16,D,23.65,C,22.03,C,22.87,A,13.58,A,10.43,B,14.15,A,10.08,23.0268,77.6956
USR_5FF4C327,A,23.56,C,16.07,A,14.09,C,16.05,B,20.57,B,13.95,B,18.88,D,20.23,C,12.07,D,15.15,23.0956,79.0798
USR_003C4B30,A,6.99,A,6.41,B,7.73,A,11.94,B,9.32,A,11.84,A,6.35,A,10.7,A,10.49,A,10.44,27.9766,76.2102
USR_85FF8116,B,26.37,C,19.42,D,26.46,B,8.48,B,37.79,C,32.7,C,26.99,D,7.47,D,10.63,A,5.33,27.9549,82.2138
USR_A87E36BE,C,22.66,C,11.98,B,21.52,D,24.19,B,23.58,A,24.51,C,22.92,A,15.93,B,11.0,A,21.9,11.226,75.7876
USR_F176D1F7,C,23.29,B,22.53,C,21.86,C,16.56,A,19.64,B,17.75,D,12.55,A,20.93,A,17.8,C,19.81,29.1791,75.5239
USR_9D17DEB7,B,13.2,D,11.8,C,12.96,B,23.16,B,16.63,C,10.79,A,18.07,B,23.86,A,17.65,A,24.72,18.0998,72.9843
USR_AA08AEA7,A,10.71,C,16.47,A,18.89,A,16.29,C,13.41,B,22.82,B,24.9,C,21.59,B,11.02,B,10.32,28.1992,79.1342
USR_76B18708,A,8.94,A,8.93,A,11.53,A,9.81,C,10.9,A,8.56,A,6.14,A,5.13,A,5.39,A,8.18,12.0014,77.0836
USR_E67C3DA6,C,13.36,A,24.18,B,11.13,A,11.62,A,10.43,B,11.35,A,14.31,B,19.09,A,10.78,B,12.9,26.4892,82.7549
USR_34872BD4,C,20.58,A,19.46,C,15.22,D,13.85,D,15.96,B,14.22,C,14.63,D,10.55,A,20.98,C,24.94,11.1912,77.9257
USR_AE4C34C4,B,19.0,D,21.68,B,15.15,D,12.61,B,10.28,C,22.0,C,24.61,A,15.57,C,10.49,B,10.39,18.691,74.2029
USR_9536962B,A,19.82,C,11.57,A,14.78,A,19.99,A,10.03,B,16.24,B,19.29,C,11.68,A,12.19,C,24.81,24.8524,80.9939
USR_D32ED56E,B,24.3,A,20.48,C,19.37,D,17.31,A,12.54,A,24.09,A,16.48,C,19.98,B,18.44,C,18.27,29.0355,75.3495
USR_73BC8A3E,A,5.86,C,9.8,A,6.61,A,8.35,A,11.55,D,6.18,A,8.73,A,9.75,A,8.45,A,10.43,24.5098,79.6662
USR_490B12F8,B,5.37,A,10.97,A,11.99,B,6.33,B,10.42,A,5.87,A,7.76,A,9.8,A,5.25,A,8.07,11.6804,77.5099
USR_43B15C14,B,19.87,C,17.6,C,13.59,B,12.22,A,15.47,A,13.97,B,22.36,A,13.03,C,16.69,A,20.83,27.3964,82.536
USR_49752B9C,B,18.05,B,11.19,C,10.41,B,10.68,A,18.08,B,24.16,C,12.94,B,12.64,B,23.26,B,24.65,12.6463,79.5021
USR_91D54586,D,19.35,A,13.04,A,19.32,C,21.78,C,22.79,A,15.14,B,14.11,A,15.68,B,10.46,A,15.79,28.8194,76.0447
USR_9B96B28F,B,21.34,B,20.71,B,20.01,A,24.25,A,17.61,B,10.48,C,17.44,C,13.6,D,13.27,B,13.28,11.3344,76.6833
USR_2F70A4D9,C,17.17,A,20.15,B,10.56,D,24.44,B,12.22,B,12.01,B,20.51,C,21.92,B,14.39,B,18.31,13.6277,79.4903
USR_9F1BBC7D,C,12.94,C,4.63,B,14.82,C,26.78,D,19.64,D,35.35,B,14.48,C,25.57,B,28.34,B,4.19,24.9459,80.7575
USR_972D089D,C,24.64,B,23.3,C,17.79,A,16.6,C,18.53,B,23.89,C,13.8,A,16.45,B,19.89,B,10.85,24.3125,78.5564
USR_8AA3A74D,B,13.39,B,23.06,A,11.4,B,13.09,C,16.89,C,23.16,A,24.51,B,12.87,D,18.52,C,13.71,25.7222,81.3789
USR_FC8FDD05,B,21.18,A,13.13,A,20.45,B,14.89,B,13.26,B,22.94,B,22.98,B,11.31,B,18.35,B,12.06,17.8672,71.6608
USR_94409014,B,8.13,A,9.54,A,9.18,A,9.03,A,7.7,A,7.27,B,6.73,A,8.38,B,6.16,D,6.57,30.2567,77.8533
USR_F6EDF4EF,B,15.42,B,21.13,A,13.82,B,15.72,C,10.94,B,14.78,A,12.28,C,17.1,A,15.47,D,15.18,28.7292,75.6662
USR_86159A1B,A,10.98,D,8.66,A,11.84,A,9.25,A,11.11,A,6.55,A,9.15,A,7.1,B,7.69,A,5.62,23.5181,79.4794
USR_032A83C0,A,11.48,A,5.97,A,6.35,A,9.71,A,9.39,C,11.46,A,7.78,A,7.55,A,6.33,A,9.28,11.2553,78.657
USR_A07678DB,A,7.52,A,6.27,C,10.01,A,5.27,B,9.8,A,7.88,B,6.3,A,7.36,B,11.5,B,6.3,29.5103,75.9175
USR_E62C3CFD,A,6.35,B,5.53,A,9.46,B,11.03,A,8.73,A,9.27,A,5.5,B,8.72,A,11.74,A,5.62,28.7147,82.4858
USR_94122F45,B,20.78,B,13.53,C,17.33,C,20.87,C,14.32,A,13.25,B,24.16,A,21.56,D,14.76,C,15.54,26.418,80.7912
USR_8890C460,C,16.45,B,20.93,B,10.32,B,18.3,D,19.33,B,11.53,B,20.52,D,15.26,B,15.24,C,15.54,29.2196,78.739
USR_E863F873,C,14.24,B,17.64,B,17.58,A,12.34,A,20.35,B,12.96,A,21.48,C,10.61,B,21.86,C,17.85,27.406,76.2934
USR_C6469A6F,B,9.2,B,11.58,A,6.6,B,6.06,C,6.43,C,6.42,A,9.31,B,7.81,B,9.6,B,6.79,17.9154,71.0721
USR_4E72E343,B,14.37,C,12.31,C,24.24,C,15.9,B,11.05,B,22.29,B,20.78,B,14.65,C,20.06,A,15.45,27.965,77.7109
USR_639ED7DE,D,27.72,D,37.41,D,4.76,D,21.56,D,30.81,B,17.36,D,22.18,A,8.87,D,18.22,A,32.53,20.0518,72.4275
USR_27ABE881,C,22.76,B,24.32,D,18.58,B,22.5,A,11.63,D,10.59,B,18.61,B,23.16,C,13.24,B,18.05,19.6657,74.6594
USR_DB73576E,B,13.16,C,10.05,C,22.99,C,13.57,B,20.36,A,11.46,B,22.09,D,18.89,B,11.21,D,15.37,25.4034,79.3231
USR_0BBE44DA,A,24.03,C,22.5,B,23.31,C,16.95,C,14.05,C,13.61,B,17.57,C,15.71,B,13.85,A,14.54,30.5144,78.4561
USR_13E72698,C,8.34,D,9.06,D,23.06,C,31.77,A,35.54,A,31.5,C,21.72,D,38.87,A,32.63,A,20.94,26.7342,81.6048
USR_AA6DEA2E,B,10.02,B,11.95,A,19.84,B,21.34,A,20.64,A,16.51,C,20.88,B,16.54,A,19.27,D,10.41,27.0841,78.1372
USR_980E88C9,B,36.18,B,16.03,C,4.05,A,15.78,D,5.36,C,21.13,A,2.43,D,24.03,C,6.08,C,18.45,13.6309,78.2278
USR_F4770E1F,B,20.25,C,24.17,B,21.41,B,10.6,A,21.88,C,11.72,C,12.82,C,11.34,B,20.35,B,12.16,13.1728,77.6944
USR_BB434AB2,D,5.52,D,30.98,D,9.01,D,37.38,B,9.2,D,22.93,C,31.46,D,8.24,D,17.01,C,32.18,29.5187,78.0276
USR_89C309DE,D,21.43,B,12.18,C,22.6,B,10.64,C,23.51,B,14.22,B,18.52,B,19.8,A,16.65,C,22.13,28.3898,76.685
USR_9AF03C17,B,17.08,A,22.12,A,13.93,B,21.94,A,14.61,B,24.87,B,16.85,B,13.61,B,18.13,A,24.75,29.3428,75.2059
USR_B4E8B58C,A,8.68,A,9.02,A,6.33,A,5.96,B,9.96,B,8.36,A,5.65,A,11.84,A,8.13,A,7.33,27.1993,79.833
USR_9F78AFA4,B,11.78,B,15.44,C,22.88,C,20.21,B,20.81,D,15.86,C,12.35,A,10.32,C,23.16,B,19.89,25.4951,82.5025
USR_737A66B1,C,14.68,B,24.27,B,24.72,C,17.08,C,10.89,B,22.22,B,22.57,C,17.73,C,10.19,B,23.25,17.3481,71.2
USR_66214097,A,11.08,B,22.1,D,18.96,A,24.81,B,17.25,B,21.22,C,17.72,B,11.42,A,15.17,C,23.26,14.572,76.4864
USR_BA8BFA6A,A,11.23,B,23.96,C,15.06,A,23.18,C,19.77,C,20.53,D,11.42,B,18.08,A,24.64,B,11.53,26.4669,82.6505
USR_94E54D13,A,22.63,A,23.14,C,11.72,A,19.66,C,14.6,B,19.13,B,21.0,C,17.57,D,23.44,C,20.59,25.0201,81.3862
USR_7FD28994,A,9.64,A,9.82,A,11.43,B,11.74,B,8.77,D,5.78,A,9.05,A,11.53,C,7.15,A,9.51,18.4015,73.1798
USR_27AC7216,A,18.45,A,14.16,B,12.85,D,11.8,C,19.45,C,10.22,B,24.37,A,20.38,B,24.28,B,18.58,24.8288,77.6032
USR_DDE8D4EB,D,13.48,D,23.37,C,33.27,B,16.21,B,38.05,C,27.04,B,13.39,D,27.75,B,11.65,C,25.2,12.2831,77.8463
USR_BEC1833A,C,22.61,A,15.69,B,17.82,D,14.31,C,13.91,B,22.69,B,23.63,A,12.11,B,23.44,C,16.57,12.7381,76.9962
USR_066F1E91,C,18.51,C,13.9,B,21.13,D,11.02,A,18.53,B,13.74,B,17.27,B,13.81,C,24.42,B,13.52,26.6969,82.5152
USR_C95D630F,B,16.15,C,22.95,B,16.72,D,17.36,C,16.07,A,13.92,C,15.55,B,16.9,C,19.79,C,19.04,14.6825,77.5033
USR_1B19D73D,B,10.92,A,8.05,A,8.34,B,8.97,A,7.87,B,7.99,A,8.1,A,8.68,A,9.12,A,6.11,18.791,73.1501
USR_44CB2199,A,23.36,A,36.71,D,22.36,B,16.61,B,3.92,D,4.01,C,8.22,C,5.85,D,10.5,D,24.15,11.3306,79.1888
USR_1969F7B8,C,19.8,C,10.83,C,22.65,A,11.61,C,13.41,D,16.63,A,20.12,D,18.77,A,17.8,C,17.89,28.4011,79.1924
USR_32881326,A,20.77,C,20.39,A,12.91,D,17.52,B,21.85,C,20.75,C,15.57,C,11.6,A,10.76,A,16.94,26.9306,76.8051
USR_E892C54B,C,33.05,C,28.63,C,35.4,C,14.06,C,11.04,D,24.68,D,23.06,B,39.0,A,8.29,A,24.4,14.6199,75.9138
USR_C683BB3B,C,19.28,B,28.81,D,21.55,D,29.85,D,6.06,A,10.69,B,39.08,C,33.14,C,20.93,C,22.09,21.039,74.0033
USR_50501F97,D,13.61,B,19.96,A,16.47,C,14.91,A,19.06,B,11.49,B,16.74,B,12.31,A,10.44,C,24.55,27.5239,82.0474
USR_A811965B,B,9.52,A,6.45,A,5.25,A,11.41,B,9.22,A,8.11,B,8.14,A,6.16,A,11.82,A,7.36,27.4302,76.962
USR_85E9B61B,A,14.18,A,21.99,D,19.58,A,23.9,B,23.43,A,16.17,C,22.47,B,10.06,C,19.83,B,18.3,22.9203,78.4061
USR_EAAAD753,C,34.44,D,3.57,A,11.35,D,27.59,A,7.17,C,12.74,D,38.95,A,15.95,B,29.36,D,36.61,27.6115,78.1218
USR_8E85739C,B,17.68,A,22.16,D,17.51,A,22.03,A,12.5,A,10.54,D,19.51,A,24.59,A,19.24,B,24.46,26.5188,82.033
USR_B8FF5D4A,B,22.88,B,13.08,B,24.96,D,37.9,C,18.58,C,27.12,C,35.3,C,16.64,D,25.04,C,11.32,28.9308,79.0167
USR_23B43A36,D,21.74,A,13.68,B,18.79,B,23.89,D,21.09,B,10.43,B,24.73,C,16.6,C,20.33,C,16.88,23.5491,77.5135
USR_F8C576E0,A,18.29,D,18.82,B,21.98,C,11.65,A,24.86,B,19.2,B,15.47,A,13.22,B,18.33,B,17.12,28.2933,79.3934
USR_8603F63D,C,18.2,A,12.61,A,18.07,D,19.67,A,22.96,B,19.71,C,17.94,A,19.19,D,17.91,C,11.49,24.4476,79.1251
USR_C9BDA784,B,11.73,C,11.93,C,19.18,A,16.5,B,23.63,B,18.48,C,18.41,A,10.43,B,20.15,A,13.22,22.6102,78.8746
USR_06F42B9D,A,8.47,B,11.16,A,9.65,B,6.29,C,10.45,B,5.84,B,10.89,B,8.08,A,9.34,A,10.36,22.1906,79.8543
USR_AACCE3AE,B,10.46,C,18.41,B,21.59,C,20.61,C,19.02,D,14.14,B,24.05,A,12.78,B,12.58,C,23.63,13.9008,76.3302
USR_518934A3,A,11.45,B,10.17,A,5.21,A,11.88,B,8.52,A,11.96,A,9.0,A,9.83,B,6.79,A,7.15,27.2971,82.2188
USR_A1A74FD6,A,3.31,D,3.92,D,12.09,C,18.93,C,6.65,D,33.85,B,32.34,D,9.61,C,24.22,C,9.82,14.7358,76.8947
USR_C2C71297,D,11.58,B,20.49,B,20.64,B,15.44,C,18.4,A,23.21,A,11.47,C,14.38,B,12.29,D,10.45,27.7745,82.0115
USR_984D361D,D,16.11,D,14.48,D,24.68,B,32.03,D,34.89,D,6.03,C,19.35,B,31.23,D,4.21,B,32.09,12.7831,79.5009
USR_2FE8CAD8,B,24.19,A,19.52,C,11.67,D,24.55,C,18.16,B,10.34,C,13.1,A,24.84,D,21.65,A,12.54,20.8006,73.8464
USR_456AB6C2,C,26.29,B,39.21,A,5.47,C,34.67,B,35.67,D,29.15,A,13.35,D,6.64,C,22.9,D,14.41,14.7636,77.171
USR_85117229,C,20.87,A,22.13,C,22.6,D,10.69,C,20.62,B,22.28,C,14.37,B,20.21,B,20.36,C,20.55,29.2606,79.0049
USR_80095266,A,13.47,B,22.26,A,24.2,D,17.33,B,10.46,A,20.02,A,16.13,B,22.18,B,10.25,B,24.95,17.3395,73.934
USR_56195155,B,13.78,B,18.5,C,10.44,B,23.14,B,19.66,C,20.59,D,11.65,C,16.24,B,18.27,B,11.62,20.8534,72.5891
USR_C6B6F734,D,13.72,D,13.59,B,23.67,D,22.23,D,18.65,D,11.69,D,12.42,D,36.29,A,36.32,D,28.19,13.544,78.337
USR_478CC592,B,19.55,C,15.51,B,11.46,C,18.95,B,19.42,C,12.26,B,11.75,B,10.66,C,24.96,A,22.41,28.1672,77.8983
USR_6F50FCB4,C,23.59,A,13.31,A,14.82,B,24.44,A,24.53,B,13.95,A,23.94,B,18.31,B,20.15,B,20.4,19.7103,73.6037
USR_5D4D910B,B,10.57,A,18.84,B,15.18,B,11.29,A,11.79,A,11.79,C,19.36,A,16.74,B,10.29,A,22.89,27.9417,75.6613
USR_0D0D272B,C,11.61,A,10.16,D,19.92,B,18.76,A,18.59,B,21.57,B,19.01,B,24.66,C,21.24,B,18.17,11.7813,78.1896
USR_4DE7C117,B,16.89,B,14.9,D,17.45,B,15.17,A,24.5,C,13.26,A,16.46,B,19.68,A,11.31,C,21.18,26.4147,80.8897
USR_FD75D19A,B,13.45,B,3.13,C,3.89,A,20.63,B,7.05,A,30.3,C,13.32,D,32.99,A,4.85,D,10.95,30.5409,76.0109
USR_05632236,C,13.62,B,15.94,B,13.73,B,10.49,B,22.81,A,18.84,D,23.0,B,12.89,A,13.73,A,19.29,18.6031,71.7881
USR_061200FD,A,10.03,C,24.87,B,12.07,D,19.19,D,18.17,D,13.0,D,17.3,C,16.31,D,14.38,A,15.4,22.8471,77.4723
USR_AB26335A,A,17.65,A,15.12,B,13.53,B,22.19,B,12.54,B,17.74,C,18.87,B,19.41,D,22.13,B,16.55,28.9846,78.0048
USR_7B2C377B,D,15.09,D,17.86,D,20.77,D,29.06,D,24.75,C,11.13,D,12.83,D,26.39,C,27.98,D,27.41,28.2415,75.4725
USR_8D18B1EC,D,11.23,A,20.09,B,17.64,B,15.78,B,13.58,B,17.88,B,20.16,B,24.33,C,14.55,A,18.48,30.2895,77.367
USR_41336A57,C,10.57,B,16.61,D,21.42,B,12.8,B,22.55,B,19.94,A,17.16,B,13.1,A,24.63,B,22.76,20.9896,72.7608
USR_FB36D58D,B,23.99,D,38.63,C,34.22,B,35.25,D,8.0,C,18.75,B,22.82,B,22.01,A,14.28,C,31.88,28.0343,81.9649
USR_5B670864,A,15.26,C,12.02,A,23.66,C,11.48,B,10.56,A,18.31,C,19.46,C,19.5,A,12.28,A,14.7,22.9746,79.5634
USR_5C2D047D,B,34.51,D,37.45,D,24.5,C,27.11,C,28.22,B,19.77,B,5.62,D,5.84,C,19.11,D,6.6,27.1578,75.4623
USR_99DE201D,B,15.59,C,17.75,C,18.78,A,15.52,B,14.47,D,14.72,A,24.11,C,23.38,A,11.64,B,21.44,17.7242,73.4227
USR_3A9211CC,B,14.65,B,11.17,D,22.38,B,17.22,A,16.06,C,21.19,B,12.76,D,14.73,C,20.91,D,24.26,18.0976,73.5579
USR_B96C9DC3,A,7.21,A,8.22,C,7.54,A,8.54,B,10.0,A,5.0,B,7.8,A,8.01,A,8.68,B,6.83,28.0429,79.5628
USR_1F24C585,C,13.75,B,11.41,D,12.5,B,19.54,B,18.62,C,16.74,B,24.5,D,16.11,A,15.22,D,14.74,26.7738,78.7579
USR_42E7B38C,D,7.74,A,10.4,A,10.39,A,8.72,B,5.98,A,9.04,A,10.36,A,6.55,A,11.34,A,11.08,17.6898,73.8813
USR_7D0BC0C1,B,20.87,B,22.2,D,21.87,B,19.04,C,12.62,B,17.97,A,20.21,C,21.83,B,13.57,B,17.87,23.1829,80.2968
USR_117482F6,D,17.51,D,16.34,A,21.06,A,24.41,A,20.21,D,19.46,D,32.46,C,27.09,B,13.45,B,25.86,28.564,80.6243
USR_BE1EBC98,B,20.13,A,18.41,D,18.64,C,22.29,C,18.4,D,15.07,A,16.55,B,16.89,C,24.65,D,13.64,20.6998,71.7447
USR_82713D7F,A,22.53,C,20.42,B,10.88,B,14.64,D,11.35,B,19.99,C,24.28,C,19.12,B,22.23,A,17.93,19.0182,70.9009
USR_DACF18A1,D,16.54,A,11.53,B,22.98,D,2.34,B,15.52,D,38.88,D,14.77,D,24.69,D,29.59,C,21.21,26.0543,80.5073
USR_E54C02E3,B,19.32,A,23.51,A,17.64,B,11.01,A,15.11,B,15.23,C,19.91,B,17.16,B,14.0,B,17.08,19.7343,72.4301
USR_1BEDE87E,B,16.5,B,10.08,B,11.16,B,11.49,C,24.03,B,19.54,C,18.61,B,17.93,B,22.13,D,20.22,29.3853,77.884
USR_FFD2C0F8,B,18.25,B,16.13,C,13.16,D,20.78,A,13.55,A,19.29,A,18.3,B,21.9,B,12.17,C,15.01,12.6115,77.273
USR_064AFDA3,A,8.14,A,6.08,A,11.17,C,8.45,A,8.28,C,9.09,B,6.8,A,7.72,D,8.02,A,8.29,27.4156,81.7694
USR_673C5C07,B,14.8,B,13.29,B,19.86,A,22.12,A,23.27,B,16.31,B,20.48,B,14.69,C,12.63,C,19.44,23.0365,78.4457
USR_2B6E9296,A,7.61,B,11.02,A,7.55,B,6.37,A,10.05,A,7.92,C,9.92,A,7.88,C,9.42,A,7.96,18.4635,72.1429
USR_64D7A26B,C,36.77,C,39.67,D,22.3,B,15.67,B,19.19,C,19.3,C,14.02,D,37.33,B,5.88,D,26.81,12.5086,76.1978
USR_C92AD7D8,B,14.82,D,24.09,A,14.42,C,15.46,C,18.32,C,21.38,C,22.17,B,15.83,C,12.35,B,18.21,27.6335,78.0574
USR_19F04891,A,11.19,B,8.93,A,7.75,A,9.45,A,7.2,A,8.53,A,5.96,A,7.97,A,11.87,A,5.93,19.3966,71.9927
USR_1263F374,D,31.83,C,29.47,D,11.77,A,24.47,B,30.88,B,38.49,B,6.84,C,14.13,D,14.82,B,31.14,25.0708,82.122
USR_47E61D56,A,19.55,D,10.77,D,16.93,C,10.03,A,13.52,C,17.06,B,12.83,C,23.28,C,10.49,B,21.68,14.1459,76.0273
USR_A52A07C2,B,10.36,A,7.61,A,11.54,D,11.59,A,6.92,B,5.58,D,6.78,A,8.46,A,9.19,A,8.41,18.4428,73.9208
USR_FC76D068,B,24.72,B,23.98,B,17.63,B,24.19,A,17.07,C,15.47,A,13.43,B,10.69,C,11.01,B,10.7,11.258,75.92
USR_F342B93C,B,8.79,A,9.71,A,11.66,B,10.12,A,8.65,A,5.65,A,7.95,A,7.2,B,5.85,A,7.51,22.6314,79.7277
USR_9E3D348D,A,11.57,C,23.82,B,23.0,C,19.88,B,22.32,B,18.72,B,13.85,B,20.63,B,23.61,A,18.94,18.9614,72.4842
USR_9DD2EAA6,C,22.49,B,22.38,B,18.35,B,11.86,D,19.16,C,12.87,B,10.02,B,18.02,B,13.89,A,16.51,19.2456,73.3411
USR_EE34CF72,A,11.8,B,7.28,A,8.87,A,6.22,A,8.35,B,10.3,A,11.08,A,11.29,A,7.52,C,7.85,23.5409,77.394
USR_D0F5D902,C,20.23,D,14.02,C,22.51,B,14.25,A,22.26,D,16.19,D,10.31,A,20.95,A,13.89,B,11.0,11.3077,77.1557
USR_80002522,A,7.27,B,7.31,C,6.55,A,8.93,D,5.96,A,9.93,B,7.71,A,6.56,A,5.21,B,7.92,22.6161,77.2899
USR_138C753D,B,8.22,A,8.67,A,8.11,A,7.98,A,5.4,A,8.72,A,11.55,B,6.74,A,7.88,A,9.24,25.0957,79.6007
USR_EC3D69FA,A,8.34,A,9.01,B,11.64,A,8.85,A,9.11,A,9.22,A,7.17,A,11.09,A,6.65,C,11.25,19.9094,71.2965
USR_4C7A9C8D,D,32.08,A,33.64,D,6.07,B,21.73,C,8.65,D,19.2,B,10.46,C,37.34,C,3.6,D,17.2,18.3527,71.7372
USR_5E86ADD4,B,11.33,B,24.61,B,18.6,B,17.03,B,20.01,B,12.64,A,10.02,D,15.15,B,15.98,B,21.52,28.427,82.6987
USR_18804E50,B,19.29,C,17.61,C,19.29,A,20.24,B,22.11,A,17.19,B,14.4,B,14.66,D,15.68,A,15.43,27.3682,76.2741
USR_E5B1F65B,B,23.55,B,16.88,B,19.06,A,13.82,C,15.47,A,10.89,B,16.01,C,15.49,B,18.81,A,18.93,18.969,74.3749
USR_6E55B6FB,C,9.52,A,6.14,B,10.6,A,5.09,A,8.98,B,11.17,A,5.3,A,7.36,A,11.71,C,6.08,11.7182,77.7588
USR_9F9E6B54,A,8.36,A,10.63,C,10.08,A,6.67,C,9.83,A,5.19,D,10.13,A,7.53,B,9.51,A,6.19,22.4405,79.6065
USR_1E596D4E,A,39.09,C,2.95,B,18.64,C,29.24,A,36.22,D,2.22,D,21.49,D,23.81,B,28.38,C,37.22,18.6455,71.8111
USR_900987E7,A,6.14,A,7.32,A,11.42,A,6.8,D,11.86,B,8.04,A,7.51,A,10.25,B,8.12,B,7.61,27.9533,79.2975
USR_023E7040,B,21.43,B,17.67,C,24.26,B,19.15,A,15.44,A,10.43,C,11.53,A,13.55,B,11.69,B,24.45,27.056,82.6402
USR_A3F2C646,D,21.22,C,38.75,B,36.26,B,31.97,B,17.01,D,9.22,C,23.59,C,7.79,C,14.48,B,7.34,13.4078,75.8109
USR_6DD74100,B,35.6,D,3.6,D,17.78,B,38.55,B,21.28,C,24.13,B,13.65,D,9.77,D,4.13,C,26.31,18.3333,71.525
USR_93F93520,D,14.11,A,11.29,A,18.52,C,18.03,D,20.29,A,11.22,B,17.65,A,11.4,A,18.9,B,19.29,26.5699,82.3241
USR_5FF4E7E8,D,13.17,C,34.82,A,21.02,A,21.92,C,29.56,C,29.84,D,30.4,D,24.79,D,5.23,C,2.24,29.9812,77.6666
USR_3CDE6184,A,17.44,C,18.51,A,13.95,B,23.59,A,23.52,C,18.76,C,20.07,C,24.77,A,18.56,B,15.04,17.2908,71.9895
USR_757BDB6F,A,5.27,A,10.96,A,8.27,B,10.19,A,5.02,B,6.41,A,11.27,A,11.63,C,9.87,B,6.35,29.5273,77.0655
USR_6FA33172,A,11.13,D,24.32,D,20.23,C,15.03,B,19.16,A,16.51,A,19.38,B,24.71,A,10.1,D,11.24,28.369,82.8932
USR_B4D1138E,C,10.37,A,21.36,B,20.76,B,16.84,D,11.32,D,16.15,C,22.15,B,21.95,A,13.66,A,19.47,28.4909,76.9223
USR_D61DB1DB,A,9.05,A,8.74,A,5.83,A,10.03,A,8.25,A,5.54,A,11.23,A,11.4,B,11.05,A,9.88,26.1651,79.2059
USR_C96381EA,A,6.54,A,6.88,B,9.67,A,7.48,A,8.89,A,8.57,A,8.9,A,10.82,A,9.63,A,9.54,28.9913,77.4203
USR_F2A6DA02,C,19.42,B,15.59,B,20.9,A,14.28,C,19.12,B,20.67,C,15.57,A,17.6,D,22.07,A,17.5,12.6298,76.4887
USR_20E06E8A,B,22.81,D,23.7,B,14.48,C,13.28,B,16.85,D,10.92,B,23.88,C,22.74,B,17.1,A,16.4,25.38,82.0481
USR_A0B6FC0E,B,10.21,B,16.81,C,13.89,D,24.75,C,16.13,C,23.0,B,21.61,B,14.97,B,19.3,B,13.2,25.5507,81.5977
USR_C64CA9BA,A,6.73,B,9.85,A,6.87,B,7.75,A,5.26,A,6.87,B,9.58,C,10.72,C,6.35,A,10.19,12.4244,77.1397
USR_BA6071B1,A,10.83,A,6.51,B,10.83,A,10.61,A,7.05,A,11.22,A,5.85,A,11.37,A,7.47,D,7.27,19.7444,74.0743
USR_D4F0CB9C,B,22.37,C,20.78,D,16.99,B,14.21,B,22.39,B,24.27,B,21.89,A,16.93,C,16.64,B,12.99,22.8146,80.8189
USR_E562ABA0,A,21.18,C,15.05,A,23.93,B,13.8,C,13.24,B,23.48,B,17.71,B,21.47,A,19.86,B,14.11,23.0293,78.2319
USR_907FD80F,D,16.48,B,12.57,C,16.28,A,11.85,C,15.02,B,20.71,A,10.83,A,10.27,B,14.89,C,10.42,17.6816,72.4292
USR_24D551EA,A,20.44,B,21.16,B,12.43,C,15.95,C,17.93,D,15.47,A,21.52,C,12.22,B,19.51,B,20.63,30.2027,75.5874
USR_B2253985,C,35.57,C,6.88,B,29.37,C,34.33,D,28.07,C,17.43,C,38.08,D,4.76,D,16.05,D,26.39,25.9067,82.9213
USR_4B3CA9C8,B,21.82,C,18.67,D,14.46,C,11.11,C,21.38,C,24.92,A,11.34,A,12.03,A,21.87,C,20.05,19.4994,74.0648
USR_B4591D40,A,27.61,C,38.73,A,36.42,C,33.65,A,27.68,D,15.63,D,8.11,A,11.85,A,8.0,D,10.05,22.0034,79.8478
USR_7D3823B8,C,3.05,B,5.41,D,14.31,A,36.86,C,36.01,B,14.35,A,5.25,C,38.06,D,27.81,A,14.19,22.6796,80.5056
USR_7D7C1607,B,17.91,A,18.79,B,20.04,A,23.5,A,20.16,A,18.69,D,11.73,A,12.3,B,17.01,C,15.44,29.1606,78.3308
USR_9B22BB69,B,23.14,A,12.51,B,10.71,B,17.68,B,16.08,A,11.95,C,11.51,B,19.27,B,10.25,C,21.63,20.9036,78.1433
USR_0A3C8D13,A,20.17,B,11.46,A,23.37,B,16.38,B,15.28,B,15.12,B,12.81,B,17.07,C,20.0,B,22.83,13.0586,79.0907
USR_B3B17CAA,A,18.81,B,21.71,C,21.97,A,17.08,B,19.21,C,18.18,C,24.06,B,23.86,C,21.88,C,23.78,14.7079,77.6025
USR_CD20CEE7,D,27.24,D,10.64,D,4.97,D,35.05,D,4.49,B,30.62,A,27.18,D,20.28,A,10.0,D,4.04,24.6785,79.0159
USR_B40B1E5B,A,14.61,B,12.96,A,13.23,A,17.69,B,21.96,B,15.29,B,12.05,B,13.88,A,16.36,C,23.42,25.5465,80.2758
USR_3622E31E,A,23.35,D,15.56,B,12.97,C,19.73,B,21.09,B,10.17,B,14.32,D,11.96,D,22.7,C,17.64,21.6733,79.1322
USR_2AE02CC5,B,23.65,A,23.5,C,12.27,C,16.61,A,18.1,C,10.81,B,16.94,C,16.89,B,23.37,C,16.81,17.1644,74.0033
USR_0DBF744B,A,24.26,D,23.67,D,23.59,C,23.23,C,13.44,B,20.09,B,12.67,C,21.69,C,16.18,A,20.67,27.2206,80.1302
USR_FAB08C9C,D,22.56,D,18.68,D,27.98,D,29.9,B,34.34,C,22.09,D,23.31,D,9.81,B,12.68,B,13.81,28.9707,75.9937
USR_A1E334B3,B,14.14,A,13.79,B,21.91,C,16.84,B,13.75,B,18.87,B,23.73,B,20.94,B,13.91,B,20.03,29.0239,75.9288
USR_295E4B8F,B,20.88,A,14.91,D,12.14,D,11.89,C,14.76,D,10.14,A,16.19,D,19.37,B,19.14,D,14.21,20.0627,73.4062
USR_1EFE67FE,C,2.29,D,36.55,C,30.89,D,9.92,C,20.94,B,25.33,D,19.37,D,3.56,B,22.49,C,3.19,25.953,81.9808
USR_123A9939,C,2.41,C,25.55,C,27.01,D,25.81,B,3.86,B,21.14,D,16.34,D,3.29,D,23.5,B,29.9,30.2079,77.3525
USR_AC7A0A01,A,5.02,A,6.05,A,10.77,A,6.38,A,6.54,A,9.73,A,8.75,A,8.68,C,10.69,A,8.69,13.4654,77.2174
USR_F6267CF7,C,19.61,C,13.28,C,23.43,B,20.52,A,16.14,B,22.18,C,12.73,C,15.58,B,17.53,A,19.05,22.4765,77.7218
USR_79FC9593,B,10.66,B,23.71,B,23.41,B,20.53,A,10.91,C,24.34,B,20.92,B,22.08,B,22.18,D,20.11,29.9244,78.9315
USR_32AD8420,C,10.74,D,11.88,B,23.98,A,18.74,A,12.82,D,19.34,A,18.0,C,20.15,D,19.99,B,24.15,20.3278,72.7274
USR_4EBAE45D,C,15.12,C,17.65,C,17.41,A,13.28,B,11.08,B,14.43,D,12.39,B,15.36,A,20.1,B,15.15,13.8218,78.6164
USR_2538A06E,C,20.7,B,35.5,C,33.35,D,3.77,D,28.34,C,38.22,C,3.66,A,14.58,A,38.88,D,22.71,25.4277,80.1383
USR_74D0BB80,B,10.69,A,11.87,A,5.93,A,5.79,D,6.01,B,7.01,A,9.26,A,11.22,A,7.63,B,5.71,22.1209,80.5013
USR_EE26383B,A,5.08,A,5.08,A,10.85,B,6.44,A,10.97,A,11.43,A,7.56,A,7.26,A,5.98,B,11.64,19.035,73.2504
USR_082109AF,C,17.65,B,12.7,C,18.64,B,23.25,B,20.09,D,17.11,B,22.54,C,18.3,B,17.77,D,20.9,21.8693,80.3751
USR_BE47A26D,A,15.02,B,14.28,C,16.48,C,24.48,B,19.39,C,16.78,C,15.5,B,15.84,C,12.62,B,13.94,30.3708,76.2916
USR_9874BA3F,A,23.49,C,30.84,C,38.83,A,28.65,C,19.95,D,11.67,C,11.85,D,5.23,D,13.63,B,2.15,27.687,80.4056
USR_25C5F910,C,13.28,C,11.15,C,19.64,C,21.33,D,17.18,C,13.66,D,11.38,B,20.69,C,20.16,C,12.98,30.219,77.2336
USR_9D815045,A,6.38,A,11.28,A,8.6,A,10.64,A,9.33,A,6.1,A,10.91,B,6.64,A,9.86,A,8.17,30.0404,76.2429
USR_79789E64,D,16.11,B,22.07,B,10.83,C,20.75,B,22.45,C,20.91,D,14.77,C,17.53,B,24.35,B,12.6,21.6079,80.6474
USR_244C44EB,D,21.58,B,18.79,B,16.46,C,12.8,C,11.95,C,21.08,A,17.01,B,10.92,D,17.11,C,14.6,22.7179,79.8843
USR_7A9EBE95,B,24.56,B,18.27,B,24.69,A,16.11,B,23.5,B,21.67,C,20.26,B,14.27,B,17.77,B,20.97,22.8653,78.1945
USR_71038228,A,10.74,A,6.21,A,6.37,B,7.32,A,6.24,A,6.31,A,10.49,A,11.68,A,8.84,A,10.66,24.3121,80.2135
USR_5BC22907,A,19.92,B,5.56,D,11.72,A,31.79,D,33.7,D,21.41,D,26.21,A,6.68,D,8.48,B,5.29,19.787,72.9214
USR_77663CFF,C,21.94,D,21.87,B,22.4,B,14.3,B,17.77,C,20.64,C,13.0,C,11.84,B,12.31,C,17.26,14.85,77.4315
USR_F0986C0C,D,15.98,A,20.88,A,10.12,B,13.5,B,24.92,B,19.77,D,13.12,D,15.37,B,20.36,C,17.29,14.6542,77.4756
USR_81703900,B,22.4,B,12.77,A,21.32,A,17.14,B,14.94,A,13.13,B,14.62,B,17.83,B,16.24,D,24.83,10.9878,79.3804
USR_7F521A84,C,23.77,B,23.13,B,17.27,C,13.21,C,16.51,A,22.05,C,21.1,C,23.05,B,22.39,C,18.88,11.7375,79.2585
USR_FC950B2B,C,5.91,A,30.85,D,26.62,D,36.02,C,8.58,D,37.76,B,27.37,C,36.99,B,38.86,A,15.78,13.8214,77.9581
USR_0CD6B8DE,D,13.11,B,11.92,C,12.09,D,14.18,A,19.36,B,17.08,D,17.97,B,23.02,B,16.6,A,22.64,27.6459,82.0899
USR_7B8B0466,C,24.72,C,6.05,D,30.12,D,33.04,D,23.31,C,5.97,B,29.2,D,36.93,D,27.67,C,22.03,26.0183,80.2152
USR_55A8ECC5,A,20.03,A,11.93,B,21.73,C,23.91,C,14.65,B,21.29,B,18.37,B,14.62,A,22.94,B,20.86,27.0653,81.6994
USR_1D5A369A,C,23.52,C,20.66,A,13.81,B,15.36,D,23.69,A,20.11,A,21.39,B,10.08,B,20.38,A,10.25,26.6312,81.0318
USR_9B938885,C,12.21,D,20.73,B,22.72,A,11.66,B,18.56,A,24.43,A,22.77,B,22.61,B,20.4,B,21.89,18.3106,74.6908
USR_DB51006B,C,23.25,C,34.46,C,3.2,C,39.1,C,19.28,A,15.64,D,15.41,B,5.67,A,20.29,A,27.43,27.0737,76.09
USR_85741D64,D,16.21,B,24.14,D,36.98,D,35.44,D,7.96,C,30.02,D,27.76,A,15.77,D,18.47,C,34.36,24.8712,82.3329
USR_2419C824,C,21.15,A,14.06,C,10.93,B,15.6,D,22.88,B,24.18,B,24.78,C,12.21,A,12.09,A,12.43,23.4553,79.1004
USR_58F762E0,C,17.29,A,19.59,B,21.38,B,16.07,D,15.51,C,10.68,A,24.48,B,24.64,D,24.9,B,19.48,30.3512,76.0255
USR_04D832DF,B,19.06,C,21.48,B,24.01,B,13.79,A,12.38,A,16.18,B,22.44,B,22.87,C,12.67,C,15.72,18.6459,73.7474
USR_F0102CF6,D,10.94,C,14.84,A,20.21,B,13.77,C,24.51,B,20.08,A,14.44,C,11.69,B,23.16,A,22.91,28.5416,78.2378
USR_B4A208C5,D,35.98,B,2.7,C,13.98,C,7.86,B,14.16,D,16.8,B,30.43,D,11.89,C,35.73,A,29.18,26.9909,80.0997
USR_1FAB970C,D,21.86,B,11.44,A,10.69,D,15.04,A,22.69,B,14.94,C,13.21,C,12.8,C,10.02,A,13.85,27.8416,76.0624
USR_ECC5CF3B,B,11.12,B,14.28,C,11.88,C,10.41,B,21.26,D,15.61,B,17.43,A,24.91,B,14.12,C,11.02,30.2234,75.422
USR_E1D56B7E,A,5.6,A,7.8,A,10.63,B,6.06,A,5.54,B,7.9,C,11.8,A,10.05,B,9.37,A,11.43,28.0967,82.0304
USR_97755BA1,A,10.63,C,14.03,C,24.04,C,14.01,B,23.69,C,14.76,D,15.3,D,23.13,B,16.64,A,20.18,24.6096,79.4618
USR_9DA030B8,A,5.74,A,8.26,C,11.08,A,10.38,A,6.48,B,9.82,A,11.1,B,9.43,A,6.47,A,9.91,22.9252,80.1206
USR_21510043,A,17.63,C,22.97,D,19.93,B,11.13,B,23.39,C,24.59,A,24.39,D,16.37,A,14.04,D,12.43,12.211,78.688
USR_86151DDD,D,10.72,C,13.0,B,22.5,B,17.24,C,13.81,A,22.54,B,23.95,A,16.57,A,17.76,B,11.75,14.8664,78.6226
USR_1202BE7E,A,10.58,A,6.48,A,6.64,A,6.23,A,9.8,A,7.79,B,8.74,A,11.35,B,8.15,A,8.0,14.265,75.8414
USR_85017CE1,A,8.36,A,10.0,B,9.75,B,5.6,B,5.95,D,10.89,A,11.27,A,6.73,C,5.81,A,7.68,26.9496,81.3604
USR_47CDFF07,D,7.87,B,20.0,C,29.75,C,22.4,D,39.41,D,38.82,B,31.62,D,17.89,D,12.36,C,31.27,20.9647,71.9118
USR_5B691A17,A,10.96,A,7.79,A,11.38,A,7.17,A,11.55,A,7.87,B,7.73,A,7.28,A,9.76,A,6.95,28.0856,81.299
USR_C141C96F,A,8.62,A,5.2,A,7.48,A,9.86,C,6.88,B,11.32,A,7.04,A,8.99,A,11.06,A,6.71,22.7367,77.9739
USR_46757951,B,20.44,D,2.91,D,36.36,A,7.98,C,31.64,D,5.18,B,14.07,C,4.54,D,30.86,A,34.65,20.7916,74.292
USR_CCA3AF06,D,38.03,B,27.57,D,13.77,B,33.54,A,27.94,D,33.54,D,22.87,C,19.41,D,30.06,C,30.68,20.1149,73.343
USR_3685354D,C,12.16,B,16.49,A,19.7,B,22.02,A,22.64,B,14.01,A,23.16,B,11.99,A,15.39,A,19.46,14.1711,78.5492
USR_10AFDF30,C,29.93,D,3.99,B,21.32,C,13.94,D,24.99,C,13.63,A,26.25,A,35.14,D,22.62,B,13.44,23.2918,79.5309
USR_302A5396,B,37.97,A,14.12,D,14.62,B,37.02,C,2.7,D,36.91,D,29.76,B,15.47,C,20.9,C,5.88,27.5323,78.9985
USR_8B7B919F,A,8.89,A,8.58,B,5.89,A,10.88,A,11.26,A,10.14,B,8.06,B,8.91,A,11.15,A,11.04,21.4526,78.7059
USR_A8C78C65,A,6.27,A,5.02,A,11.75,A,8.94,D,8.77,A,6.28,B,9.58,B,8.73,A,6.17,A,9.04,27.9797,77.4611
USR_9FE69649,C,10.75,C,17.75,A,21.51,B,19.18,A,23.23,B,13.56,B,19.0,C,11.64,A,13.58,A,22.41,28.9756,77.5233
USR_4E4453EC,D,11.29,B,28.69,B,37.41,C,18.36,C,11.71,D,31.54,B,18.69,D,27.85,A,5.53,D,8.81,12.5256,76.3396
USR_B6D0BB10,B,23.49,A,17.0,B,18.71,B,17.11,B,11.06,A,15.91,C,14.57,C,14.14,A,16.93,B,14.03,25.9216,81.2329
USR_CBF810A5,D,22.04,B,21.13,A,19.44,C,12.83,B,24.15,C,15.61,A,14.13,A,16.31,A,23.89,C,14.57,24.8816,81.1714
USR_88CE4E92,D,2.23,D,23.3,D,2.14,A,26.53,D,2.82,A,35.74,B,25.07,B,36.91,C,24.45,C,31.23,21.0966,79.0193
USR_95858391,C,17.72,A,17.29,B,15.69,D,18.25,C,11.09,B,20.44,A,21.84,B,14.77,B,15.27,A,15.36,26.6718,80.295
USR_4E9BE097,B,10.83,C,15.35,B,11.39,D,12.75,C,16.16,A,24.63,D,14.79,B,20.89,B,16.95,B,16.73,21.1602,77.4206
USR_18F68970,D,20.97,D,18.35,D,29.69,C,22.63,D,15.81,D,34.35,A,35.76,B,18.85,D,6.31,D,24.8,22.4513,78.1972
USR_10720079,A,17.47,C,18.32,C,20.69,B,24.49,D,23.76,B,18.23,A,17.53,A,19.06,C,20.93,C,10.58,18.5038,72.4473
USR_B75389D2,C,29.28,A,22.19,D,14.23,C,10.22,A,18.41,B,6.16,C,7.4,B,30.9,B,8.22,D,17.87,28.0372,81.8847
USR_68DED372,C,12.84,D,22.42,D,20.4,B,24.74,A,24.27,B,21.69,A,23.93,D,21.7,A,22.5,C,16.9,28.7238,76.971
USR_805F17E0,B,23.59,C,19.32,C,17.09,B,12.78,B,24.15,B,12.73,C,15.69,C,10.67,B,11.47,B,22.82,26.8382,81.114
USR_0D2430E4,A,7.16,B,6.78,A,11.34,A,5.22,A,7.28,A,8.83,A,8.18,B,6.15,A,5.83,A,8.39,26.9479,79.1295
USR_11C49692,B,20.5,B,10.09,C,11.98,A,20.98,B,12.72,C,15.22,B,10.56,C,10.69,A,18.55,B,18.86,25.1219,81.3006
USR_C66CDFF2,A,7.22,A,9.79,D,7.34,A,9.46,A,7.89,A,9.99,B,6.09,A,11.22,B,10.99,A,5.84,24.0134,79.3961
USR_CC36A512,A,22.64,A,7.92,A,12.96,B,29.99,D,6.53,D,5.43,D,35.06,C,38.47,D,13.86,D,14.15,20.7341,73.1165
USR_6F80522E,A,5.9,A,7.3,A,7.96,A,7.57,A,7.8,A,5.88,B,8.27,B,5.43,A,7.5,A,7.82,14.8982,75.8269
USR_4C0E5ABB,A,14.03,D,17.13,D,14.49,D,21.95,C,13.65,D,16.82,B,13.41,C,16.25,C,20.66,B,10.38,28.4551,82.3194
USR_1ACC5891,C,19.52,B,18.26,C,18.37,B,20.32,B,13.35,B,14.71,B,20.6,C,10.37,A,15.75,A,22.94,17.4359,73.6744
USR_E1775B52,C,20.02,C,17.63,B,18.34,A,16.42,A,13.03,D,19.48,A,22.26,D,12.37,C,15.36,C,23.54,12.6285,78.1901
USR_1403C61C,A,14.17,B,14.67,A,12.44,B,10.92,A,22.59,D,15.71,C,15.2,B,22.12,C,12.66,C,23.04,14.9186,76.4906
USR_8A58D570,B,23.98,B,18.74,C,19.41,B,21.0,B,15.35,A,22.64,B,20.85,B,10.22,A,23.03,B,18.61,20.1393,74.2245
USR_FACA82F2,A,5.37,D,17.46,D,17.55,C,20.96,D,30.85,D,25.17,B,28.02,D,2.12,A,8.4,C,32.49,21.0619,81.0709
USR_13B31FE7,A,20.72,B,13.91,A,15.68,A,11.02,C,23.07,C,11.2,A,10.35,A,13.48,C,15.37,A,13.8,13.9237,76.3235
USR_509A0C6D,B,24.31,C,23.82,C,10.24,B,12.74,A,15.82,A,22.61,C,24.13,A,14.22,A,16.89,C,20.43,13.8986,78.582
USR_DDB2FB48,B,22.33,C,24.97,B,17.04,B,10.01,A,21.69,B,22.8,A,23.62,A,19.62,B,15.4,C,16.29,27.7551,78.4106
USR_5B62FF1D,B,23.58,A,19.77,B,16.05,D,24.8,A,15.54,A,14.41,C,12.78,B,23.75,B,17.32,D,10.42,25.9715,82.1878
USR_32F9750A,A,15.87,A,18.18,B,17.96,A,24.79,A,23.94,B,13.46,B,12.98,B,19.03,A,20.81,C,17.67,28.9748,78.0905
USR_8D713505,C,11.9,B,22.83,D,12.44,B,19.59,D,11.68,B,22.26,B,23.99,A,17.69,B,22.88,B,22.03,19.1218,73.4843
USR_2C461169,D,11.51,C,10.96,B,15.03,A,3.77,C,5.34,D,19.92,C,9.17,C,29.05,D,23.43,B,32.05,12.176,77.0007
USR_382F5A9A,A,6.31,B,10.33,A,9.15,B,11.73,A,7.24,A,11.87,B,7.38,A,6.34,A,6.64,A,7.57,14.2503,79.4302
USR_A3F16FC5,A,19.16,D,14.39,B,12.88,B,19.33,B,23.76,A,22.18,B,17.49,B,20.59,B,22.39,B,10.13,12.7865,79.0347
USR_6B3E4894,C,16.78,B,21.7,A,22.85,C,14.09,B,24.6,B,13.91,B,23.33,C,16.38,A,22.97,C,20.04,11.1677,76.7371
USR_67C3F6E2,A,8.56,A,10.0,B,9.56,A,9.4,A,7.99,A,8.14,B,7.03,A,5.48,C,7.36,A,5.48,21.9028,79.999
USR_D0ED830E,C,8.06,A,6.11,A,11.63,B,10.34,A,10.72,D,11.51,A,5.28,A,9.94,A,5.2,B,11.61,22.2609,77.6586
USR_E6FD53EF,A,14.0,A,19.35,C,11.26,A,17.54,B,19.19,B,12.93,B,21.32,B,19.61,C,13.25,B,13.88,27.0201,77.0387
USR_94F83BAD,A,5.87,A,6.49,A,6.44,A,11.8,A,8.06,B,11.39,A,7.7,A,10.36,A,6.28,A,5.17,25.6222,81.7513
USR_7F66FA00,C,21.62,B,17.26,D,16.49,C,5.56,C,16.08,C,18.41,C,34.99,C,27.66,B,27.66,A,17.84,29.5912,75.318
USR_6C87A85E,D,25.23,B,5.74,B,28.94,C,19.71,D,35.98,C,14.6,C,11.27,D,23.64,D,12.88,C,32.67,27.0978,82.4501
USR_9FE2460E,A,6.21,A,11.48,B,10.38,A,11.59,A,5.19,C,11.75,B,7.68,A,5.84,A,6.78,A,5.03,18.4197,73.6435
USR_C03A8829,C,14.47,A,14.87,B,11.2,C,22.36,B,24.43,D,22.59,C,16.01,B,16.78,C,11.36,B,19.97,28.1496,75.7085
USR_BF982E79,D,10.32,B,24.83,A,10.3,A,22.58,A,23.3,A,18.44,D,19.55,C,22.21,B,18.03,A,19.98,18.1293,71.9495
USR_D1453472,C,21.24,A,21.57,A,22.27,C,23.13,C,12.55,C,13.44,B,18.57,B,18.69,C,24.35,C,18.47,13.0208,78.8819
USR_57F84BAF,C,20.09,B,24.15,B,16.97,B,14.7,B,21.55,A,15.26,D,20.89,A,22.17,D,12.5,A,10.75,18.6542,74.018
USR_038E00A6,B,24.37,B,14.37,A,12.44,B,10.36,A,18.08,D,22.08,B,23.35,C,17.42,B,13.2,A,20.71,17.3069,71.2546
USR_158BE8A4,D,35.74,D,24.71,D,35.6,D,25.36,A,11.15,A,34.64,C,4.12,C,4.65,A,30.12,C,2.75,28.3211,77.0902
USR_D02169E7,A,10.99,A,10.3,A,11.44,A,10.42,A,10.56,B,10.28,B,8.01,C,5.07,B,11.11,A,7.12,20.3421,73.2439
USR_531C127F,B,22.23,A,16.3,C,23.54,C,11.96,B,11.95,B,19.25,C,18.73,A,22.65,A,11.48,B,24.66,14.131,77.6749
USR_556D3080,A,18.07,B,24.17,D,21.94,B,20.26,B,12.24,C,12.85,B,17.44,B,17.61,B,13.27,A,16.47,30.0785,77.8927
USR_EADA8BF4,C,23.67,A,22.76,D,23.04,A,18.64,B,10.95,B,11.26,C,20.91,A,11.17,B,15.58,C,24.32,14.081,76.5963
USR_7660C6A0,A,23.11,B,13.66,B,13.2,B,23.22,A,22.55,A,19.29,A,18.48,C,15.42,B,12.06,B,23.17,20.8264,74.4666
USR_A5B61B66,C,22.3,D,15.19,A,20.03,A,24.28,C,15.52,D,15.11,A,23.5,B,19.18,A,21.93,C,12.91,11.7901,78.4424
USR_E8DE892F,B,29.69,D,36.89,D,17.49,B,22.15,C,7.03,D,36.73,B,28.89,A,29.68,D,12.64,D,39.6,28.3092,80.8258
USR_71629A5D,C,22.99,C,10.49,B,15.99,B,12.12,B,15.71,C,16.48,C,18.54,A,22.62,A,23.03,B,11.51,27.8511,76.7387
USR_ABD21373,C,15.87,B,11.11,C,10.82,B,21.95,B,10.51,C,14.66,A,12.53,C,22.2,B,23.86,B,14.8,22.6183,77.9064
USR_96912CD3,B,13.46,A,22.84,B,22.43,A,16.65,A,22.94,B,17.79,B,15.79,D,18.02,B,17.9,B,10.66,26.7091,82.5321
USR_D20E04E3,C,15.84,B,14.28,D,14.25,A,19.77,D,17.36,B,24.97,B,16.38,A,24.56,A,21.64,A,14.61,14.0897,75.7652
USR_F6BBC890,B,24.49,C,11.22,A,10.54,B,13.04,A,15.99,B,11.51,B,17.57,B,22.74,B,19.73,C,10.63,14.1436,78.924
USR_AE485876,C,8.55,A,9.42,B,9.24,B,7.59,A,6.18,A,10.14,D,7.22,B,8.95,A,5.46,A,5.67,27.1608,79.1583
USR_10CBCD1C,C,33.96,D,38.81,C,22.34,A,32.6,D,28.95,A,23.82,C,12.04,A,29.24,D,36.43,D,35.17,28.236,82.219
USR_FFED79FA,B,16.94,C,12.42,C,10.67,C,21.21,C,18.39,B,17.22,B,21.68,B,23.72,B,17.72,D,24.2,13.2916,79.1332
USR_24FD0449,B,17.08,B,10.59,B,11.23,C,17.77,C,20.19,D,11.78,A,20.12,B,21.06,D,14.75,A,20.07,21.5022,78.6
USR_0ECC07E8,A,14.83,A,13.63,A,10.96,C,23.16,A,10.89,B,20.97,A,10.69,D,12.43,B,14.68,A,14.87,22.6198,78.5451
USR_F678F610,A,13.53,D,11.54,A,24.82,A,12.5,D,14.34,B,17.73,A,18.69,B,19.71,C,14.24,C,20.75,13.3397,77.4115
USR_39046A03,D,11.52,B,17.81,D,21.03,B,18.67,C,13.65,B,16.95,B,13.06,A,20.5,C,10.05,C,18.07,21.7732,79.2155
USR_7D78D6F1,B,35.1,C,8.92,B,7.84,B,9.92,D,38.79,D,16.41,C,12.29,D,20.34,B,22.88,B,34.74,11.7383,78.1774
USR_4D0CD39E,A,11.55,B,5.92,B,9.6,B,11.74,A,10.9,B,6.12,C,5.24,B,6.08,A,9.31,A,6.17,19.9757,70.8754
USR_B2250E61,C,10.58,C,14.86,B,17.44,A,10.93,C,15.21,B,13.12,C,21.26,D,12.79,D,13.3,C,21.87,22.1583,79.0366
USR_E03846D5,C,11.23,A,18.64,B,19.66,B,14.06,A,22.38,B,17.74,A,10.18,B,12.55,C,21.72,B,23.29,28.089,76.4636
USR_533C7FE5,C,31.97,B,24.71,C,21.02,A,8.51,D,30.26,B,32.4,D,15.82,D,18.44,D,22.08,D,10.31,13.8614,77.9788
USR_481D42A2,C,22.86,B,24.53,A,21.43,C,21.95,A,20.75,B,20.59,C,12.8,C,17.98,A,14.06,C,22.54,14.1107,76.4786
USR_F7597285,A,8.7,A,7.92,C,7.23,A,9.93,A,8.89,A,5.57,A,9.54,A,7.04,A,5.1,A,9.29,27.7948,77.5716
USR_8FA6AD6D,A,24.26,B,22.37,B,17.01,B,13.1,D,15.23,A,13.09,B,21.27,B,17.21,B,23.35,B,15.99,20.6291,74.5483
USR_E016879A,B,21.41,B,22.16,B,10.73,B,19.14,C,12.77,A,20.19,A,21.26,B,12.6,C,21.48,C,14.78,23.9277,80.3898
USR_16FAD718,D,16.26,C,28.49,C,14.91,C,18.43,D,28.07,B,21.72,D,34.11,A,37.09,D,11.85,D,31.02,26.5722,81.4053
USR_13D36CD1,B,16.15,B,23.74,D,11.89,B,16.04,C,19.01,B,17.19,A,15.32,B,12.95,A,16.59,B,23.6,23.9474,79.1927
USR_0C98205B,C,15.57,C,18.72,A,20.63,C,12.49,C,14.31,B,13.86,A,17.03,B,24.87,B,11.77,C,17.85,19.6998,74.0446
USR_56397ACE,A,13.01,C,22.39,B,19.42,B,11.14,A,20.22,C,17.41,A,21.94,C,12.49,B,14.31,A,10.93,22.2777,77.2489
USR_4229E58D,C,18.38,A,23.2,B,14.21,C,17.94,B,24.77,D,23.88,C,11.73,B,13.22,B,12.39,D,13.71,12.4943,75.7165
USR_7A2E0B2C,B,19.38,C,17.55,C,13.77,C,16.33,B,22.77,C,23.0,B,20.09,D,13.39,D,12.16,A,15.07,13.792,76.2785
USR_CD5E5C18,A,19.49,C,15.27,C,19.95,C,16.84,C,12.58,C,15.48,A,18.25,B,20.92,C,18.44,C,19.52,25.3571,81.4151
USR_C74E743F,B,15.56,B,24.01,B,16.56,A,24.57,C,22.49,B,17.43,C,15.22,C,15.94,D,19.42,B,11.59,23.2187,77.3855
USR_97654BDD,A,8.35,A,6.32,A,7.59,A,9.99,A,6.6,A,10.14,A,7.81,A,10.79,A,10.12,C,6.1,27.3522,79.4873
USR_E1568F9F,C,14.93,D,18.62,C,15.32,C,17.87,C,19.44,B,20.16,B,20.55,C,14.13,C,22.8,B,14.27,17.1044,72.4462
USR_6A003BBF,C,17.94,B,22.07,C,20.8,B,19.67,B,10.04,C,16.66,D,18.88,D,13.86,B,22.27,B,12.93,26.5553,79.0135
USR_117850E3,B,15.49,B,20.34,C,21.83,B,13.94,B,11.26,C,20.76,B,20.84,C,16.91,B,16.99,A,22.08,11.7618,75.6353
USR_8ADCE92D,D,27.59,C,37.36,C,18.55,D,9.39,B,29.88,C,3.64,B,19.98,D,8.76,C,10.64,B,37.83,25.6111,80.8176
USR_BA997007,D,11.89,A,21.21,A,19.55,C,19.38,B,12.39,B,22.58,C,21.94,C,24.6,B,11.43,C,12.31,20.7282,74.6328
USR_E8985088,C,20.1,D,21.28,C,24.87,A,14.57,A,18.53,C,24.28,B,20.05,B,24.95,D,13.75,A,17.09,18.2264,71.8536
USR_2DF6A40E,D,36.07,D,23.61,C,25.55,D,37.74,C,3.11,D,33.71,C,34.78,D,36.08,D,19.7,B,39.23,27.3586,81.9194
USR_67C0752A,D,16.33,B,19.19,B,23.07,C,10.96,A,13.52,C,23.27,A,18.78,A,23.09,C,22.66,B,17.12,26.2486,82.3764
USR_83EB5FEF,D,28.34,D,2.24,C,27.48,B,15.49,C,9.71,C,36.86,B,10.25,B,6.93,D,7.51,D,7.08,18.5465,73.8524
USR_976A4439,C,16.22,D,11.87,D,17.41,A,18.09,B,14.03,C,19.54,D,22.43,C,18.12,B,14.74,B,10.66,24.1285,79.877
USR_C0508374,B,14.45,B,18.06,D,11.81,D,19.56,D,12.05,B,14.64,A,22.12,C,16.1,B,15.27,C,21.76,20.9193,73.2611
USR_65580430,D,12.35,C,23.84,D,24.99,C,11.11,C,14.14,B,22.51,C,15.85,A,18.5,A,24.32,A,10.09,22.9544,78.7852
USR_4103B99F,B,10.34,D,33.58,D,18.91,B,25.85,D,15.78,B,25.84,C,13.49,C,7.77,B,31.66,D,25.81,26.7174,77.5094
USR_95CE768C,B,19.29,B,21.3,C,18.66,C,15.09,B,11.44,A,22.65,B,13.23,A,22.11,B,23.31,B,19.62,14.0127,79.0094
USR_C3C94089,B,20.39,B,15.61,B,20.54,B,15.86,B,23.67,C,22.3,D,19.27,A,16.75,C,13.14,B,10.74,27.5952,82.0278
USR_E9BB65E4,B,10.04,B,36.28,B,32.87,C,12.22,B,20.43,B,37.3,B,12.07,B,10.61,D,38.57,C,37.62,22.4668,79.0304
USR_BF247883,C,9.44,D,17.32,C,29.57,C,19.37,B,27.16,D,35.84,D,38.91,B,31.54,D,34.93,B,7.5,26.0881,80.2005
USR_1CDF2726,C,14.83,A,23.06,B,17.56,B,10.08,D,23.94,B,10.33,B,12.57,D,12.86,B,21.97,C,16.02,17.3818,73.145
USR_7F5418C7,C,21.65,B,19.69,C,10.44,B,21.57,C,10.32,B,24.38,B,24.39,B,11.41,A,11.35,C,20.25,27.6665,78.4145
USR_4B010E4C,A,9.01,A,9.85,A,11.76,A,10.31,A,6.64,A,10.7,A,7.45,A,8.33,A,5.05,A,8.5,28.9953,76.0351
USR_CF61F5C9,B,8.68,B,13.12,D,39.15,A,9.11,D,9.37,D,9.02,D,20.28,C,15.09,B,28.28,C,39.83,20.6095,74.4714
USR_29D68595,B,8.73,D,38.13,C,18.72,D,5.27,D,31.71,C,7.73,D,9.8,A,3.52,D,37.16,D,27.53,24.6682,77.3475
USR_D0A274C0,C,20.81,C,12.13,C,11.69,A,17.64,B,11.69,B,20.0,D,17.88,D,24.62,B,14.12,B,18.45,13.5295,75.9728
USR_9A865298,A,13.78,B,10.54,C,15.49,A,17.95,C,18.41,B,12.52,C,14.91,A,17.68,B,20.92,B,11.17,14.644,75.8821
USR_3AC1F466,B,22.2,B,21.69,B,21.08,A,14.95,A,16.23,B,11.14,A,22.75,B,22.49,C,20.33,A,17.99,12.1187,79.5031
USR_DA994ED6,A,23.37,A,21.09,D,2.53,D,23.39,A,19.1,C,18.17,B,16.2,C,17.33,D,24.27,D,28.51,12.1631,76.0852
USR_708E24F8,C,13.45,D,16.71,C,13.1,D,10.66,A,20.08,D,23.43,B,17.16,C,16.43,C,20.99,D,10.46,11.7789,79.4347
USR_294B140A,A,5.94,A,10.68,A,6.6,A,5.64,A,6.14,A,8.35,A,8.59,A,8.59,B,10.45,D,8.31,12.1737,76.2604
USR_D536B490,B,23.49,B,20.53,C,18.99,A,23.12,C,21.77,B,22.84,B,22.56,B,18.48,C,23.2,C,15.24,24.1136,78.2344
USR_1DB3864E,C,31.56,B,34.5,C,9.16,A,16.26,D,32.88,A,26.62,D,3.2,D,39.83,D,31.9,B,13.17,17.6646,71.7883
USR_98DAF7E1,A,9.67,B,8.7,A,7.03,A,8.51,A,11.77,A,11.09,B,9.08,B,7.47,A,5.92,A,9.21,26.8387,77.5113
USR_C648EB76,A,10.33,B,5.58,A,8.39,A,9.87,A,5.08,B,8.65,A,7.29,B,7.72,B,10.91,A,8.9,28.0237,82.645
USR_AB504BDC,A,38.97,D,25.62,D,22.81,C,37.34,C,28.79,C,22.38,D,30.1,B,30.24,C,32.76,D,31.48,27.1112,80.2995
USR_C4905662,A,11.7,A,11.89,A,6.57,A,5.17,A,9.24,A,9.32,A,11.74,A,7.1,B,7.97,C,10.96,25.066,81.8853
USR_1ADB4E94,A,9.38,B,11.8,D,7.08,A,7.99,A,6.26,A,5.28,A,9.4,D,5.13,A,6.32,A,11.78,20.4912,74.6521
USR_503554F4,B,10.75,A,11.76,A,8.96,A,7.11,B,6.77,A,8.1,A,9.46,A,9.21,A,10.15,A,7.93,28.4547,80.7425
USR_4BA50CA7,C,11.98,C,26.33,D,34.14,B,27.31,B,14.43,C,24.7,D,2.49,D,8.24,C,37.94,D,19.66,22.2678,78.1936
USR_F6B90D05,C,18.55,A,11.89,A,23.05,B,16.0,C,14.05,A,17.98,A,15.35,B,24.97,B,11.45,A,22.14,25.9091,82.3626
USR_5545D3AD,B,10.05,B,15.47,B,19.03,A,17.18,B,19.01,B,14.69,B,20.36,D,17.23,A,24.92,B,11.66,13.1134,79.4603
USR_5137E42C,A,10.67,A,10.04,A,5.04,B,5.89,A,5.11,A,11.04,A,6.09,A,8.67,A,8.97,A,7.07,27.2041,76.2602
USR_9C57F25B,C,12.9,C,17.09,B,16.08,A,23.98,A,20.46,A,19.07,A,19.17,C,15.48,C,14.25,B,20.87,17.439,72.714
USR_D677B332,A,9.78,A,9.41,A,7.2,D,11.38,A,8.66,A,7.34,C,11.28,A,9.62,A,11.88,B,5.07,25.6558,80.9653
USR_76887175,D,17.96,D,33.28,C,26.92,D,11.75,D,31.05,D,3.36,D,10.75,D,25.47,A,4.41,C,25.57,17.7786,72.2302
USR_6D6D43EC,C,3.98,D,27.51,B,27.71,D,19.43,C,4.27,D,15.69,D,14.1,C,26.74,B,39.13,D,8.29,14.8952,79.2972
USR_CFB5357C,B,7.86,C,27.61,B,20.49,B,32.47,C,21.6,C,6.2,D,8.7,D,3.98,B,14.74,D,31.36,28.5545,77.8938
USR_9A9DE51C,A,31.59,C,25.52,D,9.96,C,21.88,D,32.06,C,15.41,B,23.48,C,33.66,C,29.48,D,10.92,20.0727,72.4416
USR_61809ABC,B,13.37,A,23.06,D,20.44,B,18.51,B,12.47,B,17.26,B,12.88,B,16.94,A,18.49,B,13.08,27.9632,76.9656
USR_6071D7FF,C,5.49,D,28.43,D,36.24,D,30.84,C,8.43,B,6.58,B,30.32,C,33.51,B,23.73,D,16.35,29.8846,78.5862
USR_CAAC21E8,A,23.68,A,20.81,C,22.45,A,20.34,C,24.33,C,20.94,C,19.63,B,11.18,C,19.57,A,18.42,13.1772,76.6431
USR_330F92AC,A,23.79,D,22.82,D,16.43,B,22.28,A,18.91,C,22.97,B,21.0,B,18.35,B,23.86,B,12.86,25.2312,81.1609
USR_186D08C8,B,24.31,B,24.87,D,14.46,A,23.23,B,20.32,A,18.0,D,24.95,B,11.72,B,23.51,A,21.62,12.7407,79.3377
USR_ED777192,A,22.54,C,14.36,B,19.26,B,21.04,B,14.0,A,14.7,B,14.53,A,23.7,A,17.04,B,19.02,13.7986,78.0535
USR_EDEBE1C2,C,23.71,C,39.71,A,6.34,D,8.03,D,27.89,D,13.56,B,20.92,D,11.92,B,32.91,C,35.78,20.012,71.0079
USR_EDBBD795,A,6.64,D,7.24,A,7.11,B,5.42,A,11.27,D,7.79,A,10.65,A,9.34,A,7.6,B,9.48,18.4109,74.6171
USR_F19EBF96,C,15.99,A,13.17,A,18.4,C,24.55,A,18.14,B,10.36,B,24.88,B,14.09,A,13.58,A,12.01,27.6832,82.7061
USR_45D51074,B,16.78,A,16.68,B,16.66,B,21.64,A,12.97,D,14.31,D,15.09,C,24.38,D,10.88,B,14.48,30.4882,78.7832
USR_7B995EB7,A,23.56,A,11.37,B,11.02,B,11.15,B,13.94,A,10.76,D,16.56,C,14.56,D,24.85,A,10.61,13.5849,77.5519
USR_C7491D0C,C,18.42,B,23.26,B,10.33,D,15.34,C,12.52,C,15.64,A,22.53,C,15.43,A,16.37,B,14.93,11.2237,75.8149
USR_8309FA7B,C,17.9,D,12.55,A,19.25,B,17.27,B,14.96,A,13.31,A,17.74,B,10.95,C,13.36,A,21.99,24.5283,81.0569
USR_89DFA32D,A,39.04,B,31.95,A,24.65,D,6.65,B,25.64,D,17.99,C,33.39,C,28.51,D,10.82,C,21.67,28.0663,76.8927
USR_A5D415B4,B,18.43,C,13.7,B,22.15,B,18.42,B,11.78,A,16.2,A,20.89,B,16.7,C,12.02,B,16.42,22.1341,79.143
USR_B0ED2C4E,B,10.93,A,22.45,D,18.23,C,22.4,A,22.99,B,13.74,A,18.98,A,21.8,D,15.75,B,20.14,18.2215,74.24
USR_B91C396A,B,8.27,C,10.01,A,5.33,A,11.56,A,6.49,B,7.67,B,7.28,A,9.99,B,9.41,A,5.98,26.7792,80.5532
USR_F90FA081,C,21.4,C,21.38,C,20.12,A,14.48,B,23.79,A,16.7,C,17.02,B,18.64,B,12.72,C,12.13,30.4969,77.5726
USR_757A9F53,B,19.08,D,14.37,D,36.67,D,31.95,B,32.97,B,38.57,C,31.34,C,2.32,D,13.79,D,35.73,27.3254,77.3781
USR_1304F445,B,16.97,B,13.45,B,22.88,A,15.51,A,15.29,B,15.33,B,13.02,B,18.28,A,24.7,D,19.63,26.9646,76.5776
USR_65039C2E,B,32.71,D,28.32,D,2.52,C,28.39,D,35.99,C,32.25,A,19.91,A,26.23,A,21.33,C,30.99,18.122,71.8916
USR_F6735C8E,C,14.71,D,18.4,B,18.43,C,20.54,B,19.42,C,16.22,B,21.29,B,23.14,A,17.56,A,13.72,20.6233,74.1293
USR_CF36AE08,A,10.96,B,12.7,B,19.55,B,21.84,B,15.45,C,17.18,B,12.47,B,22.31,A,15.36,C,18.32,17.2965,71.9949
USR_2411B886,A,18.03,C,20.24,B,21.3,A,15.81,A,12.89,C,13.1,B,22.16,B,18.19,D,13.02,B,16.55,29.5594,77.9336
USR_E2ECA750,A,8.14,C,9.12,A,8.52,A,5.67,A,5.99,C,6.32,A,6.02,A,6.54,A,11.33,A,11.56,28.2123,82.689
USR_EB634404,D,10.55,D,37.75,B,4.61,A,6.46,B,29.67,D,25.93,A,21.93,A,26.6,D,12.36,C,11.93,19.6271,71.3795
USR_0626BC5D,A,10.46,B,13.97,B,20.0,A,20.63,C,17.28,D,12.15,B,21.84,B,14.3,B,24.78,B,24.72,14.2925,76.2279
USR_5D0D214C,A,13.19,D,20.85,C,23.33,A,19.85,A,24.29,A,18.56,D,13.18,B,19.52,C,22.77,C,18.18,30.0895,78.2648
USR_97126012,C,24.63,D,9.53,B,25.91,D,39.03,B,27.54,C,20.44,D,11.2,C,28.72,D,4.71,D,29.36,22.2502,80.018
USR_DA00296D,B,23.05,A,20.4,B,22.4,D,10.17,B,19.36,A,14.62,C,12.58,B,24.19,B,23.17,B,22.95,12.9422,75.7119
USR_C60D17B1,A,13.37,C,7.17,D,27.08,D,31.71,D,27.05,D,32.91,B,12.13,C,3.37,C,25.19,B,34.14,26.4473,82.9382
USR_0989A926,A,22.85,A,21.7,B,10.8,D,10.32,A,21.74,B,21.17,A,12.64,B,12.98,B,13.46,B,18.88,23.5712,79.6474
USR_275ED604,A,21.0,A,11.16,C,14.35,B,23.52,B,15.6,B,23.59,C,22.65,D,19.49,C,18.0,B,24.17,24.385,77.8728
USR_12BE25B2,A,12.61,C,16.63,B,16.38,B,23.97,A,20.21,D,21.77,B,18.66,C,13.89,C,22.5,A,14.62,25.6862,79.3907
USR_33624A16,B,24.67,B,14.91,B,22.0,D,16.45,A,22.85,C,10.05,A,10.12,A,23.22,B,16.26,C,11.64,23.3521,79.084
USR_90767AE7,A,9.73,A,10.97,A,9.01,A,10.75,B,9.1,D,6.82,A,7.0,A,6.6,A,6.18,A,6.77,12.0107,78.1996
USR_4030323D,A,13.79,A,19.51,A,15.31,B,17.57,C,19.24,B,22.37,B,13.92,D,23.59,B,21.14,B,19.15,28.6319,82.5938
USR_B3960B91,C,10.44,D,23.04,C,21.14,B,21.54,C,21.01,C,15.47,B,23.31,C,14.27,B,20.66,A,16.89,28.5408,75.2329
USR_72F7B883,A,6.72,D,6.98,A,5.07,A,5.7,A,11.66,A,9.46,A,8.57,B,7.44,D,9.05,A,6.97,29.4885,75.5923
USR_B9250C80,B,24.6,A,17.41,C,11.0,B,21.2,A,14.27,C,11.12,B,19.56,A,24.84,D,21.07,A,14.21,28.7582,76.4589
USR_942C3DC1,C,28.83,B,18.89,C,37.62,C,10.84,D,20.77,D,18.7,A,22.37,B,3.3,D,15.21,B,29.0,28.0131,77.0277
USR_95B66865,B,17.02,B,11.65,A,17.74,D,15.09,B,23.31,D,20.52,C,15.59,A,22.03,A,15.98,B,13.26,28.0435,75.8034
USR_9C710BE5,D,5.56,B,34.36,D,24.9,D,9.83,D,30.07,D,11.22,D,19.59,D,12.26,C,37.43,B,32.76,23.2674,77.8977
USR_EDDEEC68,D,37.08,C,17.59,C,14.99,D,39.54,D,34.4,D,31.39,C,26.1,C,8.64,C,27.92,C,35.08,19.3414,73.661
USR_E9B6EBF0,C,18.99,B,10.9,A,20.98,A,11.75,B,18.02,A,17.59,B,19.14,A,12.16,A,12.75,B,24.24,24.4235,80.8953
USR_9AA06B61,A,11.68,C,9.3,A,8.54,A,8.39,A,7.21,A,5.48,A,5.84,B,10.8,B,9.63,A,6.16,17.3143,71.7165
USR_B9E1BC40,B,15.32,B,21.92,D,23.34,C,17.53,B,19.21,B,16.65,C,17.89,B,14.27,B,16.54,B,24.75,30.5121,77.683
USR_3C0DE154,B,20.44,C,15.34,B,23.16,A,20.88,A,21.26,A,20.25,C,14.28,C,18.91,A,12.99,A,13.47,13.072,77.4378
USR_F7B8250E,A,5.98,A,10.05,A,6.38,A,11.09,B,6.86,A,9.03,A,11.34,A,9.57,A,6.43,A,11.68,27.9086,80.8934
USR_21B2902C,B,14.11,B,19.79,B,16.36,A,13.81,A,12.93,D,12.74,C,24.4,B,18.93,C,19.18,A,20.53,17.285,71.1815
USR_452A382F,B,19.42,B,22.41,A,18.31,B,14.29,A,19.5,C,23.8,C,18.89,B,14.07,A,15.97,B,12.62,28.1645,82.2233
USR_18C10F98,A,23.79,A,23.61,C,22.63,B,21.69,D,24.33,C,11.94,C,23.85,B,12.34,B,22.14,B,15.22,20.838,73.4572
USR_C208D499,A,20.4,A,10.61,B,14.84,B,16.73,B,20.29,C,18.7,C,20.17,B,13.82,B,14.07,B,21.52,14.4934,76.0959
USR_C9404D29,B,19.58,B,19.93,C,11.81,B,13.6,C,24.52,D,16.32,B,24.92,C,15.01,A,22.3,A,10.92,26.6773,75.9764
USR_9D10CAB6,A,20.54,C,15.61,A,19.66,A,21.05,A,15.57,A,22.38,B,10.19,A,19.39,A,16.92,B,19.97,19.1402,73.1269
USR_BF55BB31,D,15.57,D,18.79,C,16.52,B,12.81,B,5.25,D,34.56,D,15.4,B,25.79,A,16.9,C,15.25,18.2779,72.7115
USR_5E5E8CA9,D,18.73,B,20.1,B,24.92,C,22.19,B,16.12,A,11.36,B,15.8,B,11.32,A,22.2,B,11.76,21.0456,71.7
USR_DE77447B,B,10.72,C,24.25,A,20.02,D,21.5,D,12.65,A,22.14,C,11.49,B,11.2,C,10.64,D,17.76,23.2038,78.0996
USR_5942193B,D,23.8,A,17.56,C,17.89,B,15.14,B,19.43,D,23.35,B,15.8,B,22.69,B,11.84,B,21.08,30.3141,78.2019
USR_76F42AA4,A,10.45,C,7.32,A,11.83,A,10.59,B,10.7,A,7.02,B,7.79,A,7.97,A,11.01,A,11.23,14.6891,76.9504
USR_0CA875E0,B,24.68,A,7.04,B,32.48,B,24.03,C,17.86,A,26.58,D,31.05,C,24.06,D,8.76,D,12.5,29.3448,77.0783
USR_9953ECD6,B,11.36,A,6.8,A,8.35,A,6.53,A,7.44,A,5.74,A,7.6,A,7.66,A,7.01,C,9.8,27.486,82.0214
USR_1B6C3F1C,A,24.15,A,12.18,C,22.78,C,17.78,B,12.75,C,23.27,A,17.02,B,19.89,B,11.86,A,17.55,25.2982,81.4648
USR_ED259DF7,A,17.41,C,17.66,D,20.96,A,22.87,B,24.15,C,12.25,B,22.64,A,14.85,B,17.98,B,18.62,12.936,75.9384
USR_B5267A9A,A,5.49,A,10.53,A,5.94,A,7.26,A,11.42,A,8.76,A,7.99,A,8.74,A,11.73,B,8.12,27.3705,81.2545
USR_1BE8D163,C,9.39,B,30.18,C,23.01,D,6.21,C,33.82,B,28.44,D,7.75,C,23.27,D,3.04,D,13.71,20.2671,73.9235
USR_566529DE,D,10.13,B,17.98,A,12.23,A,13.91,D,17.7,A,19.07,A,22.06,C,11.15,B,20.6,D,18.54,27.1334,79.9637
USR_20A622B7,B,21.88,B,12.79,C,21.52,B,20.37,B,22.07,D,23.38,A,10.79,B,11.07,B,23.88,B,15.25,17.4795,71.2762
USR_FD328D64,B,15.8,C,21.13,A,12.08,B,14.06,B,13.08,A,23.4,C,24.76,B,12.94,B,21.72,A,23.72,28.2954,81.3024
USR_E7C37AA2,B,11.88,B,5.69,A,5.4,A,8.7,A,5.13,B,9.9,A,6.72,A,10.32,A,11.55,A,8.78,14.0965,76.9844
USR_F4B18405,A,14.76,C,24.59,A,16.59,A,20.08,B,20.14,D,11.71,B,10.0,B,14.89,B,18.17,B,18.52,26.6779,80.1441
USR_7D9EC193,B,21.15,A,17.83,C,17.96,C,17.52,A,10.84,B,20.91,B,15.64,C,12.02,C,20.21,B,20.06,18.7711,73.6636
USR_513377E9,A,15.73,C,23.88,B,15.31,B,18.44,B,17.39,B,18.42,B,12.43,C,20.06,D,15.57,B,22.62,18.3358,72.37
USR_D87E5A53,A,23.62,B,16.77,A,22.78,D,11.1,A,22.53,A,12.15,B,13.11,A,10.04,C,15.06,C,11.11,13.6469,75.6773
USR_5EC3C71D,C,17.26,B,34.42,D,38.52,A,12.06,D,11.08,B,36.97,B,16.22,D,4.07,D,5.27,D,16.2,12.2467,76.4388
USR_EECF2455,A,9.9,A,7.69,B,8.8,A,11.45,C,8.53,B,5.34,A,11.35,B,11.7,A,10.53,C,11.38,28.0664,79.663
USR_FDBD7401,B,24.27,C,19.38,B,12.69,C,21.85,B,14.14,A,11.87,B,13.25,C,22.98,C,14.98,A,17.49,11.8369,77.2813
USR_32F57923,D,25.74,D,11.55,C,23.52,C,31.66,D,22.12,C,17.96,C,17.25,D,4.58,C,24.13,B,16.01,18.6019,73.486
USR_0F56B9F2,C,15.46,B,12.62,C,11.35,B,19.87,A,17.48,A,15.24,C,17.12,C,19.35,B,12.37,D,14.58,26.8014,81.679
USR_13856D20,A,10.28,C,11.53,A,21.2,B,11.04,D,16.4,B,21.27,C,23.33,C,13.86,B,23.74,C,14.04,20.0597,72.3977
USR_EBC03950,A,16.96,B,21.14,A,14.6,C,23.96,B,23.44,C,12.35,A,23.83,A,15.24,C,18.62,A,19.3,24.0484,80.171
USR_9C2EE544,D,22.08,D,21.35,B,19.17,B,15.45,A,20.01,B,14.16,A,21.15,D,19.65,B,15.33,B,19.73,25.8507,79.3248
USR_145EC031,C,10.76,B,18.72,C,12.95,A,16.26,C,15.78,B,16.93,C,15.03,B,23.76,C,17.62,C,16.34,21.0612,79.4543
USR_788DAF84,A,23.59,C,16.02,B,22.2,A,14.77,A,19.0,A,15.73,C,16.7,B,13.94,D,20.11,B,15.77,28.2286,80.8496
USR_C1E11238,D,16.22,B,20.98,B,21.21,D,19.46,C,19.44,B,19.41,A,13.21,C,18.48,B,23.17,A,19.58,18.0396,74.4086
USR_8F319475,B,10.36,A,8.7,A,9.32,A,6.25,A,5.03,B,11.53,A,7.25,A,8.52,B,9.6,A,10.65,24.9075,80.8886
USR_2A413A2C,B,22.05,C,10.62,A,22.99,B,22.77,D,10.75,A,18.13,A,22.56,B,21.42,A,14.86,B,20.87,26.7864,82.0202
USR_58075CCA,A,15.38,A,14.71,C,5.99,D,14.1,C,23.34,C,31.79,A,25.49,D,34.41,C,17.43,D,8.56,28.0326,76.051
USR_35571641,D,33.0,C,11.17,C,34.2,B,14.02,D,18.35,D,37.56,B,14.15,C,27.33,D,32.89,D,39.58,18.4119,73.8629
USR_6DD33EB3,D,2.78,A,28.59,D,22.3,C,38.7,D,22.96,D,39.86,D,32.5,D,13.17,A,30.64,D,4.33,27.9648,77.4821
USR_174ED204,A,9.47,A,9.65,A,7.34,C,8.61,B,9.15,A,11.82,A,6.42,A,9.76,A,9.4,B,6.68,14.3679,77.5469
USR_CDC5CF1A,A,7.05,A,5.33,B,6.47,A,6.43,A,8.95,B,9.59,C,11.64,A,8.77,A,10.29,A,10.75,22.787,80.718
USR_89C3A42A,C,16.7,A,37.52,C,29.24,A,34.4,D,5.61,B,18.99,C,21.1,D,12.67,C,30.92,B,7.87,28.7892,76.6922
USR_72705FC7,B,16.24,B,20.15,A,21.29,D,13.2,D,12.75,D,11.81,D,22.66,B,21.88,C,18.12,B,10.27,29.4758,78.953
USR_2E1AC621,D,30.35,A,21.73,D,22.92,B,7.35,D,11.92,D,4.93,C,12.53,B,2.7,B,26.76,D,38.69,11.333,76.4952
USR_75E5453D,D,16.09,A,14.06,B,24.28,C,16.1,A,14.23,C,21.64,A,23.66,D,12.07,C,23.42,C,22.62,19.5427,70.9883
USR_00EC4DEE,C,24.4,D,11.66,B,29.52,C,24.51,D,20.79,D,29.33,A,25.78,C,33.99,D,27.28,D,32.77,13.0621,75.8815
USR_3D34AD25,C,24.47,B,16.75,A,10.61,A,15.63,C,16.88,C,22.38,B,23.57,B,11.06,B,18.18,B,13.12,20.9107,72.2767
USR_B1F96A81,A,13.77,B,10.42,B,15.14,A,14.33,A,24.53,C,19.52,A,12.75,A,16.57,B,12.6,C,12.34,22.5491,80.0817
USR_B0984C0D,A,5.28,B,11.57,A,7.12,A,8.64,A,5.89,A,11.57,A,9.24,B,10.26,A,10.67,A,8.0,24.2315,77.8475
USR_9FE5FCCD,D,37.91,C,26.46,C,38.62,D,9.8,B,7.23,D,3.2,B,17.03,B,5.23,C,24.45,D,6.06,27.1668,77.8999
USR_E2EC0E82,A,11.11,A,11.7,B,10.4,A,7.23,A,5.93,A,9.2,A,6.26,A,9.5,A,9.3,A,7.95,14.0201,78.6559
USR_53E88FA5,A,6.34,B,7.21,A,9.99,A,7.78,A,6.84,A,7.65,C,9.43,A,6.51,A,9.06,A,7.95,11.9179,76.2218
USR_64B44A63,C,27.46,B,20.43,D,29.4,A,31.84,D,18.57,D,31.21,D,17.91,C,6.42,C,28.54,B,7.56,29.6518,77.8601
USR_5B8A0478,A,14.99,C,20.11,D,19.07,A,20.91,B,13.91,B,22.62,B,14.94,A,11.49,B,23.49,B,17.75,26.5476,80.6166
USR_DB9CF8D9,B,14.43,B,22.87,B,10.86,C,21.8,B,16.58,B,23.89,B,20.03,B,23.35,B,14.44,B,19.55,27.2318,76.29
USR_B2900133,C,12.8,A,15.28,C,12.45,B,11.75,B,24.5,C,24.14,B,17.69,B,12.46,C,23.76,B,23.02,11.589,77.0175
USR_ABEF3796,A,11.91,A,9.46,B,11.59,A,6.29,A,11.26,A,8.6,B,7.46,A,10.17,A,7.62,B,8.97,25.2,82.0748
USR_59481F72,B,5.64,A,6.35,A,8.51,A,11.57,A,11.52,A,8.49,A,7.94,B,9.75,B,5.18,A,6.18,22.3338,77.8323
USR_3E1828B0,B,29.52,A,19.26,C,34.11,B,39.8,B,14.02,D,3.08,A,2.75,C,9.92,C,14.03,A,19.37,24.4741,79.4089
USR_3C5095FA,C,17.82,B,20.7,A,20.51,A,23.29,C,18.98,D,18.82,A,21.87,C,11.18,A,24.75,A,15.31,18.4111,71.4617
USR_604AA88C,A,10.66,A,7.44,A,8.08,A,9.16,A,10.15,A,6.44,A,5.92,A,5.34,A,7.86,D,9.71,13.5996,76.0596
USR_E8173C07,A,21.61,A,12.88,A,20.05,A,23.59,A,10.06,B,12.14,D,13.91,D,14.98,B,21.79,B,24.64,17.7922,72.4747
USR_AAFD2116,C,18.97,A,11.46,B,23.41,B,18.54,D,16.24,D,19.2,A,13.21,C,23.38,A,14.39,A,17.16,22.7287,78.8115
USR_2708762A,C,28.91,A,3.07,D,28.16,A,28.42,B,10.16,A,9.14,C,30.13,D,2.52,D,26.05,D,13.87,30.1826,76.0934
USR_0BDDE6C2,D,10.88,C,16.89,C,19.37,B,19.6,A,24.35,A,16.81,D,22.6,A,19.19,B,17.15,B,19.66,23.7448,80.9284
USR_FEAE7540,B,15.59,C,11.99,D,23.12,B,13.02,B,17.67,B,24.67,D,24.7,B,18.08,B,21.15,A,19.81,20.3256,73.9707
USR_E2C7F13B,B,16.65,C,22.99,A,5.71,B,20.84,C,6.24,B,13.97,C,30.53,C,10.25,B,29.5,D,40.0,26.2736,81.455
USR_496EC882,B,22.22,C,15.57,C,20.53,D,10.14,A,22.93,C,14.59,B,15.71,A,14.01,C,22.43,A,21.89,18.3061,71.8622
USR_1796D817,A,6.62,B,5.17,A,10.94,B,11.71,A,6.51,A,11.62,A,5.4,B,9.92,A,6.54,A,5.97,28.1975,76.8595
USR_55D08982,A,8.19,D,10.23,A,5.33,A,8.57,A,5.13,A,9.47,A,6.45,A,9.73,A,6.77,A,11.89,23.6581,78.5373
USR_D281E793,A,16.73,A,24.79,C,13.98,A,11.58,B,22.39,B,14.12,B,11.21,B,15.77,B,17.18,D,17.91,28.7681,78.6118
USR_F4B44B8F,A,22.44,A,22.23,A,23.44,C,24.41,B,21.83,C,19.69,D,10.42,D,21.32,C,24.9,C,21.55,21.2741,77.4601
USR_0CA6E361,A,8.77,A,8.84,A,11.75,A,5.85,A,9.06,B,9.97,A,11.51,A,9.52,A,10.0,C,8.55,27.326,78.0362
USR_3DEA65CF,B,23.29,C,24.75,D,18.73,C,15.68,A,15.85,B,20.72,B,22.6,C,23.0,C,10.86,B,15.26,30.2078,77.1637
USR_E2AE9F9A,B,14.51,B,16.99,A,24.8,C,20.87,B,23.07,B,10.37,B,21.67,B,20.04,C,13.48,B,14.78,27.5343,79.0472
USR_2B12AE8C,B,12.68,B,12.42,C,24.77,B,14.82,B,17.66,B,16.56,D,17.63,A,10.83,C,16.88,B,15.09,25.0678,81.9384
USR_83D0D11A,A,31.1,C,31.43,C,4.37,D,16.48,D,16.32,D,26.43,C,23.82,C,29.53,C,39.38,A,19.72,19.0063,74.8017
USR_148136D9,B,22.38,A,11.6,A,23.89,C,15.49,C,13.25,D,20.78,A,23.95,C,22.59,C,17.52,A,19.15,11.0688,78.2264
USR_4BD00FFE,D,11.95,D,28.94,C,13.67,C,21.76,C,23.33,C,6.25,A,17.5,B,23.16,C,24.57,C,12.72,14.2687,79.1332
USR_F89C931E,C,22.48,A,13.83,A,10.95,C,23.08,C,21.4,B,18.4,A,16.59,B,21.18,B,24.35,B,16.94,14.2837,77.5456
USR_3BCFDBBF,B,30.24,C,23.53,B,13.5,D,9.83,A,32.35,D,4.35,D,37.81,B,33.33,D,35.15,D,38.66,24.7311,79.1432
USR_29FD1881,B,10.89,B,20.5,A,24.28,B,20.52,B,15.42,C,14.25,B,11.6,D,10.48,C,24.91,D,17.5,27.6629,81.2518
USR_3AE07224,B,8.46,B,9.65,A,11.16,A,5.26,D,7.01,A,8.81,A,8.65,B,9.3,A,11.65,B,10.69,11.8772,78.6312
USR_752A7646,D,15.4,C,22.02,A,11.38,B,19.61,B,14.26,B,17.65,C,14.04,C,20.74,B,22.44,B,13.27,29.0326,76.6961
USR_9DA40116,A,24.79,C,10.88,C,12.27,C,24.51,D,21.79,D,32.76,D,34.36,B,11.72,D,23.37,C,34.2,11.6731,77.1287
USR_57E601C8,A,9.46,A,6.19,A,7.71,A,6.25,A,6.51,B,8.57,D,10.88,A,5.36,A,9.65,D,9.95,13.783,76.2704
USR_861D6C87,B,12.07,B,11.26,B,10.05,B,10.17,A,24.92,A,13.89,A,11.66,B,17.41,B,13.36,C,23.4,25.3172,80.7138
USR_26383732,A,5.49,A,8.9,A,8.33,B,10.35,A,8.35,A,11.89,B,10.64,A,10.65,B,5.58,B,7.28,27.8541,75.7782
USR_FB82503E,C,11.53,C,21.83,B,21.64,D,16.54,B,10.41,D,17.58,A,24.49,C,16.54,C,21.79,C,17.76,27.08,79.4512
USR_9D15B7E9,C,21.07,B,13.72,B,11.06,C,17.88,C,14.97,B,12.23,B,10.7,A,14.12,A,19.04,A,16.36,26.8321,82.8529
USR_A69F17F6,D,11.33,C,17.69,B,20.81,B,11.79,B,14.12,B,15.69,B,11.76,B,12.72,D,17.57,C,13.58,12.7068,78.5278
USR_79D34913,C,23.26,B,22.65,B,18.77,B,20.74,C,20.67,B,11.99,B,15.76,A,16.64,B,22.65,B,15.6,12.5518,76.882
USR_739AE085,D,22.35,A,11.64,B,17.96,A,12.97,C,10.41,B,11.58,A,17.77,C,10.11,B,17.75,B,10.82,22.1634,79.8434
USR_E08B4B1B,B,16.03,C,18.39,B,20.33,B,20.23,D,13.6,B,13.47,C,18.22,A,17.67,B,15.7,A,18.55,27.925,78.6264
USR_61967E49,D,21.54,C,22.75,B,24.36,D,12.47,C,13.96,B,18.95,B,10.52,C,14.11,B,18.28,A,21.43,23.5802,79.3796
USR_E4FD6EEB,A,9.04,A,9.79,D,6.08,A,6.26,B,7.69,A,9.29,A,5.26,A,7.71,B,7.78,B,5.94,25.9766,79.0696
USR_5DB72218,B,17.98,A,21.04,B,21.64,A,17.96,C,16.07,B,15.93,B,23.05,B,18.77,A,22.48,B,12.96,18.965,73.9009
USR_D014D7EB,B,11.84,B,14.17,B,14.9,C,12.77,D,18.75,D,22.19,A,18.24,B,14.15,B,24.46,C,10.9,22.8514,80.3613
USR_60CB90E7,B,17.65,C,14.71,D,15.04,C,24.5,A,24.9,A,20.01,A,13.02,B,16.99,D,24.18,B,15.16,27.9157,80.2469
USR_2F8685DC,A,12.45,A,19.98,B,11.78,A,17.55,A,24.04,B,21.96,C,11.02,A,10.97,B,13.73,A,17.89,23.7294,79.8811
USR_CC0074FA,B,23.6,C,11.57,A,18.75,B,15.29,A,23.76,B,16.47,A,23.82,A,19.81,D,11.76,B,12.97,20.971,79.7521
USR_F917EF2A,B,10.72,A,11.64,A,7.0,C,11.49,B,11.48,A,11.21,A,5.83,A,8.22,A,9.92,A,5.94,19.467,74.4374
USR_869E4F70,B,23.69,D,21.63,A,13.7,A,13.84,B,18.85,C,16.57,C,20.41,B,15.49,B,16.97,D,15.46,17.2483,73.1262
USR_8A4DE8BF,C,11.41,B,28.82,C,6.05,C,18.58,B,6.98,D,10.28,D,31.45,C,27.36,C,26.85,B,8.9,22.5318,78.201
USR_CA039F29,A,16.5,C,20.16,A,23.42,C,23.0,B,14.37,B,14.03,C,21.67,D,22.37,A,12.29,D,15.98,29.8992,78.6634
USR_0FE69F1D,B,22.92,C,14.44,A,12.39,C,10.6,B,15.35,B,16.86,A,19.47,C,18.48,B,12.89,A,19.85,27.2712,78.9107
USR_981DC3E5,A,6.65,B,6.48,A,10.33,A,9.86,A,11.24,B,6.71,B,5.11,B,10.47,C,11.24,B,9.89,12.309,75.745
USR_1C66693A,D,22.15,C,37.72,C,3.29,D,21.34,B,10.21,A,14.71,D,9.18,A,29.84,C,19.68,B,8.35,25.5363,81.3798
USR_EF508093,B,18.24,B,24.9,B,18.45,A,11.55,A,11.43,D,11.1,A,15.73,A,13.28,B,13.41,B,24.4,28.7618,75.6188
USR_B2761754,B,18.9,B,20.12,C,17.53,C,22.99,C,19.18,B,20.78,C,24.57,B,11.23,B,22.71,A,21.1,21.5504,77.2959
USR_CB8C3BA7,C,7.14,A,11.65,A,9.58,A,8.96,A,7.63,A,6.08,D,8.52,A,8.03,A,10.26,A,5.32,12.5069,77.8098
USR_B27A3146,D,34.06,C,2.47,C,37.42,D,19.69,B,13.82,D,28.06,C,29.22,B,29.62,C,34.99,C,15.01,20.3617,73.3637
USR_B1AC8642,D,16.68,C,19.21,B,16.64,B,24.55,D,18.54,C,15.85,A,14.71,B,19.9,C,20.96,B,19.02,23.1449,77.3831
USR_D52B141A,A,19.37,C,12.15,A,14.71,B,21.99,B,21.62,B,21.62,C,20.03,D,20.37,D,22.02,A,10.73,20.2623,73.7486
USR_10A36FAA,D,24.79,B,14.55,B,16.7,A,22.24,B,24.75,A,20.71,C,10.18,A,20.16,A,11.38,B,13.37,20.131,71.4336
USR_71B34145,C,23.73,C,18.76,D,3.4,B,35.02,D,6.75,C,26.16,D,12.01,D,37.71,C,34.69,D,15.39,17.105,71.9278
USR_CFBAB798,D,5.12,A,22.99,C,10.55,B,36.27,C,23.16,B,6.35,C,14.21,C,2.58,D,16.59,D,23.25,14.2178,76.8962
USR_2E9D55AA,B,23.0,C,17.74,B,19.98,A,14.72,A,22.54,A,18.86,A,15.24,B,18.55,C,14.67,B,17.29,25.0616,82.1337
USR_ADE2DC23,C,16.4,C,15.26,B,13.1,A,18.2,C,19.45,B,10.73,B,12.36,B,13.4,B,10.31,C,17.43,18.0358,72.4505
USR_B3FDAD9A,A,10.87,C,20.34,B,23.21,B,18.58,B,10.74,A,23.35,D,12.62,A,22.93,C,11.8,A,19.51,14.6366,77.7815
USR_DEB81BEC,C,17.67,C,8.2,C,33.96,C,35.39,C,9.1,D,29.98,D,25.51,B,20.93,C,17.66,C,37.1,29.6252,79.0833
USR_66AC9B4F,A,8.65,A,7.73,C,7.39,C,8.08,A,8.46,B,7.81,B,7.53,A,10.4,B,5.72,A,7.32,27.3577,76.0875
USR_77548318,B,24.39,A,21.6,A,11.86,A,19.43,A,12.41,A,18.77,B,19.0,C,11.81,C,17.5,B,24.76,24.7116,77.8371
USR_C40B6FE3,D,18.39,B,17.7,C,14.83,C,13.5,C,15.24,C,24.75,B,15.62,C,17.88,A,19.94,B,13.08,19.8022,71.3171
USR_6E3A3945,D,13.77,C,10.86,B,24.69,B,23.8,D,11.45,B,14.03,A,22.09,C,14.48,A,16.96,C,12.68,23.7877,77.4926
USR_B469F0BC,B,18.17,A,13.03,A,19.18,B,13.55,A,11.12,D,10.06,D,20.59,A,18.1,C,22.91,B,12.69,13.2526,78.5899
USR_7EDDA9C0,A,11.99,D,12.71,C,10.77,B,22.98,D,16.53,D,17.93,D,11.83,A,16.32,B,16.94,D,18.06,27.9681,77.0259
USR_64DF15D5,C,24.17,C,20.99,B,13.02,B,13.9,A,11.21,C,12.0,C,10.76,A,21.35,A,20.86,A,24.78,29.0147,76.6255
USR_94D5839A,A,5.84,A,9.08,A,5.98,A,7.01,A,11.96,A,8.03,A,11.15,A,5.54,D,10.78,A,7.22,13.4805,76.4463
USR_AA682B0A,A,11.73,B,18.47,B,20.4,C,16.52,B,16.22,A,19.82,B,12.86,C,16.74,A,14.75,C,12.22,28.6947,82.0413
USR_5CBC5CEC,C,14.71,C,21.04,A,11.88,C,15.64,B,17.79,C,24.5,B,19.42,C,23.34,C,17.08,B,15.33,28.7795,79.6481
USR_4ACBA8D4,D,38.8,C,8.69,B,28.71,D,28.47,D,35.35,D,28.84,D,21.63,D,15.09,B,31.79,B,18.91,19.7398,73.2264
USR_F26FA082,C,26.87,C,13.58,D,11.4,C,23.11,D,39.97,D,17.77,C,25.6,D,24.11,B,37.08,D,38.81,11.0895,76.2322
USR_1BBCCBDD,A,10.25,C,23.21,A,13.83,C,18.5,B,22.03,A,17.45,C,22.18,B,24.34,A,17.7,B,21.08,13.3048,77.4534
USR_C31ECB07,D,15.89,B,17.56,C,21.61,B,14.97,A,22.96,B,15.57,B,21.96,C,15.1,B,17.73,C,15.97,27.6509,82.2058
USR_8ED1EF45,B,22.98,D,16.08,D,10.99,D,14.24,D,18.37,A,16.8,C,18.97,B,16.43,C,18.58,A,14.72,12.0801,77.0281
USR_9522BEC4,B,15.6,B,18.66,B,13.2,C,12.23,B,14.28,B,20.38,B,16.6,A,14.52,D,17.03,A,18.48,30.5379,76.0669
USR_94C57B05,D,19.84,A,11.48,C,15.67,D,20.43,A,14.52,C,14.03,C,10.69,D,18.68,C,24.59,B,18.49,14.8952,76.09
USR_CB8250EC,C,21.34,C,12.34,B,12.72,B,21.37,C,17.06,C,11.77,B,10.74,A,13.69,D,22.88,D,20.58,22.6467,79.668
USR_07791570,B,24.82,A,13.29,C,18.03,A,14.4,C,17.98,C,14.46,A,16.16,C,14.54,C,14.66,C,12.16,25.6879,79.7156
USR_119B8D57,D,21.31,D,3.61,B,28.01,D,22.82,D,4.27,D,19.69,D,29.0,A,8.82,B,10.22,C,24.71,12.8016,79.5287
USR_B2AFE925,A,19.4,C,14.08,A,14.15,B,22.58,B,11.03,A,10.57,A,10.69,B,15.93,C,10.85,A,17.9,26.9614,75.9285
USR_F46A142A,B,24.76,B,12.61,B,12.77,B,17.47,B,16.03,B,22.12,B,15.62,B,24.16,B,18.28,D,19.4,27.5938,77.9487
USR_3E6F17F3,C,7.59,C,39.89,D,4.94,C,38.06,D,30.89,D,32.8,D,32.6,C,26.3,D,11.28,D,21.41,25.8736,79.1263
USR_C4C8BC5E,A,7.22,B,8.03,B,6.37,A,10.58,A,7.85,B,11.18,A,6.37,B,7.58,A,5.25,B,6.52,24.904,81.4606
USR_A137E9EC,B,10.17,B,10.71,B,18.64,B,12.57,A,24.86,C,16.01,A,19.27,B,10.22,D,12.02,C,23.55,22.3758,78.4549
USR_1839A9F1,C,22.86,A,24.54,C,17.79,B,10.69,A,15.15,C,21.74,B,12.0,A,19.39,C,14.5,C,16.66,29.977,76.9837
USR_EECCF491,A,15.94,C,23.41,A,24.86,A,13.59,A,18.85,D,21.64,A,10.7,A,13.65,B,10.01,D,15.68,28.8227,76.3823
USR_1F3024AB,A,6.27,B,7.29,A,9.1,A,6.46,B,10.77,B,6.88,A,6.63,B,10.35,A,11.56,A,6.13,28.9974,76.6384
USR_CF45ACFC,C,12.29,C,21.95,A,23.79,B,11.69,B,21.71,C,11.2,C,11.51,A,18.62,A,14.26,C,15.52,11.571,76.0562
USR_A26C5B31,B,20.24,B,14.66,A,17.08,B,13.79,B,17.22,C,21.67,A,12.29,B,10.58,C,23.97,C,22.54,28.7974,76.1779
USR_468DE2AB,C,15.23,A,24.82,A,16.88,B,23.97,C,19.72,B,14.93,B,23.92,C,19.05,A,22.54,B,19.13,30.2647,77.7943
USR_C3B63CEF,B,10.95,C,18.48,C,20.73,B,21.76,B,15.87,C,19.0,B,15.91,B,14.87,A,23.1,A,24.47,13.0239,78.6753
USR_E9BFD76A,A,14.15,A,10.74,C,18.45,B,10.31,B,12.89,B,20.67,B,11.77,A,24.78,A,20.41,B,10.14,29.2414,78.5682
USR_2F5EA8CD,C,7.73,B,22.3,B,31.28,C,18.03,C,18.09,C,24.35,C,6.28,D,39.5,D,2.81,B,24.17,30.198,75.5359
USR_0B60F241,C,37.96,C,32.49,D,20.65,D,25.23,C,34.4,D,30.63,B,37.51,D,28.51,C,34.3,C,33.7,18.9307,71.2267
USR_79AE5494,A,22.64,B,24.05,B,19.42,D,24.13,B,12.24,B,12.76,A,21.75,B,17.66,C,13.59,B,21.57,12.0846,76.0506
USR_41686C0A,A,23.57,A,16.16,C,23.66,B,16.26,A,23.54,D,17.56,B,17.59,B,12.89,C,21.62,B,13.83,28.4177,80.2573
USR_FCC2428C,A,13.69,C,17.83,B,22.78,A,17.09,B,19.45,B,19.15,A,14.52,C,13.36,A,10.58,C,13.1,26.5087,81.1402
USR_E7A3A518,A,7.56,A,5.23,A,7.02,A,7.69,D,8.38,A,8.81,A,11.24,A,8.69,B,5.93,A,6.24,18.4554,71.691
USR_492CD4DD,C,10.67,A,11.6,B,15.55,B,20.49,B,18.1,A,20.16,D,12.73,B,10.75,C,20.79,C,14.48,21.1379,79.6868
USR_64760E20,B,10.15,B,9.13,A,11.95,C,8.62,B,11.89,A,6.76,A,11.56,A,10.85,A,6.96,D,5.28,19.0516,73.1467
USR_7BEE313B,B,10.76,B,16.01,B,18.93,B,18.76,A,21.49,B,15.06,C,21.27,C,12.61,D,10.62,C,21.42,12.6335,78.0116
USR_43DC8D6F,B,15.27,A,22.33,B,12.79,A,10.44,B,21.7,B,10.65,A,14.58,A,11.03,B,14.76,B,24.76,30.5215,75.9804
USR_67247043,B,19.33,C,18.76,D,19.54,B,12.67,C,19.25,C,13.68,A,13.47,A,24.02,B,21.78,B,13.34,23.8943,78.3676
USR_B99CC00F,B,11.12,D,20.0,C,19.51,A,2.14,B,33.16,C,38.17,C,29.33,D,14.01,D,32.21,D,39.87,17.334,71.3301
USR_865954BD,C,17.72,B,23.29,C,15.92,B,15.51,B,13.64,D,18.97,D,11.33,C,20.27,D,11.31,B,20.38,29.6792,77.9336
USR_5C98C4F0,A,10.36,D,22.78,C,24.7,C,16.37,B,19.16,B,20.79,B,22.19,D,20.08,B,13.9,B,17.78,30.1114,78.0823
USR_D0D8DA61,A,7.68,C,20.2,D,15.16,D,36.27,C,6.36,D,4.2,B,24.39,C,2.23,D,23.28,D,10.22,29.6624,76.8923
USR_AAAD1AE1,A,14.12,B,18.24,C,12.43,D,23.16,C,14.93,B,19.91,A,19.28,A,12.86,B,23.16,B,11.2,25.296,79.8256
USR_8A0CB011,B,15.15,B,10.34,B,21.55,B,12.09,B,18.71,B,21.2,B,11.84,A,23.88,C,16.34,B,22.06,19.1386,72.6144
USR_36BD5F66,D,14.55,C,19.44,B,12.03,C,16.08,C,19.15,D,19.17,C,16.54,B,21.41,A,21.34,C,24.73,20.4672,73.7567
USR_4547A2F0,D,17.28,B,12.22,B,10.92,B,16.8,B,24.09,C,10.32,B,17.24,B,21.77,D,21.03,A,12.15,26.3713,79.3426
USR_BC9FEA0B,D,39.32,B,18.98,D,13.52,C,36.07,A,4.29,B,4.53,B,26.8,B,6.08,D,3.09,B,27.02,11.1835,78.7766
USR_F208E052,B,16.93,C,23.61,D,26.75,C,9.68,D,16.28,D,21.63,D,24.52,B,31.12,D,8.46,D,30.68,28.9368,76.3544
USR_9648CA9F,A,7.96,A,7.02,A,7.31,A,6.0,B,6.38,A,6.94,D,9.64,A,7.68,A,11.11,A,10.4,18.7885,74.0286
USR_9FDA32C3,B,12.87,C,24.32,A,15.17,B,12.77,B,20.22,C,24.61,A,13.06,B,22.51,B,24.02,C,11.7,11.9107,79.3744
USR_47EA7EE2,A,10.22,A,6.15,A,9.29,A,6.8,B,9.65,B,7.75,A,6.99,A,11.1,A,11.79,A,5.3,20.7603,73.7872
USR_0C6D9CC7,C,19.77,D,7.69,A,15.56,D,27.52,B,8.2,C,12.44,A,10.02,A,11.11,C,8.18,D,17.37,24.4104,79.7017
USR_FD388F63,C,19.94,D,33.42,D,10.77,D,36.59,D,37.4,B,37.99,A,4.35,C,6.32,A,13.45,D,22.27,27.4332,76.7412
USR_2576955B,A,10.45,A,9.03,A,5.67,A,10.79,A,8.88,B,11.86,A,9.06,A,6.72,A,5.25,B,8.84,25.7971,82.7759
USR_660CF284,A,9.49,A,6.51,A,10.86,B,5.31,A,8.5,A,8.43,C,5.51,A,6.89,A,5.62,D,7.8,14.4098,78.3166
USR_D9FE010A,C,16.75,C,11.9,A,19.04,B,22.23,C,15.25,D,15.73,B,21.13,B,17.26,A,10.72,A,13.39,17.5354,73.5787
USR_9FF63E23,D,13.42,D,21.32,B,12.61,C,23.93,A,23.19,B,10.6,B,10.72,B,20.24,B,10.17,A,10.85,26.9271,79.8278
USR_B0F02209,B,14.14,B,23.32,B,19.77,B,20.55,C,13.33,B,17.11,A,21.33,A,22.22,A,21.94,B,24.54,27.0111,80.1408
USR_77AA08F6,A,20.97,B,14.33,C,23.9,A,22.77,B,15.26,B,19.95,D,19.8,C,13.51,C,17.52,A,10.16,24.6111,80.316
USR_2F2ACB4C,B,12.72,C,17.91,C,19.94,A,22.7,A,19.11,A,16.52,D,22.53,B,13.26,B,22.95,B,23.06,26.3321,82.7987
USR_A8D3BF88,B,11.42,D,17.1,D,36.77,D,3.72,D,38.61,D,17.86,C,16.42,D,5.92,D,28.53,D,33.19,17.6846,73.2674
USR_F178C976,C,27.91,D,18.36,D,7.39,B,3.72,C,13.9,D,2.44,A,9.81,C,19.18,D,36.91,C,6.95,23.9076,79.8772
USR_D602613E,A,22.48,B,15.35,A,23.44,A,20.72,B,18.97,B,20.15,B,16.35,A,18.15,B,17.66,A,17.41,28.5305,81.3747
USR_481CB760,A,10.12,B,6.93,A,6.18,A,10.33,A,9.21,A,6.77,A,11.31,A,8.44,A,6.03,A,7.63,19.0835,73.6809
USR_7144385F,B,18.62,C,17.13,C,17.09,A,22.77,B,21.34,D,13.43,D,16.95,D,14.79,B,13.91,A,22.18,13.6585,76.8692
USR_285FCC3F,C,23.38,C,12.06,A,16.07,C,17.98,B,24.39,C,21.84,B,19.87,D,14.47,B,22.99,A,22.41,12.711,77.2128
USR_7B90E918,C,19.43,A,19.67,B,23.03,C,24.75,D,14.82,B,11.48,A,18.91,B,24.08,A,23.72,C,12.04,29.9799,78.0727
USR_1B35A188,A,11.08,D,7.98,B,10.2,A,11.76,A,6.09,C,10.09,C,11.06,A,9.13,A,11.13,A,5.54,20.8884,71.4905
USR_92E47D9C,B,15.56,C,11.66,B,21.87,B,10.47,B,19.67,C,16.07,A,16.48,D,17.16,B,16.63,C,19.52,22.5307,78.8985
USR_1C629262,B,24.22,B,23.94,C,12.95,D,12.33,C,16.73,B,20.09,B,18.55,B,18.7,C,12.9,D,23.96,11.0286,79.3061
USR_2B917C17,C,22.66,A,24.2,C,10.62,C,21.82,C,18.83,B,16.75,C,23.32,D,15.71,C,18.54,A,16.07,21.4875,80.8731
USR_208E770E,C,22.42,B,19.7,B,11.73,B,18.2,A,14.27,B,23.6,A,12.63,A,24.49,A,21.82,A,18.42,13.4148,78.5714
USR_93D8B97E,D,15.34,D,16.85,D,19.55,C,17.4,D,6.05,C,12.56,C,2.1,D,15.03,D,2.8,A,20.32,17.4307,73.402
USR_283F4838,D,16.24,C,8.25,C,29.58,C,15.82,D,29.69,C,37.53,B,12.37,C,10.02,B,28.04,D,22.39,25.5782,80.7572
USR_B3BF36F3,A,6.06,B,5.59,A,9.25,B,5.33,A,6.97,B,8.15,A,5.99,C,9.88,A,9.78,B,10.23,13.9065,77.8738
USR_FBB8C5B9,D,8.88,C,14.0,C,38.82,D,25.93,B,22.12,D,32.36,D,25.69,B,12.17,B,18.47,D,29.43,21.3253,77.9659
USR_FDF78589,D,39.1,B,2.6,D,35.83,D,7.42,C,7.28,C,39.97,C,27.1,D,31.16,D,25.97,C,5.92,28.5785,81.6996
USR_52BF3014,B,25.62,C,27.63,B,30.16,C,29.03,D,39.31,D,24.86,D,35.32,C,31.35,B,36.9,C,4.97,14.5211,76.6462
USR_507118D7,C,13.28,B,19.27,A,24.53,D,17.36,B,11.85,C,24.27,B,19.87,B,16.83,A,20.5,B,23.04,19.5038,71.7088
USR_BCD03131,B,8.25,A,10.57,A,10.23,A,8.0,A,5.95,A,11.54,B,10.95,A,7.51,A,6.19,A,11.0,18.2769,74.1368
USR_B1D73F0F,B,10.93,B,19.65,A,11.12,B,21.05,C,11.65,C,22.47,B,10.14,B,18.13,D,16.87,A,10.1,21.8669,78.6427
USR_91563BA1,D,34.52,C,36.79,D,26.96,B,11.59,C,23.75,B,12.92,A,35.55,C,3.66,B,22.85,A,14.58,28.3097,78.8819
USR_EDDB680B,B,16.57,D,18.05,A,23.6,B,10.35,B,20.13,B,12.32,C,11.4,C,21.39,B,21.4,C,16.9,23.8367,79.8651
USR_CA0B44BD,B,14.01,C,23.26,A,11.15,B,21.54,B,14.13,C,21.93,B,22.03,B,17.42,D,14.04,B,16.17,11.5036,79.4602
USR_1A549A91,A,6.53,A,5.86,A,9.54,A,9.96,A,11.39,B,10.58,A,10.05,D,10.83,A,11.34,A,11.45,17.1573,73.0656
USR_6774C2E9,A,9.32,A,11.84,A,8.9,A,9.36,A,5.18,A,5.67,A,8.95,A,10.05,A,6.64,B,10.93,11.0287,76.6413
USR_69CF726D,C,25.99,C,30.76,D,24.54,D,10.43,C,26.16,D,12.33,C,18.65,C,32.1,C,11.51,B,2.44,24.6117,77.3981
USR_9D46B40C,A,12.54,B,10.15,A,16.47,A,19.32,C,22.23,B,17.83,B,24.1,D,18.6,A,18.03,A,13.54,17.4558,71.1026
USR_09C9AE7A,C,8.96,D,11.55,B,14.0,D,16.53,D,2.0,D,38.67,D,38.93,B,4.74,D,30.03,B,30.75,21.8478,79.7454
USR_A1841BDD,B,15.69,C,21.3,B,24.55,A,10.54,B,10.09,A,16.76,C,20.76,D,15.04,C,12.41,A,16.53,27.9631,79.5398
USR_63927947,B,27.73,B,32.57,B,27.42,D,12.51,C,28.91,D,10.54,D,37.43,D,31.37,C,19.47,D,27.39,19.0285,74.7427
USR_5B0FA149,C,18.35,B,21.35,D,23.53,C,24.87,B,18.59,B,21.79,B,13.24,B,18.99,B,12.43,A,15.69,22.8614,78.3389
USR_A078B85A,B,6.49,A,11.13,B,5.78,B,5.08,A,6.95,A,7.13,A,7.61,A,9.6,A,11.39,A,9.04,19.2912,73.3966
USR_E22A687D,B,13.45,D,32.16,A,7.84,D,5.1,A,24.63,D,15.26,C,11.35,C,36.81,D,33.34,D,36.68,14.6852,77.1215
USR_864DFAC7,A,6.82,C,10.63,A,11.81,A,11.03,D,11.49,A,5.6,B,9.12,A,7.42,A,11.48,A,11.13,21.228,78.9182
USR_5636C751,A,16.58,B,20.21,C,18.13,C,10.61,B,13.13,A,20.26,A,12.19,C,15.73,C,18.4,C,20.82,12.9811,78.0547
USR_55D7B849,A,7.97,A,11.57,A,6.99,A,7.81,A,11.59,A,9.93,A,7.31,A,10.94,A,5.27,C,9.75,24.4044,80.6882
USR_0D1D3184,D,14.2,B,11.58,B,13.34,B,10.87,A,19.24,D,12.71,C,18.0,A,16.82,B,16.28,B,24.4,12.5702,78.2384
USR_0F8323FA,D,13.91,B,19.81,B,21.29,B,13.84,D,20.06,A,21.51,A,19.39,B,12.36,B,20.49,A,23.98,17.5826,72.2593
USR_9A093C51,D,17.09,B,36.2,C,7.15,C,24.34,C,23.8,B,37.84,D,31.87,C,9.5,C,23.68,C,36.5,13.5204,78.293
USR_C6B0FDA8,C,21.29,B,15.92,C,24.34,A,20.9,B,19.05,C,10.77,C,24.68,A,12.43,C,13.67,D,19.98,20.6852,71.0959
USR_EE402D34,D,31.56,C,5.29,B,22.2,C,24.7,B,29.29,D,5.63,D,34.16,A,33.17,D,21.25,C,6.38,18.9023,73.2748
USR_719AA283,D,30.24,B,3.99,D,32.38,B,28.2,A,15.06,D,37.26,A,15.35,C,8.86,C,32.97,B,27.52,27.3447,76.8495
USR_50C8F92B,C,18.49,A,10.24,B,17.76,B,11.15,A,11.69,B,18.76,B,24.31,C,15.22,C,20.48,C,20.64,27.9836,77.2142
USR_69891487,D,24.33,C,16.33,C,11.18,B,22.27,B,24.92,A,11.4,B,22.78,B,15.92,C,24.88,B,15.03,23.7324,78.5982
USR_2490594E,B,12.57,B,18.61,C,24.92,A,18.08,A,19.47,B,20.85,C,20.01,D,21.69,D,13.03,B,11.61,26.6241,79.9842
USR_888CB76F,D,10.44,D,10.91,B,3.6,C,18.53,D,36.64,A,34.97,C,18.98,B,31.05,C,25.95,D,18.68,26.9084,80.6488
USR_1DA66D01,C,14.52,B,24.11,B,14.19,B,10.89,C,14.12,D,22.61,B,23.71,A,24.88,C,14.24,A,14.24,12.3514,78.8912
USR_6B9DD6C6,D,39.92,C,37.45,C,12.44,D,37.27,C,33.79,D,9.27,C,16.03,D,26.96,B,15.57,D,39.52,20.925,71.0839
USR_EF7A3B9B,C,11.05,B,21.15,A,11.4,D,22.49,C,10.06,C,11.86,D,23.66,B,21.89,C,13.16,B,22.49,27.548,77.3632
USR_855D1D13,B,11.01,B,19.84,C,21.76,A,22.08,A,18.05,C,22.9,C,10.31,C,13.84,B,12.1,B,18.72,21.149,78.8472
USR_176C75F8,D,24.06,C,20.34,B,20.99,B,12.36,A,12.0,C,18.88,B,18.04,B,16.62,A,14.89,C,23.74,25.1487,81.7904
USR_C31AB92C,D,32.62,C,35.87,D,13.13,D,33.9,D,15.72,B,19.98,D,39.74,C,24.9,C,3.01,B,33.38,22.8524,79.8203
USR_16B00B89,A,10.32,A,11.6,B,5.98,B,9.99,A,10.14,A,5.2,A,8.93,D,6.12,D,11.74,A,7.86,30.5351,78.328
USR_F77713C9,A,10.35,A,10.59,B,11.22,C,10.0,A,11.04,B,11.95,A,5.27,A,9.41,A,8.63,A,10.58,28.7371,81.3457
USR_D76D5FD4,B,18.49,C,11.36,B,17.38,B,22.53,C,10.25,B,18.83,C,20.55,B,23.38,A,17.47,B,23.29,28.3456,75.7759
USR_B54E22CA,A,7.96,B,5.76,A,5.05,A,9.21,A,5.59,A,10.73,A,5.86,A,11.15,A,5.9,A,7.87,24.6905,77.5953
USR_F255C62E,A,17.65,C,16.87,A,24.31,C,13.67,A,11.17,C,18.84,C,16.3,B,23.33,C,23.27,B,21.32,17.8363,71.5109
USR_C83F65F1,B,24.06,C,13.86,A,24.11,B,10.91,B,10.42,C,15.92,B,15.75,A,12.34,B,15.98,B,21.11,21.0152,74.4292
USR_110F2568,C,12.22,D,18.81,D,14.07,B,17.08,B,19.25,A,15.71,B,10.06,B,13.99,B,14.96,C,16.82,28.7311,77.3356
USR_AFF4DBFA,A,5.82,A,8.29,A,10.33,A,8.3,A,5.73,A,11.62,A,5.37,A,10.41,A,11.78,B,5.28,27.9606,79.0494
USR_D8E5874F,B,31.64,C,23.19,C,16.26,D,5.56,D,30.24,C,5.93,D,17.28,B,17.74,D,10.61,D,11.29,11.9845,76.4377
USR_A33EC266,D,25.7,D,31.73,D,12.05,C,8.26,C,10.04,C,12.87,D,20.73,D,2.55,B,32.4,B,37.61,23.1044,78.6949
USR_6775BE3D,A,9.04,B,11.53,B,9.94,A,11.15,B,5.27,A,9.35,A,7.3,A,9.07,B,10.43,A,6.53,18.8962,73.4558
USR_6F2C7CC5,B,23.49,B,21.98,B,20.37,C,16.36,C,19.75,A,14.21,B,16.93,D,23.79,B,13.21,C,21.28,17.9121,73.3023
USR_EDA650CA,A,24.75,A,20.65,A,15.5,A,11.17,A,13.4,A,10.02,C,23.88,B,10.21,B,11.97,B,21.96,28.8082,79.3879
USR_0C4F5F5C,C,28.22,D,7.79,D,18.54,D,22.17,D,29.65,B,38.15,D,36.18,B,34.09,C,36.0,C,13.47,11.5045,76.1168
USR_08D80464,D,16.44,A,19.11,A,22.69,A,17.49,C,15.73,A,20.96,B,16.19,B,12.26,B,22.27,B,10.23,19.9728,74.4532
USR_7F137A84,B,19.92,B,17.78,B,18.73,B,13.64,B,21.88,B,10.46,D,24.03,B,24.15,A,18.02,D,18.16,25.8697,81.6699
USR_97943A2D,A,13.5,A,17.74,A,15.5,B,23.31,C,22.17,B,19.86,C,13.42,C,19.33,B,17.0,B,22.25,27.7048,79.015
USR_ECE1D513,B,23.53,A,18.19,B,24.7,B,20.84,C,22.73,B,10.31,A,20.98,A,17.2,B,16.55,B,18.56,23.3718,80.7636
USR_B6D4B490,A,5.05,A,6.53,A,6.98,A,5.39,A,10.97,A,9.83,A,9.89,A,11.6,A,7.36,C,10.14,11.0152,78.4293
USR_847DFDD8,C,14.24,C,17.78,A,15.07,C,15.44,B,13.06,C,14.12,A,16.9,B,12.14,C,22.44,A,10.85,30.2492,78.4948
USR_87DDDB44,D,10.85,A,5.1,A,6.0,A,5.74,A,5.7,B,8.07,B,5.26,C,5.64,D,7.71,D,5.9,29.3303,78.5977
USR_EF7A76B9,C,20.37,A,15.51,B,12.89,C,15.88,D,10.81,D,10.41,A,24.84,B,13.39,A,14.28,B,20.2,28.1982,77.8112
USR_A93BBDD3,A,16.45,C,16.31,B,22.04,C,17.87,A,23.47,A,23.34,D,21.02,C,21.52,B,24.13,C,15.95,22.5554,80.0052
USR_EA17BB05,B,11.65,A,5.96,B,10.54,A,7.51,A,10.73,A,7.69,B,8.96,A,6.77,B,5.75,B,8.2,17.1375,70.9139
USR_BFFB9422,B,16.24,A,16.13,A,19.56,C,20.01,A,21.23,B,12.92,A,18.55,C,16.18,B,20.08,A,13.04,28.2675,80.2775
USR_C095A4A2,A,5.75,D,11.08,A,10.2,A,11.93,B,8.9,A,9.58,A,9.3,B,11.21,B,11.9,A,7.31,27.0819,80.2268
USR_1FA6468E,B,20.93,B,13.02,B,21.5,B,12.44,C,15.15,C,10.67,C,11.87,B,23.17,A,13.12,B,15.72,14.7187,79.2075
USR_956428E1,C,21.74,C,12.15,B,12.51,C,11.19,B,15.9,A,13.37,A,14.3,B,10.32,B,17.83,C,23.37,17.2266,71.4191
USR_1E41F73B,B,15.94,B,14.49,C,12.98,B,24.23,A,16.76,B,22.58,C,24.62,B,13.35,B,17.11,B,21.69,25.2821,81.3733
USR_C0CC2466,A,10.45,D,16.37,B,15.84,C,21.29,C,21.17,C,24.2,A,10.46,C,17.14,A,12.75,B,11.03,23.9266,77.5249
USR_CF199027,D,25.22,D,22.96,C,3.5,B,3.17,A,25.75,D,38.14,D,10.93,C,22.04,A,3.39,D,7.88,11.7602,76.5301
USR_75642902,B,16.76,A,16.52,B,24.76,A,12.1,D,11.17,D,22.99,C,16.27,C,24.39,B,23.11,C,23.15,23.6571,80.0102
USR_305F84A4,D,22.91,B,11.42,A,17.6,B,10.25,B,15.06,C,24.27,A,15.98,A,16.62,C,19.58,D,15.55,29.0519,78.4134
USR_04BB13AE,A,6.57,A,5.86,A,10.9,B,9.19,A,9.68,A,5.87,B,11.66,A,7.63,A,11.3,B,9.37,22.7044,80.946
USR_8DE98363,A,11.43,A,11.53,A,10.22,A,11.52,A,9.53,A,7.04,A,5.61,B,8.4,A,11.73,A,7.72,18.0285,73.5135
USR_A04A69BB,B,3.21,D,13.96,C,2.01,C,21.83,A,30.22,D,17.29,C,34.09,B,9.55,B,39.69,D,23.27,28.6151,80.9989
USR_9940E4DD,B,23.58,C,17.23,B,14.45,B,20.28,C,12.73,D,17.91,C,19.35,A,23.49,D,12.61,B,22.45,12.2719,75.9125
USR_6F771DCC,B,14.64,C,33.54,C,34.08,C,34.55,D,25.86,D,5.14,C,7.24,A,21.07,B,22.74,B,34.13,18.7551,71.6768
USR_C520F9C2,D,16.85,C,13.86,D,10.11,B,26.41,C,22.46,B,14.42,D,6.97,D,36.69,D,23.53,B,13.15,25.6714,79.889
USR_484D52F8,D,8.88,B,8.36,B,36.58,A,4.69,B,11.63,B,15.78,C,38.39,D,13.29,B,34.98,A,4.17,28.8313,78.0051
USR_ACE68B7D,D,17.69,D,17.95,C,18.02,D,15.17,C,20.4,B,10.18,A,11.89,C,21.24,B,10.93,B,20.05,21.0137,77.2677
USR_4F9732C5,A,12.99,C,22.68,B,15.49,C,11.84,C,24.88,D,20.82,A,10.12,D,10.45,C,11.86,A,23.69,21.9411,79.5909
USR_EE4DF4BC,A,11.22,B,29.84,C,19.82,C,10.55,B,35.91,D,6.56,A,5.21,A,22.7,A,19.12,C,9.94,18.9474,73.4479
USR_B7B47033,B,23.24,B,18.61,B,10.93,B,23.41,B,24.38,B,20.28,A,14.61,C,15.88,B,23.11,B,12.21,12.7822,78.9605
USR_984D9435,D,11.01,C,22.41,B,17.53,A,19.96,C,22.85,D,13.79,B,23.19,B,14.82,C,23.98,B,21.39,24.7551,80.3758
USR_9CE8BD84,A,5.02,A,11.81,A,10.46,A,5.15,A,8.98,A,8.34,A,11.13,D,6.88,A,11.29,A,5.94,20.2168,74.0742
USR_3AC5E6CD,A,21.2,C,13.69,D,12.52,B,21.66,B,22.61,B,19.17,A,12.67,B,18.8,D,15.31,B,11.39,28.0408,81.6172
USR_D394FFAA,B,6.9,A,9.74,B,10.15,B,10.75,A,10.86,A,5.2,A,10.19,A,8.66,A,11.81,C,5.22,24.5195,79.7657
USR_E0B98387,A,7.09,A,11.24,A,7.44,B,5.67,B,8.13,A,10.2,A,6.28,B,8.61,A,8.07,A,9.91,13.0157,76.4539
USR_5A360973,A,23.99,C,23.95,B,22.03,B,18.43,D,10.88,B,20.6,B,17.4,B,23.01,B,19.04,A,10.32,30.2476,76.9845
USR_3E2238B6,C,25.22,D,13.89,C,10.36,C,15.24,D,34.55,A,29.74,A,5.14,A,4.07,C,3.22,B,36.35,20.986,73.3619
USR_73DEE684,A,9.07,A,11.07,B,11.19,A,7.61,A,11.87,A,9.37,A,5.98,A,11.9,A,8.4,A,5.3,18.3946,72.9704
USR_07220BB2,B,11.11,C,21.82,A,17.87,B,21.03,B,24.42,B,20.82,B,19.28,C,18.51,B,18.24,B,14.17,28.3574,78.1456
USR_A408900E,A,22.95,C,19.3,B,15.55,B,24.84,B,15.26,C,11.1,C,11.69,A,17.08,D,21.26,D,14.06,22.3443,78.8868
USR_844C7DBD,B,14.65,A,15.24,C,11.52,A,20.36,B,21.02,D,14.68,D,20.39,D,19.0,D,15.94,A,16.48,21.8047,77.155
USR_18EEE847,C,21.44,B,13.04,C,10.82,A,23.86,D,13.75,A,19.68,A,17.68,D,21.06,B,21.86,C,10.25,29.5669,78.8572
USR_A72D6A28,A,8.02,A,10.43,B,8.87,A,7.85,A,10.16,B,9.05,A,8.09,A,9.51,A,8.74,A,5.25,12.6266,78.1622
USR_B8627012,B,8.86,A,7.12,A,7.43,A,10.72,A,6.0,B,8.29,A,9.24,D,7.58,B,7.48,A,9.52,19.4312,74.1972
USR_A22BC1BC,D,15.58,B,13.74,B,25.52,A,14.3,D,3.74,C,10.42,D,3.21,D,15.37,D,17.95,C,4.88,11.1119,77.8732
USR_D213CBD2,D,11.37,C,13.21,C,17.25,B,21.91,B,15.48,B,21.01,D,23.2,B,19.14,B,20.23,B,22.71,28.1827,78.0309
USR_224E5435,A,10.78,A,7.26,A,9.46,A,10.04,A,5.8,C,8.11,A,8.16,A,7.6,B,11.49,B,9.32,20.6908,71.5816
USR_4BD17B8C,D,11.45,B,10.56,C,16.61,B,21.7,B,12.22,B,22.77,D,22.83,D,10.3,B,12.43,B,12.45,23.6676,78.2711
USR_7C288412,D,13.08,D,27.64,B,26.2,D,5.11,D,31.9,C,38.69,D,15.63,C,21.6,D,28.44,B,33.24,23.0449,79.5562
USR_E25BCAE4,B,13.28,D,21.93,B,18.91,D,14.27,A,23.67,D,15.56,A,18.73,C,22.32,C,13.63,B,14.33,11.4036,78.237
USR_A86E57B3,A,15.76,D,15.52,B,13.18,B,16.71,A,10.24,B,15.35,C,23.49,A,18.64,B,23.85,B,11.31,21.4213,79.1478
USR_BE08320B,A,11.71,C,14.72,C,18.76,C,18.38,B,18.12,C,12.13,C,23.56,D,14.34,C,24.07,C,10.83,22.7117,80.8043
USR_5B83BC3E,C,23.68,C,9.06,C,29.53,D,35.45,B,39.69,D,3.29,D,27.28,A,26.71,D,34.54,B,13.47,28.5895,77.0097
USR_7DB35391,C,10.17,B,24.95,C,13.37,A,14.95,A,14.58,B,16.84,C,20.49,C,18.08,B,21.49,C,20.38,19.0882,72.4876
USR_1DF0A253,B,10.22,B,17.44,C,16.78,A,13.39,A,20.63,A,11.29,A,10.55,B,12.5,C,24.56,B,24.26,27.5842,76.7318
USR_A517614B,C,11.19,C,22.61,A,19.69,C,10.91,B,10.04,B,23.59,B,19.58,B,14.67,A,17.91,A,17.22,28.5389,82.0998
USR_484F32F7,A,16.4,B,24.89,B,22.07,D,19.29,C,12.67,B,17.88,C,14.33,B,23.19,B,23.14,C,16.51,17.5593,74.3514
USR_9C4AB5BA,B,18.44,A,10.52,C,15.3,B,16.15,C,21.94,D,15.69,D,15.15,A,19.02,C,24.63,B,18.37,21.0494,72.3757
USR_20FAE3C9,A,5.93,D,37.07,C,25.23,D,37.51,D,15.47,C,4.19,C,16.71,B,8.75,B,30.7,C,33.89,19.5031,72.8205
USR_9C3CA0B7,C,23.85,A,22.25,B,20.13,A,17.72,C,21.95,A,17.72,A,11.74,B,12.43,B,14.58,A,17.23,12.0015,75.7501
USR_A3C19EC0,A,5.55,A,10.14,A,11.76,B,8.26,A,10.73,A,10.66,A,11.54,A,5.8,A,10.5,A,6.15,22.8972,80.984
USR_2FF27448,B,10.76,C,14.42,A,16.62,A,17.66,B,19.11,A,16.07,A,15.45,D,24.29,B,14.49,B,14.32,27.0133,79.5604
USR_8F32FEBA,B,23.23,D,15.01,A,19.5,A,11.09,D,18.0,B,20.96,A,21.48,A,21.66,C,16.87,C,22.42,27.0902,82.4552
USR_B59EBA03,B,7.93,A,9.98,A,8.45,B,10.52,A,9.86,A,9.15,D,6.63,D,9.97,A,11.52,A,9.34,29.6325,76.8851
USR_04E53036,D,3.62,D,25.87,B,15.49,D,10.22,A,4.94,A,17.92,B,20.65,B,10.43,B,16.71,D,38.59,25.175,82.0005
USR_EA0F9416,D,21.15,C,18.12,B,12.6,B,24.75,A,23.52,B,14.39,B,24.63,A,15.76,B,12.33,B,19.26,17.1759,73.6377
USR_0F558C76,C,3.34,B,20.48,D,33.02,B,29.45,C,22.31,C,12.75,C,32.86,C,14.22,B,4.56,D,38.4,27.6572,82.4073
USR_7087D4FB,D,35.92,C,24.69,D,27.56,D,4.56,B,33.92,B,18.89,C,32.44,C,13.48,C,12.87,D,18.51,29.3857,77.3288
USR_8752B28A,A,18.4,A,14.88,A,16.75,B,17.2,B,23.39,A,13.92,B,18.85,A,13.4,B,23.66,A,14.17,13.6146,77.3772
USR_A72545E5,B,15.02,A,14.73,C,10.91,A,24.08,C,14.01,C,15.92,C,14.88,B,23.01,C,19.86,D,14.18,24.0849,79.1489
USR_9443A207,A,19.43,B,13.95,B,20.61,C,24.25,C,12.96,B,22.58,C,14.98,C,15.77,C,24.01,A,19.99,29.5036,76.8829
USR_E9863AF8,B,18.68,B,13.35,A,16.08,B,15.3,A,10.01,B,17.71,B,19.59,A,12.62,B,19.67,A,19.48,21.0669,72.362
USR_BAD75C4F,C,23.25,D,9.32,A,27.9,D,4.03,C,38.33,D,33.62,B,7.22,D,4.4,A,16.72,D,25.86,27.8682,78.4333
USR_70592182,A,22.68,C,10.54,A,23.47,A,17.69,D,10.89,C,20.46,A,14.0,B,22.56,A,22.26,C,19.7,27.9948,80.064
USR_2B4B09D0,B,14.48,C,20.54,B,15.68,B,10.37,D,11.19,C,10.06,A,21.27,B,24.57,B,11.89,B,23.98,14.3003,77.6436
USR_49F85401,A,9.34,A,6.33,B,5.42,A,8.57,A,9.21,A,5.25,B,9.45,A,5.94,D,6.22,A,8.37,27.2151,79.2853
USR_9A738B81,C,36.22,D,4.49,C,5.24,B,15.6,B,29.7,B,4.86,A,6.42,D,30.93,B,14.73,D,14.54,30.1081,78.9927
USR_04405F1F,B,21.65,B,14.35,B,18.24,A,14.21,C,19.26,D,15.14,B,11.34,C,18.99,B,23.38,C,21.08,25.9357,80.7191
USR_3E4B4EB3,B,19.91,D,12.73,B,24.72,A,16.35,C,11.51,D,16.62,A,14.49,B,13.41,B,18.75,C,19.64,23.1178,77.5942
USR_A66940B5,B,10.98,A,10.57,C,10.52,B,14.29,B,20.13,B,17.33,A,19.0,B,10.82,D,22.37,A,24.39,19.5863,74.43
USR_A3B6E751,B,23.2,C,17.85,B,21.73,B,16.16,A,23.71,D,13.56,A,17.53,A,20.87,A,10.81,B,20.76,20.3445,73.5243
USR_3779C262,B,20.33,B,11.6,B,14.2,B,16.49,A,20.79,A,10.04,C,18.0,B,23.48,A,20.77,A,16.12,24.6201,80.8403
USR_785FE96A,D,32.24,C,28.13,C,2.32,C,34.22,B,18.12,B,10.04,D,28.48,B,39.73,B,20.11,D,28.78,12.6473,77.3062
USR_89619EA4,B,11.08,A,9.91,A,5.24,A,10.29,D,9.93,A,9.09,A,5.15,A,6.92,A,5.55,A,8.54,24.6686,81.034
USR_AE918EBD,D,6.99,D,26.27,C,26.52,A,21.33,D,8.16,D,24.98,C,35.11,C,37.66,C,29.82,D,6.05,28.7836,79.0986
USR_E050DBE3,C,14.86,C,17.28,B,10.04,B,20.82,B,19.29,B,22.56,B,12.74,B,20.74,B,24.57,B,20.25,26.9177,77.3817
USR_C2B61711,C,36.39,B,37.24,B,16.09,A,17.81,A,20.53,C,33.47,D,37.23,D,30.62,C,10.99,D,7.31,12.13,76.4315
USR_7C543C7D,A,15.49,B,21.75,B,11.46,B,13.49,B,24.0,D,12.56,B,11.52,A,16.79,A,20.24,A,24.31,14.943,77.1015
USR_93A60772,A,22.71,B,23.4,B,24.94,A,24.79,C,24.55,A,23.69,B,19.98,D,15.15,B,16.3,B,10.18,30.0662,76.2726
USR_1308D124,A,10.38,A,8.05,A,11.4,B,8.25,B,11.42,A,9.14,B,8.76,B,5.11,A,10.73,C,6.77,20.8484,72.0015
USR_8BF7E2AA,C,24.03,B,14.16,D,8.72,D,10.39,C,39.28,B,7.72,D,8.06,D,22.25,C,28.13,C,23.93,28.528,80.2807
USR_718781E4,A,8.52,A,9.53,A,8.95,A,11.79,A,7.38,A,8.0,C,7.27,A,6.13,A,9.74,B,9.97,27.5269,76.3551
USR_569E8CF5,A,33.09,D,25.54,D,28.6,D,23.34,D,38.68,D,36.21,D,20.15,D,17.15,B,25.01,B,4.81,11.605,77.8377
USR_CE18D107,B,20.36,C,23.37,B,13.11,C,15.41,B,18.0,C,21.52,A,12.73,C,13.73,B,13.27,C,17.26,13.6284,76.7859
USR_2E5491F4,C,15.86,B,21.82,B,15.24,B,11.47,C,18.43,B,14.7,C,22.82,C,12.1,C,20.53,A,14.44,23.4013,77.7613
USR_5D754C6A,B,17.24,B,13.22,B,13.38,A,17.13,C,21.56,B,12.43,D,23.53,B,23.43,A,10.13,B,23.64,27.387,77.5085
USR_59D5F0CF,A,18.18,C,16.41,C,11.05,C,12.69,C,19.33,B,22.21,B,10.32,B,14.17,B,23.07,A,18.71,18.9916,72.8584
USR_EB9BADAB,C,10.91,A,17.84,A,23.81,C,12.22,C,18.24,A,21.17,A,10.72,B,20.27,C,18.89,C,18.94,11.1938,79.1606
USR_3AB42B90,B,10.81,A,24.55,B,10.81,A,20.8,C,24.14,B,13.69,A,10.31,D,13.29,C,15.49,B,20.63,21.4737,79.6475
USR_B729A5CB,D,4.76,D,17.78,C,12.72,C,12.27,D,13.72,D,22.8,C,22.09,D,10.71,A,2.79,A,21.37,23.6314,77.9032
USR_97B15055,A,9.78,A,7.6,B,5.69,A,5.57,D,5.15,A,11.74,A,7.59,A,11.84,A,10.68,A,11.34,28.5648,82.435
USR_BC904076,B,26.03,C,39.84,B,31.13,D,18.9,C,23.1,D,39.95,D,32.91,C,25.35,D,27.93,D,18.09,18.9273,74.1906
USR_F6EEFC38,B,20.72,B,22.97,A,19.72,B,16.58,B,17.23,C,11.64,A,11.52,A,18.71,C,21.7,A,23.38,12.4506,75.7862
USR_D240E322,B,10.7,D,23.99,B,10.07,A,19.71,B,14.4,B,15.76,A,13.12,A,13.43,C,10.06,C,11.98,28.5643,75.3927
USR_AC910181,A,5.37,A,5.91,B,7.79,A,6.88,A,6.71,C,9.57,A,5.12,A,8.71,A,7.25,A,7.1,21.5671,77.2177
USR_1B68CEC0,A,13.08,A,15.35,B,21.78,C,20.03,D,13.94,B,22.62,B,15.69,A,13.44,B,19.94,A,23.73,12.8841,77.4384
USR_FD5A24F2,B,21.12,B,19.61,D,18.27,C,23.84,B,15.72,C,20.85,C,21.89,B,10.55,A,12.63,C,17.69,17.8631,74.6421
USR_DF7D1206,B,26.99,C,22.67,D,39.94,D,29.19,A,7.39,B,39.0,B,14.16,D,16.01,B,26.19,B,30.56,11.9038,77.0202
USR_4AE6AC63,A,17.1,C,15.51,B,13.78,C,24.49,B,13.05,A,11.03,A,20.4,C,23.12,A,20.43,C,23.86,27.24,78.4264
USR_0A8914DD,A,15.3,B,17.91,C,10.92,B,20.95,B,15.37,C,11.77,D,20.9,A,10.74,A,24.12,A,10.86,28.2103,77.3963
USR_4ABFD585,A,11.98,A,9.71,A,5.01,B,5.84,A,9.52,A,9.32,B,11.33,A,5.56,A,6.95,A,10.27,20.2187,71.671
USR_E6FC2247,D,13.2,D,22.55,D,7.54,B,39.66,C,3.71,D,23.66,B,32.1,D,20.85,C,35.84,D,8.11,22.4255,78.4475
USR_66F7415F,C,7.54,C,10.13,A,10.46,A,10.1,A,11.75,A,5.83,A,8.49,D,7.83,A,7.45,A,5.36,28.4566,75.5008
USR_CBCD5CDD,B,15.19,D,24.34,B,13.94,B,11.6,B,20.56,B,11.95,B,19.87,B,20.44,C,22.75,C,20.7,11.2072,79.383
USR_075109BD,C,24.32,A,24.2,B,15.02,A,22.57,B,18.6,C,17.66,D,10.86,B,10.84,C,10.79,C,16.94,21.2076,77.2898
USR_4128188A,C,19.37,B,20.7,C,17.83,B,17.62,A,23.12,B,10.65,B,22.77,B,24.99,B,11.71,C,15.22,20.0964,70.9524
USR_00AE568E,D,10.68,B,14.06,D,19.72,B,18.66,B,21.28,A,22.26,B,22.12,D,11.73,B,10.04,C,19.35,14.7998,76.702
USR_4453CF20,A,8.78,A,10.81,D,8.22,A,5.48,A,11.53,C,11.97,B,9.27,A,6.55,A,5.76,A,9.93,25.2629,79.9897
USR_DA3805D3,C,17.65,A,13.55,B,13.41,B,10.12,C,23.75,A,20.42,B,17.17,A,23.35,B,21.75,A,16.47,21.8204,77.2078
USR_C25B1560,D,11.77,B,5.58,A,11.27,A,8.52,B,6.37,C,10.8,A,10.69,A,6.51,A,6.63,D,10.31,28.1904,75.574
USR_7CC3B98F,B,13.52,B,23.98,B,23.49,B,22.72,B,20.1,B,15.69,C,24.34,B,10.24,B,18.63,B,17.6,28.6745,76.0018
USR_207C9081,C,24.91,B,19.01,C,22.98,B,24.18,B,21.46,B,21.5,A,14.83,C,20.43,B,16.12,B,12.58,25.137,82.4477
USR_FDBE1EF7,A,28.34,C,35.39,B,7.12,B,31.51,D,33.91,C,31.66,B,22.03,B,8.51,C,4.48,D,18.67,29.3671,77.8814
USR_0B77C8FE,A,11.26,A,8.41,B,8.71,B,6.51,C,7.02,A,9.24,A,5.83,A,9.38,B,5.48,A,11.12,27.5471,75.9253
USR_071F4980,A,7.57,B,9.84,A,6.78,A,5.63,A,9.59,A,9.99,D,9.41,A,5.94,A,6.28,D,10.02,14.519,79.1448
USR_D79A7438,A,5.55,A,11.32,B,11.59,A,9.74,A,8.69,A,5.87,B,7.2,A,10.3,A,9.8,A,7.54,20.2125,71.5488
USR_38F28821,D,7.23,A,16.13,B,4.43,B,38.68,D,28.88,D,36.96,D,37.44,D,12.32,D,15.84,D,11.86,20.4507,73.0323
USR_DBA19A19,A,11.24,C,11.0,A,8.8,B,5.18,C,10.1,A,6.68,A,9.21,D,8.39,A,10.83,A,8.12,14.6872,77.4704
USR_0CC50492,B,17.86,A,22.32,B,18.16,C,12.27,B,19.12,B,23.81,C,21.78,D,21.46,A,22.5,B,23.6,11.8109,76.3662
USR_BC6A9597,D,25.85,D,19.49,C,18.1,C,9.66,C,3.03,A,20.74,B,15.23,D,13.94,C,9.49,C,22.98,11.8604,77.0824
USR_AA03DF24,A,11.22,A,9.76,A,5.7,A,6.55,A,5.18,A,9.03,A,9.8,B,7.08,A,10.8,B,7.88,20.9751,71.3411
USR_DADF7B8B,A,7.54,B,9.03,B,7.87,A,11.19,A,7.88,B,9.8,A,6.52,B,6.95,A,5.67,A,6.94,28.803,82.2123
USR_0F0D66E2,A,7.43,D,5.88,B,5.94,B,7.5,A,10.96,A,8.33,A,5.3,A,9.24,A,9.61,D,9.42,14.9163,77.7565
USR_8F57AA54,A,22.82,C,12.71,B,15.1,B,13.49,A,17.79,B,16.56,B,21.21,C,13.77,B,10.02,D,18.38,23.0175,77.0807
USR_AB7C75DB,B,15.54,A,18.24,C,23.05,C,13.6,C,17.06,B,18.98,C,10.94,A,10.07,B,11.45,C,22.36,26.3352,79.9171
USR_BBD852FE,C,24.76,C,11.61,A,16.49,A,21.65,B,14.47,B,19.32,B,11.58,A,16.44,B,17.01,B,18.73,12.061,77.9006
USR_34B07E85,A,15.63,D,17.47,A,22.68,A,17.69,C,20.74,A,21.74,B,11.21,A,24.57,C,11.41,A,24.85,25.0496,80.2914
USR_12ED9960,D,23.46,D,14.76,C,33.67,C,29.39,D,4.04,D,30.87,B,22.42,C,17.73,B,24.89,D,39.5,11.4656,76.4388
USR_1515E4F8,D,24.58,B,14.19,B,19.4,A,17.36,C,15.35,A,13.32,C,16.35,B,20.26,B,24.66,C,12.78,20.2738,71.5706
USR_3608E52C,B,22.66,B,15.39,A,11.88,B,24.61,C,15.88,A,22.19,D,10.71,B,21.04,B,21.89,B,13.52,23.2642,80.9616
USR_99B1C993,A,17.49,B,20.16,D,14.19,B,11.62,B,10.51,A,21.05,C,13.92,C,22.71,C,15.12,A,11.26,17.2452,74.3172
USR_F4957E19,A,14.65,C,22.9,D,13.23,C,14.82,A,10.83,A,22.6,A,10.44,C,20.29,D,20.22,A,10.31,21.4486,78.3792
USR_FEBC2E24,A,29.07,D,4.48,D,9.51,C,5.6,C,33.83,D,33.42,D,19.31,D,32.29,C,23.34,C,22.15,18.41,72.2695
USR_53EDDC74,B,11.92,C,20.0,B,12.39,C,17.41,D,12.54,A,17.8,B,14.09,C,18.77,A,23.29,B,24.69,22.1719,80.6919
USR_49C71AFD,C,10.0,C,17.6,B,19.97,B,16.18,C,20.55,B,18.26,B,12.51,A,16.2,A,11.34,D,23.02,22.2367,78.5721
USR_35A00DEA,A,8.84,A,7.76,B,6.44,B,9.39,B,6.86,A,7.1,A,11.41,A,5.15,A,10.9,A,6.16,22.7116,77.9116
USR_64EB599F,A,15.73,C,18.71,B,24.73,A,17.07,C,11.29,C,19.44,C,10.35,C,16.11,B,19.01,B,12.61,12.1246,79.2339
USR_DB221C84,A,10.99,D,16.6,C,10.39,C,22.94,B,17.65,B,16.64,C,18.21,C,24.53,A,15.93,A,19.82,24.0542,78.5548
USR_BD3C64EF,C,6.84,A,5.25,B,5.07,A,5.77,C,8.15,A,5.39,A,5.06,A,5.67,C,5.0,A,7.42,14.7218,76.8397
USR_3314D610,A,15.76,B,23.66,B,13.33,C,12.65,D,19.9,D,17.08,B,10.83,A,12.36,B,13.43,A,11.68,24.7865,78.1943
USR_0FA2AB4C,B,19.89,A,13.4,D,24.4,C,24.45,B,18.33,C,21.46,A,10.13,A,16.15,C,13.61,C,20.72,23.5526,79.5503
USR_2BA1527C,A,9.18,B,11.14,A,7.99,A,9.85,A,11.53,B,11.3,A,10.25,A,6.98,A,7.8,A,10.84,26.9162,77.4945
USR_918CEE5D,B,10.37,C,15.15,B,13.22,D,20.63,B,18.81,A,17.89,C,19.34,B,13.02,C,23.56,B,24.92,27.9427,77.3261
USR_DFD01ED3,A,9.23,A,11.74,C,11.74,A,7.25,B,10.38,A,11.65,A,7.26,A,6.07,B,8.71,B,9.42,28.2723,78.2011
USR_CFB8E02C,B,10.04,B,6.25,A,11.07,A,11.15,B,5.72,A,5.26,C,6.91,A,7.0,D,6.17,A,8.52,19.7844,72.9614
USR_D50E2626,D,23.14,C,18.02,B,10.12,D,23.44,B,17.68,A,15.47,C,22.98,A,13.14,B,12.09,C,22.94,18.7438,72.6729
USR_D91724B6,B,17.79,C,19.13,A,21.76,A,10.54,B,19.09,B,12.97,D,18.28,B,13.19,D,17.65,A,17.65,19.9354,71.3572
USR_B7447073,D,3.69,A,27.28,C,23.29,C,31.11,D,22.04,B,15.3,B,24.1,C,31.8,D,25.56,D,38.67,22.765,79.2993
USR_59046F84,D,7.17,D,9.82,B,9.89,A,9.54,A,8.97,A,8.67,A,6.07,B,11.52,B,8.16,A,10.9,14.3792,79.5035
USR_8DD9F3F5,A,14.21,B,15.95,A,18.05,B,24.09,D,11.8,B,17.98,D,10.58,C,24.36,B,12.06,B,11.62,28.2195,77.5777
USR_7F884D5C,A,5.1,A,10.64,A,10.87,B,8.6,A,7.46,A,9.12,A,6.31,B,11.3,B,10.74,B,5.48,19.8374,71.7846
USR_68B8E85D,B,24.78,A,11.8,C,19.45,C,13.8,B,23.19,C,18.0,C,21.81,B,17.5,C,13.43,D,23.15,25.8854,80.8323
USR_354CC963,B,10.65,A,16.83,A,18.5,C,20.18,B,14.64,A,15.61,A,18.27,B,20.65,D,17.31,A,23.8,30.4739,77.0542
USR_7DCA625A,C,24.62,C,21.93,A,21.6,B,16.35,C,22.29,B,19.99,B,19.97,C,13.16,A,17.7,B,23.96,25.8836,82.3975
USR_C8393BBF,A,7.69,B,6.97,A,7.79,A,5.32,A,10.25,A,9.5,A,8.73,B,9.15,D,6.53,A,6.73,25.7962,82.3993
USR_F13AB6F5,C,22.01,A,23.83,C,16.22,A,19.24,A,12.33,C,23.32,D,20.09,A,24.26,B,22.98,C,18.29,19.9527,72.28
USR_AFB54E3E,B,11.1,C,27.52,D,38.21,C,7.77,B,34.0,D,2.6,C,2.31,D,17.16,B,26.1,C,5.38,25.7511,82.3003
USR_D757011C,A,7.8,A,6.9,A,7.99,A,10.5,A,9.74,A,10.02,A,6.8,C,5.05,A,5.13,A,5.53,24.771,78.3457
USR_5C7AE8C9,C,23.51,B,17.09,C,20.42,B,17.77,B,23.48,B,15.46,B,22.44,B,16.87,A,18.23,C,17.06,27.1937,79.2559
USR_F78AF3C9,D,14.21,B,18.8,C,12.06,B,15.39,B,18.72,C,12.57,C,20.29,C,10.83,B,10.78,D,14.34,14.658,77.4892
USR_D76A996A,B,5.73,D,37.32,C,35.84,A,9.65,D,13.31,D,25.57,C,27.55,B,10.32,D,19.14,D,11.46,26.9682,80.5268
USR_3494EA32,B,11.6,A,11.92,A,8.75,A,9.13,A,6.97,A,8.93,A,10.19,B,7.4,B,10.9,A,6.14,20.9293,71.6352
USR_E8FA0ED6,D,23.78,C,10.93,A,13.87,D,39.61,C,24.17,B,15.65,C,26.11,B,9.17,D,2.42,C,6.51,26.7784,80.8057
USR_EEAEE736,B,11.87,C,16.65,C,16.56,A,13.96,B,18.28,C,22.38,C,17.39,B,12.37,B,16.43,B,17.45,20.6091,74.3128
USR_6C323E4E,C,4.52,D,36.64,A,32.54,B,12.95,D,34.84,A,10.08,B,22.98,C,19.26,D,13.78,C,13.89,27.9729,81.3925
USR_B5C79E75,A,21.78,D,15.34,C,14.01,A,21.63,D,18.67,B,16.09,C,10.7,B,21.86,A,17.72,D,21.53,25.4903,82.3188
USR_EE3BF227,D,13.43,B,13.82,A,13.96,D,24.25,A,14.48,B,21.37,A,13.72,C,24.3,B,21.93,C,20.36,11.0778,76.3717
USR_FB977DA7,B,11.62,D,24.01,C,12.93,C,13.74,C,12.38,B,21.77,B,22.17,C,16.9,B,17.2,B,10.54,14.3403,75.8747
USR_8A0328B0,C,9.8,A,10.46,B,9.01,A,7.08,A,11.31,A,5.03,D,7.93,A,6.11,B,9.98,B,6.77,27.9374,80.6818
USR_5C43A13B,A,23.86,C,22.0,A,16.42,C,11.92,A,14.16,B,21.33,D,12.23,A,20.31,B,21.41,B,20.59,20.6941,71.9762
USR_ED3B9202,C,11.07,D,17.88,A,12.24,B,22.14,C,10.07,B,10.06,A,22.02,B,18.47,A,24.64,B,21.2,28.6695,77.3885
USR_C0EF9508,C,19.59,B,11.24,C,14.54,B,21.62,A,15.3,C,17.08,B,16.35,A,20.61,B,10.22,A,21.81,25.9608,81.1572
USR_E65D3DDA,B,6.29,A,5.09,B,10.77,A,10.86,A,5.49,D,5.3,A,8.34,B,8.79,B,8.36,A,11.13,20.8425,74.8332
USR_18E848F8,B,13.77,A,22.15,A,11.56,A,14.29,D,16.13,B,22.71,C,11.74,B,18.53,B,16.42,A,20.7,14.4393,77.9871
USR_B784B389,A,10.2,B,8.68,A,8.08,A,5.32,B,7.34,A,7.97,A,7.83,B,11.11,C,10.76,A,6.49,13.5888,79.1588
USR_4E438322,D,11.2,D,34.8,D,39.79,B,18.69,D,4.29,D,10.92,B,4.22,D,10.06,D,11.79,D,3.37,30.304,77.4764
USR_15611DB0,B,17.23,B,20.93,B,15.99,C,21.47,A,23.72,B,10.9,C,11.22,B,24.85,A,18.56,B,18.67,25.1377,79.4871
USR_D6FF1E0D,B,23.32,B,12.57,A,19.51,B,19.4,A,24.16,C,16.76,C,24.84,C,14.14,B,16.72,C,13.6,11.892,77.3643
USR_BB0068AD,A,10.36,B,10.81,B,5.18,A,5.98,B,9.01,D,7.95,C,7.98,A,5.11,A,6.8,A,9.6,23.6651,79.3696
USR_7CEC4C1C,B,12.69,C,22.67,B,10.51,A,21.11,C,16.63,C,15.85,C,10.17,A,21.42,B,10.71,C,21.25,26.9724,79.0807
USR_908C8E55,C,11.65,A,17.45,A,19.8,D,15.85,C,13.57,D,21.82,C,12.76,A,10.39,B,12.72,A,18.87,11.6485,76.8929
USR_641992C3,A,8.48,A,6.68,A,11.75,A,11.73,A,6.18,A,8.23,A,7.43,A,6.19,D,11.52,A,7.77,26.3461,82.1612
USR_4B2198EB,A,9.3,A,6.84,A,5.22,B,10.69,A,6.12,D,9.2,A,9.9,C,6.92,A,8.11,A,8.18,18.635,71.2815
USR_8E551E00,B,36.4,B,30.05,D,36.53,C,15.52,A,10.14,B,5.82,D,13.69,D,35.68,C,4.21,B,24.63,21.1228,77.9769
USR_A405D68D,B,13.52,A,20.25,C,15.38,C,18.91,A,11.86,B,15.49,C,23.15,A,16.03,A,12.04,B,10.83,23.5789,80.539
USR_32AFCEF3,D,6.37,C,21.27,D,39.82,D,18.56,D,9.11,B,32.09,B,14.92,C,6.33,A,10.39,D,15.38,18.5778,73.6266
USR_0FCE6A6C,B,12.83,B,23.56,B,13.51,B,11.51,B,11.18,B,16.31,C,24.45,B,23.44,B,10.61,B,19.83,27.7713,77.2613
USR_E1A87986,C,17.7,B,24.29,A,20.04,A,22.89,D,14.51,D,17.95,A,18.42,A,20.52,B,11.16,B,13.24,23.8566,79.5734
USR_F1A7203A,A,10.15,C,10.16,B,11.29,B,13.94,A,19.73,B,19.57,C,23.58,C,15.67,A,16.38,C,24.68,17.1155,71.1901
USR_0DB107D5,B,20.05,C,10.57,B,17.82,B,16.32,A,23.28,C,18.62,C,12.52,C,13.08,B,10.1,C,13.15,27.1166,80.7803
USR_7B96BE5D,B,22.04,C,21.22,C,22.72,A,10.52,A,21.62,B,11.76,A,20.25,B,21.76,B,17.21,C,18.04,24.6174,80.4204
USR_FDE9CA69,B,12.55,D,18.5,A,24.79,B,23.8,A,18.23,B,13.11,C,20.37,C,20.33,A,23.52,A,20.42,28.7317,82.476
USR_94ACDC90,B,18.41,A,24.53,A,23.88,C,21.56,A,14.12,D,23.83,B,23.27,B,14.86,C,21.33,A,20.94,30.3061,78.8821
USR_CE00AB33,D,17.15,C,21.95,C,17.66,D,16.6,C,3.96,B,13.74,C,37.84,D,19.55,D,14.87,B,14.72,17.5021,73.2146
USR_6A7B51D4,C,30.13,C,28.55,C,9.04,B,6.46,C,9.88,B,3.25,D,32.46,A,26.18,C,30.28,D,16.44,25.0219,81.0294
USR_314DFD99,B,22.97,D,21.93,A,18.77,B,23.01,B,20.6,D,22.28,A,11.2,B,21.49,D,12.67,C,24.51,11.6197,77.8451
USR_9419E30E,C,10.23,D,21.94,B,13.96,B,18.79,B,14.6,C,23.71,B,22.32,D,19.55,B,12.1,B,10.42,18.9762,71.7305
USR_F63F7BA8,B,18.17,C,18.98,C,20.62,A,13.26,B,14.09,C,22.76,A,11.78,B,20.39,B,21.61,A,17.91,13.4451,76.9704
USR_6ED909FC,C,3.82,B,10.52,B,6.84,C,11.33,A,37.0,B,17.52,C,31.31,A,27.12,D,12.17,D,3.92,25.2748,81.2347
USR_44F8103B,B,19.39,B,16.47,B,24.89,C,12.49,C,22.31,B,18.83,B,13.13,A,11.56,B,18.01,C,17.39,29.6732,76.1054
USR_7CD1F500,A,20.79,C,24.04,A,23.62,D,12.77,B,24.35,A,20.02,B,14.5,D,20.98,C,10.65,B,24.33,24.9384,82.9348
USR_A50A6FA5,B,12.97,A,15.14,B,23.57,A,20.29,C,20.42,C,15.35,B,18.18,C,15.93,C,21.72,B,17.85,29.3856,76.4275
USR_A9AA4300,A,9.81,A,6.65,C,10.99,A,9.67,D,6.86,A,10.09,A,8.99,B,11.21,A,8.24,B,7.28,23.1433,79.5702
USR_9B6A3A91,A,16.75,B,23.3,B,16.59,D,15.9,A,20.73,D,21.86,B,16.18,B,15.35,C,22.95,A,22.89,20.9908,74.21
USR_235A4EE3,B,6.78,A,8.39,A,9.04,A,9.09,A,6.32,A,11.01,B,5.75,A,10.7,A,11.46,A,6.06,24.5384,80.788
USR_204A9793,A,20.25,A,19.06,D,24.58,B,16.22,C,23.09,D,11.68,B,12.07,A,20.97,C,23.57,B,23.51,13.0571,77.0739
USR_EDEE6871,B,27.71,D,29.96,C,34.18,D,11.16,C,19.41,C,15.81,C,19.8,C,3.12,C,22.75,D,32.05,26.2665,82.7379
USR_1D3D1DB9,A,9.06,A,8.3,A,10.54,B,7.55,B,10.82,A,10.46,A,6.65,A,8.2,A,5.98,A,11.64,19.468,71.2278
USR_46B24BFA,B,17.3,B,13.66,B,15.98,B,12.72,D,19.97,B,21.29,A,17.08,A,22.88,B,19.18,C,13.97,23.9733,80.4621
USR_1B082854,C,10.37,D,3.58,D,27.54,D,12.61,B,12.23,D,26.39,B,27.99,C,34.98,D,25.86,A,28.24,14.4444,76.9909
USR_633755F6,B,10.84,C,22.96,B,16.71,C,18.45,C,16.42,A,19.52,B,12.28,B,15.26,A,10.41,B,20.24,27.5173,78.8411
USR_6F9C81B7,D,13.8,D,37.13,C,3.68,D,39.91,D,20.84,B,21.08,B,16.14,D,36.36,C,15.97,B,7.28,21.2655,77.2829
USR_9B90072A,C,14.65,A,34.51,D,25.27,C,3.35,C,17.88,C,2.99,D,9.23,C,17.22,B,27.44,D,8.58,14.4672,78.9665
USR_6FD34C08,C,18.66,C,15.57,A,19.58,A,11.18,B,22.06,C,23.1,B,18.48,C,15.75,B,10.98,C,19.68,19.5843,72.6455
USR_8E738565,D,19.5,A,22.87,A,17.94,C,23.31,D,16.33,A,22.43,C,21.38,A,21.17,C,22.6,C,14.71,17.8531,74.7595
USR_DF9960C0,A,11.76,D,21.8,A,14.26,B,10.27,B,20.63,C,21.48,A,17.53,C,15.45,A,17.69,A,24.5,28.1439,76.9264
USR_21E2418C,B,9.17,B,7.59,A,9.02,A,6.43,A,9.32,B,6.24,A,6.61,A,11.46,B,10.3,D,10.71,27.7104,77.7501
USR_FF473FAD,C,37.43,D,2.57,D,9.58,D,5.12,C,10.18,C,37.77,D,26.69,B,33.46,C,21.32,D,14.06,28.0876,76.2189
USR_AA12C421,B,23.67,A,20.4,C,19.6,B,10.26,C,14.49,C,10.4,B,18.58,A,12.6,A,23.72,A,20.66,25.085,80.5051
USR_33CAF410,B,11.45,A,9.41,B,5.4,B,10.38,B,11.4,C,10.39,C,11.82,A,7.67,B,6.25,A,5.2,26.9098,79.6167
USR_DE0345E4,A,8.54,D,7.91,A,11.04,B,10.04,B,8.44,A,5.07,A,11.68,A,10.71,A,6.38,D,11.3,26.7243,76.2288
USR_F784DA1F,B,10.49,C,15.35,B,16.01,D,15.37,A,11.47,B,20.39,A,16.18,B,21.4,B,12.08,C,13.1,25.2115,81.9037
USR_15BF8980,B,17.95,B,24.24,B,22.57,B,19.69,A,20.52,A,16.78,B,17.41,A,18.41,B,13.35,B,20.58,11.8402,77.3554
USR_64A283D6,A,7.01,A,7.44,A,7.2,A,10.95,A,10.32,C,10.64,B,9.22,A,6.53,A,6.26,B,6.71,18.93,72.6328
USR_DE334B97,A,21.02,C,22.35,C,10.01,C,14.26,C,14.59,C,23.57,A,13.91,B,16.89,B,16.51,B,12.47,23.385,80.206
USR_D7185058,A,22.22,C,22.03,A,19.06,C,20.51,B,18.1,A,19.74,C,19.31,B,10.07,C,16.51,D,18.01,18.4513,71.386
USR_DA56E262,A,20.46,C,13.3,A,21.77,B,22.63,B,18.31,A,19.95,B,16.09,A,22.52,B,15.94,C,10.36,30.1841,76.6482
USR_E7CEB351,D,13.84,A,23.93,C,24.37,B,11.34,C,23.2,B,24.11,D,23.24,B,11.49,B,10.69,B,13.89,20.2012,71.7684
USR_4C9DB518,B,7.36,A,8.98,A,11.41,D,7.89,A,11.71,A,11.99,A,10.94,A,11.24,A,5.25,A,10.48,25.1829,82.6592
USR_3D83F41C,A,18.71,C,24.14,D,23.67,B,19.74,B,22.35,C,10.09,C,19.87,B,15.99,B,20.11,A,12.8,20.9057,71.2777
USR_602F1CEE,C,26.61,B,22.14,D,33.51,C,18.19,C,8.98,B,34.39,B,33.44,A,10.43,D,26.44,B,15.11,25.0407,79.7429
USR_7C83105C,C,16.6,B,19.42,C,10.34,A,19.37,B,10.34,C,10.62,C,21.94,A,17.24,D,11.35,B,21.52,13.2561,79.5462
USR_F7E3F63B,C,21.78,B,10.94,B,13.65,B,14.29,C,15.15,A,17.37,A,20.18,B,14.08,B,21.9,C,20.75,21.2242,80.309
USR_646539EE,A,15.81,B,15.36,B,17.48,B,14.93,B,11.09,C,24.06,C,20.4,B,23.45,A,12.44,B,23.47,24.8255,79.8495
USR_4684342B,B,12.61,D,20.8,B,16.54,C,23.77,B,13.39,B,23.87,A,15.13,A,23.87,B,24.19,A,17.25,11.6176,76.4134
USR_DE5CF43B,D,15.51,B,24.88,C,12.13,B,23.01,C,15.93,A,16.09,B,14.95,A,12.41,A,14.29,C,24.96,12.9846,77.1573
USR_24A8ADF7,B,8.89,A,6.63,A,11.79,A,11.95,C,8.25,B,6.03,A,10.72,A,7.12,A,7.4,A,9.87,21.6548,80.1255
USR_108F3A2E,B,10.84,D,21.34,B,24.79,A,11.2,B,20.58,B,16.95,C,11.95,B,21.37,B,22.87,C,10.53,26.7559,76.7727
USR_40AF81EA,A,10.91,C,20.2,C,21.11,A,18.27,C,18.23,A,14.12,B,14.24,A,13.65,D,20.73,C,14.95,22.5686,80.9646
USR_FA5C8BC7,C,13.52,A,21.39,B,11.24,B,11.24,A,15.5,C,14.5,A,18.52,D,17.02,B,23.43,C,18.25,12.0452,78.8047
USR_DA4B0A18,D,26.25,C,14.4,B,39.65,D,4.13,C,25.75,C,8.63,B,34.36,D,38.61,D,8.09,D,11.68,28.1223,79.5935
USR_6B4FAD7E,A,24.54,D,12.44,A,10.98,B,21.48,C,23.94,A,12.02,A,10.83,B,12.35,C,16.01,B,22.78,13.6131,78.4775
USR_1D0618EF,A,7.08,A,10.45,A,7.87,B,7.13,A,6.48,A,8.1,A,8.75,A,6.1,A,8.63,A,6.85,27.2529,79.1763
USR_C704D685,B,24.24,B,18.6,B,17.87,B,18.4,B,10.99,B,23.97,C,13.41,A,14.49,B,16.58,C,17.61,21.4804,80.8959
USR_F30047CF,D,11.51,C,9.68,B,29.76,D,30.63,A,14.33,B,21.52,B,8.28,C,34.01,A,25.98,B,25.71,23.7795,77.981
USR_E11E2060,C,19.78,C,4.1,D,24.88,D,23.73,D,34.3,C,4.13,D,25.67,C,20.56,D,18.58,B,19.43,23.2019,79.7798
USR_B3FEC47E,D,20.0,C,24.5,A,15.49,C,11.78,B,11.68,A,14.96,A,12.96,A,10.27,B,20.27,B,24.69,29.0864,77.2156
USR_57583936,D,29.4,D,21.11,C,39.34,B,6.38,A,25.11,C,33.38,A,34.0,D,35.8,D,35.51,C,14.57,13.5393,76.4244
USR_09C4306B,A,18.9,B,20.0,B,11.7,A,11.4,B,24.68,C,15.4,A,10.52,A,16.28,C,23.8,B,21.58,27.5021,75.9752
USR_23299C86,B,6.82,A,11.5,B,11.71,D,5.63,A,5.3,A,11.31,B,6.68,C,8.71,B,9.5,B,5.23,20.6387,73.9081
USR_C75D3791,A,28.21,D,16.5,C,26.09,D,12.68,D,15.68,B,8.16,A,19.2,D,19.36,D,25.25,B,39.57,13.3133,78.915
USR_6E32202F,D,22.25,B,10.87,A,24.89,C,21.56,B,10.43,A,13.53,B,15.23,B,11.65,A,14.25,D,12.61,21.1912,77.6372
USR_1BEBCCA3,C,38.86,D,31.26,C,37.29,B,8.5,D,27.67,D,2.09,C,18.23,D,22.31,D,7.3,C,11.12,30.5762,78.1657
USR_ED688C8E,A,7.14,A,9.3,A,10.56,A,10.77,A,8.37,A,7.63,B,11.83,A,5.59,C,10.48,A,11.33,18.7083,73.6052
USR_6FBE7E91,B,10.86,A,8.66,D,5.76,A,10.85,B,7.82,A,10.29,A,5.4,A,7.77,A,7.29,B,6.12,27.4039,78.6275
USR_89D98BDB,A,8.63,A,6.29,B,11.51,B,10.34,A,7.67,A,7.62,A,7.48,B,5.14,A,8.18,B,10.01,28.5116,79.73
USR_ED66E0DA,A,10.33,B,19.87,D,18.98,D,10.03,B,11.25,A,13.07,A,15.16,A,14.23,B,17.85,D,15.91,29.3546,77.7465
USR_4FE8DF7B,C,7.09,A,5.78,A,7.44,A,8.23,B,9.91,C,9.81,C,7.48,D,6.06,B,7.34,A,5.53,14.0896,77.4652
USR_A3CE3FF3,B,23.13,C,13.97,C,24.64,A,13.66,B,10.18,B,16.72,B,11.22,B,19.08,A,12.47,A,22.26,14.6322,77.8843
USR_8C1A16B2,C,3.98,C,36.37,D,10.86,B,5.77,C,28.75,C,36.14,C,39.33,D,17.05,A,37.79,D,6.65,17.5963,72.3206
USR_0EBB0DD0,D,18.26,A,13.04,A,19.77,A,16.34,B,24.1,D,11.39,C,14.72,C,15.72,D,11.09,D,21.38,17.8384,72.1042
USR_93D98525,C,4.68,A,39.21,C,13.85,D,5.72,C,23.25,D,29.19,D,20.84,B,25.69,C,39.18,D,14.16,22.2621,77.4262
USR_3B8254D0,B,17.02,B,15.04,B,14.8,B,15.91,B,19.32,B,18.37,B,24.72,C,13.0,C,18.79,A,17.91,18.9702,72.272
USR_31B19573,A,9.65,A,5.88,A,11.72,A,9.0,A,8.2,B,8.26,A,10.03,A,11.62,B,6.97,A,5.08,18.6457,74.6935
USR_F1C4657E,C,22.0,A,11.78,B,20.41,B,18.84,B,20.01,B,24.45,A,19.29,C,21.67,B,24.48,D,18.63,29.3436,77.4994
USR_AE92B477,A,8.83,A,8.3,A,9.92,A,10.0,B,11.92,A,8.99,A,5.86,C,7.43,A,8.1,B,9.82,20.3937,71.9675
USR_49191F6C,C,17.33,C,14.29,A,12.66,A,11.88,D,14.15,C,19.03,B,16.16,A,23.98,B,24.72,A,10.92,11.8736,78.0307
USR_786044DA,A,24.98,C,11.85,C,22.15,A,11.86,C,22.68,B,23.91,A,21.74,A,10.49,A,21.53,A,17.3,18.8643,73.794
USR_E599ECBB,A,16.82,B,12.74,B,23.02,C,17.05,A,21.7,B,11.73,B,11.8,B,14.41,D,21.59,A,14.28,25.6913,82.9072
USR_BB0F76C7,A,5.11,A,11.25,A,8.6,B,6.67,A,6.42,B,5.23,A,11.01,A,6.97,B,9.08,A,5.21,19.8594,71.3076
USR_ED972656,D,14.6,B,22.03,B,16.88,B,13.27,D,23.36,A,24.29,C,20.94,C,23.34,C,12.88,A,12.41,12.5662,77.9451
USR_40876668,C,24.76,A,16.32,D,20.73,B,10.05,A,24.81,C,11.71,B,13.6,C,13.03,A,18.92,C,19.3,20.9516,78.9861
USR_C255782A,C,19.17,B,10.1,D,13.79,C,17.82,D,19.56,C,13.24,B,19.61,B,23.18,D,14.33,B,17.71,22.1002,79.9061
USR_5C4CD226,D,37.62,D,5.68,D,11.44,A,37.21,C,13.64,D,2.25,D,5.13,D,5.33,C,23.58,D,27.2,11.1207,77.6155
USR_F42963E9,A,10.06,D,11.9,A,8.88,A,11.51,B,10.62,B,9.14,A,8.26,A,9.89,A,10.47,A,6.98,29.0757,79.1662
USR_528230D5,B,14.78,B,20.7,B,15.69,C,16.71,B,13.87,C,20.0,B,19.11,A,22.13,B,21.1,A,23.22,27.0705,76.4497
USR_026FA16E,A,17.44,C,18.18,C,24.29,C,10.08,D,16.02,A,20.75,D,15.47,C,17.3,A,10.29,B,12.62,27.0186,79.1305
USR_4B1D373F,B,19.81,A,10.52,C,17.23,B,19.19,C,15.4,A,10.53,C,11.35,A,15.69,C,12.32,C,15.46,12.921,78.3644
USR_CCA474B9,C,22.28,D,10.7,B,21.63,A,23.33,D,23.8,A,22.72,B,24.15,B,17.4,B,23.43,B,13.42,25.9862,81.6505
USR_97CCBF1C,A,21.81,C,15.56,D,17.65,D,17.71,C,14.27,A,16.78,B,23.55,B,21.18,A,12.93,B,18.89,23.4305,77.6403
USR_C8E955F9,A,11.62,B,9.9,A,10.3,A,10.72,A,7.21,A,9.13,A,6.36,B,5.17,A,5.89,A,9.25,26.8891,77.649
USR_46AC08ED,D,32.45,B,17.14,D,38.47,A,28.23,C,39.95,B,26.87,B,37.21,D,2.32,C,21.66,C,37.63,18.6441,74.3932
USR_B12A89EC,B,23.5,A,10.25,D,19.82,B,17.22,B,12.98,D,18.73,B,11.71,C,14.5,C,22.74,B,12.18,14.9132,79.0288
USR_49EFB3D6,A,10.87,D,7.03,A,7.54,A,9.66,B,7.52,B,8.5,A,7.2,A,6.19,A,7.27,A,5.15,14.2936,76.9115
USR_7A45487C,A,10.4,C,7.8,C,19.05,C,22.83,C,28.05,A,34.86,C,23.08,C,7.3,D,26.57,C,38.59,17.6091,74.2986
USR_5A03F45D,A,20.32,B,17.06,C,10.25,B,15.63,A,11.44,B,12.7,A,24.61,C,18.42,A,17.9,B,12.14,26.0721,80.8931
USR_08BDFF7D,B,20.89,A,21.88,A,13.14,B,22.72,A,15.12,B,24.18,C,21.12,C,21.27,D,21.77,C,23.96,21.405,77.8108
USR_39A2E282,A,21.74,B,10.98,B,24.48,D,17.05,D,16.45,B,23.82,B,19.58,D,18.47,B,17.39,A,10.19,24.7211,77.4846
USR_5F9AB64C,B,9.92,A,10.69,A,6.86,A,8.8,A,7.54,A,8.06,B,8.41,A,8.99,A,6.11,A,6.42,28.808,77.6842
USR_A1B759E6,B,24.2,B,15.79,B,15.4,A,11.22,C,14.11,A,12.52,C,16.56,C,10.6,D,16.19,A,18.49,25.2922,79.7569
USR_7D4FBC97,C,21.53,A,10.18,B,19.46,C,24.48,A,15.92,B,20.38,B,16.55,B,16.25,A,21.53,A,12.51,21.6285,79.72
USR_30168E95,B,13.49,B,18.36,B,12.43,B,11.77,A,10.06,B,13.51,C,12.11,C,12.79,B,20.94,B,24.07,26.7812,77.6398
USR_834D3047,B,16.66,A,21.65,C,20.28,D,17.65,B,23.61,B,17.74,D,14.59,C,23.37,A,22.12,C,17.29,19.9569,74.0065
USR_52B8D79C,D,16.12,B,14.11,A,14.56,B,17.86,C,10.65,D,19.86,A,16.81,D,22.66,D,24.48,A,18.95,30.1761,77.961
USR_FF49F61C,D,31.27,D,11.74,D,38.12,D,20.09,C,21.75,A,31.4,D,17.95,C,2.08,C,2.41,D,18.97,21.1354,77.7519
USR_0DEABC95,C,12.87,B,23.93,A,10.61,D,18.59,D,18.79,C,12.42,C,24.22,A,11.63,B,12.04,D,21.83,21.2244,80.3892
USR_1ADFAC9F,C,8.99,A,5.08,B,9.41,A,9.73,A,7.46,D,8.84,D,6.47,A,9.63,A,7.31,A,10.49,29.4531,76.1286
USR_64B843BA,D,17.21,B,10.41,D,24.61,B,13.95,A,20.24,C,18.81,A,19.05,D,15.84,C,17.15,B,21.87,23.1783,80.3616
USR_286FE0F3,B,22.51,C,18.23,C,16.96,B,21.02,D,19.1,B,18.99,B,21.45,B,24.73,D,14.06,B,14.83,22.1472,77.8383
USR_B8C6DDD1,D,15.02,D,26.31,D,6.87,B,39.64,D,25.06,C,5.5,C,3.35,D,18.16,B,15.35,C,5.19,26.1136,80.4482
USR_F15675D1,C,17.54,C,10.15,C,13.93,C,13.52,B,24.34,C,13.01,A,12.3,D,20.62,C,15.66,B,24.35,18.7472,71.5463
USR_416E88AF,B,11.89,A,20.01,A,13.32,C,21.28,B,22.84,A,12.79,C,11.16,A,11.65,B,17.81,D,19.82,11.7817,78.8416
USR_33512B9A,C,14.45,C,22.52,B,17.17,B,16.23,C,24.27,B,20.69,B,12.65,B,22.37,C,24.73,C,15.77,18.9373,71.2427
USR_29CDEC30,B,15.25,B,12.78,C,24.38,D,21.54,A,21.27,C,20.61,B,19.63,A,21.45,B,22.77,B,13.96,27.8996,78.5311
USR_F3359A78,B,16.12,B,19.74,A,23.4,C,24.65,A,20.21,C,18.05,D,13.48,C,21.63,B,21.14,A,16.27,14.4002,75.7515
USR_0377D9C3,A,22.48,B,19.79,C,19.6,B,11.42,D,10.81,B,23.39,C,16.18,B,23.88,B,13.29,A,17.69,29.2254,76.6248
USR_0896D7DD,B,16.54,B,15.8,D,22.74,A,12.66,C,18.84,C,23.8,B,15.45,D,14.07,C,19.37,C,10.46,14.5155,77.2136
USR_DABD54A2,B,21.99,A,22.03,C,19.1,D,12.85,C,19.65,B,16.55,C,23.82,B,18.86,A,14.31,C,13.42,25.1797,79.5279
USR_FEFB23C9,B,15.7,D,17.7,C,36.04,A,16.16,C,17.99,D,21.52,D,3.3,B,26.13,D,4.54,B,28.24,26.8028,81.6572
USR_738A013E,B,14.47,C,10.04,B,20.68,A,10.17,A,13.56,B,20.29,D,24.02,C,11.47,B,11.89,A,10.43,12.0365,78.5273
USR_8EDED42D,B,13.12,C,15.33,C,13.23,B,24.32,B,15.78,A,14.46,D,12.39,A,22.14,C,23.61,A,17.89,26.4107,80.415
USR_70D54213,A,11.26,D,18.32,C,20.14,B,24.4,A,16.92,B,17.43,B,10.47,C,15.48,A,14.97,A,23.26,11.8171,77.8731
USR_19B142AE,C,14.16,A,14.35,B,17.21,D,20.74,B,11.4,D,20.67,B,13.43,C,17.08,B,20.24,B,10.2,20.6495,74.2635
USR_9B3A1DD4,C,10.13,B,7.62,B,11.06,B,6.99,A,10.68,B,8.28,A,7.77,A,10.85,B,8.81,B,10.04,28.126,77.1629
USR_42BA7767,A,11.66,B,10.04,B,9.93,A,9.84,B,5.22,B,8.62,A,9.82,A,6.31,A,9.73,B,5.21,17.1461,74.2813
USR_3121CAB7,C,21.99,A,15.9,B,24.93,A,10.71,A,21.68,B,16.79,A,21.1,A,20.45,B,16.45,B,23.69,26.9843,79.145
USR_128CE00C,A,15.75,B,15.98,D,20.5,A,15.13,A,24.36,B,17.01,A,15.01,A,15.22,C,14.93,B,10.49,11.6286,78.9992
USR_F494C7ED,B,21.28,C,13.85,B,24.81,C,17.7,A,21.17,D,11.08,B,12.06,A,15.51,B,11.87,B,16.33,28.3982,76.3476
USR_C6F53DB9,B,12.56,A,15.3,A,16.39,A,16.74,A,24.74,A,15.59,A,11.05,D,12.93,C,20.3,A,16.54,21.1626,80.6421
USR_08EF5407,C,10.37,B,23.8,B,21.39,B,11.02,A,14.36,C,24.74,C,11.54,C,11.31,A,10.67,B,15.9,14.3425,76.1561
USR_8F5F2CC6,C,15.28,C,27.34,D,2.56,D,20.69,D,4.35,C,39.08,C,23.98,D,19.48,D,24.46,D,33.26,23.4371,79.4764
USR_0A3AC855,B,14.3,C,12.93,D,16.37,C,12.22,C,18.78,B,12.98,B,20.85,B,14.6,D,23.95,B,18.92,24.8614,81.9447
USR_96A257A7,B,24.24,A,14.5,C,12.53,B,21.09,B,22.87,B,24.71,B,21.13,C,13.91,B,10.7,B,17.09,17.9914,71.4777
USR_57319812,A,14.08,D,12.02,B,19.25,B,15.02,C,19.03,C,23.53,A,24.32,A,23.37,D,17.59,B,16.04,14.4536,76.808
USR_1FAF3347,D,34.8,D,3.63,C,39.03,B,31.15,B,25.57,C,14.71,C,13.03,D,29.51,A,4.61,D,4.19,28.3286,77.0526
USR_AF7927A7,A,24.69,B,15.49,B,21.72,D,23.16,A,19.76,A,14.01,A,13.94,B,16.83,C,19.24,B,21.63,27.8482,81.4422
USR_04E9FFB9,A,21.53,A,17.41,C,13.5,C,10.84,D,12.6,C,22.56,B,20.81,B,15.94,B,15.51,D,14.83,29.1076,76.2424
USR_D414DD72,A,7.04,A,5.78,A,6.77,B,9.06,A,8.41,A,9.35,A,6.89,A,11.77,A,10.22,A,9.69,18.2463,74.2269
USR_60040682,B,22.81,B,23.3,B,10.75,B,18.01,C,20.1,C,10.57,B,10.5,B,12.59,C,16.09,C,13.76,27.7472,81.2099
USR_85C01F68,D,5.79,D,33.82,C,14.44,D,6.74,C,8.81,D,9.88,D,32.0,B,37.78,B,11.25,D,33.62,28.712,82.0032
USR_56134D99,C,24.54,B,21.33,B,12.04,C,22.28,C,14.79,B,22.02,B,19.01,B,11.44,A,12.62,B,14.22,18.7647,72.5294
USR_7B5117A3,A,10.81,A,11.22,A,5.45,B,6.19,A,9.77,A,11.26,A,10.38,C,10.97,A,6.01,A,9.96,28.5832,75.8501
USR_E6A46DF2,B,14.57,A,5.6,D,39.8,A,38.13,D,17.12,C,4.23,A,37.58,C,12.0,B,26.92,D,33.1,25.3057,80.3899
USR_F23F0205,A,9.97,B,6.6,A,9.24,A,10.88,B,9.14,D,6.84,D,8.56,B,8.15,A,11.79,A,6.94,19.4367,72.737
USR_AB9C371D,C,26.08,C,31.96,C,36.4,D,6.87,C,24.13,D,9.74,D,11.91,D,10.03,D,16.74,A,4.73,11.7225,76.5936
USR_3A766298,A,11.7,C,10.52,A,9.38,B,5.59,A,9.76,B,6.12,B,11.92,A,10.48,A,8.9,A,11.37,18.7232,72.9655
USR_4557695B,D,17.31,D,23.19,B,13.51,B,11.86,C,19.48,B,18.24,D,13.91,C,26.35,A,15.2,C,27.56,12.7221,76.3782
USR_02B8CECC,B,17.13,B,22.82,B,12.47,C,22.99,B,20.83,B,15.27,C,22.05,A,20.87,A,24.29,C,24.21,20.5149,72.5225
USR_8D3FFC48,B,21.79,D,10.96,B,15.9,B,22.88,A,24.44,B,20.79,A,11.09,B,11.34,A,14.36,B,17.84,20.1169,74.2777
USR_79B6D9BF,A,11.85,D,12.49,B,22.86,C,21.71,B,22.77,A,14.59,A,20.47,A,13.42,C,10.16,D,20.33,12.5971,77.3647
USR_B10A2F05,C,38.81,D,35.5,B,37.84,B,9.83,C,28.59,D,10.47,D,27.17,B,19.11,D,25.88,C,6.74,21.432,80.1514
USR_93BAF640,D,36.77,C,19.42,D,5.48,B,39.17,D,25.14,C,18.73,D,35.9,C,34.49,D,10.28,D,33.09,19.5997,74.3606
USR_74946E3C,C,18.05,D,14.73,B,10.63,B,19.63,B,19.09,A,24.54,B,10.62,A,17.98,C,13.04,B,21.47,18.0622,74.0705
USR_6B66179C,B,13.58,B,19.56,B,17.06,C,19.57,D,23.28,B,20.31,B,15.44,A,24.25,A,10.92,C,16.28,14.8256,77.6235
USR_C8DA2E88,B,17.22,D,19.78,A,16.01,A,10.35,B,17.42,B,16.3,A,13.44,B,12.39,B,11.96,B,12.92,13.9025,78.1587
USR_DF414F74,C,24.34,C,11.22,A,11.93,C,18.09,B,13.08,B,13.75,A,19.54,C,20.61,B,20.95,A,12.09,19.2587,71.4645
USR_1B6ABD63,B,6.52,A,6.87,A,11.1,A,9.63,B,6.35,A,6.27,A,9.5,D,11.97,A,9.04,A,11.12,14.7191,76.087
USR_3D9B87FA,B,19.59,C,23.74,A,17.4,B,10.41,A,21.68,C,12.94,B,15.21,B,10.59,C,19.64,C,21.44,28.15,77.8215
USR_E15EA2C2,C,16.14,C,21.41,C,14.51,B,15.86,B,24.41,C,18.14,C,19.45,C,24.28,A,20.83,B,22.98,14.0077,75.9617
USR_46AADBEF,A,3.03,D,28.58,C,39.76,B,13.11,D,10.56,C,8.7,C,15.45,A,5.2,D,20.48,C,19.02,18.7988,73.1531
USR_9137B0CB,C,15.03,B,18.18,C,23.61,C,14.82,D,17.33,A,21.14,D,24.39,B,14.83,A,15.49,D,13.74,11.736,77.8441
USR_71AAA39D,C,16.77,B,13.96,B,12.78,C,11.42,D,20.29,D,19.68,B,20.07,B,17.12,A,18.86,A,24.82,26.8291,82.246
USR_8C8D0566,C,11.63,B,13.86,B,18.09,D,24.77,C,23.11,B,11.63,A,12.17,C,22.97,C,19.24,C,21.23,29.0803,77.7353
USR_EA052673,D,21.99,B,18.32,B,20.87,D,14.26,B,14.82,A,13.35,B,22.57,A,23.64,B,15.29,B,14.08,28.2258,81.5627
USR_17BC43F7,C,16.0,D,2.37,B,27.08,B,38.81,A,32.7,B,2.89,C,34.64,C,26.25,D,9.95,D,32.88,22.2622,78.2825
USR_B57DA74C,D,3.2,C,24.18,A,23.31,D,12.63,B,2.32,C,25.89,D,11.83,D,5.33,C,31.78,B,35.79,30.0578,78.4527
USR_D723B1CB,B,6.61,D,11.49,B,9.44,C,32.09,C,7.63,B,21.86,D,22.97,D,8.91,B,14.74,C,31.21,28.4313,81.7829
USR_E0040FE9,B,16.63,C,23.99,A,16.53,C,14.47,B,23.74,D,19.83,D,24.11,C,20.96,B,21.69,C,13.78,24.6243,80.2012
USR_513155BF,C,19.77,C,19.72,C,22.78,D,17.12,B,13.6,A,15.37,C,24.83,C,23.99,C,13.37,B,11.31,11.9254,77.5149
USR_83316D84,C,23.25,B,9.09,D,10.22,C,20.69,C,34.91,D,36.33,C,16.25,A,4.09,D,12.71,C,2.61,22.7467,80.4827
USR_14D18626,A,18.17,C,10.49,C,13.6,A,13.33,D,13.83,B,24.03,A,22.29,C,21.86,C,20.4,B,21.56,26.9553,78.9547
USR_4F7B57E8,A,23.6,C,24.81,B,24.1,B,19.37,B,24.67,B,10.84,B,16.32,A,17.83,B,20.58,B,23.54,18.886,74.1629
USR_37EF16D4,B,21.32,C,12.4,A,21.71,D,12.43,B,11.92,A,14.91,C,19.99,B,12.59,B,17.81,B,15.78,20.8751,72.51
USR_40C72AE7,D,12.65,B,11.52,A,23.55,B,16.3,B,19.81,B,21.58,B,12.08,B,21.6,A,13.16,C,20.2,23.4264,77.946
USR_9386BB91,C,14.4,B,16.85,A,10.95,C,21.99,D,19.43,A,21.8,D,11.25,B,11.41,C,12.52,C,11.77,30.2553,77.151
USR_412BFC3A,C,20.22,A,23.69,A,22.1,B,21.62,A,14.23,B,20.37,B,20.34,C,10.05,B,15.25,C,17.62,14.2275,76.4898
USR_1A8D3562,B,34.73,C,25.06,D,12.7,D,6.46,C,36.7,C,5.22,D,14.83,D,9.96,D,35.32,C,31.65,20.7054,72.2944
USR_3D6A4E61,B,16.53,C,14.94,C,19.57,C,12.24,D,16.92,B,14.75,C,12.64,A,16.1,A,13.52,A,22.42,11.3452,78.2023
USR_13FBEA92,C,19.84,D,27.84,C,6.41,D,35.7,C,5.81,D,8.26,D,11.87,D,6.92,D,6.71,D,17.98,14.4486,76.737
USR_7E15133B,C,12.84,D,24.57,D,7.24,D,17.03,D,29.22,C,13.78,B,3.69,D,17.53,D,34.82,B,13.42,14.5386,75.5998
USR_C4CEAEEC,A,6.98,B,9.63,A,11.26,A,6.32,A,10.42,A,6.1,A,8.43,A,7.83,A,11.34,B,6.23,13.8805,77.8525
USR_5EE3326B,D,32.2,D,7.53,D,25.2,B,3.57,B,12.66,A,38.96,D,25.22,D,17.33,D,9.1,D,19.26,13.1077,79.2639
USR_D4CC9EDD,C,11.18,B,13.9,A,20.43,D,11.95,A,18.09,B,23.91,D,16.85,B,14.04,C,15.97,C,11.37,26.2017,79.0282
USR_3776DC31,A,19.27,B,14.18,B,10.22,C,16.44,B,12.83,B,19.42,C,21.63,A,16.09,B,19.18,A,20.05,23.1142,77.2452
USR_850EB3F0,D,18.11,A,19.56,A,20.98,B,23.75,A,23.86,B,18.42,A,20.32,B,16.0,C,13.03,B,15.0,30.5063,78.1425
USR_A58DDFB6,B,33.13,B,12.46,B,30.28,C,13.16,A,21.16,D,32.08,D,35.63,B,25.53,A,31.62,C,25.04,12.088,76.4997
USR_48D72559,B,18.88,A,20.88,B,10.24,A,24.38,B,13.24,D,23.75,B,10.24,B,23.78,B,15.26,D,19.05,28.5835,78.9591
USR_52F39419,A,9.18,B,7.84,A,8.3,A,11.42,B,6.79,C,7.38,B,9.43,D,11.0,A,10.06,B,8.34,12.3763,77.2729
USR_6469E056,A,14.05,B,17.82,B,18.15,B,11.62,A,15.22,B,15.46,C,24.05,B,12.1,B,17.17,B,14.88,12.0398,76.509
USR_BDE23E81,B,22.72,A,12.85,C,20.55,B,12.86,D,24.25,B,21.56,C,24.29,C,23.42,B,11.89,C,23.76,30.6093,75.5152
USR_0CE1D6E0,A,11.2,A,6.38,B,11.45,A,5.39,A,9.6,A,9.56,D,9.61,D,7.62,A,10.1,A,5.28,14.2667,78.4273
USR_70271208,C,16.05,B,21.56,B,13.74,B,16.89,C,17.2,D,12.91,A,24.2,C,12.62,C,10.28,B,11.55,17.7337,74.7735
USR_43205CC5,B,7.69,C,7.74,D,8.78,C,29.8,C,7.59,C,26.75,C,2.32,B,15.15,B,36.01,D,28.25,30.079,76.19
USR_916274D3,C,10.59,A,20.61,B,13.77,A,11.06,A,20.46,A,19.76,A,11.39,A,24.24,C,19.69,B,12.5,21.793,80.2057
USR_E2E93468,A,11.31,A,5.02,A,6.19,B,7.59,A,6.48,B,7.21,A,5.13,A,5.53,D,5.29,A,8.87,13.9121,79.3634
USR_A33BDDCF,A,10.27,A,7.69,A,11.65,A,10.45,A,9.1,A,9.16,A,6.91,B,10.32,A,8.84,B,9.78,27.9931,80.4862
USR_1287D7AE,B,9.98,A,11.4,A,7.8,A,5.16,B,6.56,B,6.56,A,6.04,B,7.18,A,11.04,A,6.5,22.3437,78.8173
USR_0919E47B,B,19.4,C,20.39,A,23.13,A,18.6,C,10.28,C,23.96,C,10.68,B,19.8,D,11.32,C,10.74,29.0161,75.4565
USR_E8FF7B69,D,12.95,D,10.3,B,24.15,A,23.25,B,20.24,C,14.76,A,18.49,B,20.66,D,12.18,B,18.96,20.3921,72.8409
USR_7364E01F,B,22.94,B,16.22,A,16.46,A,20.7,B,19.24,D,15.32,C,22.35,C,19.16,A,24.26,C,18.05,27.3648,77.0771
USR_4AE532FF,A,9.96,C,8.38,D,11.7,C,7.85,A,9.01,A,11.75,A,9.37,A,11.2,A,5.26,A,7.51,19.5021,73.2949
USR_DC18FC31,A,5.91,D,6.66,A,11.61,A,6.71,A,11.96,B,8.31,A,11.43,B,5.38,D,7.96,A,11.39,13.6635,77.6177
USR_B3FE9F72,A,5.19,A,10.39,A,10.24,B,10.56,A,11.47,A,5.57,B,5.46,A,8.47,B,7.46,B,6.39,11.3269,77.4988
USR_360A773D,C,21.1,C,16.79,B,15.43,C,11.43,B,22.73,C,15.05,B,16.02,C,15.38,B,16.33,B,12.82,25.636,82.9221
USR_85E28B54,B,8.58,A,11.89,B,8.87,D,6.88,B,5.9,A,11.3,A,11.78,A,9.29,A,8.53,A,11.55,27.1932,78.277
USR_FAFD6F99,C,16.5,A,24.69,B,17.14,A,20.57,B,15.16,D,16.8,A,13.45,B,10.28,B,18.06,B,17.92,19.7007,72.899
USR_0B13105F,D,28.9,B,18.87,C,35.67,C,33.27,C,16.81,C,29.04,D,18.68,B,21.92,D,38.16,B,11.85,21.5621,79.8277
USR_1475651E,B,20.02,B,24.99,B,23.15,B,20.29,C,20.46,A,18.0,C,21.56,B,11.89,C,17.5,D,16.89,19.992,72.5258
USR_5C84B157,A,7.18,A,8.99,B,6.98,A,6.0,A,11.22,B,7.9,A,10.66,A,5.46,B,10.24,A,6.9,25.9703,82.3398
USR_858D22D6,A,21.08,B,19.19,C,10.1,C,24.44,B,11.61,B,20.18,A,13.24,B,13.73,B,18.55,C,15.65,29.3547,78.9644
USR_62508BD2,C,24.81,A,24.48,C,15.54,B,19.08,B,20.65,C,18.02,B,11.14,D,10.34,A,13.16,A,12.5,11.0791,79.4724
USR_E9F4769F,B,15.84,D,33.39,D,33.59,C,18.9,B,12.4,B,31.31,D,27.28,C,19.55,B,31.98,D,11.5,21.0231,73.703
USR_9E6E7BD3,D,13.26,A,9.09,B,7.92,C,32.45,D,39.17,A,3.49,C,30.46,D,30.44,D,30.28,D,39.54,23.73,77.5781
USR_449E8992,C,13.52,B,18.53,B,12.33,B,11.38,C,21.01,C,20.95,A,20.24,A,17.4,D,11.99,D,21.35,13.9194,77.5354
USR_76C71536,D,14.9,B,11.61,C,20.74,D,23.6,C,16.49,B,15.45,C,15.77,C,10.9,B,13.93,C,21.54,28.6353,79.2621
USR_2129C19D,B,11.77,A,7.27,A,11.34,A,9.54,B,6.31,A,5.77,D,5.42,B,9.15,A,11.91,B,10.03,14.9149,78.5305
USR_3EA8DF6F,A,17.52,B,22.22,C,19.17,B,12.65,B,15.95,B,13.51,C,14.35,B,15.76,C,12.26,B,20.1,21.0713,77.9042
USR_B0DD98C0,A,11.7,A,9.6,A,11.94,A,7.82,A,9.14,D,5.05,A,5.33,A,7.4,B,8.96,C,6.14,13.0858,78.8866
USR_68A5C298,B,10.87,A,10.58,B,8.27,A,10.77,A,5.54,C,10.64,A,5.63,A,6.84,A,7.63,A,11.16,25.0201,82.8636
USR_00DDA2CE,B,24.5,A,19.73,B,11.42,D,11.11,B,18.6,C,14.58,D,10.13,C,11.04,A,19.4,B,19.31,24.1529,79.7482
USR_1D0DD6D8,C,12.64,A,14.41,D,24.09,B,20.05,C,15.64,A,12.84,B,20.91,B,19.94,C,10.42,A,18.37,25.5328,81.8028
USR_4FFA34E6,B,17.07,B,19.58,C,23.37,B,16.34,C,15.56,A,17.81,A,20.95,D,20.6,A,20.35,D,20.43,22.3855,78.1011
USR_C4EE58E5,B,19.88,B,13.79,C,18.77,A,14.93,C,15.23,C,20.54,C,14.05,B,19.29,B,13.27,B,14.83,22.3623,77.8023
USR_E9C8811C,D,20.51,D,17.38,B,37.16,B,10.62,D,31.45,D,9.23,C,3.22,D,21.04,C,30.37,D,26.72,27.4065,82.3941
USR_939F6E05,A,11.31,B,10.94,A,9.46,A,6.75,D,11.73,A,11.13,A,6.22,A,8.02,C,8.32,A,9.95,18.6759,70.9284
USR_F43ABE6F,B,21.29,C,16.33,D,11.93,A,23.06,B,15.13,B,22.03,A,21.5,A,20.21,B,10.7,B,10.41,27.9025,78.3179
USR_2C6ACA96,C,38.6,B,23.17,D,26.53,D,28.96,C,26.31,D,18.78,C,12.71,B,28.34,D,35.12,A,29.63,25.8611,80.486
USR_0FB4D594,A,6.55,A,5.31,C,5.86,A,7.29,A,7.89,A,6.4,A,7.88,A,5.74,A,9.95,B,7.76,30.0125,76.0955
USR_10DDBD5D,C,18.58,B,12.15,A,24.22,B,18.38,C,21.65,A,18.43,B,23.96,B,13.09,B,14.23,B,20.19,12.322,79.0647
USR_D8F6DADE,D,11.13,A,23.22,A,23.98,B,14.12,B,21.52,C,17.8,A,15.53,B,14.17,A,22.51,B,14.52,28.4094,75.7372
USR_3E945D98,A,6.94,A,5.27,B,7.27,C,11.69,A,9.75,B,8.95,A,6.07,A,7.53,A,7.84,A,10.0,28.4861,80.7181
USR_FE4AB55C,C,37.63,A,8.56,D,9.45,B,9.26,D,34.36,D,3.62,B,14.23,D,35.49,D,15.77,B,9.98,26.2113,79.6627
USR_49EA66D1,C,16.61,C,15.77,B,12.39,B,14.86,C,11.42,A,13.67,A,13.65,C,16.51,B,15.29,A,19.48,26.765,80.855
USR_B5FE672F,A,8.38,A,5.76,C,10.75,A,8.95,A,9.79,A,8.69,A,5.85,A,10.97,A,7.94,B,5.05,18.7895,74.188
USR_2DF5ED3D,B,23.32,A,14.14,A,21.92,B,14.7,B,13.76,A,19.82,B,14.04,B,22.69,A,11.54,A,14.92,28.2302,75.3649
USR_FD4C68F2,A,15.6,A,16.82,B,22.87,B,13.32,D,24.3,C,19.89,D,11.44,C,16.17,B,20.23,A,13.65,27.5704,76.9328
USR_2193F265,B,23.01,B,14.33,B,23.29,A,14.38,C,24.54,D,14.7,B,18.62,C,15.34,A,19.63,A,17.89,12.3171,76.469
USR_A1446E2B,C,14.68,A,21.82,A,16.51,B,10.97,C,23.01,B,24.38,B,24.69,C,17.28,A,17.2,B,12.85,27.7837,75.5205
USR_48FA6950,B,10.61,B,13.89,B,17.51,D,12.04,C,15.5,A,10.37,B,18.77,A,16.44,C,10.55,B,15.91,29.7082,75.2737
USR_813B5B75,B,6.45,A,11.43,A,10.18,A,7.96,D,11.18,A,11.96,C,8.19,B,5.11,A,7.88,A,7.35,17.1444,74.5532
USR_A3D50DAA,B,23.16,B,24.58,A,24.09,A,13.33,B,19.54,B,19.24,A,20.4,A,21.04,B,10.43,B,24.63,22.893,79.5516
USR_780B5F42,B,20.1,A,15.52,C,14.48,C,24.7,B,18.87,B,18.78,C,22.29,B,21.76,B,16.25,A,10.06,25.7692,80.0994
USR_1BCBB5C6,A,18.73,C,16.76,B,11.36,B,13.46,C,18.53,B,14.64,B,21.45,A,10.56,D,23.67,B,13.94,21.6095,77.5759
USR_15162A07,B,18.43,D,15.79,A,15.09,D,18.31,A,18.81,C,11.39,A,21.07,C,24.25,B,20.24,B,19.54,26.917,80.9687
USR_CFD0169A,A,15.7,B,14.22,C,12.82,D,10.12,C,11.01,B,13.73,B,20.49,B,10.07,B,13.5,B,14.06,25.8261,82.6573
USR_DBFB97E2,D,37.64,D,29.97,C,28.04,A,21.93,C,21.95,D,34.12,D,19.24,B,14.55,C,26.31,C,34.34,13.1041,79.5345
USR_70CCF244,D,6.68,A,6.66,B,10.98,A,11.9,A,7.86,B,8.21,A,8.49,A,9.81,B,10.05,B,6.12,24.0855,79.498
USR_33BB08F8,B,14.28,D,28.38,C,22.21,C,16.38,C,4.91,C,37.95,D,31.74,C,7.99,C,25.06,B,30.02,20.0137,73.2167
USR_C50E194B,C,12.9,D,19.4,A,15.5,B,21.82,B,12.95,B,18.63,C,12.73,C,23.29,A,17.81,C,11.29,21.5296,77.7738
USR_70C04643,A,21.38,A,21.04,B,21.03,D,21.2,A,21.28,B,24.13,A,13.42,B,19.18,A,18.19,B,20.39,13.4826,78.4607
USR_00151F49,D,7.32,D,30.4,D,17.87,D,36.76,B,12.22,B,32.13,D,23.83,C,21.34,D,13.43,B,2.45,14.7536,77.7778
USR_7C23DB7D,A,21.53,C,14.33,B,10.36,B,13.09,D,16.45,B,22.18,B,22.55,B,24.07,A,11.44,A,13.46,12.5716,77.7968
USR_17627A55,A,18.31,B,17.98,B,24.25,B,22.04,C,22.47,C,13.92,B,22.77,A,16.67,B,19.26,A,12.19,20.363,70.9368
USR_3DAE58A2,A,8.81,A,8.78,B,6.68,B,5.64,A,7.95,A,6.39,B,10.42,A,10.45,A,7.31,A,5.43,30.0919,78.6117
USR_022B3B0B,A,36.62,D,25.71,C,6.85,C,3.33,A,17.15,C,15.77,C,17.56,C,32.72,C,24.73,D,30.08,11.1691,78.2856
USR_6F262E63,D,3.16,D,18.78,B,35.81,D,22.19,B,23.93,C,24.46,B,9.91,A,29.37,A,37.92,D,14.48,26.8413,80.8844
USR_21C4FD35,B,12.62,B,14.07,D,16.13,B,22.29,B,19.76,B,10.46,D,17.69,A,21.57,A,24.19,A,22.24,27.1764,79.8282
USR_4637EF31,C,20.37,B,12.3,A,13.96,C,13.58,C,17.39,B,16.15,A,20.98,B,12.41,C,11.95,A,23.47,23.0285,78.856
USR_DEA2D3E0,B,21.55,C,18.57,B,13.88,D,23.78,A,22.63,A,10.28,A,14.78,B,16.06,C,24.84,D,22.56,29.9267,76.0817
USR_28327D6D,B,24.75,B,20.76,A,23.15,D,14.54,B,10.01,C,20.66,B,24.26,C,10.07,B,21.7,C,18.64,14.8712,78.7885
USR_C2353863,B,14.32,B,11.06,B,13.59,A,24.75,B,19.74,C,10.94,B,15.25,C,20.97,B,22.25,A,21.29,28.9663,76.5754
USR_DD30098A,A,9.53,A,10.99,C,11.37,A,7.53,A,6.14,A,9.76,C,7.11,A,11.96,A,11.31,B,8.36,26.6604,81.7748
USR_E28B6897,A,19.49,A,20.84,C,22.18,C,23.42,A,17.22,B,16.18,B,15.6,A,17.93,C,20.12,C,13.17,26.7918,79.1483
USR_205EED7D,D,10.8,B,11.8,A,24.6,D,10.72,A,17.06,A,14.52,B,16.4,D,11.66,B,11.34,C,17.85,19.185,74.245
USR_9CC80D8F,B,21.83,C,19.4,B,18.71,D,24.7,B,10.83,A,13.45,A,15.74,C,10.19,C,20.39,B,11.44,24.4186,78.3624
USR_49BF83CD,D,21.73,A,19.75,A,14.37,B,18.96,A,15.6,B,20.97,B,21.43,B,16.98,C,17.16,C,20.45,26.7426,76.6541
USR_33D21202,C,13.3,A,11.84,C,29.1,C,39.36,A,13.74,D,8.53,D,8.3,B,10.47,C,18.37,D,7.52,22.9757,77.6279
USR_3A5A3E00,B,13.26,A,22.28,B,13.23,D,16.35,B,20.46,D,11.88,C,20.53,C,23.13,D,10.12,B,16.16,21.2692,78.715
USR_FA80AF9A,A,7.55,D,8.7,B,7.54,A,9.41,A,7.32,A,7.09,A,11.23,A,6.53,D,8.6,A,9.73,27.5655,79.9886
USR_7F4D363E,A,5.42,B,8.44,A,9.65,A,10.29,A,5.27,A,7.98,A,9.62,B,6.64,A,6.79,A,7.23,27.0681,82.9331
USR_61553606,D,22.78,B,18.79,B,15.72,B,16.27,A,22.59,C,22.62,A,23.89,A,18.14,A,12.36,B,16.23,13.3337,78.029
USR_67A3A4C9,A,13.62,A,24.52,A,16.96,B,18.14,B,20.9,B,22.75,B,12.62,B,12.3,A,24.6,A,11.41,27.3808,76.4929
USR_ECA0FA60,A,13.07,C,19.81,B,16.46,B,21.65,D,17.63,D,15.8,C,17.74,D,18.32,B,11.31,B,18.11,18.4915,73.9216
USR_AB5DDA78,C,17.16,C,10.03,B,10.06,A,18.48,C,20.26,A,15.16,B,23.3,A,13.92,C,22.81,A,22.06,11.2846,76.6789
USR_296F0A05,B,23.97,B,36.57,B,11.08,B,19.77,B,8.13,D,23.98,B,16.67,C,3.97,C,22.21,D,38.77,26.6719,76.3749
USR_225EFE73,A,17.14,C,11.55,B,10.83,C,10.14,B,12.84,C,20.13,D,17.31,A,18.22,A,22.71,B,19.29,27.4493,76.3178
USR_5A927F33,B,24.57,B,12.09,A,16.43,C,21.31,B,10.37,A,18.86,A,18.54,D,11.0,A,23.52,A,23.1,23.4077,78.5077
USR_8D73307E,A,10.5,A,9.31,A,10.97,A,5.66,A,11.97,D,7.36,A,6.73,B,10.48,A,5.57,B,6.54,24.9126,79.5236
USR_51BB4305,C,14.65,B,16.37,B,23.6,C,16.86,B,24.17,D,11.42,C,10.82,B,15.88,B,13.08,C,24.16,18.6207,72.0405
USR_FF81855E,C,24.12,A,22.0,B,16.37,D,18.84,B,15.39,C,18.84,C,15.85,B,19.62,B,24.69,C,11.33,20.9249,79.3806
USR_9E9AEA17,A,10.52,A,5.07,A,8.62,B,7.57,A,9.39,A,6.19,A,9.44,A,11.41,A,7.15,A,8.76,19.694,72.4816
USR_E8BF4DFB,C,6.49,C,37.44,C,9.18,B,10.72,C,18.08,C,22.97,D,2.15,C,15.37,B,23.62,C,6.26,20.9687,71.4032
USR_F33D4BEB,D,10.48,D,21.21,C,10.1,A,22.99,B,20.82,B,23.94,C,19.24,C,22.28,B,13.05,A,21.41,18.436,70.886
USR_C39642AE,B,13.35,A,15.85,C,12.04,C,18.02,B,12.97,C,13.45,A,10.55,B,16.25,B,10.32,D,23.61,27.9058,76.8209
USR_A7017A29,D,37.46,B,37.64,D,5.49,D,35.8,D,36.23,D,39.04,B,2.48,B,21.8,C,31.27,D,27.74,11.1926,76.5913
USR_0EA8320D,B,24.7,C,19.55,A,17.71,A,24.36,A,22.73,C,16.47,C,13.05,B,12.22,C,19.79,A,14.4,26.9856,81.6354
USR_9E3E3173,B,12.25,B,16.51,C,10.84,B,23.34,C,15.13,C,11.25,B,14.26,A,10.21,B,23.67,A,12.33,12.6385,78.2572
USR_9FA930A3,B,10.63,C,19.22,C,13.65,C,15.58,C,19.26,C,11.21,A,12.76,C,24.31,A,13.95,B,17.89,28.5474,80.4923
USR_72577A80,C,18.97,D,11.01,B,15.35,B,15.6,A,22.0,B,23.49,C,16.57,A,14.16,B,13.49,A,20.86,21.0032,73.0268
USR_A9C722F9,D,17.85,B,22.08,A,12.98,A,17.7,B,16.15,B,15.86,A,11.52,B,15.36,A,18.67,C,11.63,25.3249,80.253
USR_05F2E8A7,A,11.9,B,18.16,B,19.59,B,10.51,B,11.12,C,16.27,B,15.76,B,24.96,A,15.63,B,23.78,21.0015,72.9663
USR_21F2179D,C,25.54,D,23.84,D,7.78,C,2.31,B,7.64,D,33.25,C,37.3,C,10.92,D,20.1,C,12.93,19.1422,73.6706
USR_02A87EDA,D,16.73,C,18.57,C,19.14,B,14.18,A,19.69,B,22.66,B,23.22,A,18.89,B,13.07,A,22.1,12.7379,77.7922
USR_DF388129,B,13.23,B,14.46,D,23.14,C,14.39,D,19.43,B,15.27,B,13.88,D,11.85,B,12.54,A,18.69,28.7878,79.2569
USR_874EC5C9,A,6.28,A,7.35,A,7.0,A,7.24,C,6.9,A,10.64,A,11.31,A,5.61,A,8.09,A,8.16,11.5757,78.3199
USR_F2E0D886,B,12.16,D,15.78,B,18.88,B,23.7,B,13.77,B,23.69,D,12.98,A,10.86,B,23.02,C,11.43,30.4766,76.4098
USR_914AD625,A,34.09,B,24.99,B,4.19,D,28.48,D,22.15,D,17.83,D,33.1,B,19.59,B,26.65,C,37.96,20.3174,72.2681
USR_5D30893C,C,13.23,D,22.33,D,11.08,D,11.1,B,13.18,A,24.58,B,17.71,C,16.01,B,13.68,C,13.26,22.7273,78.6741
USR_B63F3B9E,B,22.5,B,22.95,B,23.16,C,14.79,B,11.5,A,16.41,C,17.53,D,23.86,B,20.65,A,19.79,22.485,78.9242
USR_18F5328E,B,19.73,B,21.88,A,13.54,B,13.55,B,20.08,C,14.53,C,19.36,B,18.34,A,10.94,B,15.44,26.6501,80.4993
USR_9B8C5EEC,C,24.17,B,22.73,A,14.42,D,14.28,C,12.87,B,14.19,D,12.7,B,16.92,A,18.02,B,16.0,29.9142,75.743
USR_1C2D678A,C,19.8,C,24.51,A,24.37,C,17.71,B,16.53,B,21.96,B,17.52,B,15.32,C,16.25,C,21.01,27.0022,76.4458
USR_566BB586,A,12.14,B,18.24,B,23.36,D,11.55,D,21.57,C,15.96,A,24.09,D,10.45,B,22.25,C,19.04,26.7646,82.7087
USR_50B41D00,B,16.04,A,21.65,C,13.77,D,24.38,B,12.32,A,20.83,B,16.08,A,23.64,B,14.87,C,24.35,17.3732,72.8335
USR_218D97F5,D,13.32,D,18.04,C,19.3,C,21.24,D,35.15,D,28.89,D,13.92,B,13.43,D,19.38,D,38.22,14.3622,75.6144
USR_0E8099A7,A,15.85,B,18.66,B,18.91,A,17.5,A,11.95,C,24.62,A,16.12,B,21.14,C,11.68,C,13.42,20.241,71.2978
USR_6CA5C825,C,14.19,B,16.99,D,21.59,B,11.95,B,10.43,C,20.83,D,15.85,B,17.91,B,11.16,C,21.15,13.6867,75.9275
USR_5CFD68EA,A,13.53,C,37.91,D,8.54,D,10.43,B,17.82,B,37.51,A,25.23,C,21.02,D,24.54,C,38.43,18.8455,74.7124
USR_0D64D3D1,D,25.33,D,7.67,C,5.56,A,19.28,C,39.18,D,32.88,B,2.84,C,12.99,D,8.66,C,23.7,25.7211,80.8719
USR_7F937822,A,6.18,A,5.96,A,9.59,A,6.61,A,7.25,A,8.51,A,7.92,A,6.16,A,7.91,A,6.49,21.7835,78.3642
USR_379FC670,A,15.07,A,13.06,B,22.81,B,13.74,B,22.39,C,14.61,B,13.3,C,22.21,A,22.76,B,12.44,23.2015,78.4973
USR_91B2FB3B,A,35.12,D,18.73,D,11.49,B,19.04,B,33.77,C,2.91,A,17.03,B,4.88,B,36.15,A,38.98,19.6814,73.7752
USR_389FE353,C,22.83,C,17.86,B,22.39,A,22.18,A,11.68,B,15.13,A,21.15,A,15.92,A,14.85,A,20.88,28.7151,80.3245
USR_42679149,B,10.47,A,11.87,C,17.06,B,24.51,B,12.09,A,14.56,D,16.48,D,20.93,D,13.97,D,12.25,29.9513,76.7123
USR_06456A7C,D,19.91,B,24.28,B,12.5,C,15.22,B,24.79,D,24.88,B,15.58,C,22.55,C,22.92,D,11.74,25.8525,82.0657
USR_8DFF3F0D,A,11.37,B,19.76,A,22.72,B,21.75,B,12.29,B,11.66,A,20.81,A,10.15,D,23.58,B,15.27,12.3801,78.8291
USR_73202446,D,23.49,D,15.15,D,22.22,C,31.99,B,17.81,D,22.56,D,13.43,D,28.28,D,4.56,D,30.69,25.3475,80.2413
USR_4DDE7EFE,C,10.4,B,15.3,A,10.6,C,12.53,B,16.44,A,19.74,B,11.02,A,18.7,B,23.18,C,18.44,26.2452,79.1391
USR_2ADE6BEE,C,9.34,D,2.27,B,9.29,B,30.43,A,17.12,A,29.27,D,32.44,A,6.75,D,19.97,C,28.83,11.9009,79.4625
USR_48DEBF7B,D,21.06,D,39.68,C,36.99,C,36.96,B,7.99,B,30.95,A,26.19,B,39.06,C,18.86,B,27.49,28.5709,78.1008
USR_174B4A8C,C,18.33,D,8.45,B,23.58,C,11.03,D,36.03,C,6.62,B,12.16,D,21.78,B,13.82,D,23.42,11.3155,78.2303
USR_0898A640,A,16.27,C,23.37,D,24.75,A,16.23,A,20.3,A,14.83,B,21.32,D,17.71,B,21.64,A,10.22,28.0268,76.8972
USR_4B149AE9,B,9.45,A,7.1,A,6.08,B,11.6,B,10.02,B,5.27,A,9.85,B,6.96,B,11.88,A,6.33,30.2842,78.8977
USR_C6DD9094,B,6.15,D,36.58,C,37.29,D,29.04,D,36.61,D,17.59,A,31.79,D,24.01,D,28.58,A,6.38,20.8175,71.7727
USR_20A2A174,A,23.46,B,18.39,B,16.25,C,14.15,B,14.21,D,13.83,A,21.88,B,22.73,B,23.98,B,21.29,24.8913,77.6074
USR_4FEE2931,A,5.84,D,6.12,A,11.24,A,11.95,C,11.7,B,9.03,C,6.68,B,5.48,C,10.1,A,10.38,12.1694,76.8249
USR_24DBABC1,B,18.65,D,17.43,D,21.69,B,11.19,B,15.26,A,18.49,A,15.93,B,17.96,B,19.44,C,11.01,26.1055,80.9555
USR_04C4F0C6,B,17.89,A,24.8,C,11.19,A,19.36,D,22.33,D,10.17,B,18.3,B,20.41,B,24.78,B,16.08,23.1079,77.3688
USR_BE636522,B,15.13,B,21.93,C,22.66,A,10.95,A,20.83,B,18.1,B,21.17,C,16.4,B,20.42,A,21.91,29.4491,77.7471
USR_DF70DBB6,B,10.03,A,12.56,A,14.0,B,21.33,C,15.65,C,18.47,B,15.36,A,10.63,A,13.95,B,13.02,19.7481,72.5819
USR_F9A0284D,B,17.18,B,19.77,D,24.89,B,15.16,D,14.94,C,11.34,B,23.11,D,10.6,A,21.81,B,13.59,28.9813,77.9043
USR_D1BED1E8,B,31.94,B,28.04,C,8.95,D,15.67,C,20.89,D,5.77,A,32.2,A,16.71,D,19.25,A,12.65,12.3896,79.1772
USR_F9CAF959,A,19.55,B,21.66,C,19.99,C,17.04,B,11.75,C,17.36,B,20.51,D,17.49,B,18.27,C,24.13,29.367,76.3882
USR_561FC8CB,B,14.83,C,11.72,B,16.82,B,11.25,C,19.49,D,15.89,A,12.33,A,10.4,A,17.97,C,21.94,22.8621,78.9418
USR_694D666A,B,31.29,D,3.45,D,8.39,C,30.94,A,25.07,D,37.34,D,38.04,B,38.06,B,34.35,D,2.7,26.2341,82.5088
USR_00E2E116,B,15.76,B,14.01,B,20.27,C,22.23,C,19.83,B,21.62,A,19.09,B,18.98,B,18.22,B,18.61,12.1588,78.3436
USR_4B980E36,C,19.73,B,23.6,C,17.73,C,21.23,A,18.73,B,13.05,C,16.74,C,12.38,B,13.08,B,24.47,19.1145,73.7509
USR_193A2698,B,14.57,B,23.17,D,20.31,D,23.01,B,24.96,C,13.13,A,10.77,A,19.43,B,11.3,A,15.13,18.2756,72.878
USR_9267ACE2,A,21.93,B,23.86,B,17.65,D,23.46,A,23.95,C,18.49,A,13.04,B,11.34,A,14.11,B,11.96,29.0989,78.2246
USR_5779F0BD,A,7.86,B,7.61,A,8.43,C,6.75,C,11.9,A,6.86,B,9.28,A,9.91,A,5.96,A,11.1,21.9295,77.3638
USR_C1C366C6,B,22.92,C,18.64,B,10.61,C,13.42,C,11.06,B,22.15,B,16.22,C,17.39,B,24.25,A,20.25,21.6638,78.1588
USR_1E0736AF,D,14.98,D,21.61,C,24.55,D,23.48,A,17.91,A,23.73,A,14.44,B,10.58,C,19.67,B,18.28,13.5184,79.3505
USR_F92C3477,A,21.16,A,13.83,D,22.16,C,11.22,A,16.18,A,11.97,A,13.95,B,24.76,B,10.54,D,24.69,11.6936,78.8693
USR_BE7B314B,B,18.55,B,24.53,C,10.67,A,14.82,D,11.42,B,12.97,B,17.08,B,11.27,C,10.9,C,12.65,27.0495,80.6272
USR_35604B59,C,19.85,C,15.38,B,15.54,C,15.14,C,11.15,A,15.14,B,11.98,A,23.56,A,11.33,B,11.03,19.5843,71.5488
USR_6F139A75,C,39.72,B,2.63,D,34.78,D,38.19,B,3.86,C,5.48,C,27.78,B,23.23,D,15.73,A,26.95,19.2099,71.3521
USR_9FF78EB4,C,5.8,A,11.59,B,5.52,A,11.61,B,10.5,A,11.24,A,11.22,A,5.13,D,6.83,A,8.06,27.2368,77.9914
USR_611155FD,C,13.25,D,20.54,D,11.11,A,14.83,D,24.78,D,11.57,B,13.2,D,22.25,B,23.93,C,11.51,24.6916,78.6364
USR_09A266B3,B,10.28,B,21.41,A,12.76,B,13.62,A,19.01,D,22.72,B,19.94,A,23.74,B,13.22,B,22.31,12.9779,75.9337
USR_CE70F119,A,8.98,A,5.59,A,8.19,B,11.45,A,7.07,C,8.91,A,6.49,A,6.07,B,8.69,D,11.88,21.6988,79.3502
USR_660B83DF,C,23.62,A,13.72,D,11.0,B,23.07,B,21.41,C,16.96,D,23.61,D,12.69,B,10.71,C,15.26,24.9177,81.1256
USR_9C95D9C6,A,8.36,C,5.06,A,9.46,B,7.95,A,10.65,B,7.33,B,7.47,A,10.31,A,9.13,B,7.19,29.4122,76.8278
USR_A2D901C3,B,18.44,C,20.89,B,21.91,B,24.35,D,11.03,A,21.31,B,13.86,B,12.99,A,24.84,D,16.76,26.8363,76.6548
USR_50F3FBE6,A,5.76,C,9.06,C,8.16,A,9.24,A,9.82,C,6.76,A,6.2,C,5.32,A,9.23,D,7.42,27.6174,80.1946
USR_C76CCC18,D,32.66,C,37.13,B,29.97,A,23.99,A,10.49,A,30.2,D,31.86,D,27.65,A,26.08,D,35.59,26.5876,82.0985
USR_63A37623,B,22.34,B,12.77,B,11.18,B,22.69,A,18.46,B,12.47,B,16.34,B,11.21,C,11.68,B,17.76,21.1091,77.6849
USR_A4C363F6,B,6.52,B,6.41,A,9.02,A,5.04,A,8.73,A,8.05,A,10.52,A,11.8,A,6.45,B,7.78,19.4313,74.1958
USR_E62BEE94,B,20.26,B,20.18,A,14.13,B,20.24,B,22.49,B,10.61,B,18.42,C,11.2,B,15.89,B,24.42,29.9403,78.1921
USR_76DEC6F7,A,10.62,C,22.48,B,15.27,B,12.55,B,20.67,D,23.71,B,11.52,B,24.56,C,21.52,A,11.7,27.3044,78.4177
USR_17B4422B,B,15.27,C,19.69,C,16.81,A,15.59,B,11.98,C,15.65,B,23.74,C,15.72,A,10.01,C,13.93,17.5266,73.3302
USR_FE083C59,B,21.52,B,24.68,A,11.07,D,15.32,C,23.23,A,17.63,C,22.76,C,13.56,C,22.18,B,23.67,26.4394,79.7598
USR_CF3E290B,C,23.3,C,10.93,B,31.21,C,2.92,C,19.8,D,8.32,C,12.03,C,18.4,D,9.43,C,36.4,28.397,79.126
USR_B127FD72,B,14.32,C,11.24,D,10.48,D,14.95,A,13.5,C,13.35,C,16.57,A,13.02,A,19.41,D,18.93,25.8919,79.9018
USR_47C5A5BA,B,24.77,B,20.6,D,16.57,B,12.57,D,17.69,C,19.25,B,20.07,B,21.37,B,23.48,B,15.77,21.0688,71.6387
USR_A476274F,B,18.62,A,13.96,C,14.0,B,18.18,A,22.86,B,20.03,B,12.51,D,19.41,A,12.63,A,21.14,11.9877,75.6512
USR_F4CA9179,B,16.77,B,21.26,B,19.6,D,12.89,C,11.27,C,11.83,C,17.05,D,20.47,D,19.23,D,22.65,20.9714,74.7877
USR_C6AC6BD6,A,24.34,B,22.61,C,24.07,B,19.6,B,10.85,B,19.39,B,10.14,B,20.08,A,16.46,D,13.01,24.3437,80.1368
USR_5FA47804,A,24.16,B,16.26,A,14.8,B,13.41,B,10.45,A,21.96,A,19.54,C,11.38,A,23.84,D,22.79,17.192,73.2884
USR_7B69A14E,C,16.2,D,12.73,C,21.78,C,8.74,D,32.63,C,11.89,A,17.35,B,24.93,D,39.01,D,22.47,12.5876,76.7472
USR_B064E478,A,19.01,B,17.49,C,20.69,A,13.07,D,20.32,B,24.6,C,12.74,D,12.89,B,18.3,B,19.32,22.9459,80.4233
USR_63F2DAAB,D,24.65,B,20.72,C,10.79,B,15.54,B,20.51,C,13.01,A,14.61,A,24.53,A,19.98,C,11.39,20.0818,73.0137
USR_20E9ADD2,C,15.94,C,18.65,B,13.31,D,12.42,D,22.88,B,19.1,B,16.19,B,12.6,C,14.6,B,19.77,12.4212,75.8661
USR_F790E34C,A,20.67,B,16.14,A,13.78,C,15.39,B,11.49,C,12.87,B,24.84,C,10.75,A,21.74,C,21.91,23.9899,77.2077
USR_AD3C664B,C,5.37,A,9.12,B,5.53,A,8.41,B,9.91,A,5.3,A,6.94,B,9.73,A,11.3,B,9.8,24.6359,77.1029
USR_27DF9351,C,20.81,B,10.88,C,11.91,B,23.77,A,15.35,B,13.72,B,24.3,A,17.53,C,16.69,B,15.46,29.8944,76.9024
USR_60CE128F,C,15.59,A,23.79,B,24.54,C,13.91,B,23.56,A,15.95,B,10.65,B,21.38,B,15.06,B,19.93,13.8643,78.2288
USR_48611C59,A,7.59,B,5.69,D,5.27,B,10.89,A,10.8,A,11.48,D,10.37,A,9.42,B,5.03,A,8.37,19.7014,74.305
USR_EDC5C48B,B,13.61,B,20.64,C,21.86,B,16.71,A,18.86,D,21.18,C,13.57,C,24.82,A,12.71,A,21.7,11.0437,79.5112
USR_E1E10A84,D,22.79,D,15.41,B,20.86,C,5.7,C,26.6,D,29.19,B,11.64,D,29.84,D,36.41,C,26.9,11.5239,77.5236
USR_101A445A,B,22.39,A,23.02,B,22.93,A,15.88,B,16.98,C,17.67,C,11.68,B,10.6,A,16.54,A,22.79,18.2523,73.246
USR_0EF48400,A,10.36,A,8.5,A,9.77,A,10.01,A,5.85,A,7.94,A,7.15,A,6.96,A,8.02,A,10.31,29.5867,77.972
USR_6665FC08,A,8.25,A,10.66,A,6.55,A,11.33,A,10.21,C,11.22,A,10.02,A,6.9,D,10.56,A,8.09,18.2804,73.7523
USR_F3109C0B,A,7.53,B,9.31,A,6.48,A,9.49,A,11.34,A,11.02,A,8.47,A,6.62,A,11.41,A,11.3,24.8728,81.7548
USR_29C087F0,B,14.31,D,14.17,C,37.85,D,37.77,D,34.71,D,33.38,A,18.34,C,14.82,C,32.73,A,13.37,18.8856,73.9694
USR_3C194379,A,14.79,B,19.48,A,19.93,B,16.3,B,19.44,C,15.09,A,20.33,C,24.87,A,13.31,B,11.95,17.9721,73.6516
USR_87E9DC44,A,17.7,A,19.04,B,18.55,A,20.88,C,12.99,B,24.66,B,18.09,D,23.51,B,13.95,B,24.33,17.2988,72.6631
USR_79ED9B32,D,6.04,A,11.47,A,6.64,A,8.66,A,8.12,A,11.61,A,9.96,A,11.99,A,11.22,A,8.73,27.0103,82.833
USR_BF862FCF,B,21.4,B,12.54,A,15.58,B,19.8,A,19.69,C,10.64,B,20.41,D,21.75,D,13.43,C,23.29,12.3335,78.6024
USR_B26F881F,A,19.38,B,15.33,B,21.75,D,11.02,B,19.65,B,16.06,A,19.5,B,14.12,D,23.92,A,17.32,13.6125,76.3854
USR_605458E2,B,5.25,A,10.45,A,8.33,A,11.49,C,5.57,A,9.86,A,5.18,A,5.38,A,11.55,B,5.6,23.9992,78.8476
USR_8E16D74E,B,21.37,A,23.32,B,17.37,A,24.87,D,20.55,B,11.16,C,19.38,A,14.01,A,11.12,B,16.3,17.2281,72.9585
USR_9754D5AC,D,13.77,C,5.6,B,37.37,B,14.08,B,32.55,D,17.56,D,11.23,C,25.14,A,29.36,C,17.49,14.5619,79.4895
USR_44419DFD,C,17.05,A,20.06,B,23.11,A,24.24,D,20.6,B,18.12,A,14.88,C,16.92,B,21.18,B,24.24,24.3613,79.4719
USR_28CEBE29,B,24.32,B,10.56,B,23.29,A,16.68,A,11.05,A,19.06,D,10.26,B,22.82,B,12.03,A,19.33,23.3155,77.506
USR_C9162B26,B,21.49,B,23.66,A,19.21,D,17.24,B,14.26,B,23.78,C,11.84,C,16.75,B,24.68,A,19.7,23.8513,78.57
USR_E9B97AA0,A,8.79,B,11.4,A,10.79,C,5.01,A,6.97,A,8.42,B,6.3,A,11.68,A,5.57,A,8.06,18.9488,72.2796
USR_99C7B25B,C,20.58,C,24.35,C,24.52,A,13.76,C,14.0,A,14.63,C,10.98,A,15.98,A,19.61,B,14.81,30.0189,78.84
USR_570EB3E0,D,12.35,B,21.9,A,23.9,A,19.4,B,21.15,C,20.12,A,13.84,B,14.95,B,20.32,C,22.14,12.6277,79.1632
USR_758C1B3D,D,9.38,A,8.26,A,7.81,A,6.41,A,8.34,A,8.72,A,11.56,A,11.04,A,5.82,A,10.37,25.8788,80.4895
USR_5FC0FCD0,D,17.24,B,10.11,B,15.51,A,14.58,C,12.43,B,21.85,B,19.82,A,20.77,A,11.84,D,13.43,18.3501,72.3421
USR_49A13414,C,13.78,A,14.94,B,16.34,C,22.58,B,20.86,B,12.56,C,18.18,C,16.41,C,23.98,C,11.94,13.0303,77.5784
USR_A4C1AE51,B,19.21,C,10.01,A,24.84,B,10.84,C,18.64,A,10.03,B,13.33,A,22.75,C,16.97,C,24.06,17.7785,72.0699
USR_E92BD7D5,D,7.6,B,10.22,A,9.67,A,7.75,A,6.31,A,5.54,A,6.77,A,5.35,A,10.0,A,5.65,17.2735,71.3503
USR_76D09AA9,B,19.98,B,22.74,B,17.84,C,23.13,C,17.92,D,17.56,B,23.28,C,14.42,B,10.19,A,11.81,19.1661,73.6979
USR_30A9EFC3,B,19.65,B,15.94,D,22.12,C,21.3,C,23.72,B,10.52,A,14.33,A,19.38,A,23.12,D,18.35,17.8428,73.4187
USR_2E6C136A,B,19.15,D,21.86,D,21.76,B,11.13,A,20.76,D,17.28,C,16.89,B,14.79,A,13.05,B,23.48,29.836,78.0506
USR_48A40104,A,14.59,B,21.86,B,21.65,B,16.29,A,11.91,A,17.24,B,13.68,A,23.11,B,23.59,C,10.73,30.5569,78.3521
USR_D81F3698,C,14.39,B,18.8,B,22.44,C,21.73,A,20.3,B,17.74,C,24.52,D,23.58,A,22.55,B,17.52,13.4821,78.248
USR_B4107B62,C,17.78,D,16.58,B,16.87,A,13.92,B,10.01,C,17.18,C,23.81,C,21.06,C,17.1,C,15.86,24.1174,80.1031
USR_94A34FA9,D,21.63,C,18.05,B,15.04,C,21.29,A,18.1,B,23.48,C,10.47,B,24.99,B,21.87,B,14.08,28.4515,81.0569
USR_98B50A2E,C,21.02,B,22.36,C,17.73,A,11.07,B,14.87,A,21.94,B,22.34,C,14.36,B,20.34,C,15.83,30.1955,76.3442
USR_B8739B70,B,33.01,B,10.22,D,24.91,D,16.72,C,11.23,C,25.22,D,3.38,D,38.02,B,13.1,C,9.63,27.5291,79.0639
USR_2D21A11A,A,14.06,B,15.85,B,19.43,C,23.19,D,23.6,A,18.54,A,22.74,A,12.24,C,19.01,B,11.45,19.77,72.5853
USR_4554A2FD,B,11.85,C,6.33,B,11.38,A,7.52,A,5.61,A,11.15,A,10.97,C,10.68,C,10.69,B,7.34,27.3579,81.5149
USR_9D3D19F8,A,11.14,B,10.51,A,8.88,A,11.14,A,10.76,D,9.05,A,5.55,D,8.25,A,7.7,B,9.33,18.2982,71.3838
USR_A077EB4A,C,23.78,B,19.09,C,21.16,B,18.27,B,10.47,B,18.07,C,16.53,C,20.07,B,18.43,B,17.09,24.7028,80.8633
USR_AC18CA9F,A,11.6,B,9.77,B,6.92,A,6.03,A,7.28,C,8.54,B,11.39,A,8.83,A,5.91,D,6.12,28.0579,78.2052
USR_7912BBB2,B,14.29,B,17.39,A,14.65,C,14.65,B,18.64,A,17.19,B,22.73,A,16.65,B,21.65,A,11.23,20.9206,81.0621
USR_871ED397,C,6.05,A,10.83,A,10.28,B,7.56,B,7.05,C,10.34,C,7.82,A,9.47,D,8.63,A,5.94,23.6998,77.3073
USR_6C215C64,D,15.89,D,25.22,C,38.78,C,10.91,D,17.09,A,23.0,C,28.42,D,28.91,B,22.45,D,10.17,25.086,81.6658
USR_DD51A636,B,15.17,A,17.21,B,18.89,B,19.15,C,15.34,C,20.96,A,17.82,C,15.22,B,21.64,B,14.6,14.8123,76.9411
USR_C15D5705,A,10.27,A,8.31,A,8.54,A,8.39,A,5.27,A,11.77,A,8.89,B,6.83,B,5.95,D,7.85,20.848,71.5839
USR_BBDBC82D,A,11.11,D,8.12,A,5.27,A,11.9,A,8.46,A,10.92,C,8.09,B,11.35,A,7.92,A,11.54,24.2332,80.1878
USR_E71D8872,D,10.61,D,24.19,C,15.54,B,20.82,A,12.55,C,23.4,A,11.29,C,11.39,B,17.65,C,12.06,11.2135,76.8298
USR_88D4BD48,B,12.52,C,12.5,B,17.72,B,16.09,B,13.45,D,17.22,B,16.48,B,20.82,B,23.26,B,11.53,28.1134,78.4485
USR_FB8F1885,A,24.37,A,21.95,A,21.21,B,10.46,B,20.33,C,20.71,B,14.59,C,19.75,A,19.95,B,22.23,25.086,82.4019
USR_0361EDF1,D,29.71,C,27.21,B,16.67,D,6.64,D,25.59,C,12.43,A,6.24,D,32.91,B,20.03,A,4.93,13.6047,77.098
USR_7F8D0B11,A,10.74,A,11.64,C,5.46,A,7.91,A,7.31,A,10.24,D,10.5,B,7.35,A,9.53,A,6.85,26.9256,77.0686
USR_9F286E9D,A,23.4,A,18.8,A,18.55,A,22.59,B,16.68,B,13.62,B,23.74,B,12.82,D,13.58,C,20.98,20.0218,72.9379
USR_70640879,A,8.99,C,6.35,A,6.35,A,6.21,A,8.65,A,8.6,C,9.05,A,8.82,B,10.26,D,8.54,25.9583,81.5252
USR_D460D86B,C,12.49,D,17.13,C,18.17,D,24.63,B,13.38,A,21.77,C,15.41,B,14.21,A,14.73,D,19.33,22.0425,80.3758
USR_A06D518D,B,12.73,C,16.8,B,22.16,B,19.36,B,21.87,C,24.02,A,24.13,C,13.13,A,10.45,C,19.34,11.3408,77.0316
USR_1DA9486D,C,20.55,D,23.43,C,16.9,B,21.93,C,20.8,B,12.88,C,18.07,B,19.5,A,12.59,B,22.84,22.8837,78.4124
USR_2B65097D,B,17.92,A,23.25,A,24.27,C,13.9,B,23.99,A,23.51,A,19.87,C,20.51,D,11.32,B,21.85,12.0069,77.4228
USR_05E5C4A8,B,23.23,C,24.31,B,12.5,B,13.33,D,12.2,A,13.71,B,12.76,D,10.52,B,23.65,A,10.24,24.3403,77.7255
USR_6314ECB6,A,7.96,A,7.55,A,5.89,B,7.15,B,9.73,A,6.11,A,7.54,A,9.14,A,9.84,A,8.54,28.283,79.0303
USR_86DCB0EC,A,5.2,B,10.26,A,5.19,A,7.7,A,7.97,B,10.13,A,9.61,A,10.94,A,10.62,B,10.87,28.3484,81.5434
USR_38D07B46,C,13.74,D,16.29,A,21.37,D,14.97,C,20.26,D,14.88,B,16.13,B,12.93,A,11.23,A,21.84,22.6668,77.1394
USR_7C8C04A5,A,7.44,A,7.83,A,11.33,D,7.88,A,6.55,B,7.9,A,9.3,A,9.21,B,8.74,B,7.85,27.7619,79.7854
USR_8A37B374,B,18.01,A,10.82,C,16.43,A,22.38,B,19.61,A,22.2,C,18.97,A,16.97,A,23.06,D,18.78,26.3177,81.347
USR_50C57B50,C,6.44,C,5.63,A,5.82,B,11.71,A,10.34,D,10.17,A,11.35,A,5.99,B,9.84,A,9.69,27.6462,75.3388
USR_F65B531A,B,12.29,A,18.51,A,16.57,B,17.14,B,23.92,A,10.35,C,18.4,D,20.26,A,20.23,B,12.24,18.0266,72.6871
USR_227F7116,B,20.53,C,19.42,B,12.03,B,20.18,C,12.2,C,10.86,D,22.86,C,12.7,B,19.64,A,17.67,28.3516,77.6132
USR_DCC6BA58,B,11.32,D,19.44,B,11.76,D,14.25,D,14.33,A,13.94,A,10.33,B,23.31,A,11.42,B,21.0,19.1196,71.44
USR_B6F7EC59,C,11.36,D,19.41,B,14.01,A,15.83,A,13.48,C,11.48,B,11.14,B,16.21,B,10.14,A,23.81,12.2652,75.7894
USR_B21C2AC1,A,6.92,B,6.06,A,9.58,A,6.33,A,6.9,A,8.64,A,7.54,A,9.39,A,11.22,A,9.28,20.0034,74.7307
USR_E9C3668E,C,22.47,C,21.16,C,20.81,B,19.77,B,15.06,B,20.59,B,14.79,A,14.54,B,18.52,B,17.86,24.3899,78.3577
USR_11667906,D,14.26,B,13.03,C,13.92,C,17.15,B,24.61,B,16.8,B,21.78,B,16.19,B,24.12,C,16.09,17.8672,74.0865
USR_DFD7306F,C,11.29,C,19.04,D,14.79,B,17.44,B,15.27,B,13.6,A,10.61,C,20.12,D,17.03,B,24.67,28.0777,80.2029
USR_BBA9DA69,D,5.18,D,33.33,B,35.7,A,4.26,D,29.08,B,20.97,D,15.71,C,14.11,C,11.39,C,19.81,26.1468,80.8524
USR_7539ABE6,B,15.06,D,22.52,C,16.89,B,22.15,B,16.86,A,22.37,C,11.64,A,23.41,A,19.24,B,13.14,17.9599,72.8905
USR_342AC492,C,15.37,C,17.24,C,12.64,A,18.68,C,15.57,B,10.9,B,19.5,B,21.75,B,15.36,C,19.94,14.9573,79.1982
USR_C243E807,A,8.69,A,5.33,A,11.08,A,8.99,A,9.66,A,7.38,A,11.58,A,10.18,A,9.88,B,7.81,28.3261,79.3331
USR_5E9AE39E,B,11.04,B,14.44,C,22.81,B,13.05,C,22.0,C,19.38,B,13.19,B,11.32,D,15.49,C,17.3,11.2676,77.9072
USR_A14F67E2,A,7.54,A,5.6,A,10.91,A,11.23,A,8.45,A,9.04,C,10.24,C,7.88,A,7.79,A,9.06,26.3801,82.538
USR_7C4996A4,D,22.98,D,21.37,C,14.23,C,18.6,A,22.77,A,15.84,A,15.92,B,12.9,A,17.55,B,21.96,12.8366,76.1848
USR_664B7DAD,B,14.34,D,17.51,B,21.88,D,38.92,C,38.19,D,14.91,C,12.03,B,19.8,D,16.74,C,20.63,27.8655,77.8496
USR_9417CBF9,A,17.79,B,14.61,D,21.98,D,11.33,C,19.61,C,24.0,B,23.01,B,21.7,A,15.68,A,10.39,30.1262,75.2654
USR_AE5819FB,A,6.06,B,11.02,A,6.02,A,10.4,A,10.43,A,8.27,D,8.71,B,6.14,A,6.49,B,7.76,13.5155,78.2024
USR_FCB766F9,B,21.15,C,10.14,B,10.15,B,20.06,A,14.25,C,14.91,B,16.2,D,23.28,C,25.0,C,22.11,28.3604,77.8933
USR_DD8FC487,D,39.26,D,12.17,C,14.09,D,15.92,C,21.02,D,19.17,D,17.42,D,10.34,B,18.13,D,5.96,25.4943,79.9961
USR_4EFC434A,C,16.49,B,21.52,B,11.28,B,19.92,C,18.52,C,21.07,B,16.08,A,19.25,B,17.98,D,23.95,22.7798,77.6846
USR_F1E93CA9,B,23.06,A,8.96,B,17.02,C,13.74,D,7.39,D,5.55,D,30.51,D,7.9,D,32.23,C,34.76,27.6302,79.8116
USR_C4FD9BDC,D,8.83,B,9.5,D,8.86,C,17.72,D,28.18,D,2.33,A,24.84,A,3.35,B,25.77,D,22.81,22.8482,80.7623
USR_EAD7C348,B,24.94,B,10.61,B,13.05,C,17.86,B,13.11,C,17.53,A,15.23,D,18.45,D,10.94,A,23.95,22.4442,79.8781
USR_A999783D,D,5.83,B,30.82,D,29.67,B,10.31,A,32.71,C,27.45,C,17.88,A,24.97,B,12.76,D,34.52,28.7955,78.9927
USR_99F0F345,C,19.83,C,17.19,A,23.16,A,11.99,B,13.3,A,14.06,B,16.74,A,11.69,A,15.45,A,23.71,27.8091,81.3125
USR_120E7CD7,A,11.99,A,11.02,A,6.0,A,8.34,A,8.72,A,11.4,A,9.48,A,9.24,B,6.17,A,9.56,24.5778,80.1529
USR_FC1FAC3E,B,11.65,B,15.16,A,17.8,D,17.51,C,12.24,B,16.41,D,24.17,A,14.08,A,24.39,B,12.52,13.8357,78.8802
USR_F0DC41CA,C,13.11,D,12.18,A,23.91,A,19.95,B,18.77,D,17.17,B,14.3,B,12.33,B,16.46,C,21.26,24.2015,77.1675
USR_A37ED5B3,A,21.4,C,18.08,A,22.96,A,10.7,A,12.87,D,19.16,B,10.38,B,24.14,B,14.69,B,22.68,27.526,79.1453
USR_08A2B533,B,10.13,A,13.46,B,20.77,A,20.74,C,19.7,B,21.62,C,21.63,D,21.7,A,12.78,B,20.85,12.5798,75.665
USR_BFF5EEF5,C,19.52,D,16.54,A,19.05,B,18.28,A,14.44,D,17.53,B,19.14,B,12.87,A,13.47,B,19.47,22.8187,77.8817
USR_759FA9A2,A,16.64,B,14.57,B,24.9,B,22.85,B,15.59,B,20.31,A,24.15,C,19.69,A,17.23,A,20.71,25.7178,79.6256
USR_A4109F3E,B,15.89,C,13.8,C,18.01,B,11.38,A,12.24,D,12.06,C,11.64,A,18.65,B,11.98,D,20.68,24.3367,80.7019
USR_03D7751C,C,18.24,C,14.0,C,14.01,A,18.7,A,12.18,A,20.24,C,21.87,C,22.75,B,19.09,B,10.8,25.1794,79.2771
USR_BCB9ACE7,A,11.53,A,10.66,B,6.97,A,5.14,A,5.8,A,5.75,A,11.91,A,10.63,C,7.55,A,9.61,21.0083,79.3826
USR_DAC2D92F,A,9.9,A,8.27,A,7.51,A,9.52,A,9.0,A,10.43,B,8.52,A,10.41,D,6.84,A,7.4,11.1376,77.46
USR_195A9B11,A,16.35,C,17.23,B,24.65,B,13.28,C,23.64,B,19.13,C,18.07,C,16.27,C,15.46,C,11.09,26.5457,80.2433
USR_CC240E90,B,12.55,B,23.6,A,14.24,B,19.46,B,12.11,D,16.95,B,10.35,A,21.71,B,22.35,C,21.62,18.652,72.9657
USR_B04E43FF,C,10.81,C,15.08,A,23.13,C,19.03,A,20.87,D,19.73,B,15.57,A,10.28,C,19.51,D,21.8,27.5488,80.7699
USR_BE818339,C,10.5,B,19.73,A,18.25,A,11.23,C,17.46,B,18.81,A,15.04,B,11.63,B,15.28,C,13.1,12.9774,77.5059
USR_E0FFE331,A,14.97,A,11.38,B,8.73,B,17.4,D,23.44,A,38.85,B,36.5,D,8.53,D,18.31,D,39.96,27.5818,79.581
USR_4E7DCE56,B,17.3,B,16.82,B,14.74,B,24.16,B,17.08,A,20.96,B,13.04,B,21.0,B,16.36,B,11.27,23.3362,77.436
USR_C243E748,B,14.24,D,22.31,D,11.3,D,16.07,A,3.86,D,27.74,D,26.8,A,4.85,B,32.81,C,33.3,17.1334,74.7687
USR_6EB8598D,C,15.6,D,32.15,D,9.63,D,6.07,B,11.64,C,21.64,C,27.07,B,17.99,D,34.58,D,19.95,28.0372,82.2839
USR_921016EE,D,21.24,A,22.72,D,13.63,A,10.52,C,18.37,D,13.9,D,37.44,A,9.76,A,28.19,C,20.09,24.8071,80.8558
USR_16D2BEFE,A,8.48,C,9.79,A,6.43,A,11.1,A,7.34,A,8.4,D,10.91,B,7.72,A,6.12,A,10.61,27.7527,77.2125
USR_24E0C6AB,B,11.42,D,13.11,D,18.35,A,15.09,A,14.9,A,19.4,A,16.13,A,16.05,B,22.72,D,19.66,21.5868,81.0161
USR_54F4B67F,C,12.45,B,13.77,D,15.65,B,11.22,A,24.91,B,18.91,A,18.93,B,14.97,B,24.03,A,24.73,26.7542,80.9483
USR_F47CD7B3,A,16.32,D,19.91,D,20.73,A,17.62,B,24.72,D,20.89,B,15.68,C,11.19,D,11.67,A,19.23,25.4086,81.8707
USR_CEEA388A,D,20.14,B,12.56,B,24.32,A,22.29,B,17.48,A,15.66,B,18.04,B,23.8,D,10.59,A,19.94,19.735,71.3065
USR_C10915F1,B,23.93,B,22.51,B,20.27,B,22.32,C,10.8,B,19.0,B,10.61,D,18.18,A,17.73,A,19.43,20.0486,72.7946
USR_4700BF07,C,25.55,C,3.6,D,4.72,B,17.41,C,20.53,D,27.33,C,16.47,B,29.62,C,7.62,D,39.92,27.8796,81.8006
USR_C4306139,D,16.87,D,14.89,B,10.72,B,10.44,A,24.26,A,23.93,C,14.29,A,12.55,A,14.18,B,17.78,21.3424,77.0996
USR_27E4D0A6,C,19.15,A,10.57,C,13.64,B,15.68,B,14.71,B,17.9,B,10.89,D,10.42,A,20.69,B,22.73,11.7313,76.4743
USR_42110B56,B,12.59,A,18.37,B,10.51,C,22.23,A,14.49,A,21.1,A,18.85,C,17.31,B,19.89,B,20.98,28.1547,79.3947
USR_393F50F1,B,20.7,A,20.64,C,23.07,C,23.04,B,19.83,A,23.74,B,19.82,C,11.9,A,14.66,B,15.1,26.6432,80.4599
USR_1199E95A,A,16.62,D,10.27,C,11.02,D,21.55,C,18.98,B,21.01,C,21.34,B,24.24,B,13.05,A,16.64,25.2351,80.8102
USR_E9CA9CB3,A,14.27,A,13.59,A,24.65,A,17.21,B,23.35,A,22.75,A,23.55,A,10.17,C,17.99,C,16.81,22.4635,77.8445
USR_64BE2E7B,C,39.44,B,8.34,D,24.56,B,3.3,D,35.03,C,5.57,C,15.36,D,24.39,D,8.87,C,32.95,18.782,71.7165
USR_E4D01C97,A,22.94,A,24.39,B,14.39,B,15.89,D,23.13,D,24.64,A,19.12,C,10.48,D,14.47,A,21.03,26.6011,81.6489
USR_DB263783,C,23.6,C,22.56,B,14.14,B,12.28,B,18.75,C,11.13,D,14.96,A,13.74,B,23.05,C,15.23,13.5106,77.4785
USR_37EA1D2E,A,6.99,B,8.03,A,7.75,A,9.47,A,5.09,A,6.43,A,11.47,A,10.75,A,8.37,A,8.76,21.0861,79.4172
USR_848B54E6,B,33.1,C,39.03,C,2.28,A,32.78,B,17.93,C,33.51,D,29.81,C,39.03,D,13.18,B,33.17,22.3249,78.2083
USR_CC95EDA6,C,11.57,B,24.65,A,22.15,C,19.11,B,12.17,A,10.62,B,14.71,C,20.15,B,10.87,A,11.29,24.1134,80.7288
USR_EE8C61AE,A,32.29,C,8.19,D,29.71,D,21.84,B,11.19,A,8.82,D,29.63,B,38.63,D,10.85,B,14.7,23.5713,77.8882
USR_ADF01096,C,15.51,B,21.95,C,12.61,A,21.06,B,13.63,B,15.66,B,22.46,A,23.6,B,12.06,D,14.58,30.4083,77.4091
USR_E40F1FA7,A,14.8,A,10.31,D,21.31,A,15.55,D,22.29,B,17.97,D,20.61,B,12.63,C,15.5,B,19.49,20.5222,72.1136
USR_0E959A9F,B,21.13,A,14.83,A,15.19,C,23.19,B,22.72,A,10.54,A,16.7,A,24.13,C,22.49,B,15.57,18.2546,73.9203
USR_1B58F5BA,B,12.95,C,24.45,D,11.72,B,10.13,A,21.33,B,17.4,A,24.78,A,20.91,A,15.64,D,15.47,28.145,79.2118
USR_C60EDD1E,C,17.44,C,17.32,B,16.07,A,24.81,A,15.38,C,15.06,D,22.59,B,14.69,A,21.82,C,19.75,24.9091,82.5517
USR_6B68ACE2,A,11.62,A,7.78,A,10.15,A,8.32,B,7.21,A,5.48,A,5.71,A,5.64,A,5.29,A,7.58,22.1496,79.0312
USR_44DB4931,B,24.52,D,19.39,B,17.88,D,15.36,A,23.36,B,18.3,C,4.0,B,19.13,C,17.26,D,39.41,25.0627,80.0664
USR_C723B245,B,17.89,A,23.31,A,21.8,C,12.41,B,10.59,C,10.04,A,19.02,B,21.26,B,15.85,B,12.08,26.2717,80.8614
USR_34FE4DC0,B,23.32,D,19.78,B,14.05,B,14.06,C,11.61,A,11.71,B,22.4,B,10.01,C,10.09,B,17.03,21.9606,77.9685
USR_EC77ABC2,A,10.49,A,8.89,A,11.87,C,11.37,A,9.71,A,8.04,A,7.8,B,7.56,C,9.81,A,10.64,21.6098,80.9454
USR_8B605446,B,20.41,C,12.63,C,11.3,A,21.15,D,10.38,A,15.72,C,12.16,B,24.35,A,14.27,B,19.93,27.1641,79.843
USR_030EA5A0,A,11.45,C,6.7,A,6.94,B,7.25,A,7.59,A,6.64,A,11.22,A,8.01,A,11.72,A,8.43,28.4514,79.567
USR_3B4A277F,A,7.47,A,5.71,A,5.74,A,10.3,B,9.28,B,8.89,A,7.53,B,8.97,A,8.12,A,6.54,28.1237,76.1957
USR_EF2DBC53,A,11.02,A,8.2,C,5.38,A,10.22,A,7.71,A,8.41,A,6.22,C,8.28,A,10.07,B,8.57,28.2896,78.9549
USR_07D88522,D,30.41,D,24.47,B,12.91,B,38.5,A,39.69,B,16.29,D,13.55,D,32.01,C,36.15,C,38.12,28.1289,81.3931
USR_F2CA6BB6,C,19.44,B,10.77,C,15.72,C,22.64,A,24.74,D,14.08,C,22.69,D,22.66,C,16.01,A,20.4,28.6878,78.6771
USR_D87F4831,C,23.83,A,19.33,D,21.15,A,19.08,C,20.74,B,19.86,B,22.12,C,24.11,B,13.93,B,22.71,26.0971,80.1349
USR_EEAC4666,C,5.61,A,6.86,A,8.23,A,10.92,A,9.25,A,5.63,A,8.82,A,9.21,A,10.12,A,10.21,14.2048,76.814
USR_4D7CF516,C,22.38,B,14.58,A,21.71,B,10.71,A,22.28,A,24.75,C,23.87,C,16.49,C,16.41,B,10.81,28.6586,78.4856
USR_FADCEC95,C,13.9,A,23.13,B,22.0,B,24.09,C,21.86,A,13.64,B,16.83,C,16.28,B,24.49,D,15.96,21.6091,77.2716
USR_D304B108,D,18.58,A,17.75,B,14.83,A,24.48,A,19.22,B,16.87,B,12.81,C,16.07,D,19.48,C,23.64,27.9354,81.9999
USR_04205C68,D,19.05,D,30.96,B,30.28,C,18.71,B,32.81,B,25.54,D,12.2,D,27.16,B,30.34,D,37.74,19.703,72.9164
USR_F1C10DA1,A,11.88,B,11.84,C,7.16,A,9.85,A,10.66,A,10.74,B,9.82,A,8.03,B,8.31,A,7.55,17.2051,71.1011
USR_0651FB12,C,20.05,C,22.95,D,23.2,C,13.03,C,27.28,C,32.86,D,5.56,B,8.64,C,29.78,B,17.23,12.4636,78.368
USR_183470FE,A,7.27,A,9.14,C,6.71,B,8.18,A,8.31,A,6.31,B,10.32,A,9.24,A,11.14,A,11.74,14.669,77.2209
USR_04C2880B,A,21.35,D,17.07,D,5.76,D,5.8,B,27.38,C,34.8,D,37.98,D,13.8,D,17.25,A,4.25,22.8955,80.2921
USR_A8726D7A,B,10.34,A,20.05,B,11.88,B,22.4,C,12.33,B,18.3,A,12.35,A,11.93,D,19.93,B,13.67,26.2052,80.0862
USR_0A2CBD08,D,19.88,C,12.6,D,17.69,B,12.18,B,19.97,C,11.82,B,24.97,A,21.34,A,24.6,B,14.47,25.2266,79.462
USR_C7DE273F,A,8.99,A,7.36,A,5.73,A,7.81,A,8.21,A,11.05,A,7.17,A,6.11,A,5.22,A,7.35,26.0874,81.3719
USR_CABA4E1C,A,18.77,A,10.51,A,10.04,C,19.13,C,19.35,C,13.53,A,15.44,B,21.96,A,21.48,C,11.02,19.7284,74.0053
USR_2CBF640A,B,15.96,C,13.89,A,10.75,C,20.01,C,19.18,B,15.96,B,13.46,A,17.41,A,15.05,C,22.66,29.1638,77.3209
USR_66C33AD1,D,25.08,B,38.7,C,36.69,A,5.78,C,23.51,C,6.85,A,12.17,A,30.88,D,8.32,D,8.69,25.8223,79.5787
USR_244BD288,B,18.99,C,22.02,B,18.76,B,22.93,A,23.1,B,10.3,D,20.97,A,14.27,B,21.57,C,16.35,11.2313,75.8995
USR_8B41E158,B,13.1,C,11.37,B,21.7,B,22.06,C,21.46,D,14.71,A,24.43,B,16.95,A,10.99,A,11.54,25.3294,82.8753
USR_C57B5A29,C,12.27,D,15.09,D,13.0,C,10.56,D,33.88,B,38.73,D,14.49,D,16.87,A,19.16,B,35.45,17.7597,71.3037
USR_016A7F6E,A,12.28,C,16.64,C,18.04,B,21.66,B,20.95,C,18.1,B,23.95,A,15.82,D,23.6,B,11.99,24.687,77.4683
USR_6ADB25EB,B,19.29,B,14.45,B,24.08,B,13.78,A,21.66,B,10.65,A,21.32,C,14.56,C,21.13,A,14.81,29.3777,78.4272
USR_156E71F1,D,14.67,C,14.94,C,24.79,C,18.8,B,11.73,A,24.55,D,15.68,B,21.44,C,13.59,B,17.25,22.2387,77.3242
USR_A16FDBEC,D,13.41,C,12.41,D,12.24,B,3.14,B,28.82,A,5.15,D,13.46,A,10.35,D,10.13,D,7.39,17.7681,73.6446
USR_2FA23454,B,24.79,D,19.06,C,12.04,D,11.71,D,12.02,C,12.73,C,13.4,A,15.2,D,14.97,B,23.7,28.5064,76.3112
USR_541796DB,B,22.86,A,11.73,A,20.94,B,17.6,C,13.5,B,10.23,A,19.4,D,22.14,A,22.0,A,18.82,17.2852,71.6615
USR_FA1B3423,C,24.63,B,13.6,B,10.51,D,12.75,C,16.64,A,17.12,B,13.75,B,23.3,C,10.94,A,13.02,13.2382,78.1356
USR_3DCA960D,B,11.16,C,31.49,C,3.47,D,3.11,D,14.45,B,25.08,D,31.93,B,25.74,D,30.92,D,26.49,29.618,76.1418
USR_CC1FA97D,B,11.69,B,23.87,D,23.35,A,10.23,C,10.96,A,19.12,C,19.48,B,20.32,B,19.95,B,18.35,26.7691,75.2797
USR_A624874A,A,6.23,A,6.03,C,12.0,A,7.13,B,8.84,A,6.33,A,6.53,A,11.68,D,7.8,B,8.35,14.6067,77.6362
USR_270F168F,A,10.5,A,9.32,A,6.82,A,7.27,D,7.99,A,8.92,A,9.4,A,11.66,B,10.21,A,9.33,22.5569,80.5633
USR_F79BC136,B,14.96,B,10.26,A,11.71,B,11.86,D,10.09,B,18.48,B,18.84,B,17.46,A,23.45,C,24.99,27.379,76.2589
USR_DB3CE2FE,A,13.17,B,13.97,A,23.91,A,17.3,B,12.13,C,10.03,B,20.9,C,12.07,D,19.79,C,11.55,12.9021,76.1251
USR_CC164D6B,C,21.77,B,23.58,C,22.38,C,10.08,B,23.37,B,17.12,C,23.57,C,23.37,A,11.13,D,20.1,27.4719,82.567
USR_03557375,B,11.34,A,7.79,A,9.79,D,7.14,A,6.03,D,8.4,A,9.95,A,7.81,A,9.75,A,6.33,25.7115,79.4712
USR_62612847,D,25.0,C,30.2,D,6.81,B,24.72,C,24.73,A,31.52,D,31.52,A,27.23,B,20.91,D,15.9,14.1514,77.3501
USR_5FB7A868,A,6.62,B,8.09,A,9.64,A,6.12,A,7.05,A,7.86,A,7.7,B,8.63,A,8.23,C,10.48,13.8567,76.6381
USR_3530F667,D,19.45,D,17.41,D,15.41,D,24.68,D,2.28,D,27.46,C,21.86,B,30.59,D,3.84,B,10.28,21.8743,80.0251
USR_AB5F28D8,D,19.75,B,16.25,B,10.29,A,13.26,C,15.73,A,10.63,B,10.29,C,11.15,C,12.98,A,15.73,23.5653,77.2806
USR_10F185E1,A,17.85,B,15.32,A,18.79,B,18.4,B,13.74,C,10.15,B,24.04,B,13.55,C,14.94,D,23.59,21.6719,79.3078
USR_65BE4B44,C,10.13,A,17.51,B,21.11,C,22.22,A,11.51,B,18.49,A,21.92,A,16.75,A,23.1,D,15.05,26.438,79.8341
USR_EB7569C5,B,13.07,A,14.57,B,12.15,D,14.33,B,13.18,D,12.76,D,13.53,A,10.59,B,17.27,B,24.15,26.1433,80.1087
USR_7AA5615C,C,19.13,B,12.79,A,22.37,C,11.46,B,20.01,B,13.55,B,21.22,D,15.59,A,10.05,B,11.91,12.0885,75.7071
USR_1070A99E,C,10.22,D,14.61,C,13.98,B,22.23,A,11.42,A,22.43,D,17.71,B,24.73,B,12.29,A,19.22,17.4897,74.1345
USR_FF315A37,B,17.56,C,18.41,B,19.57,A,17.53,D,23.89,B,19.13,B,15.17,A,20.04,B,20.66,A,18.15,14.0527,76.69
USR_17B2A1E3,B,23.7,A,11.34,C,20.93,D,10.19,A,13.09,C,22.85,A,20.61,D,18.2,B,10.07,D,17.84,25.8107,80.1913
USR_64D3EDE6,B,7.69,C,30.6,A,24.07,D,2.35,C,23.86,D,27.61,B,29.88,C,12.87,C,35.46,D,10.03,24.9015,80.2238
USR_3AF09408,B,14.41,B,21.19,C,12.15,B,10.13,C,13.35,A,19.14,D,10.55,C,23.4,B,16.72,A,22.85,14.8941,78.9198
USR_D6869ECC,A,9.95,A,6.82,A,9.13,A,7.62,A,7.97,A,6.39,A,10.83,A,7.93,A,5.9,A,10.87,29.7601,76.4476
USR_73BEF40A,B,15.51,A,23.04,B,24.07,D,15.49,B,19.03,B,12.33,B,13.4,A,13.45,C,19.0,B,16.11,25.2056,82.8452
USR_CA2619F6,A,5.48,A,9.64,A,11.32,B,8.09,A,5.63,A,5.75,C,6.56,A,8.38,B,5.94,A,5.44,27.4092,82.6662
USR_FA10AF6D,A,7.62,A,8.09,B,5.85,A,11.97,A,11.12,A,9.41,A,9.67,A,9.71,A,10.41,A,7.96,14.3706,77.9976
USR_5C9EB0D8,C,15.2,C,22.14,B,16.42,B,21.49,A,10.17,A,11.12,A,22.11,B,21.35,D,12.67,B,24.66,13.2844,79.1853
USR_6A84F567,A,11.16,A,5.28,D,10.85,B,6.53,A,8.83,A,10.42,A,8.5,B,10.26,A,11.06,A,8.44,18.753,73.7113
USR_A9412342,A,7.08,A,9.41,D,7.41,B,5.38,A,5.47,B,10.19,A,6.74,B,11.28,A,9.62,A,10.45,28.7229,75.2412
USR_08FE06B9,D,33.47,C,32.32,B,22.92,B,28.75,C,33.53,D,36.4,B,25.91,D,4.91,C,25.73,D,27.83,23.8783,79.1737
USR_8A26C993,D,11.45,A,11.31,B,5.84,A,6.95,A,6.73,B,11.73,A,7.55,A,6.87,A,8.23,A,9.38,19.292,71.5516
USR_347C46F9,B,23.34,A,20.26,D,14.8,B,20.71,C,24.67,A,10.38,A,14.81,C,10.85,A,19.18,C,10.15,19.8352,74.7782
USR_867B09C9,C,12.54,C,11.85,D,24.71,B,18.23,C,18.55,B,21.38,C,14.28,A,18.82,B,24.98,A,10.1,21.2308,78.4794
USR_C86B5A56,A,10.31,A,24.54,A,23.22,C,17.0,A,20.01,C,10.68,D,22.69,B,10.14,C,23.42,B,11.73,22.9251,78.6659
USR_48AB53AF,C,21.11,A,11.67,A,24.41,B,20.44,C,10.82,B,11.96,D,19.7,D,18.36,A,22.54,B,24.0,28.791,80.8653
USR_03D01C37,A,7.27,B,5.62,B,11.12,C,5.52,D,9.87,B,9.27,A,8.22,A,9.88,B,5.8,B,9.87,14.304,76.2213
USR_0E736044,B,16.51,C,24.46,B,10.82,B,19.79,B,18.68,A,17.85,A,24.47,A,20.38,B,10.33,D,24.36,17.9339,74.4175
USR_3644D8F8,B,13.47,A,12.06,B,17.92,B,11.64,B,24.53,B,23.35,D,17.09,B,10.86,B,21.19,B,15.23,12.7501,79.4302
USR_10383DFE,C,23.39,B,11.4,B,11.31,A,23.23,A,23.15,C,21.34,D,12.18,B,21.39,B,19.93,B,24.69,22.8645,80.3743
USR_FF9650DF,C,24.77,B,23.24,B,22.43,B,14.48,B,23.44,D,16.26,A,11.86,B,22.02,B,17.24,C,13.94,13.6757,78.8545
USR_4C0598D1,A,24.69,A,15.53,B,16.77,B,10.01,B,18.19,B,20.39,A,24.55,B,24.71,B,23.06,C,15.01,13.3742,79.4396
USR_BABD2668,A,19.18,B,17.74,C,17.08,C,13.89,A,21.13,B,10.66,D,22.12,C,22.41,A,22.06,D,15.87,28.7543,81.2318
USR_431160F0,A,19.4,C,21.27,B,14.79,C,12.56,C,19.79,A,11.84,C,16.34,B,16.34,B,14.78,C,22.36,27.5635,77.3607
USR_FF313901,B,15.42,A,19.57,C,14.6,D,14.8,C,16.32,A,24.17,D,15.97,A,24.96,A,14.9,D,18.5,22.5582,77.6053
USR_BBF039E6,D,2.1,D,27.91,D,36.64,D,37.01,D,25.18,D,23.42,C,17.14,D,34.11,C,9.58,A,16.28,27.5287,75.7442
USR_AB7B14D6,B,17.73,B,21.27,C,10.44,D,22.87,B,22.15,B,18.59,B,21.29,D,12.57,A,19.57,B,15.27,21.734,77.0952
USR_38202DEC,A,5.08,A,7.37,D,5.16,B,9.82,A,10.98,A,6.11,C,9.67,A,9.57,D,10.42,A,11.98,21.8614,80.8863
USR_71F2F2A0,D,10.75,B,10.41,B,20.91,C,14.01,C,11.1,C,11.43,A,16.58,A,16.9,A,15.77,B,15.37,14.69,78.0816
USR_717B58C1,B,11.99,A,9.16,B,9.49,A,7.19,A,6.22,D,7.65,A,8.9,C,6.39,A,8.38,A,6.3,22.2317,79.8308
USR_93181591,C,32.44,D,38.47,A,25.5,B,13.05,C,33.86,D,2.05,C,8.18,B,22.61,D,26.56,D,20.35,28.5397,75.9836
USR_5851B614,B,10.88,A,5.65,A,8.31,A,10.68,A,5.56,C,10.19,A,7.15,B,9.64,A,11.0,A,8.03,20.8322,72.1728
USR_AABF8756,B,19.93,B,16.6,A,21.91,C,16.01,A,21.46,B,18.67,D,24.66,A,15.27,B,14.66,C,12.27,25.5837,82.1823
USR_DBF85E31,D,21.85,B,23.92,A,22.03,C,10.65,A,24.67,B,13.5,B,16.29,B,20.68,C,23.97,C,13.68,20.4431,73.1914
USR_0279C9B4,A,10.38,A,7.69,B,11.52,A,11.17,A,11.0,A,5.41,B,8.91,A,7.56,B,5.18,A,8.46,24.4497,77.6462
USR_5C7745A7,B,17.04,C,12.18,A,23.65,C,15.35,B,18.88,D,22.47,B,16.6,B,20.68,B,22.4,C,19.79,11.7068,76.0636
USR_9E1A7E35,D,8.58,D,31.96,D,7.05,B,13.93,D,26.57,D,28.81,C,21.16,D,16.1,B,11.98,D,36.49,18.6501,73.9241
USR_6A1A7273,B,11.52,C,11.55,B,19.32,B,12.45,B,13.45,B,18.59,B,14.32,A,10.64,C,22.42,C,22.34,12.9426,76.8731
USR_966A294E,B,11.68,A,8.38,B,6.03,A,7.37,A,6.21,A,11.6,A,7.02,A,7.82,B,7.67,D,5.49,23.0272,79.8865
USR_0356514A,A,18.2,A,15.86,B,17.35,D,15.52,B,19.39,C,23.06,B,21.33,C,13.02,C,23.02,C,11.78,11.9866,79.1231
USR_890F1FA0,A,12.92,C,12.32,B,23.22,C,12.72,B,19.07,A,17.51,B,22.34,B,24.7,B,19.15,B,17.07,20.5752,71.7222
USR_D4203090,A,9.07,A,10.77,A,6.56,A,10.29,D,9.73,A,10.67,A,11.96,A,11.74,A,11.59,A,9.37,21.8758,78.9027
USR_705724B0,A,11.97,A,8.68,A,7.02,A,9.96,A,9.79,B,8.73,A,9.41,A,11.05,A,11.79,A,7.36,29.1134,75.5425
USR_326927C9,A,15.34,A,16.09,A,10.07,C,22.67,B,23.43,B,17.68,B,20.68,D,18.45,C,24.36,A,18.57,26.6572,81.6324
USR_69193D10,A,20.07,A,24.45,B,22.54,A,23.25,C,22.44,B,16.35,B,22.71,C,13.74,B,17.15,A,22.62,21.3712,79.682
USR_138E6FB2,B,23.81,B,12.14,A,16.93,D,12.04,A,20.15,C,21.28,B,10.96,C,10.25,B,16.88,B,15.83,11.1358,77.6099
USR_C9239A46,A,11.08,B,6.94,A,7.47,A,9.13,B,11.86,A,7.38,A,9.56,C,10.56,A,5.61,A,10.74,14.4102,78.7767
USR_BE6431F7,C,19.84,C,18.91,C,17.16,C,19.77,B,20.07,A,24.17,D,15.62,B,15.35,C,15.6,B,21.44,11.4793,79.5539
USR_1299272A,C,10.79,D,33.84,C,12.23,D,2.24,C,25.34,A,13.31,D,29.15,B,19.53,C,32.72,A,30.38,19.8129,73.0445
USR_7D8FAE5E,C,19.15,C,8.79,B,3.6,B,10.88,C,37.06,A,32.63,C,17.57,C,8.34,C,12.76,C,8.25,19.9426,71.9636
USR_1ED7EAA9,A,8.32,A,6.73,A,6.98,B,9.01,A,9.03,A,6.98,B,5.5,A,11.22,A,11.61,A,8.77,23.4857,79.7972
USR_FB5E3902,D,21.99,A,26.29,D,26.96,B,17.09,D,35.48,D,38.13,D,8.5,C,38.15,B,13.62,B,34.04,24.2266,79.9113
USR_4B39A341,A,12.5,C,17.36,B,12.23,B,14.47,A,18.55,D,20.67,B,13.63,C,19.41,B,15.26,C,17.18,30.3282,75.632
USR_B17589D9,B,28.85,C,36.77,D,26.03,D,2.64,C,12.08,A,19.09,D,5.42,A,26.88,C,25.05,B,13.63,14.5084,78.7916
USR_0E36B22E,C,13.94,D,23.44,A,13.13,C,16.66,A,17.86,B,17.48,B,19.03,B,11.92,C,17.61,B,10.73,30.1833,77.5895
USR_18C2012C,A,9.83,C,10.11,A,7.53,A,7.09,C,9.06,A,8.99,D,8.15,A,6.98,B,10.26,A,11.76,17.1262,73.0785
USR_196A31C1,D,31.23,C,6.81,D,36.54,C,31.03,A,34.98,D,14.04,B,33.78,A,23.24,C,22.15,A,39.48,22.9673,78.0727
USR_5BCF94F0,A,9.81,C,5.04,A,6.32,A,11.06,A,5.93,B,7.24,A,5.77,D,6.12,A,7.45,A,10.95,29.5882,78.6208
USR_95A696D5,C,13.77,B,21.41,C,16.17,C,15.0,B,11.95,A,10.97,A,17.45,B,14.6,C,15.39,A,10.73,29.9624,78.1361
USR_83EA7ED8,C,16.12,C,13.99,C,14.15,C,24.0,B,12.59,C,13.95,A,13.27,D,18.78,B,12.79,C,11.2,20.7261,74.6992
USR_78B227DD,B,24.41,C,10.75,A,23.04,B,12.17,C,24.36,B,24.45,A,24.19,A,11.59,C,19.35,A,13.07,26.8404,81.9364
USR_F5867E8C,C,16.6,D,19.44,C,13.43,A,20.47,B,22.16,B,10.08,B,15.0,B,13.39,B,12.76,B,16.15,25.3888,80.702
USR_155CE43A,B,15.85,C,15.28,C,13.45,A,23.68,A,10.7,A,17.68,B,11.92,B,20.77,A,17.5,C,14.91,17.6558,72.2858
USR_5BA58D7F,B,14.6,B,10.31,B,16.07,B,10.08,B,10.62,A,18.7,D,11.8,A,18.82,B,13.17,B,23.98,14.8612,77.0286
USR_BEF020C6,A,7.19,A,5.77,A,8.14,A,7.75,A,11.27,A,8.42,B,9.64,A,5.96,B,8.11,A,11.77,27.2587,76.3838
USR_C088E60F,A,14.83,B,17.44,A,19.46,A,17.19,A,17.06,B,10.68,C,20.81,C,13.61,A,14.43,D,13.49,26.8863,76.6852
USR_90D4C34D,C,15.81,B,24.06,B,17.84,C,24.97,C,16.95,B,14.88,B,23.65,A,19.59,C,13.9,B,18.25,24.4121,79.6307
USR_A9C0116B,B,18.5,C,15.02,B,16.57,B,10.73,C,12.09,C,20.72,B,15.02,B,10.73,C,19.42,C,22.21,17.6291,71.1774
USR_91A9DC7C,A,22.03,C,10.55,C,20.77,B,21.66,C,20.41,D,23.76,A,13.02,C,23.62,A,12.69,A,15.17,21.0321,71.6292
USR_885281A6,C,17.65,D,24.85,A,16.48,B,21.62,B,10.24,D,14.34,C,13.72,B,23.69,B,21.9,C,20.41,20.9253,70.9742
USR_75222850,C,10.47,C,10.26,B,15.26,B,12.72,A,22.6,C,18.6,C,17.4,C,23.41,B,12.63,A,11.89,21.6417,81.0367
USR_023B9D53,B,23.43,A,22.34,A,11.66,B,20.38,A,19.14,D,15.25,C,21.59,C,14.69,A,12.49,A,14.45,14.4283,76.9211
USR_F5042D38,A,12.41,C,24.89,C,15.48,A,23.11,B,17.31,A,21.52,B,15.09,C,18.4,D,23.59,B,24.78,27.6318,76.7666
USR_CCF81CFC,C,8.82,B,6.33,A,6.57,A,11.92,A,11.23,A,11.17,B,8.87,C,10.1,A,10.74,B,11.66,21.511,80.5527
USR_9D03199E,C,23.6,D,31.25,B,28.97,D,31.27,B,13.71,A,12.47,D,17.89,C,14.77,C,33.75,C,6.05,28.4798,82.8405
USR_BF07624C,B,21.05,C,20.56,B,20.63,B,18.81,B,10.35,B,11.23,B,17.13,B,14.67,B,13.59,C,10.22,21.6905,77.3275
USR_DF166172,A,10.98,A,9.28,A,8.6,A,6.57,B,6.91,A,10.74,A,8.06,A,9.35,A,8.29,B,7.8,27.2337,81.6604
USR_7CF3770E,D,11.39,B,13.88,B,5.08,D,12.52,B,16.06,C,39.58,C,10.3,C,33.47,D,9.46,A,9.12,17.2839,74.5594
USR_2170A511,B,18.15,C,23.11,B,23.13,A,15.8,D,20.28,B,10.51,B,11.38,C,13.95,A,23.15,A,10.57,13.4646,77.2176
USR_C75FA3B9,C,22.26,C,15.38,B,15.28,B,12.51,D,17.71,D,14.84,B,13.9,B,16.24,C,13.1,B,20.74,17.1338,71.7592
USR_65B4A638,C,22.25,A,13.47,B,14.5,C,18.11,A,21.84,A,17.21,C,10.41,B,21.14,B,10.99,C,10.66,28.6301,82.0376
USR_435973CD,D,39.14,D,25.62,C,15.22,D,8.06,D,6.1,D,7.13,D,30.52,A,36.87,D,24.03,D,25.27,18.0997,74.7468
USR_7B4AFC25,D,22.32,B,9.74,C,19.26,B,26.55,B,18.12,B,12.74,D,37.1,C,23.78,B,15.04,A,17.82,11.1277,77.4933
USR_8E2FAF60,B,28.34,C,28.4,B,30.1,D,10.33,D,24.39,D,34.7,C,2.27,C,14.16,D,23.4,D,35.72,19.4019,72.2149
USR_2C967301,B,14.8,B,14.39,A,17.38,B,21.33,A,20.7,A,17.54,B,14.45,D,17.03,A,13.8,B,10.84,25.3743,81.9546
USR_05B15894,C,4.16,C,31.76,C,23.28,A,33.57,D,39.48,D,13.44,D,39.47,A,33.55,A,7.71,D,27.74,17.9604,73.5687
USR_E3E5999C,C,11.85,B,14.9,C,22.9,B,13.84,B,13.75,B,19.78,B,14.69,C,14.97,A,12.52,B,16.11,25.3789,81.1154
USR_0E58EAE7,A,27.68,D,7.19,C,28.21,B,21.17,C,36.72,C,12.95,B,31.19,D,20.25,D,5.16,C,34.34,22.5938,77.959
USR_833E71AF,C,4.88,C,8.93,D,26.13,B,27.0,C,38.28,C,38.77,A,26.85,D,21.79,C,38.1,D,22.08,18.3432,72.27
USR_8168AA35,C,19.42,A,20.74,A,16.28,B,20.29,B,15.63,C,17.09,A,12.03,A,16.18,C,23.61,A,24.31,14.358,78.6855
USR_0C1D0D39,C,11.31,A,7.27,A,6.85,A,6.01,A,8.1,A,11.43,A,10.92,A,8.68,B,5.38,A,5.93,24.8209,78.8821
USR_B53F7908,D,24.68,D,36.51,B,14.92,C,11.57,A,33.54,B,28.78,B,38.94,D,5.15,D,18.03,B,24.82,27.7054,80.8664
USR_9F3FAA8E,D,14.51,D,19.14,B,12.55,C,21.3,C,19.67,C,14.29,A,14.92,C,24.57,B,18.07,B,17.76,21.812,78.5303
USR_A67AD605,C,16.35,A,16.05,B,12.8,C,12.88,B,10.59,B,23.47,B,20.11,B,11.62,C,21.89,C,16.9,13.1603,76.0844
USR_F1A24220,C,16.28,C,20.18,C,24.69,B,24.76,B,20.29,C,22.26,B,22.76,B,18.11,B,14.87,B,15.24,18.7711,72.5354
USR_F12A3EF3,C,20.58,A,21.28,A,20.59,B,20.4,A,16.38,B,23.3,A,14.1,C,10.93,A,21.3,B,15.51,12.6806,78.6081
USR_09A70543,C,11.91,A,24.2,C,13.41,A,19.08,A,22.59,C,20.39,C,20.78,D,16.54,C,18.98,C,11.57,13.0566,76.745
USR_693DCF0B,A,10.85,A,5.93,A,11.88,B,6.11,A,5.72,A,11.38,A,11.65,A,9.56,A,5.52,A,11.06,21.0294,81.0541
USR_24B66731,B,15.13,C,22.21,B,20.65,B,18.82,A,11.53,A,14.27,B,19.68,A,20.73,B,15.33,D,22.18,20.1763,74.506
USR_9D514F5B,A,16.19,B,11.02,D,17.95,C,24.53,B,24.47,D,21.66,B,13.88,A,16.24,A,24.32,B,12.9,20.0299,72.2012
USR_CDC3E78E,A,21.42,D,15.4,B,15.08,D,18.26,D,23.32,A,23.58,B,12.6,B,20.82,B,18.85,B,23.45,21.867,78.923
USR_FA9FF648,C,34.27,D,21.65,D,36.38,B,3.46,D,3.75,C,30.28,B,38.06,C,39.95,B,12.26,C,16.32,26.8276,80.5872
USR_5EE63FD1,C,10.97,B,22.07,C,21.73,A,19.17,C,17.61,B,14.08,A,13.38,A,18.03,C,17.79,B,11.62,22.5836,80.704
USR_B549D22D,C,18.98,B,23.99,C,23.47,D,22.35,B,11.36,B,16.53,B,21.74,A,11.55,C,24.51,C,18.96,14.8375,78.7081
USR_5481184B,B,18.48,B,22.82,C,17.83,D,14.8,C,21.72,B,11.37,B,18.5,B,12.57,B,12.81,B,22.39,11.3786,76.5835
USR_B4531EC6,C,34.63,D,35.2,B,4.38,C,4.22,C,26.45,C,19.53,C,28.22,D,28.08,D,28.0,D,16.17,12.4465,77.2739
USR_8083F88E,C,26.78,B,13.78,A,3.34,D,23.89,C,7.97,D,6.38,D,17.91,A,14.16,C,36.87,B,13.24,22.6502,81.0431
USR_ACBF6CF8,B,35.58,C,14.73,C,10.54,D,35.58,D,31.2,A,37.06,D,29.46,A,27.86,D,3.51,C,12.62,21.3243,79.4909
USR_6930528F,C,15.9,C,14.69,C,15.4,B,20.17,B,17.9,D,23.03,C,20.94,C,10.53,C,22.29,D,14.83,12.0372,77.964
USR_52AD102C,B,16.2,B,12.67,C,13.87,B,17.48,B,10.2,B,15.27,B,15.47,B,23.63,B,13.96,B,11.63,13.5067,76.8062
USR_119546DC,C,17.61,A,11.14,A,18.49,B,24.48,C,24.82,A,11.41,C,12.98,A,14.06,B,15.76,C,13.78,21.1522,79.8437
USR_0E52C5DB,A,7.65,A,10.92,A,8.0,A,6.45,C,9.49,A,9.98,A,11.43,A,10.16,A,9.62,A,5.15,13.2088,77.8527
USR_02BFE500,B,23.76,A,13.85,B,23.62,A,14.05,B,13.69,A,24.49,A,17.93,D,12.09,B,21.18,B,16.73,14.2871,76.8618
USR_E95BC1DE,B,5.95,B,9.46,A,5.98,A,5.4,A,11.07,B,9.46,A,10.98,A,10.83,A,7.29,A,5.24,21.0337,73.2526
USR_A97F35AA,C,22.3,A,18.25,B,20.21,D,21.31,C,15.18,A,13.29,B,16.31,A,15.93,A,17.99,B,12.79,21.8671,79.9894
USR_78E2FFDC,A,12.23,A,22.42,A,12.03,A,12.06,A,19.11,B,11.58,B,21.99,B,20.05,B,18.79,C,10.64,21.6815,79.6243
USR_9C5FEA09,A,7.98,A,7.39,A,6.01,A,11.86,A,5.97,A,7.81,A,9.54,A,10.97,A,11.58,A,10.58,26.2184,79.8056
USR_49E029A0,D,39.59,D,19.39,C,19.05,D,9.86,A,23.86,D,36.96,A,5.81,D,9.26,D,34.29,C,3.59,14.7711,79.2078
USR_2A48D8C7,C,16.6,C,11.02,A,12.2,B,23.28,C,11.66,B,18.73,C,12.4,B,12.67,B,14.82,D,16.46,20.0205,74.5686
USR_41779DA6,B,11.27,B,24.33,A,18.79,B,20.56,B,17.96,D,13.86,A,11.94,C,11.62,B,18.91,B,14.47,12.5991,78.133
USR_51C22ECE,C,39.95,C,27.98,D,4.2,D,8.71,D,36.32,C,3.62,C,39.42,D,7.34,C,20.13,C,19.89,11.7677,79.2848
USR_3E4814D4,D,2.38,D,11.88,B,35.71,B,32.55,C,31.54,B,17.99,B,11.4,D,16.46,D,5.89,D,13.72,24.4451,79.4472
USR_D2E9670D,A,21.82,B,24.72,C,19.48,C,19.59,A,20.96,A,23.22,C,21.57,C,20.17,A,13.62,B,14.71,18.19,73.4792
USR_DA51C3B9,A,6.67,A,10.33,A,6.35,B,7.02,D,10.63,D,11.32,A,10.56,B,9.46,A,9.34,A,5.31,14.6117,79.3654
USR_6D0BC23A,D,11.68,B,22.69,B,18.48,D,16.06,B,14.62,B,18.85,C,14.89,A,13.39,B,14.35,A,22.94,14.0593,75.7788
USR_16F69B90,D,20.0,C,19.57,B,23.36,A,23.5,B,13.73,B,21.8,B,19.07,D,20.82,D,17.76,B,18.68,27.3008,77.3264
USR_CE59D55A,B,19.37,A,19.09,B,18.96,C,24.64,C,16.05,C,20.5,B,18.42,C,11.24,A,13.91,C,12.42,23.7671,80.6718
USR_0EBED0AA,A,9.69,A,7.21,A,5.6,D,7.99,A,7.29,A,9.06,A,10.87,B,11.39,A,10.74,A,10.04,24.6926,78.9162
USR_33AB4651,C,10.61,B,25.0,B,21.84,C,16.03,D,15.41,B,13.06,A,20.39,C,22.36,B,17.35,B,17.47,14.5338,78.0989
USR_2636F4E8,B,16.32,D,16.32,A,13.77,B,18.91,C,11.98,A,22.34,C,13.5,A,10.48,A,19.68,A,15.8,17.6907,73.9797
USR_9F0EBBDD,D,19.17,A,14.85,A,14.28,B,23.85,D,10.47,C,19.12,B,10.83,A,23.49,C,21.57,C,22.12,13.4356,78.4883
USR_4F96FB57,A,30.36,C,20.24,D,37.84,D,31.34,D,35.05,D,34.85,C,4.03,C,35.03,A,36.38,B,24.61,17.5832,71.282
USR_4FE39C87,C,17.0,B,14.16,C,14.42,B,20.98,C,23.72,C,23.9,B,18.97,B,14.73,C,22.83,B,15.17,22.5264,78.2424
USR_B9137DA4,C,13.94,D,26.48,D,12.09,C,39.94,C,39.53,D,37.33,D,12.66,C,12.55,C,2.39,B,10.6,18.6224,71.675
USR_0344D29E,A,21.58,D,15.6,D,12.78,A,15.52,B,13.99,B,22.18,B,12.13,A,21.74,A,15.18,C,18.11,27.0179,76.6344
USR_CBA1AC1E,B,11.7,B,12.23,C,22.93,C,12.53,C,23.8,B,16.33,C,12.59,B,24.85,B,20.55,B,19.28,20.2802,73.526
USR_12454C27,B,15.57,A,13.85,B,22.26,B,12.33,B,12.16,A,23.95,B,16.52,B,21.45,B,10.73,B,16.81,28.1383,78.011
USR_2B178837,C,34.84,D,11.97,D,14.78,D,13.95,B,37.75,C,30.8,C,38.7,C,30.6,C,36.45,C,32.0,28.7157,77.2054
USR_F58597CE,A,9.46,A,5.81,A,9.41,B,8.39,A,8.93,C,8.57,B,7.63,A,5.61,A,5.43,A,9.44,24.1704,78.6555
USR_7888AB0A,C,7.16,A,9.97,A,5.79,B,9.74,A,5.64,A,10.57,B,10.47,B,11.92,B,10.21,B,10.36,28.4484,77.9554
USR_B8AD21EA,B,17.25,C,12.91,C,24.65,C,13.54,B,23.9,A,23.9,C,24.19,D,22.85,B,20.74,B,23.2,11.8163,76.2735
USR_075F2F5F,A,19.0,A,12.24,A,21.97,A,24.09,A,23.98,A,14.65,D,11.81,D,11.04,A,18.02,C,17.41,27.3318,76.575
USR_E3D541FD,B,10.65,A,7.08,A,6.11,B,11.94,A,7.41,A,6.89,D,7.49,A,9.06,A,9.92,B,5.98,18.9932,73.6526
USR_FE46BACB,C,10.87,A,22.38,A,12.75,A,21.7,B,13.75,B,13.94,A,13.67,A,22.96,B,21.26,A,18.79,22.86,80.884
USR_DCFE4C23,B,14.52,D,22.18,A,19.24,D,15.23,B,13.94,B,17.57,C,13.19,B,19.3,B,18.7,C,15.74,14.1604,77.0122
USR_E83F5AC3,B,15.94,D,13.13,B,16.1,B,21.44,C,14.54,C,18.32,B,23.63,A,20.54,B,23.94,B,23.22,20.0309,71.1901
USR_6706984F,A,16.86,B,14.27,C,24.92,A,18.6,C,16.65,A,10.94,A,24.42,A,21.22,A,20.95,B,10.77,14.725,77.9491
USR_361DE598,B,17.67,C,10.11,A,14.72,B,14.46,B,24.27,C,20.61,C,18.26,D,13.67,C,20.35,B,10.41,28.2692,75.9044
USR_FEA7D603,C,10.85,B,20.78,B,10.64,B,21.96,C,12.2,A,20.1,D,18.06,C,23.94,C,10.97,C,12.54,23.3062,78.9639
USR_83EB1BD1,A,11.92,C,20.37,A,24.28,A,23.09,B,21.05,A,12.83,A,22.38,A,24.02,A,11.79,A,18.99,28.2414,78.4138
USR_7831B50A,A,9.44,C,6.65,A,8.25,A,11.92,A,5.07,B,11.93,A,10.31,A,6.45,B,5.29,A,7.22,17.3323,74.4568
USR_7A5895D8,C,14.56,C,22.01,A,13.85,C,13.66,D,16.95,B,14.46,B,19.98,B,13.9,B,17.23,A,14.48,19.8861,71.5072
USR_FECB5BD5,D,16.74,B,21.05,B,20.34,B,14.27,B,20.04,B,23.93,D,14.53,C,14.86,A,21.25,B,12.18,14.3988,75.6118
USR_AAA03AFC,B,6.36,B,11.25,A,5.02,A,6.98,A,10.35,A,10.41,A,5.1,A,9.71,B,6.33,A,9.44,14.8074,76.5041
USR_9AD7C1CF,A,5.23,B,11.73,A,7.72,B,8.96,A,8.36,A,10.01,B,5.37,A,10.33,A,8.45,A,9.32,28.6969,79.1514
USR_5B607673,B,22.58,B,16.17,B,10.44,B,22.12,D,16.03,A,13.75,B,24.0,B,13.56,B,13.68,A,17.56,30.5627,77.5898
USR_C2C036BD,C,7.34,A,4.8,C,8.43,B,21.23,C,39.67,C,17.95,D,13.8,D,6.02,C,36.03,D,15.47,21.364,80.278
USR_AED344B3,B,23.69,B,12.9,C,10.37,A,13.67,B,19.88,B,20.4,C,19.52,C,11.77,A,15.15,B,10.12,27.8504,82.2485
USR_47B168C3,D,16.84,A,18.84,C,16.04,B,10.97,C,11.13,B,24.77,C,21.55,D,12.84,A,13.3,B,16.22,22.5453,78.6668
USR_8C96A68B,B,12.47,B,22.9,A,13.36,D,20.84,C,12.8,D,19.75,D,10.09,B,18.1,C,20.74,B,19.43,10.9702,78.2538
USR_FFE47A55,D,9.03,B,11.31,C,31.14,C,17.39,D,20.77,D,33.82,A,27.14,B,12.0,A,2.34,C,10.55,21.5463,77.3642
USR_FC4633D2,A,18.37,C,11.19,B,16.07,A,20.12,D,15.01,B,20.3,C,20.4,B,15.14,A,15.88,B,22.77,23.8581,77.2219
USR_7624A837,B,31.73,D,28.45,D,35.77,C,8.29,B,10.05,C,14.36,D,27.17,D,23.35,D,34.65,C,24.33,28.6535,78.0836
USR_4EC5565A,A,10.81,A,11.57,B,8.64,A,7.42,A,6.45,D,6.26,A,6.16,A,10.04,A,9.59,B,10.86,28.1696,80.3346
USR_BB5507C0,C,2.08,D,13.77,D,37.27,C,21.56,D,39.22,B,22.17,B,37.86,C,32.37,B,28.05,C,12.74,27.5765,80.5943
USR_697DE408,C,14.89,C,23.67,B,10.49,B,23.31,B,12.9,C,24.62,B,10.36,C,20.99,A,13.14,A,15.69,18.6548,73.7082
USR_92C24C02,A,18.51,B,23.07,B,21.0,B,19.28,C,19.25,B,15.55,C,11.05,B,15.98,B,24.69,B,12.8,11.4953,77.723
USR_B713B7F1,C,17.72,A,14.24,B,16.22,A,16.95,B,23.53,A,17.88,A,12.53,C,10.41,B,14.88,B,24.73,18.8272,72.3464
USR_F8C0EC83,B,22.98,A,19.31,C,22.84,B,11.82,C,22.8,C,15.16,B,13.59,A,19.57,D,21.2,B,17.63,11.9496,78.3016
USR_4313AF20,B,22.48,C,21.32,C,13.04,D,20.9,B,24.95,B,23.76,A,14.36,C,12.77,C,14.94,A,24.18,19.6221,73.3094
USR_E838C9F1,A,5.5,A,10.25,B,5.53,A,7.71,D,7.24,A,5.35,C,9.3,A,10.17,A,6.86,A,5.39,11.9332,76.4075
USR_7460EBE5,A,17.16,A,21.21,B,15.51,B,23.13,A,22.95,B,23.24,B,10.09,D,16.5,B,16.75,A,14.83,24.0523,79.22
USR_92DC5CAA,B,7.61,B,9.94,B,5.2,A,11.14,D,11.61,A,9.68,A,5.27,A,11.29,A,7.7,B,9.01,14.7319,76.9617
USR_1D10019A,C,6.87,A,6.47,B,11.06,A,11.08,B,11.12,A,6.36,A,5.09,A,10.92,A,9.49,A,9.03,26.7231,82.7255
USR_419C0E1F,A,9.19,A,11.37,A,8.67,A,11.11,A,8.46,A,7.92,B,11.46,C,5.27,B,6.71,A,6.95,21.044,77.6361
USR_C5AACEAE,A,13.52,C,18.21,A,23.7,B,23.06,A,13.05,B,23.24,A,16.52,A,15.68,B,12.47,D,16.56,17.6104,72.0064
USR_49B69FDD,A,8.62,A,8.81,A,10.36,A,8.98,A,11.45,B,11.78,B,9.34,A,7.17,B,5.39,A,9.35,27.8714,76.032
USR_89E7BBC7,A,21.11,B,16.29,A,21.54,A,21.89,B,11.97,D,20.71,A,10.87,A,21.21,C,11.98,D,22.39,18.7535,72.2937
USR_5D972597,B,13.92,D,12.22,A,25.66,B,16.58,B,30.58,D,32.56,A,18.05,D,35.18,D,20.71,C,28.74,25.9744,79.3574
USR_DCF344A8,A,20.93,A,15.66,B,14.8,D,18.87,C,24.07,C,20.99,C,10.89,C,12.06,C,16.35,B,24.84,11.6468,79.1279
USR_CC985327,B,7.91,B,11.13,A,10.85,B,6.25,A,6.72,A,5.25,A,8.95,B,11.84,A,9.21,A,10.49,28.0354,81.2609
USR_BC15BCD4,B,13.73,A,16.58,C,17.4,A,14.61,B,15.12,B,17.93,B,18.53,D,17.89,B,19.45,B,16.28,18.1446,73.3723
USR_C1E675FF,B,14.22,C,15.35,A,21.28,C,17.52,C,12.38,B,17.51,C,19.88,A,12.18,B,21.68,B,10.12,17.1634,73.6379
USR_7086B698,A,22.71,C,10.39,B,18.61,B,17.68,C,19.53,A,22.42,C,23.67,B,23.72,A,21.22,D,18.25,23.3048,79.0976
USR_8C4B64F6,B,13.12,B,13.83,C,16.54,B,21.41,C,10.92,B,13.46,D,19.9,B,19.8,A,13.82,A,17.74,12.263,76.69
USR_8F302B4F,A,10.08,B,9.05,C,10.26,B,6.48,A,10.92,A,10.03,A,8.28,A,6.54,A,8.4,A,11.57,12.1505,76.6463
USR_8B40BBEF,D,17.17,C,27.08,B,24.53,D,16.97,C,3.93,C,33.73,D,28.05,C,15.16,B,16.15,B,32.42,17.733,72.4569
USR_6E9B840D,A,9.86,A,7.47,A,6.03,B,6.18,A,8.05,A,10.65,A,5.16,B,11.74,A,11.76,B,11.06,12.3138,75.986
USR_5374A01D,A,6.7,A,9.03,B,6.3,C,5.28,A,7.55,A,10.91,A,6.55,D,6.0,A,7.54,A,6.8,11.554,76.5877
USR_03A8AF46,A,15.46,B,11.62,C,24.55,A,13.9,C,15.97,A,19.87,C,12.89,C,22.72,C,22.94,C,19.66,21.0534,72.7865
USR_6EA38681,C,16.51,A,18.57,C,13.7,B,13.34,D,18.39,B,12.95,C,21.19,B,22.54,A,10.03,B,23.31,12.41,78.5208
USR_43EDB0C6,C,39.29,A,11.46,C,35.62,C,36.99,A,13.83,A,25.36,D,4.57,A,3.09,B,10.98,C,27.57,13.8858,77.2158
USR_0CD1E5BA,D,20.62,A,22.23,B,12.44,B,24.27,B,13.48,D,21.52,B,22.25,A,14.68,C,15.31,C,20.74,24.2527,80.509
USR_F981458A,D,29.8,C,31.62,A,9.99,C,21.64,D,28.01,B,2.34,D,37.35,A,14.41,C,12.21,A,18.6,25.7996,82.6303
USR_14898B49,B,14.53,C,15.56,D,19.69,C,23.46,B,11.78,B,18.21,B,12.55,B,21.03,B,14.23,B,18.5,18.5595,71.4606
USR_2ED56E02,A,24.13,A,13.25,B,18.98,A,14.14,B,19.45,B,19.48,B,24.56,C,17.65,B,17.26,C,20.91,17.2119,74.5673
USR_CA16A2BE,C,23.98,B,16.37,D,15.27,B,17.54,B,10.2,B,11.95,B,10.42,D,22.04,D,16.96,B,17.09,23.379,78.3269
USR_DCF5FF6A,A,7.77,A,6.09,A,10.97,A,5.89,A,10.05,A,11.28,A,10.0,A,11.11,B,10.95,A,5.37,24.8399,80.4054
USR_C3E8E13C,B,22.67,D,23.69,B,31.56,B,25.61,C,34.63,C,38.14,C,19.25,D,32.14,C,25.15,D,31.51,27.1199,81.7164
USR_863099DB,B,13.19,B,16.51,B,21.16,C,14.2,D,12.72,B,22.34,B,16.76,C,16.38,B,21.67,B,24.38,19.0736,73.7375
USR_DC89EC11,D,15.69,C,3.51,D,15.4,D,10.92,D,8.93,A,23.42,B,20.57,D,7.56,B,15.95,B,30.19,29.9928,79.1728
USR_C04AA4EB,B,16.58,D,22.29,A,10.29,C,18.71,B,10.41,B,16.14,B,22.33,A,11.08,B,24.95,C,19.54,14.1391,76.2269
USR_196F8EBD,A,8.04,A,10.98,A,5.35,A,10.47,A,6.28,D,9.87,A,10.44,B,10.42,A,7.38,A,11.53,13.8945,76.9174
USR_9A9ACD5D,A,15.63,B,22.97,C,17.09,C,24.37,B,12.48,C,21.75,B,22.06,C,11.54,B,11.27,A,24.98,26.8351,75.796
USR_0FFF292B,D,32.56,C,24.81,D,26.86,C,11.77,D,2.34,C,25.41,D,31.16,B,30.68,D,21.97,A,3.77,13.7513,78.9775
USR_E31634EC,B,7.71,C,6.56,A,5.28,A,6.03,A,10.59,A,10.89,A,6.46,B,10.64,A,9.45,A,10.98,27.5528,80.9659
USR_1CCF8A7C,C,12.12,B,22.8,C,29.9,D,27.42,B,19.57,C,8.56,B,16.43,D,37.78,C,7.62,B,4.3,27.0016,81.7761
USR_5B72E1CB,C,10.79,B,16.63,C,20.32,A,15.65,C,24.88,C,19.81,A,11.75,A,19.86,C,23.6,B,19.5,27.6023,76.246
USR_AA1AC2A1,B,19.98,C,13.23,B,16.85,C,10.35,B,10.72,C,10.37,C,16.78,A,24.74,B,21.71,B,20.74,24.8161,77.7936
USR_AF44555E,C,6.76,A,31.65,D,3.81,D,26.94,C,4.59,C,22.87,A,36.89,C,23.0,D,23.65,C,2.4,30.1734,76.8974
USR_2FC14D53,A,11.2,B,11.83,A,8.32,A,6.1,A,11.37,B,5.72,A,7.22,A,7.85,A,5.13,A,8.39,12.7486,79.4591
USR_81DEA0E4,A,7.3,A,8.69,A,5.12,A,7.11,A,6.6,B,9.96,B,11.65,C,7.56,A,5.9,A,5.06,12.0715,77.5152
USR_61FF9DC7,A,9.51,A,8.16,A,6.56,B,5.8,B,5.94,C,7.73,D,11.9,A,8.58,A,7.28,A,5.8,21.1942,78.0627
USR_A89785B9,A,18.4,C,15.47,C,14.74,D,20.63,C,19.45,A,21.25,B,18.16,B,24.05,B,21.18,C,14.83,26.7904,77.2554
USR_AEFC9103,B,21.27,D,22.42,C,23.19,D,11.53,A,11.63,C,27.06,D,4.19,D,13.71,B,38.95,D,29.48,26.4204,81.361
USR_4DAC8BB1,A,23.32,B,24.69,C,17.1,D,11.38,B,23.31,D,24.47,A,12.99,B,17.11,A,17.24,A,18.78,24.046,78.6572
USR_EA8ED557,B,17.59,A,11.29,A,18.73,B,16.13,A,17.59,B,19.06,A,16.28,A,17.62,D,23.69,B,16.86,12.4539,76.6511
USR_43B85C86,C,4.43,B,3.37,D,31.22,D,31.26,C,20.19,D,17.86,D,4.86,C,8.96,C,5.79,D,21.07,11.3429,78.0936
USR_C5F9DCBC,B,6.64,B,10.84,A,11.06,A,6.97,D,8.48,A,5.13,A,11.92,A,7.62,A,7.32,B,8.05,28.9049,77.0593
USR_B7352037,B,22.31,A,19.1,B,10.56,A,11.13,C,18.07,A,21.82,A,17.69,A,23.9,B,11.13,A,22.38,26.2036,82.3117
USR_00500DD7,B,13.44,C,23.97,C,16.14,B,19.42,A,19.64,B,18.83,C,17.83,C,23.14,A,20.44,B,17.44,23.1968,79.9032
USR_BAD92261,A,14.77,B,11.45,D,19.85,B,18.83,A,16.33,C,12.86,C,20.3,C,11.47,B,17.49,D,10.83,26.3245,81.9924
USR_A2B9F1F2,D,16.4,B,16.48,A,18.85,D,17.44,B,16.85,B,17.35,B,15.87,C,10.48,B,12.84,A,20.25,20.8658,71.4717
USR_6D61A23D,A,8.13,A,7.81,A,8.13,A,10.78,A,6.18,B,10.03,A,9.23,B,6.69,A,5.28,D,6.64,21.8379,80.2872
USR_23CC2CB4,B,8.2,A,10.43,A,9.25,B,5.85,A,5.41,A,11.81,A,6.97,B,8.48,A,5.16,B,6.64,23.0926,80.5752
USR_D2922484,B,15.72,C,11.93,B,24.74,A,13.23,B,21.13,B,19.95,A,20.65,B,22.62,A,21.35,B,22.06,23.6183,78.5123
USR_E1EB38BB,B,10.97,A,20.78,D,22.05,C,13.04,A,11.57,D,18.16,C,23.39,C,24.9,B,18.64,B,22.11,27.9463,81.1389
USR_D8158DBE,B,21.67,C,17.78,D,23.19,B,11.35,C,17.88,B,14.5,C,23.06,A,17.59,B,21.65,B,11.04,17.3192,72.7358
USR_39FFA4F2,B,22.74,A,22.95,B,21.78,D,15.16,C,21.33,C,11.32,B,18.98,C,18.22,B,11.12,C,22.42,27.513,77.5042
USR_0A1720F7,C,11.37,B,14.15,B,13.19,C,13.67,C,11.23,B,21.65,A,13.68,B,14.24,A,22.4,A,13.9,30.1232,78.8697
USR_118E6B36,C,18.85,B,22.73,B,18.13,A,19.48,D,24.88,B,24.16,B,24.39,D,14.12,A,22.05,B,22.18,17.8125,73.929
USR_6E180BCB,B,8.97,D,9.14,A,9.18,C,5.24,A,10.15,A,11.56,A,10.54,A,9.62,A,11.46,D,6.35,23.3184,77.8915
USR_047FBC05,C,13.69,B,14.5,B,24.7,A,19.57,B,11.16,B,16.2,A,20.25,B,23.02,B,20.81,C,12.17,24.8994,80.2895
USR_881EA87F,B,14.71,B,21.55,A,21.2,A,19.64,A,15.72,A,15.71,C,15.81,A,21.79,C,19.31,C,21.33,20.2164,73.6506
USR_03BFEDE3,D,17.37,C,24.15,C,23.09,B,16.88,C,16.23,A,12.48,B,22.3,D,10.71,A,23.85,B,22.6,13.5633,75.9494
USR_7ED37844,C,19.58,B,13.09,B,21.75,A,23.12,C,10.32,C,20.99,A,15.34,C,13.82,B,23.35,D,24.82,22.7864,77.6343
USR_0D93EAC4,B,6.59,B,5.35,A,10.9,A,9.61,B,5.6,D,5.82,A,8.03,A,5.97,A,6.83,A,8.35,26.5259,81.9853
USR_041174BB,C,19.7,B,22.15,C,10.48,C,19.41,C,23.31,A,16.19,B,18.97,B,13.72,C,15.09,C,18.42,24.8543,79.9495
USR_0E5F2471,A,7.52,A,6.81,A,10.62,A,11.41,A,6.82,A,8.05,D,5.22,B,7.2,D,5.7,A,5.29,27.8428,79.8735
USR_9DDC53E6,A,12.65,B,14.27,A,23.39,B,12.67,C,14.83,C,11.33,C,21.37,B,16.82,C,21.29,C,11.33,13.0,78.2758
USR_7995B631,D,13.48,C,11.52,B,13.36,D,13.29,B,18.71,D,13.4,C,16.03,C,15.95,D,15.79,C,13.05,30.2464,75.8998
USR_41027EE2,A,22.72,B,10.89,B,21.55,A,15.85,A,13.05,A,10.35,C,12.97,D,12.21,B,22.29,C,17.24,14.4056,77.0002
USR_A5C7CA6C,D,17.76,C,12.48,B,19.05,B,24.51,A,18.33,C,10.02,C,22.16,B,18.52,C,12.2,C,11.72,19.1862,71.2786
USR_EFACB53F,A,8.75,B,7.43,D,10.15,A,5.79,B,5.39,A,7.48,B,5.91,D,5.67,A,11.74,A,5.22,28.1383,79.7951
USR_3F45EA82,A,13.69,C,10.99,B,17.13,D,15.11,B,13.94,A,21.2,B,18.15,B,21.28,A,21.34,A,24.48,24.1263,78.7248
USR_1B265AE6,A,20.55,C,13.27,C,22.91,A,15.31,B,20.37,D,17.08,B,18.59,B,15.72,C,15.71,B,21.68,17.3443,73.8122
USR_D9733132,D,10.89,C,36.51,D,7.55,B,18.71,B,20.25,B,38.1,C,26.16,D,38.74,B,39.3,C,38.87,18.7036,73.7406
USR_0E872335,C,15.95,D,28.43,C,8.28,D,13.24,C,21.36,B,29.05,D,15.67,D,12.11,C,30.6,D,27.61,21.5407,79.8319
USR_0431176E,B,16.83,C,17.15,C,13.15,C,16.55,A,13.85,B,12.04,C,19.72,D,21.02,B,24.51,A,12.0,25.8122,82.2086
USR_EACD04F3,B,20.09,B,11.62,C,10.98,C,13.36,B,24.91,A,14.59,B,18.18,B,22.62,C,20.41,A,12.66,18.8769,73.3885
USR_E6A5433F,C,15.41,C,19.15,C,29.11,A,8.51,D,19.93,D,22.39,B,8.49,B,10.91,D,33.45,C,20.14,20.6408,72.4463
USR_6D3C841E,B,10.88,C,11.24,B,20.34,B,24.15,B,14.26,B,13.72,B,17.85,C,13.98,B,21.42,A,19.55,13.7752,78.8033
USR_31D1B4A1,A,6.07,A,11.81,A,11.88,B,8.58,A,6.32,B,7.3,A,5.71,A,11.0,B,8.87,A,7.9,21.2657,80.6187
USR_3EE7437D,A,9.24,B,7.35,D,7.27,C,11.8,A,5.0,D,7.52,B,11.0,A,5.58,A,10.54,C,11.89,20.9118,77.2349
USR_AB738A08,C,15.22,A,36.29,C,11.84,D,4.96,C,7.87,D,26.19,D,3.73,C,29.97,B,35.86,C,9.93,23.2388,77.4587
USR_66E754BB,D,14.8,A,15.2,B,24.3,C,13.36,C,9.63,C,7.53,A,21.12,D,25.09,C,23.3,D,11.28,27.4798,78.9558
USR_C39BD340,A,7.2,A,9.41,C,7.59,B,8.67,D,9.04,A,5.42,A,5.29,A,8.1,D,6.47,A,5.59,26.5615,80.4566
USR_80B9B522,C,19.54,A,39.37,D,9.67,D,27.32,C,31.99,D,24.69,D,20.54,C,22.71,C,6.18,B,17.9,28.5153,77.3025
USR_21DAAA1E,A,7.74,A,10.94,B,8.81,A,7.52,A,9.29,C,9.99,A,11.37,A,10.7,B,7.57,B,9.42,12.6878,77.7889
USR_049275BB,B,17.87,A,22.08,B,18.51,B,23.96,A,15.67,B,11.05,A,13.23,A,22.0,C,19.27,C,17.39,27.8328,75.7604
USR_B2BC4DE1,A,10.59,B,6.92,B,10.11,A,10.74,A,9.11,A,7.2,A,9.21,A,11.18,D,7.11,D,11.4,28.9616,77.5902
USR_85699AA9,A,10.18,B,15.43,D,19.12,A,16.21,A,18.67,D,18.58,A,10.09,B,17.42,D,23.64,D,15.49,18.0366,71.3276
USR_F2CFCE52,A,5.51,A,6.58,D,5.78,B,9.37,B,8.32,C,11.86,B,10.52,A,7.61,A,5.82,D,9.33,23.4069,79.0776
USR_60BF7255,B,10.79,D,12.61,C,7.19,D,30.43,A,21.42,A,23.87,C,14.66,A,24.79,D,38.41,D,39.81,29.2119,78.0984
USR_F4F341A7,A,12.81,B,19.31,C,20.55,C,14.48,B,21.6,A,21.22,C,21.35,D,24.75,A,11.06,B,21.98,11.6483,76.1846
USR_8EE05AA9,A,14.11,B,22.32,B,21.04,B,15.37,A,19.31,C,24.45,A,22.09,C,11.56,D,16.59,A,23.21,24.4188,80.0594
USR_4F029B8D,A,12.7,C,18.47,D,13.81,C,15.85,A,10.81,A,16.55,D,22.42,B,15.38,B,13.2,C,12.55,28.6996,78.2137
USR_2F082AB5,B,21.21,B,17.38,B,15.85,C,24.09,B,21.25,B,18.43,A,15.44,A,15.46,B,12.03,C,19.05,20.986,71.0935
USR_AB6FD76A,C,12.35,A,19.04,A,22.81,C,10.56,A,23.64,D,16.43,C,23.91,C,24.68,C,10.66,C,21.27,25.6693,79.5503
USR_3C938307,D,33.98,D,26.07,B,18.25,C,2.41,D,10.03,D,22.52,D,39.6,B,30.56,D,21.22,C,11.35,19.2665,72.0288
USR_5252A90F,D,13.41,B,16.94,C,17.23,B,15.16,C,20.36,D,20.56,B,11.58,B,14.0,A,19.42,B,20.93,30.2227,79.0284
USR_5821540F,B,23.02,C,16.93,C,21.27,C,10.88,C,16.65,A,10.4,B,19.15,B,22.97,A,15.73,C,24.79,26.2442,81.0181
USR_A260AFCC,C,17.85,A,19.69,B,19.65,C,20.41,B,13.01,C,21.4,B,14.22,C,20.75,C,21.35,A,20.54,20.52,74.6726
USR_3BBF0F3B,D,22.23,D,6.54,C,8.16,D,23.67,B,24.63,D,29.12,C,5.75,D,11.97,A,39.37,A,33.1,20.0908,71.2532
USR_9E3BE0D9,B,19.8,A,21.81,A,24.66,A,24.32,A,14.77,B,24.8,B,21.38,D,15.12,C,20.12,C,12.04,22.853,80.7207
USR_84F6D5E5,B,20.2,B,14.11,B,20.87,B,19.79,A,18.06,C,10.6,B,23.67,C,10.71,D,13.21,B,12.21,24.2045,77.6317
USR_C00E196B,C,12.52,B,23.07,A,12.39,B,14.3,A,16.81,B,21.67,C,22.15,A,17.91,C,16.73,A,21.33,12.4496,76.3526
USR_DDA3B918,C,18.59,C,24.68,C,11.58,C,10.84,D,21.63,D,23.74,B,23.52,A,21.06,B,24.59,A,22.36,29.2179,76.8522
USR_D4D12C5F,C,6.09,C,4.5,B,14.15,C,33.07,D,24.41,D,37.2,C,14.64,B,2.59,D,38.63,C,22.77,17.3463,71.4478
USR_5A747B63,A,14.16,B,18.0,C,20.07,A,14.68,A,12.41,D,15.52,A,14.01,A,22.84,B,19.56,C,11.39,20.6536,73.6127
USR_00132427,B,21.71,B,11.8,C,14.18,B,10.02,B,12.58,B,11.92,B,23.76,C,11.22,B,21.13,C,21.12,24.863,77.9208
USR_7C69C469,A,12.21,A,16.11,B,19.18,D,15.32,B,12.31,A,12.41,A,24.64,D,10.33,B,21.51,C,23.35,22.5102,79.6384
USR_852C0C96,B,23.57,B,15.86,A,13.05,C,15.73,C,21.23,C,21.51,C,13.94,A,13.46,B,21.54,A,10.37,25.5908,81.9057
USR_0191FE6B,C,6.03,B,8.13,B,6.0,C,8.37,A,9.73,A,11.37,D,7.11,A,5.99,A,6.72,A,8.86,27.2796,82.7277
USR_7967E401,D,31.0,D,30.13,C,28.32,D,5.49,D,20.3,C,30.01,B,2.66,A,28.13,D,29.17,C,17.47,25.9098,82.5666
USR_3A33CD31,B,22.2,B,15.08,B,14.86,B,10.91,C,16.9,D,22.64,A,12.23,C,22.97,C,21.08,B,15.48,18.9609,74.7452
USR_EEDAAF3D,C,16.77,C,16.76,A,17.6,C,19.0,B,13.9,C,19.96,B,21.24,A,24.41,C,19.47,B,16.51,28.4271,78.5506
USR_4189E8C6,A,6.04,A,11.57,A,11.43,A,5.51,A,6.29,A,11.94,A,8.8,B,9.79,A,5.65,A,6.67,17.8384,72.7706
USR_6074ED16,C,13.29,D,31.92,A,34.86,A,29.96,A,34.49,B,3.68,D,4.53,B,18.76,D,9.0,B,6.81,14.2007,78.36
USR_45740C9F,A,21.24,D,18.55,B,18.96,D,14.99,D,12.47,D,24.97,B,22.91,A,15.25,B,12.8,A,16.58,17.5403,74.7325
USR_5014FCBC,C,10.57,C,18.33,C,17.68,A,22.49,A,11.26,C,11.27,D,19.27,A,22.09,A,14.55,B,17.12,24.0749,80.3047
USR_D4ED0D39,C,19.87,A,19.04,A,12.1,A,10.45,B,16.12,B,18.59,A,22.66,B,23.6,B,17.34,C,23.27,24.3591,78.1211
USR_6ED81A1F,B,23.26,B,24.58,C,11.3,B,15.83,B,24.95,B,10.3,B,24.06,A,14.8,A,11.85,C,12.07,29.5117,77.2654
USR_FC2575DE,B,11.94,A,20.46,B,15.35,B,23.46,B,18.44,B,16.17,A,11.06,B,17.32,B,18.15,C,22.17,27.4193,78.391
USR_72703CE8,B,19.19,C,17.12,B,22.49,B,24.18,A,21.7,B,24.17,A,16.59,C,10.4,D,15.36,B,11.79,24.1691,77.5023
USR_F84A2041,A,6.61,A,10.52,B,11.0,A,10.5,A,5.84,C,9.48,A,7.58,A,6.08,A,6.49,A,9.0,29.6001,76.1401
USR_4F052CA0,A,11.21,A,12.63,B,11.57,C,21.8,A,17.36,B,15.53,A,16.7,A,15.19,A,20.18,A,15.71,19.2045,74.0982
USR_188AF356,D,20.53,A,25.58,D,22.31,C,33.14,C,7.79,D,18.12,D,17.6,C,14.76,D,8.4,C,39.61,22.5926,77.9132
USR_0FB86EA7,C,23.63,B,17.44,C,12.7,A,21.3,A,16.85,B,10.11,C,19.35,C,12.45,B,23.16,C,10.41,11.5001,77.7747
USR_800C1F25,A,8.19,A,8.92,A,5.19,B,5.45,A,7.99,A,6.1,A,11.61,A,7.43,A,7.73,C,8.92,26.7626,76.5605
USR_00BBF4C9,A,17.22,D,13.6,C,39.59,A,25.33,D,29.87,B,39.03,B,10.67,D,9.33,A,5.35,B,37.82,14.2706,75.7815
USR_AF81F576,C,11.7,C,12.13,A,24.56,D,15.16,C,20.41,B,17.72,A,13.25,C,17.87,C,14.03,A,15.43,23.3436,79.8778
USR_51F5A244,A,8.15,A,11.86,A,9.21,A,6.79,A,7.76,C,6.83,B,7.24,C,8.26,A,10.86,B,10.79,29.2796,75.6925
USR_E3281191,B,16.68,C,22.41,B,24.6,A,13.01,A,12.79,B,16.57,A,17.7,B,24.89,C,18.64,A,16.02,27.0513,79.149
USR_7DA64198,D,20.82,C,22.55,A,21.32,A,13.16,B,12.33,D,19.29,B,20.71,C,22.54,D,13.21,C,17.23,28.4537,81.1204
USR_86D131ED,B,12.43,C,10.43,D,17.12,B,19.5,C,19.49,C,12.47,B,13.36,B,21.84,A,18.9,A,12.01,26.477,79.6482
USR_9534BA54,B,16.95,B,13.16,A,23.45,B,19.89,C,23.17,B,17.83,B,22.64,C,24.11,A,23.35,C,24.73,17.6561,72.2066
USR_3017CCF6,C,24.45,B,13.06,C,19.59,C,10.69,A,19.1,C,23.98,C,11.09,B,20.65,C,22.74,B,20.75,21.0654,73.0558
USR_BF523D6F,B,9.24,B,5.24,B,8.4,B,6.72,A,10.36,A,8.88,A,8.16,C,9.49,B,5.27,B,6.55,12.5778,75.7594
USR_8439E9D7,A,13.98,C,22.21,D,16.07,B,11.87,D,18.91,A,16.01,A,22.46,C,23.48,B,17.87,C,19.96,27.1727,79.0515
USR_75033ACA,B,9.13,A,6.67,A,8.95,A,5.7,A,10.33,D,6.75,B,9.92,A,7.53,A,7.06,A,12.0,28.9302,77.1954
USR_BC1C43C7,A,34.47,D,22.71,D,24.26,D,37.53,D,36.28,C,34.43,D,5.96,D,28.66,A,34.98,D,28.79,26.2405,82.2334
USR_9D09D212,B,11.7,C,24.75,A,13.08,C,18.74,D,12.67,B,18.81,A,16.91,B,15.84,D,12.54,D,23.67,28.6221,76.0843
USR_30A80048,D,5.29,C,12.9,A,27.36,D,33.88,D,8.87,B,33.07,C,14.59,C,10.39,B,31.27,D,35.01,24.7654,78.933
USR_0B7280AE,C,23.4,C,24.12,C,20.53,C,7.96,B,13.77,D,27.28,C,35.71,B,13.0,B,35.1,D,4.22,21.8434,79.5452
USR_BF9CAD81,C,19.82,C,21.34,A,13.63,C,21.05,B,14.12,C,11.01,C,13.05,B,16.99,A,17.48,B,13.54,21.8264,80.5031
USR_A978F534,D,18.99,B,10.87,A,32.48,D,10.37,C,5.02,B,11.04,D,20.03,D,31.23,A,30.49,C,22.43,29.4734,77.0057
USR_03690283,D,14.75,A,21.21,C,13.05,A,10.91,B,20.16,C,20.38,B,13.2,A,11.04,B,18.92,B,19.01,25.2823,78.9516
USR_0568061B,B,17.18,A,14.9,B,13.44,B,10.85,A,10.62,B,23.8,A,17.6,A,10.03,B,15.37,B,15.11,17.9163,74.8546
USR_770FDEF6,B,16.22,C,23.5,A,19.79,B,17.51,B,24.17,B,24.58,A,19.27,C,19.38,A,20.99,C,21.91,11.6157,78.3649
USR_721143F3,B,13.74,D,21.39,C,18.68,B,22.32,C,12.07,C,14.35,C,16.75,B,24.3,C,18.69,B,15.68,24.2855,78.7269
USR_85D74A6D,B,20.68,B,19.89,B,10.83,D,19.81,B,21.64,C,12.91,A,19.76,B,23.66,B,12.95,A,11.45,26.8016,77.0771
USR_76A70C01,B,28.77,B,10.88,C,8.83,C,6.9,C,39.55,C,36.57,D,15.6,D,14.94,C,27.21,D,33.61,25.3378,81.1793
USR_B80A1196,D,21.52,D,11.24,B,11.95,B,18.93,B,13.7,B,10.31,B,23.57,A,24.53,C,14.41,B,11.54,18.1249,74.1625
USR_892D48C9,B,20.5,B,19.69,B,19.26,C,20.63,B,10.74,A,10.55,A,22.85,A,19.81,B,15.47,B,12.36,23.8836,77.6002
USR_27C67FBE,A,10.34,A,7.7,A,9.87,D,10.29,C,10.35,B,11.93,B,6.21,A,6.73,A,8.68,B,8.49,14.3817,77.9465
USR_5B91E1BE,A,16.32,A,23.55,A,20.42,A,17.67,A,24.49,A,21.03,C,16.31,C,17.82,C,18.34,A,15.9,11.8689,75.7575
USR_55950D1B,C,16.85,B,17.82,D,21.64,B,18.69,C,16.85,A,23.76,A,23.67,C,16.04,C,13.68,C,16.88,29.2346,76.4972
USR_4BB87C2F,C,16.08,D,11.44,B,19.34,D,20.56,B,10.14,B,13.3,B,13.66,C,23.53,C,24.57,D,21.28,20.2473,72.2782
USR_666F99CA,A,6.16,A,11.81,C,8.67,A,10.09,D,5.65,A,10.51,A,9.97,A,9.71,B,9.38,A,8.74,28.5438,79.9771
USR_C2F2C0C1,A,11.29,B,7.35,A,7.44,A,10.94,A,10.72,C,8.69,B,11.08,C,7.53,D,11.49,A,7.29,27.2849,77.3944
USR_CB2FB121,C,12.85,B,10.19,A,16.63,D,22.13,B,22.56,A,19.43,C,18.69,C,18.25,C,11.32,B,17.62,20.3674,71.557
USR_0C3FE132,C,3.65,D,7.98,A,20.36,D,4.31,C,10.88,D,11.9,C,21.51,D,24.22,C,25.49,C,29.0,22.2366,81.0482
USR_DE625FC6,C,13.74,A,21.24,C,21.52,A,15.29,B,24.11,C,18.57,B,14.03,C,11.27,B,14.12,B,12.99,26.9541,79.8084
USR_F805C618,B,24.79,A,20.57,B,24.12,A,18.11,B,16.47,D,11.4,B,11.58,B,14.22,A,21.74,C,11.92,27.1088,78.9811
USR_FD69ABBD,B,18.42,A,20.48,B,17.19,B,11.08,C,16.9,C,13.65,B,10.43,B,23.44,A,20.73,A,14.37,24.9432,79.9867
USR_E6A1FBA0,D,23.91,D,32.57,C,23.3,D,32.94,B,2.95,D,13.04,B,11.91,B,2.5,B,29.49,C,20.86,23.745,79.2294
USR_8CB8C643,A,18.2,B,11.55,A,22.63,D,12.68,B,12.94,C,17.57,B,20.3,B,15.49,A,24.32,A,17.41,27.7901,80.353
USR_3C8131B7,C,14.61,B,10.55,B,23.58,A,12.93,B,17.09,B,24.18,C,21.57,B,21.81,C,20.84,C,18.2,18.2321,73.5727
USR_691F8276,A,15.86,C,14.23,B,21.03,D,19.39,B,21.31,A,12.91,A,13.97,B,22.99,A,15.34,B,16.68,14.8136,77.2687
USR_C9051F72,D,23.11,A,19.84,B,14.39,B,11.26,C,24.98,D,17.76,A,18.42,D,20.23,D,16.44,B,24.52,27.1518,81.2622
USR_4B6162B9,B,23.58,B,12.69,D,10.96,B,23.92,B,11.78,D,19.29,C,21.84,A,22.81,C,20.66,B,24.62,17.7722,71.7992
USR_86477AB4,B,29.95,C,28.73,A,14.25,A,26.52,B,14.45,C,25.06,C,11.91,D,36.69,C,38.83,C,16.66,28.6936,78.556
USR_BD0216B1,A,10.12,B,10.76,B,13.44,B,23.87,B,11.13,C,15.96,B,24.87,D,17.77,A,12.06,B,11.88,13.1286,76.5144
USR_A329B222,C,6.06,B,9.96,B,8.15,A,7.12,A,6.86,B,11.54,A,6.7,B,7.61,A,7.62,A,5.88,19.4837,74.8692
USR_C2210A82,B,14.39,B,21.98,C,20.74,C,14.13,C,23.67,B,16.82,A,24.28,C,21.46,A,21.91,D,22.93,12.7933,77.5657
USR_1C7C5F76,A,7.38,A,5.76,A,8.44,C,5.78,A,10.06,A,11.78,A,7.73,B,10.6,C,5.1,A,8.73,24.8308,80.7859
USR_2999D8D9,C,20.19,B,12.23,C,23.0,B,17.48,C,24.32,B,13.35,D,18.17,B,21.34,A,23.25,B,14.02,11.2766,76.7055
USR_4A041D66,C,23.32,C,23.22,B,19.61,B,13.15,C,19.09,C,14.81,B,17.06,B,23.03,D,12.99,D,19.06,27.8684,82.0316
USR_808AEBF4,B,10.41,D,15.31,B,12.5,C,13.14,C,15.59,B,13.99,D,22.44,D,10.42,C,18.32,C,15.41,29.2951,77.5484
USR_F66BD052,D,23.25,A,16.22,A,23.84,B,17.8,A,19.42,A,15.61,B,24.41,C,16.22,B,19.3,D,10.24,17.5363,71.5532
USR_91F1F447,A,13.96,C,15.35,B,21.25,B,11.68,D,13.69,C,12.05,C,20.13,C,23.47,B,15.3,C,11.11,19.9743,72.3835
USR_28586D81,B,14.98,D,11.63,C,15.74,D,22.14,D,17.88,C,23.46,C,12.9,A,12.38,B,17.1,C,15.64,14.691,76.1509
USR_AF609A4E,B,12.55,A,16.05,A,23.27,A,18.24,B,23.76,B,19.21,B,13.58,D,19.13,A,16.09,A,13.29,27.3204,81.9981
USR_B951372A,C,16.99,C,20.3,B,19.63,A,12.75,C,22.77,B,13.09,B,17.32,B,13.84,B,24.1,B,23.56,12.4098,77.1268
USR_0AADA893,A,10.36,A,7.71,B,5.44,A,10.27,A,10.08,C,7.61,B,7.5,A,6.62,C,5.32,A,8.35,13.1874,77.1648
USR_000A9FC0,A,5.9,D,10.93,B,10.3,A,5.35,A,6.07,A,9.08,A,5.81,A,11.47,A,7.5,D,10.45,20.455,71.0933
USR_A106209B,D,30.06,C,21.74,C,4.45,D,21.64,A,36.74,D,27.98,C,17.89,B,28.27,D,16.1,A,18.21,25.0187,79.177
USR_3D5FBA64,B,14.97,C,16.42,A,22.23,B,14.34,B,21.39,A,17.26,B,15.42,A,20.76,A,20.29,B,12.46,14.4368,76.5898
USR_3E3FAC4D,C,19.01,B,11.56,D,18.77,B,13.96,B,17.96,B,23.67,C,11.75,A,22.37,A,17.28,B,14.72,28.1138,77.2064
USR_D77BB5BB,B,16.68,C,18.34,B,12.63,A,19.3,B,15.56,C,15.17,C,14.77,C,15.45,D,21.72,C,18.7,21.3503,77.5965
USR_04B21DE2,C,23.94,B,20.5,C,20.64,B,10.1,B,22.01,C,10.57,B,21.12,D,15.83,B,17.9,B,22.22,27.8261,75.2157
USR_D75BD934,A,20.47,C,18.51,C,17.15,B,12.97,B,14.17,D,16.19,A,12.34,C,16.02,B,17.94,B,21.56,26.0574,80.7231
USR_F66CC4D9,B,18.19,B,21.42,A,14.71,C,23.16,B,24.04,A,23.08,A,24.28,C,21.39,B,16.84,B,20.92,27.5298,81.7954
USR_9E8034D8,C,23.82,B,14.6,C,22.5,A,24.76,A,13.77,B,13.16,C,13.05,C,17.89,D,24.66,B,15.26,25.6663,80.02
USR_E22607E1,A,23.74,B,11.73,B,16.23,A,16.37,D,14.42,B,16.28,B,20.3,B,15.51,A,20.83,D,10.24,28.2629,76.7737
USR_03ABC37B,B,19.33,B,15.46,C,11.14,C,15.8,D,13.53,C,10.97,B,14.85,C,19.53,B,21.44,D,10.2,22.5602,80.2865
USR_33E4F394,A,5.57,A,9.7,A,9.01,A,5.31,B,10.96,B,6.28,A,8.0,A,6.17,D,5.56,A,5.73,22.9658,80.2583
USR_3E99E1F5,A,14.93,C,22.01,D,13.05,C,17.66,B,20.7,D,15.07,A,11.57,B,15.94,B,17.92,B,11.36,13.9617,79.2455
USR_F9CE7C70,B,17.13,A,20.74,C,13.87,C,13.16,B,14.89,C,22.64,D,10.7,C,17.1,A,20.15,B,17.15,28.6505,78.4623
USR_8A596220,B,14.43,C,24.76,C,14.91,C,16.91,A,12.86,C,10.36,C,19.06,A,24.0,C,20.09,A,23.01,18.6825,73.6097
USR_CD2E5701,A,21.47,A,13.46,B,14.56,B,21.98,B,15.19,B,14.34,C,10.27,C,17.81,C,16.73,C,17.05,24.8641,80.0011
USR_5F6F05B1,B,5.91,A,11.85,A,7.93,A,9.62,B,11.41,A,9.57,A,11.61,A,7.32,A,8.68,D,10.16,20.8295,73.498
USR_C6C51BA2,D,10.78,C,17.98,B,20.62,D,20.48,C,18.85,B,24.29,B,16.22,B,13.8,B,23.53,B,21.83,28.3664,77.57
USR_1DC8A8DA,B,14.6,C,10.53,C,18.3,A,22.29,D,19.16,A,18.55,B,10.81,C,10.53,C,19.12,A,18.24,17.54,73.4613
USR_688E21BF,D,37.37,C,26.07,C,15.04,D,22.53,C,2.62,C,7.85,D,30.57,B,33.95,C,13.46,D,31.99,19.7745,73.8024
USR_488065F2,C,15.28,B,22.05,B,16.12,A,18.37,D,12.48,B,14.53,A,11.14,C,24.58,A,12.25,A,23.16,30.5558,77.765
USR_5C27E2F6,B,14.26,B,15.4,B,20.62,B,18.95,C,15.49,C,10.07,A,20.8,B,17.09,B,22.25,C,17.37,21.6437,77.467
USR_4AC5BD64,C,24.44,D,19.07,A,24.64,B,20.36,B,19.94,D,14.47,B,23.03,A,24.92,A,18.08,A,18.43,26.7973,76.7128
USR_17D2E578,C,19.51,B,13.41,A,18.98,B,23.13,C,21.32,C,17.59,B,12.67,B,23.61,C,22.23,A,19.7,14.5673,78.5087
USR_1C5F3A86,A,5.47,B,9.81,A,9.29,A,7.38,B,9.79,A,9.46,A,5.88,A,10.19,A,8.31,A,11.25,13.2383,75.7749
USR_AA9D1151,D,5.6,C,9.42,D,21.78,A,37.31,C,19.47,C,2.78,C,26.35,B,10.51,B,21.28,D,11.97,27.8498,77.6651
USR_C87E92C6,A,17.95,B,22.69,B,12.87,B,18.18,C,22.72,C,17.42,B,16.65,B,22.47,B,22.54,C,24.29,23.2989,78.7338
USR_384A47CD,B,18.06,D,17.38,A,11.89,C,10.95,B,15.22,B,24.48,B,16.93,B,18.69,B,18.75,C,16.21,17.1556,74.4634
USR_2D6DA03E,D,18.4,B,18.54,D,21.9,B,22.48,C,16.74,B,21.83,B,17.25,B,16.01,A,23.94,B,14.78,17.5093,73.962
USR_FA135D63,B,15.97,C,21.05,B,24.15,C,12.48,B,10.16,A,23.52,D,24.85,B,14.36,A,14.49,B,18.56,19.8323,72.0321
USR_9F388E91,C,14.98,A,15.77,D,23.21,B,16.89,C,21.27,B,18.24,B,15.55,B,10.68,B,24.93,A,15.97,26.9211,79.694
USR_C8C1E78A,A,10.41,A,8.54,A,11.07,A,6.93,A,6.88,A,7.71,A,11.71,B,5.9,A,10.6,B,10.25,21.1569,80.8909
USR_C7DFC7B2,A,11.37,A,9.8,A,7.43,B,11.37,A,8.25,A,7.18,A,9.92,A,5.4,B,11.34,C,11.52,13.7146,79.2637
USR_C0BB4B78,A,16.54,A,10.56,A,10.03,B,18.41,A,15.22,C,23.06,B,15.79,A,22.41,B,12.96,B,20.67,13.9853,78.6621
USR_36B1E71B,C,10.89,D,20.25,A,22.98,D,20.16,B,24.31,B,15.22,D,23.49,D,20.94,A,18.1,C,23.52,27.3156,79.0661
USR_DAFFAB2D,C,20.3,C,22.86,D,21.38,D,24.86,D,14.0,A,11.8,B,20.92,B,15.35,A,11.53,B,20.27,29.05,75.8486
USR_6CEDE1F6,C,19.51,A,24.64,B,11.01,D,15.96,C,13.01,B,16.26,A,22.72,D,15.87,B,14.39,A,13.43,17.2639,72.5379
USR_3717BCAE,D,21.49,C,16.37,C,13.8,C,21.09,C,17.43,B,10.3,B,13.53,B,14.08,C,11.1,B,15.28,27.2888,76.6487
USR_C55B70F8,A,8.93,A,5.12,A,5.69,A,11.98,B,9.68,A,10.46,A,8.46,C,11.34,A,7.96,D,8.77,14.5372,78.7112
USR_C5CA0371,C,12.14,D,22.84,A,24.4,A,10.52,C,17.93,B,12.5,B,17.12,A,19.94,A,22.24,A,21.2,19.211,71.3172
USR_A55285D4,A,11.62,B,5.03,A,11.89,A,8.99,D,8.37,A,5.79,A,7.62,A,10.48,A,8.21,A,7.61,24.14,78.5731
USR_A58E854C,B,18.01,B,24.75,B,17.97,A,10.26,B,20.66,A,20.61,C,10.09,B,20.84,C,18.86,B,13.81,11.0921,76.8499
USR_B871A4A2,A,16.41,D,19.36,C,22.74,D,19.44,B,12.43,A,23.83,D,18.92,A,11.97,B,15.59,B,22.89,12.0717,78.9503
USR_41A6150C,B,23.08,A,13.1,A,14.28,B,22.62,B,11.87,D,22.87,A,17.58,B,18.36,B,18.76,A,13.42,21.9498,79.7799
USR_26192182,D,6.59,A,9.48,A,8.07,A,8.59,A,8.5,C,10.91,A,6.2,A,7.88,A,8.1,B,8.15,27.2196,76.939
USR_685321D3,A,17.75,C,24.13,A,23.95,C,17.09,B,14.5,B,22.18,A,23.55,A,21.59,D,20.24,B,10.23,29.1163,75.6467
USR_EB31EB2C,C,16.18,B,13.89,B,19.3,D,13.09,C,10.35,A,13.81,B,17.43,B,10.25,B,24.39,B,19.14,24.8497,80.6261
USR_E9D7B9FA,D,14.92,D,11.51,B,15.93,A,21.73,B,19.77,B,21.37,C,24.85,B,11.57,C,15.23,D,15.94,21.3562,80.5816
USR_4419A04A,A,7.63,A,10.79,A,11.94,A,6.79,A,7.31,C,5.04,A,9.56,A,7.61,A,9.98,A,10.03,13.4667,75.8113
USR_2D2E4002,A,20.79,C,10.28,B,11.25,A,17.71,B,17.23,C,12.02,A,20.33,C,16.68,A,10.35,C,22.11,22.5658,78.0413
USR_A56C6575,C,22.86,A,18.27,A,21.3,A,12.46,B,17.92,C,16.5,B,23.21,B,22.73,B,19.59,C,16.54,28.0543,76.0573
USR_55899928,A,11.98,A,9.58,A,6.89,A,6.12,A,7.49,B,10.33,A,8.47,A,8.76,C,10.31,A,6.6,18.0683,70.8745
USR_A56AFB12,A,13.65,B,10.78,C,24.54,D,20.4,C,12.76,B,17.36,D,11.89,D,24.65,C,20.67,B,12.18,26.7671,77.1368
USR_8C6ADF13,C,13.4,C,32.1,C,12.1,D,34.55,B,19.47,A,31.78,C,13.74,B,16.83,B,6.85,D,30.75,28.1152,78.9109
USR_061C5A55,B,8.82,A,6.24,A,11.4,A,5.89,A,5.5,A,5.36,A,7.15,A,11.02,A,10.91,A,10.92,13.9208,79.3128
USR_C5BA58C0,B,22.02,B,12.03,B,18.79,B,22.87,D,21.12,A,16.86,C,13.95,C,18.9,B,16.64,A,16.87,20.1017,71.9533
USR_D908C3F8,A,15.27,B,23.08,A,24.91,B,19.99,A,21.35,C,17.83,B,14.3,B,21.67,B,16.2,B,20.02,14.8493,76.7894
USR_DC5B7CC4,B,21.78,C,15.21,C,20.17,C,15.12,A,14.79,A,18.72,B,12.57,A,23.73,C,19.98,A,19.4,29.3478,75.9596
USR_92107044,B,21.68,D,39.56,B,6.86,C,28.43,D,23.49,D,15.11,D,22.71,D,27.88,D,23.29,D,4.27,26.7653,77.0329
USR_07BCC2DE,D,32.13,D,39.27,C,15.66,D,5.95,D,23.3,C,13.04,C,8.9,C,7.37,D,27.46,D,33.87,27.6247,76.7305
USR_8CBEC35F,C,11.48,D,38.19,D,15.89,C,35.34,B,6.78,C,6.23,C,27.7,B,26.38,C,9.57,D,13.64,27.5745,78.4864
USR_94769369,C,18.03,A,23.61,A,24.34,C,15.47,B,12.02,B,10.24,D,20.68,B,17.39,C,19.57,B,21.46,27.182,81.4993
USR_8D2CAE0C,D,11.76,A,7.54,A,8.88,A,10.61,A,11.5,A,6.08,A,9.4,A,5.16,A,10.09,A,8.75,24.6365,78.7211
USR_88A2926D,C,18.81,B,11.78,D,18.64,B,10.35,C,12.1,C,18.12,B,10.38,C,18.39,B,11.33,B,24.89,19.6536,74.3473
USR_C99410CA,C,12.95,D,33.61,C,2.17,C,33.15,C,16.61,D,36.87,B,20.6,C,17.17,D,6.77,D,32.67,13.0161,77.9571
USR_D99DA7B9,A,11.65,B,10.12,A,10.31,A,10.08,A,7.48,A,9.8,A,7.8,C,10.92,C,11.02,A,8.78,11.3389,75.9485
USR_7F1555F9,B,18.06,B,17.78,B,10.9,B,11.01,B,15.92,A,22.88,B,16.81,A,24.15,B,16.79,C,17.12,30.222,78.4353
USR_593AECD9,C,19.96,A,24.39,B,10.35,A,13.04,B,17.58,B,21.2,A,15.72,D,11.25,B,20.6,C,19.95,14.0253,77.4286
USR_117962A6,C,22.09,A,10.89,B,10.06,C,19.2,A,16.68,B,10.29,C,20.63,C,13.41,C,16.49,C,13.1,19.5934,73.779
USR_AE1AA1ED,B,8.73,A,5.17,A,8.99,A,11.78,A,5.46,A,5.1,A,10.44,B,7.24,B,9.71,C,5.41,23.3709,78.9137
USR_BF4E701B,A,20.09,B,15.67,B,19.01,C,24.68,C,10.46,A,12.69,B,19.87,C,15.32,A,24.58,B,16.38,26.4264,80.9656
USR_B38819B7,C,20.76,C,22.08,B,15.11,B,17.95,C,20.46,C,24.87,C,21.32,B,20.97,C,10.54,C,17.22,26.2925,81.1794
USR_B58B1CB2,D,22.65,B,10.95,B,21.97,B,10.97,C,15.59,C,15.64,D,13.36,C,24.8,A,16.78,A,13.87,18.7534,71.684
USR_6F6387BB,A,11.19,C,5.26,A,6.72,A,8.27,D,11.76,D,8.18,B,5.75,B,7.64,A,9.68,A,7.1,23.6826,80.4811
USR_22622655,A,9.38,A,7.37,A,6.72,B,9.79,A,10.11,B,8.31,A,7.03,A,7.16,B,9.45,A,6.59,28.0245,81.259
USR_31D8E3FD,C,22.44,A,10.23,B,22.06,B,15.59,A,15.62,A,17.73,D,13.51,B,10.94,B,21.67,D,24.86,13.0244,77.4522
USR_4C8C11DE,B,20.67,B,22.82,B,10.26,C,15.12,B,15.56,A,22.41,C,19.99,B,15.04,B,20.43,A,17.42,24.2294,78.4648
USR_FB840CC4,A,10.33,B,5.7,A,5.11,A,6.3,A,10.11,A,7.85,C,5.79,A,9.81,A,7.75,A,7.9,27.3088,82.7216
USR_644A98AB,B,12.72,B,32.69,D,34.3,C,14.7,C,38.7,D,34.34,B,19.36,A,30.25,B,14.21,D,32.44,20.1489,74.2107
USR_4460D139,A,12.07,C,10.79,A,24.12,A,22.31,C,24.6,B,23.35,C,19.4,B,12.46,A,10.94,B,10.36,24.1874,77.9943
USR_9F85FF93,A,9.98,B,8.13,A,10.81,B,6.33,B,9.17,A,5.73,B,6.13,A,8.12,B,6.48,A,9.01,23.032,80.035
USR_FBFCF011,C,35.15,C,21.62,A,27.78,D,10.75,C,9.32,D,4.59,D,7.92,D,12.41,B,25.2,D,36.82,19.8693,73.1024
USR_4B4B4C0D,B,17.98,A,11.87,B,16.31,A,22.93,B,12.42,B,12.42,B,13.16,B,13.13,A,23.13,B,15.89,14.9429,79.4477
USR_3D6F7329,C,12.04,C,20.56,B,20.7,B,23.8,C,19.1,C,20.74,A,23.43,B,13.02,B,16.23,B,14.22,28.4662,75.6802
USR_956BFD6B,D,33.45,B,33.82,C,6.01,D,25.66,D,3.79,C,36.83,D,2.48,D,2.92,D,26.2,D,22.89,17.7182,73.8056
USR_31CE7705,A,11.16,A,5.24,A,6.55,D,7.04,A,6.33,A,11.5,A,8.04,A,11.06,A,11.84,A,11.22,17.8554,74.2453
USR_141E0C13,A,22.08,B,16.86,A,14.44,B,14.13,A,18.83,B,24.21,D,14.15,C,12.42,C,10.79,D,21.94,30.4694,75.2435
USR_0A8E1B0E,D,37.15,D,33.38,A,25.28,A,11.49,C,5.43,B,16.18,D,35.98,D,10.58,A,23.03,D,6.43,23.0159,79.7044
USR_7A14FB0C,B,24.51,C,24.16,C,20.26,A,14.41,B,12.04,A,14.43,C,15.44,D,10.55,C,17.61,D,14.97,22.5137,78.5618
USR_7704E9C8,B,15.47,A,18.97,C,13.69,B,19.89,C,10.41,D,11.95,C,21.63,B,13.68,B,23.08,A,21.68,27.9977,76.3275
USR_071A9715,D,20.7,A,16.3,C,12.66,C,30.82,D,37.54,C,24.07,C,25.86,D,23.7,D,11.26,B,7.15,20.6872,70.912
USR_FD4DE37C,C,31.68,A,28.37,C,19.36,D,28.12,D,13.93,D,13.96,C,3.67,C,36.84,A,11.04,D,14.67,11.4235,79.1413
USR_DFFE0B3D,A,10.72,A,10.06,A,5.28,A,7.61,A,10.17,A,11.8,A,10.98,A,5.28,A,6.02,A,7.47,30.235,76.3601
USR_076C4B08,B,22.21,B,18.13,C,17.78,A,23.38,D,21.23,C,23.0,A,10.25,B,12.92,C,22.12,B,11.26,19.8821,70.908
USR_A62883B6,A,7.02,A,6.72,A,8.63,A,7.94,A,5.59,A,10.96,A,5.83,B,11.64,A,11.89,B,10.26,11.6101,78.5814
USR_E81E58C3,C,39.84,B,25.25,B,28.13,B,20.77,C,16.7,D,25.36,B,22.6,C,16.05,D,33.24,C,23.88,22.9259,80.1717
USR_5A166BEC,A,6.29,A,18.62,C,13.14,D,31.18,C,4.09,C,10.68,D,23.99,A,37.54,D,17.8,D,33.31,20.1322,72.3726
USR_8CA09423,B,8.76,A,6.67,B,9.97,B,11.25,B,8.42,A,9.18,D,11.53,A,11.81,A,7.38,A,5.68,20.0896,71.8019
USR_532A4F3E,B,14.26,B,23.25,A,10.36,A,15.24,C,24.53,B,10.54,C,14.2,C,13.35,A,23.53,B,16.82,20.4648,74.5158
USR_808C3AB0,B,23.43,C,10.52,B,16.9,A,23.07,D,12.4,B,24.72,B,16.37,C,10.86,B,16.45,C,14.65,20.9972,73.2419
USR_83A72FF5,C,21.05,C,17.91,D,24.88,B,11.82,C,20.22,C,21.28,A,19.51,C,17.67,A,22.41,C,18.3,24.5969,81.0165
USR_14488DA8,A,9.8,D,35.7,A,23.1,D,15.35,B,25.4,C,29.25,A,39.25,C,15.46,C,21.9,D,38.8,20.5433,71.7394
USR_6F1F357A,C,10.36,A,10.42,B,24.46,B,21.87,C,14.74,C,18.38,B,14.08,C,17.2,B,21.49,C,19.65,20.9228,77.1064
USR_18489222,A,11.09,D,10.57,B,11.92,B,5.57,C,5.78,A,5.62,A,11.21,A,11.83,D,11.49,A,9.72,18.6264,72.3689
USR_40841202,A,16.12,B,12.69,B,10.6,D,13.37,A,16.51,D,11.27,C,10.56,A,12.85,B,18.41,C,21.31,26.3405,80.6224
USR_8D6ADF6B,B,11.04,C,16.43,B,18.2,B,13.09,C,19.01,C,24.62,B,15.97,D,14.91,B,11.0,B,17.99,27.7576,79.0751
USR_CBCD2173,A,10.57,A,6.27,A,7.99,A,6.51,A,6.97,C,7.64,A,8.4,A,11.52,B,9.2,A,11.39,19.4883,72.3303
USR_70B0FCEE,B,10.14,A,23.7,B,20.07,B,14.07,B,10.29,C,14.16,C,12.81,B,13.72,C,12.66,B,18.58,27.238,76.2891
USR_97169482,C,22.8,D,10.22,A,10.72,B,13.61,B,23.44,C,14.19,B,18.69,B,22.59,D,20.29,C,15.44,21.9615,79.5462
USR_8FADD09C,D,32.1,D,39.65,D,38.8,C,22.82,A,16.26,C,32.38,C,22.48,D,12.68,C,5.04,D,35.86,21.9035,77.8546
USR_4E416BF7,B,11.27,A,16.76,B,12.96,A,18.11,C,12.9,A,12.65,D,12.84,C,19.01,A,17.25,B,24.78,26.7482,77.6967
USR_DFABEEBF,B,20.08,B,23.09,B,16.25,A,13.93,A,11.05,A,18.75,B,15.77,C,13.3,C,17.47,B,20.84,10.9894,77.7226
USR_B2D75408,C,20.14,B,19.66,B,20.45,B,13.59,B,23.01,B,18.06,A,11.04,B,15.47,B,10.5,A,24.64,18.3733,74.4105
USR_8E14E440,D,14.94,A,16.29,C,15.61,B,19.48,A,14.26,A,24.1,A,14.63,D,11.26,C,10.96,B,10.01,12.6782,77.9463
USR_93F7CE0D,B,11.12,B,21.69,B,22.38,C,24.57,A,18.98,A,23.1,B,17.73,A,10.53,C,16.33,B,13.81,19.0711,73.6407
USR_D4F5F566,D,24.53,D,36.38,C,17.1,B,16.4,B,5.49,D,19.32,D,25.28,D,39.94,C,16.4,B,38.32,20.9601,77.4041
USR_F6CE5D5E,A,10.34,B,8.41,A,9.86,A,6.84,A,9.12,A,10.63,A,9.24,A,5.72,B,5.63,C,5.21,22.0137,80.2441
USR_0183BF8E,B,21.13,C,21.35,C,19.46,A,14.56,A,24.87,B,11.32,B,16.48,B,18.79,B,22.96,B,23.11,26.8518,76.7548
USR_A4FAAB29,C,10.7,D,16.9,D,24.98,C,20.89,C,24.53,A,10.88,B,18.27,D,22.16,B,18.36,C,20.56,12.9992,79.0727
USR_102F0A33,D,19.82,B,12.93,B,32.69,C,37.32,A,11.76,D,2.76,B,31.05,C,7.89,C,19.6,A,38.16,29.2304,76.6333
USR_7E8766D0,A,6.89,A,11.61,B,10.75,B,9.29,A,7.3,A,10.2,A,7.74,A,5.92,A,10.36,B,9.45,25.0937,79.4627
USR_17978774,A,18.81,B,14.79,B,18.75,B,14.2,D,20.3,C,13.86,A,20.43,C,21.94,B,10.33,B,16.9,25.3324,81.2514
USR_1458249A,B,16.82,A,23.26,A,24.4,A,13.54,B,24.55,D,21.42,B,14.96,C,18.93,B,21.29,C,15.61,18.8533,73.73
USR_0361EE64,A,11.0,A,11.65,A,16.05,A,15.25,C,19.71,D,24.39,C,23.24,A,17.22,C,10.92,C,14.26,12.4237,76.0124
USR_104656FB,D,33.25,C,14.38,B,14.6,C,38.67,D,11.43,C,13.72,B,23.48,D,12.95,D,36.52,C,30.26,19.1086,74.4722
USR_F3BE28FD,A,11.01,B,11.1,A,20.42,C,22.76,A,20.47,B,22.3,C,11.86,B,13.47,A,20.12,C,19.62,26.4393,80.6607
USR_1C39445E,A,6.36,A,9.17,D,5.92,B,5.77,A,8.61,A,9.82,A,11.06,A,5.48,B,6.13,A,7.36,26.2351,82.4834
USR_93D69B20,C,12.09,B,16.12,B,24.05,B,17.14,B,13.78,D,14.3,B,24.64,C,17.32,C,17.38,C,23.38,17.2284,71.9231
USR_3DD6E8B9,B,13.68,D,10.58,B,23.91,B,18.44,C,19.1,C,22.95,C,11.01,A,12.72,B,14.05,C,12.39,11.0109,78.4079
USR_A9B911C9,B,12.08,A,15.89,B,18.38,A,23.76,B,14.86,D,14.83,D,10.91,B,16.85,A,14.44,B,12.48,27.7724,80.0764
USR_76A06819,A,6.01,A,10.45,B,10.37,C,7.44,A,5.77,A,8.66,A,8.73,A,10.6,B,10.08,A,7.63,12.1856,78.5661
USR_83A0A53E,B,24.3,A,23.77,B,24.58,B,18.37,B,21.36,B,10.32,B,20.02,B,21.38,B,10.55,A,10.01,12.4926,76.3139
USR_1B1CA400,C,15.48,C,17.68,A,10.58,B,14.67,B,23.94,B,15.87,B,22.34,A,12.8,B,12.22,A,13.63,28.7909,78.946
USR_62A7B235,A,5.39,A,7.32,B,7.66,A,11.69,D,5.67,A,11.36,A,11.12,A,10.35,A,5.02,A,7.42,24.2371,80.5646
USR_EC001019,D,11.33,A,10.69,B,9.72,D,10.03,A,9.2,A,11.12,A,9.97,A,6.43,A,5.27,A,7.48,27.3595,82.8854
USR_EC296A68,A,17.69,B,19.85,C,10.26,A,17.75,B,16.75,D,21.35,D,21.4,D,19.44,B,19.65,A,21.94,13.5418,79.3717
USR_E8AC7D88,D,17.94,D,38.36,D,31.27,D,26.48,D,16.71,D,15.0,A,23.25,D,24.94,B,39.03,D,5.43,27.6434,77.9468
USR_721700DC,B,17.57,B,18.99,A,11.59,C,16.18,B,23.95,A,17.6,B,22.0,A,18.35,C,15.83,B,24.68,28.2003,80.4668
USR_0C67573B,B,8.32,A,9.78,B,5.98,A,7.22,A,10.25,B,9.92,A,8.51,A,11.19,A,5.8,B,9.85,18.4563,74.1752
USR_9831FED3,C,12.85,B,15.47,B,12.28,A,21.01,A,13.32,B,12.9,A,16.29,B,12.0,B,11.18,C,22.23,13.1412,78.9648
USR_9B37B30A,A,10.47,A,8.2,A,7.11,D,9.26,A,9.21,A,7.35,D,6.68,A,9.64,A,10.91,A,7.11,25.2819,80.3782
USR_C76C8BD2,A,13.19,B,17.82,A,24.34,B,11.07,B,18.26,A,17.06,B,10.65,D,24.04,D,20.04,C,24.01,21.5009,78.1853
USR_DD9B2DB9,C,23.22,B,16.14,C,15.04,B,18.41,C,17.43,A,17.98,D,15.69,B,10.8,D,11.99,D,11.31,13.9703,76.7761
USR_82342445,B,5.49,B,10.09,C,7.81,A,8.35,B,9.04,B,9.61,A,8.09,A,5.16,B,11.24,A,8.18,17.6027,71.8002
USR_3596002C,B,15.1,C,13.08,C,15.3,B,23.16,A,20.02,C,10.17,B,10.05,A,11.99,B,20.89,B,13.21,24.7916,78.4489
USR_BB6570E3,C,21.74,A,15.22,C,14.35,C,17.61,B,15.78,B,22.62,B,17.31,C,16.23,B,13.13,D,23.83,13.6225,79.4258
USR_F2CB85BE,B,24.07,A,11.95,C,10.06,C,21.09,D,15.43,A,11.1,B,15.08,B,21.03,A,14.07,B,12.39,27.5886,78.1571
USR_AC01196B,A,6.26,A,6.87,B,7.75,A,7.78,A,8.24,A,11.58,A,11.77,A,11.5,D,7.96,B,7.25,12.6107,77.5354
USR_37B02A9C,A,24.67,B,21.7,D,23.77,A,16.09,B,19.7,B,22.83,B,13.23,A,23.12,C,21.1,A,15.25,23.1595,78.3738
USR_A7C27A68,A,9.62,B,5.12,A,9.97,A,5.12,B,9.33,D,11.31,A,5.89,A,7.37,C,5.07,B,5.28,23.6091,77.5945
USR_1A06FD79,C,15.25,D,36.1,C,23.85,D,26.01,C,11.33,A,20.03,C,4.75,C,38.5,D,7.56,C,19.08,13.1305,77.8459
USR_A90CFC04,B,18.62,B,20.57,A,21.07,A,12.78,A,19.87,D,20.3,C,13.58,B,18.67,D,24.11,B,13.89,13.1472,78.9983
USR_FD17557B,A,10.33,A,7.35,D,11.8,A,10.15,A,5.54,A,5.81,B,7.72,A,10.11,A,10.08,B,6.36,26.8263,78.2421
USR_8151405F,A,21.74,B,19.22,D,20.52,B,19.71,C,24.68,A,13.14,B,24.86,B,23.56,D,18.3,B,14.3,28.1329,81.8084
USR_69EB481C,C,11.16,A,14.43,B,12.94,B,13.25,B,18.97,B,11.71,A,20.17,B,22.42,B,12.98,B,14.81,28.7309,81.4937
USR_6E26BCF0,B,12.3,A,13.51,B,24.27,B,13.15,A,11.95,C,14.74,B,13.06,D,16.06,B,15.31,C,21.07,19.7031,71.7174
USR_864DF120,B,27.98,D,10.87,C,18.24,D,19.97,B,22.26,B,17.57,D,16.4,A,13.75,C,25.12,C,4.02,20.6248,71.16
USR_AA250864,B,8.29,A,8.98,A,5.21,A,6.73,A,7.3,A,7.15,A,11.17,A,8.62,A,7.25,A,8.17,21.3147,78.0412
USR_E4711754,A,7.99,B,6.29,A,11.33,C,5.91,A,7.52,B,9.92,A,9.99,B,6.76,B,6.52,D,10.61,19.0158,71.3578
USR_BE700B83,D,21.82,B,20.79,C,10.08,A,22.13,C,18.09,B,10.54,A,13.78,A,15.12,C,24.29,D,17.48,21.0793,79.4462
USR_BD4BBD75,A,22.79,D,24.81,B,23.07,B,16.66,A,12.07,B,17.31,C,14.46,B,12.35,B,21.24,D,22.79,14.5767,75.8858
USR_D3475923,D,39.62,B,29.64,B,25.83,A,2.8,B,17.2,B,34.2,A,11.26,C,18.98,D,6.09,D,36.03,28.3422,77.0999
USR_F1CD5D7B,B,12.13,A,34.39,A,7.64,A,18.94,B,39.73,C,14.86,C,15.9,C,13.88,C,36.62,C,4.77,27.6918,78.9719
USR_0EB8E05C,C,21.0,A,13.68,B,22.15,C,16.89,A,19.88,A,21.63,B,15.43,C,19.48,A,15.33,A,19.25,24.303,77.8542
USR_3B34A401,B,9.49,A,5.44,A,5.81,B,11.93,A,6.63,B,6.6,A,6.95,A,11.66,A,11.03,A,7.47,19.2465,71.2429
USR_7EE4A87B,A,11.57,A,13.0,C,22.8,C,16.37,A,20.16,C,10.72,D,21.9,B,18.18,A,10.88,B,22.04,22.1135,79.0235
USR_3C9B95A3,A,8.59,A,7.28,A,9.72,B,6.47,B,10.02,D,9.7,D,7.2,A,8.07,A,5.02,A,11.1,27.1041,75.8427
USR_4ED318F7,C,14.06,D,22.36,A,13.58,D,21.91,B,22.64,B,23.54,B,17.3,D,19.38,D,18.84,C,15.29,21.803,79.6475
USR_36EF2677,B,14.49,B,23.93,A,24.18,C,20.67,A,19.09,C,24.48,B,10.18,B,12.66,A,23.27,D,13.52,27.435,78.4854
USR_7149D3DD,A,11.88,A,8.6,B,7.21,D,11.67,B,9.26,A,10.82,A,5.42,A,10.2,A,8.79,D,9.29,29.1527,79.1654
USR_572B908B,C,11.13,B,13.19,C,23.5,A,10.3,A,24.29,B,24.81,C,11.48,C,14.48,B,11.35,D,20.8,26.5894,79.7684
USR_8F182C83,B,10.71,B,18.12,B,10.43,A,21.93,C,24.12,A,20.86,C,18.58,B,22.24,D,19.11,A,13.6,28.0421,82.7224
USR_129B051B,A,10.53,A,9.08,A,7.83,A,10.0,B,11.04,A,7.54,A,5.37,B,5.82,A,6.81,A,9.94,18.5693,72.8934
USR_A3F1CABC,C,13.48,A,12.93,B,21.04,A,16.97,C,10.54,B,13.71,B,19.25,C,13.97,C,20.76,A,13.51,11.9591,78.8656
USR_9949FA8B,A,19.69,B,13.53,C,23.0,B,22.47,B,15.45,C,24.79,B,12.56,A,19.9,B,22.55,B,22.53,22.7223,78.2382
USR_DD38ED6C,A,9.4,D,10.16,B,24.02,D,29.33,B,29.45,D,39.11,A,30.88,D,11.96,D,17.31,B,11.06,20.4515,71.1318
USR_8BB2B253,B,16.4,A,16.85,B,10.54,A,17.25,B,10.99,B,24.4,B,22.32,A,13.38,A,13.68,B,20.4,19.3337,71.3685
USR_E9C4AB20,A,7.8,C,11.01,C,8.77,C,10.51,A,11.37,A,8.15,A,5.71,A,6.19,D,8.67,A,6.05,28.304,78.639
USR_CEC4180A,A,11.2,A,6.81,A,9.05,B,11.0,A,5.82,A,9.17,B,7.91,A,9.45,A,10.48,A,5.19,18.4102,73.1719
USR_64E4495A,B,20.9,B,21.2,C,13.72,A,21.77,A,18.49,B,19.32,C,15.31,A,17.13,B,22.25,A,15.35,14.501,78.4402
USR_8D03ACAA,A,10.69,D,12.55,D,12.65,B,20.88,C,21.13,B,21.0,A,23.61,A,22.52,A,20.16,B,23.23,24.2,81.0583
USR_146FFCE6,B,17.66,B,11.78,B,16.79,C,10.96,B,13.77,C,20.77,C,15.35,C,24.05,D,18.69,B,16.99,22.2083,79.0461
USR_7A060EC8,C,23.74,D,20.46,A,17.61,A,22.5,B,18.96,B,19.16,B,11.66,B,16.26,A,13.96,B,15.37,20.7167,72.1795
USR_EAE1DD28,A,23.47,B,16.79,B,21.09,D,19.13,C,24.93,B,22.45,B,17.73,B,22.42,A,16.59,D,10.69,23.2358,80.5975
USR_AE9A079F,C,23.7,C,24.43,C,19.78,C,24.11,C,19.51,B,23.55,A,20.89,A,22.52,A,12.79,A,17.01,27.0735,75.8894
USR_09188089,C,13.42,B,24.05,B,10.17,B,10.73,D,20.65,B,13.8,B,16.09,B,12.26,B,23.28,D,17.27,17.4831,71.7404
USR_A22DD37E,B,23.8,B,22.72,B,13.96,A,20.44,B,24.44,B,11.32,B,12.18,A,18.17,B,20.75,C,11.62,11.643,77.7011
USR_DE5F774F,D,5.87,D,37.46,D,38.79,D,31.02,C,35.48,C,14.45,C,6.73,A,9.18,D,20.35,A,11.52,12.9553,75.9821
USR_9D277489,B,17.68,B,14.31,B,21.12,B,20.11,C,12.58,B,16.62,C,23.21,A,23.28,B,23.39,C,14.46,23.9518,78.5644
USR_3CA76ECF,C,20.38,C,11.74,B,19.54,A,23.57,A,12.08,A,13.3,B,19.11,D,20.23,B,10.92,D,19.61,22.6718,78.3777
USR_4A4FABD4,A,21.83,C,37.64,D,2.66,C,22.75,B,22.48,A,37.13,B,10.63,D,7.75,B,34.67,C,30.33,24.9385,80.8922
USR_85E0960C,C,10.75,B,18.45,C,23.55,B,14.4,C,13.38,D,18.38,B,10.65,B,22.29,C,14.73,B,21.55,14.0228,77.5309
USR_AF60F144,C,10.71,A,24.55,B,22.79,A,10.49,B,12.03,D,20.24,B,23.41,B,12.65,B,11.96,A,10.86,29.0543,75.2741
USR_480F7845,A,7.26,B,8.39,A,7.16,B,11.25,A,10.81,A,9.89,A,8.01,B,5.23,A,6.16,C,7.5,14.385,76.0118
USR_010FB44D,A,7.21,A,9.75,A,8.32,A,7.67,A,7.29,B,11.51,A,5.85,C,8.44,B,5.68,A,6.65,27.3507,75.4509
USR_C29011A5,B,15.98,A,15.97,B,24.14,A,18.89,B,13.04,A,23.03,A,22.61,A,16.81,C,18.23,B,22.4,14.8999,79.3129
USR_8732590C,A,16.6,D,16.99,D,13.01,C,13.09,B,14.97,C,10.3,B,16.38,A,18.12,A,16.72,B,21.27,27.7373,75.4842
USR_D829D7AC,A,9.89,B,9.41,B,5.59,A,8.23,A,10.72,A,11.84,C,9.58,A,11.13,A,6.4,A,6.93,20.0349,71.1828
USR_06AE7AAF,A,20.7,B,23.78,C,15.3,B,12.17,B,15.72,A,10.91,C,10.02,C,12.11,B,14.57,C,11.98,20.9806,73.8553
USR_3E6E170C,B,11.99,A,16.49,C,24.58,D,21.02,B,13.57,C,15.9,B,12.8,B,21.52,C,13.63,A,19.85,25.8626,81.7389
USR_169093F1,C,6.02,A,9.31,A,6.08,B,7.14,A,8.63,B,10.26,B,8.89,B,5.72,C,9.92,A,6.79,18.4435,71.138
USR_0FDE5280,A,21.27,A,17.27,B,10.29,C,21.89,A,15.16,A,11.38,B,12.07,B,10.71,B,18.78,B,19.98,29.1693,78.2264
USR_F15C8975,A,22.09,A,19.59,C,22.18,C,14.14,B,12.16,C,17.12,A,22.01,C,17.74,A,16.66,C,21.03,12.1303,75.6668
USR_70745863,D,25.01,C,14.83,B,29.07,D,3.86,A,29.81,D,25.27,B,16.88,B,26.71,C,4.44,B,13.0,29.3214,75.7491
USR_DAE71BA8,C,10.54,C,5.67,A,9.29,C,6.71,A,10.14,A,11.05,A,6.65,B,5.87,A,10.25,A,8.18,28.0461,80.7471
USR_D40B0970,D,15.36,D,16.11,A,23.48,B,10.08,A,24.25,B,24.11,C,14.94,B,21.77,A,21.57,B,19.48,29.5036,77.6634
USR_CC714595,B,36.09,D,23.55,A,14.31,C,8.32,C,32.05,A,38.68,A,20.84,C,10.67,D,21.46,D,37.99,27.9715,75.2418
USR_8F687FEB,D,11.35,C,5.63,C,26.66,B,16.52,A,14.33,B,20.24,C,8.08,D,20.54,C,39.02,D,31.72,20.6222,72.3581
USR_6D680169,B,8.73,A,9.92,A,6.24,A,7.05,B,11.3,A,9.83,A,10.41,A,11.83,B,7.93,A,5.17,20.9868,74.5293
USR_F1547964,A,15.75,B,23.96,A,17.18,C,21.98,C,12.87,B,12.69,B,15.11,B,13.74,B,24.07,A,14.64,19.2223,73.5693
USR_DDEF18F4,B,20.34,D,13.71,D,23.04,C,20.36,A,10.79,D,15.53,C,14.0,A,16.54,A,23.43,A,22.43,13.2869,76.0568
USR_0F3CEB45,B,16.64,B,24.88,B,20.41,C,24.12,C,10.09,C,13.07,D,11.68,C,16.9,C,22.59,C,18.58,17.1761,73.5124
USR_E6222C61,B,18.68,C,18.95,C,11.39,C,20.52,D,14.01,B,14.11,C,22.41,B,14.0,C,22.23,B,21.95,20.3359,71.6183
USR_34CF5859,B,21.88,A,18.06,B,13.87,C,12.84,A,11.75,B,13.42,D,18.36,A,24.56,D,16.8,B,13.21,26.9223,75.918
USR_2DF344D0,B,21.29,B,17.67,C,17.48,A,8.75,C,35.98,C,18.41,D,18.62,D,20.11,C,24.77,B,22.2,25.1394,82.1477
USR_17254BC0,B,16.09,B,17.58,B,14.61,A,18.29,B,23.6,B,20.84,B,24.46,C,24.47,B,23.74,A,15.47,20.4374,70.9528
USR_1D5F9414,B,23.23,C,21.7,B,21.18,B,12.45,D,10.37,B,21.1,A,23.25,C,11.33,A,15.23,B,24.91,25.3273,81.7877
USR_27F691D1,B,16.18,A,14.29,C,20.04,D,10.49,B,12.47,B,17.1,C,16.64,A,19.51,C,10.69,C,12.68,17.6331,73.0732
USR_40D57157,B,24.15,B,12.46,C,21.74,A,22.17,D,14.13,C,12.19,B,24.62,B,23.3,B,10.92,B,11.68,24.9024,79.7784
USR_31AB8A35,A,9.38,A,9.83,C,8.56,B,9.25,B,10.48,A,5.53,A,10.28,A,11.31,A,7.31,C,5.85,13.9926,75.9069
USR_68B25D1A,B,10.51,B,15.41,C,22.73,B,18.48,A,10.03,B,24.75,C,10.47,A,23.1,B,19.53,B,17.69,20.4136,72.4084
USR_391A587E,C,14.95,B,25.0,B,21.32,D,10.92,B,17.22,A,10.94,C,22.55,D,17.36,B,14.29,C,14.38,27.1805,78.9833
USR_485EE6CB,A,11.15,B,6.03,A,11.87,A,9.95,A,10.49,A,9.19,D,11.73,B,8.67,B,11.02,A,8.71,21.5236,77.4974
USR_CF7B5AB0,C,19.25,A,16.12,B,20.88,B,24.27,C,20.17,B,21.6,D,14.93,B,20.75,A,20.59,D,18.37,27.5789,80.969
USR_7A387A9C,B,16.54,A,21.32,B,16.68,B,20.29,A,10.51,C,12.34,B,17.78,B,12.17,A,20.46,C,22.05,29.3484,78.3312
USR_ECC977E2,B,22.75,C,19.43,D,21.82,C,11.18,A,23.52,A,19.04,C,11.66,B,15.69,B,10.05,B,11.06,11.3713,75.8557
USR_BFF68862,B,11.4,A,13.13,B,10.09,B,20.07,C,22.06,A,22.4,A,13.23,A,15.35,A,17.43,B,12.87,26.8031,76.4968
USR_F7F0016F,C,11.2,A,19.87,A,24.43,B,16.23,B,13.95,C,16.51,B,11.02,B,13.17,B,22.25,B,23.71,22.7391,80.4889
USR_790A26C9,B,18.1,C,24.66,D,12.27,C,23.43,B,21.71,D,15.77,A,20.75,A,24.75,B,14.09,C,15.05,24.4362,78.827
USR_A4F2EC6A,A,18.92,B,10.42,C,17.73,B,19.78,A,21.76,B,20.04,C,10.58,C,18.15,A,23.95,B,19.44,19.9014,71.4168
USR_8728F4BE,A,17.39,C,13.93,D,14.54,A,16.57,A,16.28,A,13.78,C,11.64,B,23.6,A,23.82,C,10.49,27.2854,76.3422
USR_7CD21455,B,5.61,A,7.56,B,8.38,A,10.41,A,6.7,A,6.77,A,11.61,A,5.67,B,6.55,A,9.81,19.5469,74.0721
USR_D524FA3F,A,10.44,B,6.46,A,9.6,A,10.26,D,10.54,D,11.07,A,10.96,A,9.7,A,6.38,A,10.23,26.7906,79.113
USR_FDF68151,A,5.21,A,9.29,A,7.36,A,5.52,B,10.51,A,5.13,A,5.64,A,9.37,D,10.53,B,8.04,20.1434,72.3632
USR_EADD7AAE,B,10.39,B,17.6,C,11.56,D,20.25,B,18.15,A,21.86,A,16.65,A,14.65,C,12.36,B,18.93,21.0253,71.9528
USR_012C920D,B,23.45,B,20.6,A,15.67,D,18.22,C,18.65,B,11.5,A,24.82,B,24.63,A,21.47,B,12.24,26.1813,79.8012
USR_32F62AD7,B,12.89,B,12.69,B,19.42,B,23.2,A,10.34,B,24.26,A,18.67,C,23.28,C,12.88,C,11.1,28.6632,82.8817
USR_01315C5E,B,21.54,C,12.86,A,12.18,C,21.73,D,12.62,B,20.83,A,20.76,B,16.3,C,12.04,C,16.16,27.5814,81.8084
USR_300298DD,B,14.06,B,21.35,C,16.05,B,19.18,B,17.07,A,18.09,C,13.17,C,13.31,C,14.21,A,23.56,25.1132,82.2672
USR_09A30398,B,11.55,B,14.27,B,14.84,C,19.84,A,19.6,A,20.96,B,15.87,D,18.13,A,11.09,C,16.22,20.4344,71.1609
USR_889EED2B,B,11.89,C,14.67,B,22.17,A,13.56,B,14.33,B,24.35,D,20.99,A,18.07,D,15.62,B,21.63,20.3691,73.0795
USR_F40EFA6D,A,11.7,A,11.27,A,6.45,B,8.4,A,9.83,A,11.0,D,7.14,A,9.06,A,10.01,A,7.09,29.6853,75.7234
USR_EB827501,A,24.69,C,20.99,C,23.58,D,12.82,D,12.8,B,19.56,B,11.14,C,21.42,A,18.35,D,21.49,29.5738,75.6262
USR_4164CB0A,A,22.53,C,10.38,C,24.22,B,21.39,A,18.37,C,22.29,B,17.19,A,15.01,B,12.63,B,13.44,22.3867,80.1041
USR_8C3DE47E,A,19.61,C,11.1,B,24.27,C,13.59,B,23.87,B,12.17,D,13.14,B,18.49,B,12.64,A,17.47,30.4619,78.9864
USR_30100186,A,6.34,B,8.5,A,10.64,A,6.37,A,5.62,A,10.61,B,5.71,A,11.02,B,8.27,C,7.15,27.4585,81.4347
USR_2F8228CE,C,14.25,A,21.93,C,19.3,B,17.98,C,23.14,A,20.47,A,12.79,B,22.25,D,13.69,C,23.38,28.3182,78.6969
USR_70188CF9,A,5.51,B,5.93,D,10.2,B,6.55,B,7.5,A,6.72,A,9.6,A,9.22,A,10.86,C,7.94,28.792,82.792
USR_2738B4D1,C,23.12,A,23.44,A,19.98,B,13.05,A,23.93,C,10.44,B,20.16,B,15.98,D,24.06,C,10.62,12.9833,77.2891
USR_2B52895E,B,11.36,D,21.74,A,23.33,C,14.31,B,14.22,B,11.41,B,21.41,A,11.13,D,10.86,B,18.59,28.495,77.9209
USR_AC5ADC95,B,18.6,A,20.91,D,19.31,C,16.7,B,17.76,D,21.48,C,11.94,D,17.49,D,12.07,C,12.31,27.0161,80.7592
USR_AF99FAB1,B,12.42,B,20.92,A,21.51,A,23.23,B,21.59,B,24.44,A,21.59,A,18.88,B,16.73,A,16.48,28.774,80.0667
USR_B4863E5C,C,20.43,D,17.39,A,21.85,A,20.44,C,16.66,C,14.29,D,21.55,C,19.14,C,12.08,C,13.14,27.2806,81.8463
USR_C3FAE73A,C,33.95,C,37.95,B,8.97,C,10.36,A,11.87,D,27.79,D,11.23,D,27.04,B,26.66,D,15.86,30.0661,78.6119
USR_CF0E7A9C,B,18.14,B,11.26,B,15.37,C,22.46,C,22.99,D,18.93,B,12.1,D,21.96,D,14.61,A,12.89,17.1109,71.2909
USR_E08ED29C,A,24.69,B,20.52,B,12.08,B,23.52,B,17.55,A,23.0,B,18.35,D,20.0,A,12.84,B,11.44,19.4736,74.6762
USR_2640C88B,B,16.5,B,17.4,C,22.28,B,17.03,B,15.83,B,23.58,D,24.13,A,24.39,A,12.77,A,10.42,11.4053,76.0546
USR_B186CD3E,D,32.57,D,15.7,D,23.62,A,35.34,D,38.05,B,12.01,D,35.02,C,6.1,A,9.52,D,21.8,22.4885,79.5644
USR_0C94F516,B,20.29,B,19.79,D,17.96,B,15.28,A,22.85,C,14.57,A,15.85,C,23.68,C,16.11,A,17.97,21.3194,80.0138
USR_A7EA01B2,B,20.64,C,24.37,D,21.15,C,15.92,D,15.25,B,22.97,D,16.73,B,23.95,C,16.76,B,22.96,11.8225,75.8561
USR_3AC21104,B,23.11,D,18.2,C,11.35,C,16.94,D,12.4,C,20.56,C,20.96,B,17.27,C,14.17,B,11.02,14.145,75.9604
USR_484312E6,A,11.65,A,9.17,C,10.02,A,6.76,B,10.24,D,9.46,A,6.03,A,7.96,A,7.17,A,9.0,24.6389,79.698
USR_41951967,A,34.14,A,27.01,C,15.04,B,15.06,B,37.59,D,17.76,D,2.73,C,35.48,D,16.71,A,26.63,19.4351,74.6994
USR_8DA31A6B,C,12.87,C,19.1,A,20.97,B,10.05,B,11.15,A,18.27,B,21.71,A,23.54,B,21.81,C,15.23,29.6705,76.2394
USR_53A0E818,C,25.68,D,33.28,D,14.61,A,34.9,D,32.4,D,8.5,C,16.36,A,17.17,D,19.0,C,20.0,22.4106,79.11
USR_65DBDD02,D,19.64,C,20.34,C,24.82,B,16.44,A,23.23,B,10.42,D,24.16,B,16.25,B,22.8,B,16.95,12.7261,75.6825
USR_16645A46,B,22.48,A,20.84,A,18.95,C,12.25,B,17.87,B,19.39,B,12.7,A,18.93,B,17.89,B,11.35,19.5305,72.3518
USR_80109935,C,10.64,D,38.92,D,4.66,D,6.19,D,18.5,B,8.06,A,32.63,D,20.56,A,35.55,C,7.97,23.3976,80.8608
USR_58E249AA,B,18.47,B,15.87,B,15.03,B,22.33,C,20.75,C,15.71,B,23.46,B,23.79,A,23.68,B,12.34,24.6606,77.9615
USR_00AF6283,C,22.94,A,16.85,A,10.69,A,14.97,B,17.38,D,11.81,A,22.52,C,14.4,D,12.44,B,11.13,30.2111,76.4994
USR_3300B3BC,B,15.45,A,13.81,B,23.31,C,15.33,A,12.97,A,21.81,B,11.2,A,23.06,B,17.7,B,13.78,22.182,80.8891
USR_6BDA6733,B,10.82,B,16.09,B,15.97,B,15.84,B,24.76,B,12.5,C,20.37,B,10.37,C,13.07,C,22.74,14.5487,77.5961
USR_31633AED,C,10.16,B,15.61,B,11.54,B,20.81,B,11.65,D,22.49,B,22.26,B,22.57,A,14.11,C,13.45,20.1267,72.3296
USR_CD2BA78F,C,15.19,C,21.75,C,28.34,B,39.83,B,22.62,C,6.7,A,37.44,C,21.75,C,4.48,C,27.49,21.5897,77.8017
USR_F198A0F0,A,11.88,A,5.91,A,7.48,C,10.87,A,8.78,A,10.88,A,9.87,A,8.73,C,5.2,D,11.48,13.8956,78.2831
USR_C49CCC8B,A,9.3,A,5.83,B,11.92,B,8.99,B,9.05,A,6.51,B,7.06,A,10.65,D,6.77,A,10.4,20.9231,78.5312
USR_D90F3942,C,22.53,B,13.24,A,23.67,B,22.83,A,10.85,A,13.18,A,17.44,B,19.41,A,23.1,B,11.88,28.4056,76.3048
USR_1DE26375,A,11.25,A,23.94,A,10.3,B,17.76,A,23.08,B,14.02,B,23.87,B,21.33,B,13.06,A,14.57,27.187,80.1847
USR_C966A75B,C,27.22,C,35.61,A,3.1,D,10.72,C,31.92,C,16.39,D,30.37,D,11.5,C,7.09,C,31.72,17.4249,71.4685
USR_1A640109,B,5.74,B,11.21,A,7.11,A,11.11,A,5.78,A,7.81,A,8.06,A,11.56,A,9.82,A,8.06,20.5798,73.8248
USR_B30770BE,A,5.12,B,7.7,A,9.6,A,10.01,A,11.31,A,5.9,D,10.32,A,11.83,C,6.49,A,11.67,14.3363,75.6173
USR_B0EEEBB2,B,17.59,C,21.04,B,16.67,C,19.93,B,14.87,B,24.16,C,15.22,D,22.32,B,20.96,C,13.2,27.2799,81.5773
USR_2FD2FAAA,B,13.16,C,15.14,C,13.08,A,13.19,B,16.8,B,19.66,A,23.15,B,12.54,C,15.36,C,20.93,20.4651,72.5123
USR_F8EF35B2,D,8.94,A,9.09,D,5.53,B,6.85,A,5.5,A,10.16,D,6.07,A,10.07,B,11.53,A,10.37,27.348,77.8061
USR_F6108045,C,14.5,B,18.68,B,15.6,C,16.38,B,11.03,A,23.01,A,18.81,B,14.16,B,19.34,C,12.41,11.9609,76.2923
USR_FD3064AB,C,19.95,B,19.92,B,14.82,C,19.38,A,18.72,A,17.21,B,19.16,A,24.62,C,17.55,B,13.95,13.817,76.5464
USR_E4EAFE9E,B,24.52,A,17.33,A,11.93,B,17.61,B,24.25,B,21.77,C,17.38,B,23.77,B,19.4,B,14.25,29.4389,76.7361
USR_51419B9E,B,14.9,A,12.15,C,17.65,B,19.15,D,23.64,B,13.56,A,23.48,A,22.16,A,10.18,C,13.21,21.4264,78.1446
USR_E508D2BA,B,16.12,A,22.74,D,18.29,A,12.42,A,13.53,A,21.21,C,15.47,B,24.99,A,14.96,B,17.28,19.893,72.0852
USR_961EAE45,C,14.14,C,20.4,B,13.32,B,22.87,A,15.36,C,15.41,C,15.38,B,21.08,B,21.58,D,17.85,13.0934,78.7591
USR_06470FCD,A,20.69,B,23.47,A,23.86,B,16.72,B,24.68,A,19.97,A,11.1,A,11.37,B,12.88,A,12.72,21.9603,79.8109
USR_5A7F4004,D,10.18,A,12.0,A,9.71,B,5.49,B,8.33,B,5.86,A,8.93,B,5.93,A,5.3,A,8.25,18.092,71.9186
USR_97BB4950,B,21.38,D,19.4,B,23.59,C,11.95,B,17.24,C,20.5,D,23.96,B,14.55,B,13.69,A,23.57,23.0927,77.8285
USR_45B33403,C,22.37,B,19.89,A,17.86,A,17.34,B,23.79,C,11.75,B,16.42,A,17.11,B,11.77,A,18.59,24.6503,79.5658
USR_9547FE89,A,19.56,A,15.11,A,17.02,B,20.92,C,18.12,B,16.85,C,24.29,A,13.79,A,24.68,A,13.02,27.6334,81.8576
USR_D9F6D820,D,39.84,C,30.91,D,2.78,D,4.17,D,37.93,D,6.28,D,33.24,D,35.81,D,13.61,D,20.9,13.8324,78.7399
USR_96FE38FE,D,32.58,B,34.65,C,14.39,B,6.33,C,20.05,B,18.59,A,27.73,A,10.54,C,9.65,B,34.88,12.3961,78.8473
USR_50333C4F,C,15.88,C,14.06,B,15.74,B,15.84,B,23.35,C,12.21,A,20.04,B,20.68,A,12.38,A,21.64,26.9692,75.7532
USR_770C108C,B,6.89,A,7.85,A,10.31,A,8.47,A,8.34,B,8.68,B,6.59,A,5.97,B,8.02,A,11.11,13.6074,79.2196
USR_037E8ED5,A,15.99,A,24.21,B,23.19,B,14.15,C,24.34,A,10.58,C,20.56,B,19.79,A,22.44,A,18.91,20.6113,71.2213
USR_982FE36D,B,24.54,B,3.36,D,12.16,A,9.79,B,29.25,B,16.68,D,7.31,C,8.49,C,16.01,D,5.87,28.4617,78.551
USR_D963155B,A,6.8,D,6.73,A,5.92,A,9.07,A,9.06,A,8.51,B,10.92,A,7.48,A,8.25,A,11.45,17.1357,72.1607
USR_1B6F1099,A,22.98,C,17.48,C,16.14,B,24.81,A,15.28,C,11.0,C,14.14,B,16.4,C,19.8,A,17.46,25.3704,82.0507
USR_6975FE54,A,14.81,B,22.65,B,13.76,C,11.44,D,15.05,B,13.78,B,12.96,B,17.97,C,21.07,B,19.84,11.2642,79.2914
USR_C2DEB35C,D,17.79,B,23.57,B,11.12,A,15.5,B,20.22,C,10.64,B,23.81,A,11.44,A,12.19,B,14.8,27.6235,76.0955
USR_810F028A,A,15.74,B,23.29,B,19.04,B,11.2,B,21.98,B,10.66,B,19.12,C,18.15,B,19.81,B,18.76,24.9373,80.8289
USR_77C0C84F,D,9.67,A,7.9,A,6.05,A,11.6,A,9.34,C,11.89,B,6.71,A,7.2,A,5.2,A,11.33,18.8458,71.1932
USR_8A74C689,A,5.83,A,9.0,A,8.43,A,7.09,B,8.08,A,9.05,A,7.03,A,5.38,A,11.01,C,10.67,26.5629,82.6899
USR_080F83AE,A,7.77,B,6.36,A,9.9,A,7.53,A,6.43,A,5.86,A,6.56,A,5.39,A,10.19,B,8.2,13.5188,79.4325
USR_F5A4EF06,D,16.06,B,10.9,C,17.05,B,20.52,C,24.75,B,18.12,A,18.46,B,13.04,A,15.16,A,17.36,17.9698,73.1615
USR_480A4868,C,19.44,B,14.27,C,10.76,A,12.7,C,17.41,C,17.97,C,21.59,D,11.38,A,20.04,B,20.38,17.1013,73.2193
USR_56386635,C,6.82,B,9.92,A,9.74,C,5.63,A,9.28,B,11.9,A,7.7,A,11.82,C,7.49,A,10.62,20.6239,73.877
USR_C759970F,B,19.08,A,20.25,B,12.31,A,18.3,A,13.89,C,22.35,B,19.82,C,11.87,B,12.51,A,12.5,28.5189,78.1045
USR_4F6DAEE6,B,22.19,D,11.93,B,12.16,B,13.79,A,13.56,C,17.77,A,19.28,B,13.4,B,14.16,A,15.39,26.7392,82.8221
USR_6C50C562,D,13.78,C,4.26,B,30.37,C,25.15,D,11.53,A,34.35,C,38.25,C,3.98,C,38.95,B,12.63,23.0909,77.9306
USR_E4D47D15,B,10.35,A,10.38,A,11.81,A,8.5,A,6.19,A,11.97,B,5.25,A,8.49,A,11.09,A,8.27,27.6047,80.652
USR_CA0F2A8B,C,23.18,A,21.81,A,11.44,C,10.55,A,17.82,C,13.43,B,24.35,B,19.59,C,16.37,B,14.73,29.0691,78.0666
USR_1A4DBE77,B,11.33,C,19.28,A,17.82,A,23.25,D,19.95,B,20.94,C,17.2,D,10.53,C,20.98,B,14.95,27.1053,79.1097
USR_9AD98587,A,19.59,C,11.99,A,20.57,C,15.33,A,20.56,A,13.72,B,19.01,C,13.65,B,10.5,B,18.12,21.892,77.7216
USR_33747795,C,11.4,C,15.55,B,10.14,A,18.82,B,23.67,B,18.16,A,17.84,C,17.52,A,20.67,D,12.16,28.1339,81.7769
USR_FC435663,D,16.46,C,10.25,B,24.0,A,20.73,C,14.16,C,22.4,C,23.43,A,12.43,B,21.46,C,20.99,28.2134,80.8862
USR_4D0F6723,D,8.49,B,5.6,A,11.5,A,7.93,A,5.2,B,11.64,A,9.49,A,9.55,B,6.44,A,9.0,28.0282,76.934
USR_8307F301,C,10.23,D,24.79,D,24.55,D,28.32,C,30.94,D,14.67,D,35.82,C,10.78,C,12.4,C,4.05,25.5038,82.0156
USR_6F95E757,A,11.27,A,8.84,A,6.82,A,5.98,A,7.56,A,11.81,A,10.67,D,6.93,A,7.93,A,10.5,21.6597,80.8849
USR_142E9AEC,A,11.54,C,14.16,A,12.27,C,17.88,C,20.6,A,13.91,B,15.22,B,19.36,B,18.49,A,11.9,20.2061,71.7578
USR_AB252030,D,10.47,A,24.65,B,13.43,B,11.61,C,22.86,A,18.76,A,18.51,A,21.35,D,13.17,C,23.88,21.4496,79.4543
USR_6E29D59C,A,5.71,A,10.95,B,7.19,A,9.48,A,9.12,A,8.32,B,5.2,A,7.63,A,6.74,D,9.39,11.5471,76.7773
USR_8B81E523,D,14.57,D,20.83,D,34.29,C,4.94,D,36.14,B,13.18,A,23.57,C,20.7,A,17.72,D,27.31,29.7227,77.0232
USR_9E51B23D,C,26.03,B,35.42,B,2.46,A,38.29,A,35.33,D,4.21,D,30.17,C,6.48,D,14.06,C,20.5,26.4018,80.2852
USR_377BEE99,D,10.46,D,18.4,D,16.39,B,18.1,D,21.12,C,21.93,B,21.32,A,18.37,D,22.41,B,21.99,25.006,82.0621
USR_C2D5AA4A,D,28.77,D,20.73,D,6.66,B,14.51,D,18.44,A,8.11,D,3.53,A,11.05,D,5.8,B,18.74,12.2091,78.6798
USR_B41592E7,A,8.48,A,8.52,A,6.8,A,9.82,A,11.33,B,7.3,A,5.52,A,9.63,A,10.15,A,7.98,18.2767,71.5563
USR_01570EF6,D,14.39,D,7.15,D,25.42,B,14.62,A,13.53,B,5.35,C,35.64,D,19.64,C,39.58,B,8.15,20.249,72.279
USR_80B54853,A,10.03,A,9.2,A,6.05,B,8.09,A,10.85,A,8.63,A,7.45,A,11.07,A,10.42,A,5.17,27.7451,81.2569
USR_CD1A1E04,C,19.48,B,19.83,D,21.68,B,15.58,D,21.54,B,18.15,B,17.21,B,22.64,B,12.98,A,23.78,28.2877,81.2599
USR_5FADB562,C,23.09,C,24.31,A,13.96,A,12.83,A,18.44,C,14.17,C,14.67,B,16.79,D,12.56,D,23.15,28.7213,78.2844
USR_6B2F4D72,D,19.97,B,23.65,C,39.22,D,17.63,B,35.51,D,11.59,C,37.25,C,37.01,C,30.01,D,13.53,20.0352,70.9228
USR_29140550,C,15.4,B,16.23,B,18.45,C,16.35,A,22.94,B,15.67,C,17.64,B,15.27,D,15.83,A,18.95,22.2207,80.0686
USR_EA80C1F5,A,5.56,A,5.44,C,5.93,A,8.06,A,5.56,A,11.92,A,7.77,A,6.19,A,8.48,A,5.83,26.5484,82.4559
USR_0D395627,B,4.09,A,2.28,B,35.5,B,29.92,D,36.52,A,39.57,D,15.64,C,5.98,D,35.35,C,25.2,25.8129,80.8753
USR_421D9393,A,17.05,A,15.34,B,12.17,B,13.28,B,21.66,D,22.81,D,24.44,B,12.84,A,10.26,D,18.3,28.0028,80.4515
USR_62AEB3D5,C,19.12,B,18.01,C,11.61,B,14.69,C,22.56,B,23.68,C,22.4,B,17.06,D,12.0,B,20.31,21.2559,78.6243
USR_FAF9D1BB,B,15.86,C,18.21,B,23.46,A,23.79,B,11.92,B,12.49,C,24.08,C,19.57,B,18.62,C,17.8,11.4679,77.2736
USR_DFC45668,D,23.01,D,4.39,C,29.36,D,38.74,A,28.62,C,2.24,C,19.55,D,36.88,D,32.14,C,30.49,20.2805,72.5606
USR_8901F06D,D,10.67,A,14.69,C,23.05,C,19.73,A,11.13,B,14.59,B,18.56,C,19.41,C,19.73,B,19.51,29.7482,79.0444
USR_D54938D0,C,23.46,A,16.24,A,18.67,A,18.4,B,14.71,D,19.92,A,22.43,A,14.93,B,11.86,A,16.71,27.1425,79.7145
USR_47463BFD,C,14.13,C,23.63,D,22.45,B,17.49,D,15.39,D,18.4,B,22.01,D,21.67,B,14.73,B,11.66,11.0999,79.053
USR_07BE6B86,D,17.25,A,21.56,A,22.72,C,12.33,C,15.63,C,12.53,D,11.65,D,18.24,B,19.18,C,11.04,23.0685,79.8416
USR_5034AAEF,B,24.17,B,18.84,C,11.55,A,24.47,D,16.13,C,22.07,B,22.65,C,19.13,C,23.61,C,10.52,27.58,79.0683
USR_6E5CD70C,A,11.37,A,6.68,A,6.16,D,11.64,A,6.13,A,11.49,A,9.86,A,7.16,A,10.05,A,5.47,27.6775,75.5361
USR_D0863000,B,21.26,B,12.32,C,21.47,B,23.01,B,21.28,C,20.87,B,15.64,D,18.53,A,14.69,D,21.42,19.1544,71.5484
USR_DDAC7117,B,22.49,B,20.73,B,12.21,B,13.03,B,18.12,B,11.13,B,17.67,A,14.56,B,20.53,B,14.58,11.7302,78.5666
USR_9CA21841,C,21.05,A,20.22,B,19.23,B,16.6,B,14.64,B,14.37,C,20.49,B,19.05,C,20.1,A,16.49,27.6495,75.749
USR_C69144D2,B,9.99,A,6.85,A,9.04,A,6.22,A,8.82,A,9.97,A,10.09,A,10.21,C,11.39,A,8.44,23.9062,79.1196
USR_7C2ED0D8,B,16.44,C,16.5,C,22.09,A,17.14,A,21.82,B,12.31,B,12.13,B,19.74,A,15.08,B,10.37,22.0321,80.236
USR_DFD8CF45,B,5.3,A,11.05,A,6.84,A,11.1,A,8.57,A,7.31,B,10.74,A,7.4,A,8.97,A,5.41,23.6139,77.3276
USR_08B958FC,A,22.97,B,21.12,C,14.12,D,12.55,C,11.46,A,21.63,B,23.56,B,10.14,C,19.4,B,20.64,12.6742,75.7777
USR_1B7BDA65,B,21.2,B,17.86,B,17.34,A,22.57,B,14.88,C,23.85,B,10.46,A,15.49,B,11.2,B,21.18,14.5094,79.4375
USR_1F00740B,D,28.2,D,17.64,A,26.8,C,4.79,B,6.29,C,32.87,D,2.32,C,30.29,D,15.41,C,31.22,24.764,80.6277
USR_E797D164,D,23.64,C,13.05,A,21.09,C,30.7,B,20.67,A,24.11,D,36.41,D,8.05,D,38.79,C,30.16,28.6649,77.6989
USR_B15E9710,D,38.54,D,31.12,D,3.94,A,35.35,D,24.97,B,11.5,D,34.83,B,21.38,D,33.59,D,22.68,28.3899,78.0562
USR_D85C83A6,B,21.3,B,20.77,C,23.78,B,21.39,C,18.32,B,20.68,C,20.01,A,13.0,A,13.13,B,16.95,11.4768,78.3504
USR_97815EC9,B,15.26,C,20.51,C,12.47,C,24.31,A,10.24,D,11.0,C,10.5,C,11.55,C,22.01,B,19.7,21.2817,79.8569
USR_AF3133AB,C,21.06,D,36.45,B,39.89,B,13.79,C,31.27,B,30.16,D,3.3,D,21.0,D,16.68,C,12.73,19.3598,71.7022
USR_57409659,C,13.87,D,24.64,B,17.73,B,12.88,A,22.19,A,15.55,A,17.44,B,18.03,B,19.91,C,21.99,26.5046,80.8065
USR_9B1D6E54,A,23.36,C,21.64,D,10.14,B,13.82,B,11.93,A,15.27,B,14.05,C,23.41,A,16.93,B,19.56,13.6147,75.7677
USR_79CE2ACF,D,8.51,A,8.63,A,5.7,C,11.16,B,5.69,D,10.45,A,11.52,A,6.36,A,11.22,A,7.28,12.573,77.0914
USR_2F6E9530,C,38.68,A,6.14,D,3.24,C,27.76,C,33.94,D,23.95,D,27.29,D,29.86,D,13.31,D,6.19,26.9636,82.2045
USR_0FC4C49E,B,11.39,B,19.83,B,11.34,A,22.37,B,13.07,A,20.38,B,17.67,C,12.54,B,15.88,D,12.1,17.3528,73.8365
USR_ACCA0FB4,C,37.24,C,35.96,C,36.34,D,25.8,D,9.36,C,32.24,A,36.67,C,23.35,B,31.53,D,38.6,26.5336,80.4721
USR_7C516D7F,A,23.48,B,22.68,A,18.94,C,23.68,A,23.36,D,21.09,D,17.16,B,24.49,B,10.8,C,22.59,23.3226,79.329
USR_94D0841E,B,15.14,C,24.93,B,21.12,C,22.84,C,15.16,B,20.84,A,18.31,A,10.34,C,19.35,A,13.04,29.3846,78.714
USR_B5C91AA3,C,11.41,A,6.69,B,8.31,A,9.48,B,7.01,A,7.63,A,9.92,D,8.87,B,10.99,A,6.78,29.6935,76.2353
USR_7B003774,B,12.07,A,16.86,D,18.38,A,19.17,A,11.19,C,11.33,A,20.98,A,13.19,A,24.97,D,17.02,26.8608,77.3263
USR_1752C1E3,C,11.3,B,10.46,B,16.16,D,14.23,B,19.24,B,22.32,B,18.11,B,15.16,A,19.74,D,15.81,11.0083,78.7515
USR_22C7A710,C,17.47,C,20.89,C,16.57,D,12.01,B,18.73,D,17.58,C,23.36,A,13.21,A,23.18,B,16.78,27.5596,79.9755
USR_0C72F286,B,23.44,A,14.38,A,10.57,B,20.51,B,17.44,B,16.52,B,14.71,B,21.97,B,17.92,A,19.48,22.2432,79.6097
USR_E20B31B4,A,19.93,C,14.32,B,21.41,B,14.09,B,22.83,A,14.0,A,12.16,A,17.11,D,19.55,B,20.1,24.9215,80.2763
USR_79C5FBD3,C,18.71,C,19.13,B,23.22,B,20.97,C,22.57,C,11.51,C,22.72,C,21.41,B,13.66,A,23.01,29.246,76.4327
USR_21FE04CD,A,20.31,A,24.85,B,23.09,C,10.66,B,14.08,B,19.89,B,22.79,B,17.8,C,11.34,B,20.84,28.5285,80.6843
USR_D78F3AEB,C,15.87,B,10.9,A,18.13,B,24.32,C,10.01,C,14.46,B,13.49,A,20.6,A,19.29,D,10.34,14.3835,78.8489
USR_DA504A53,A,11.16,D,18.21,C,22.07,C,11.7,B,24.64,D,14.59,B,13.45,C,15.15,B,11.87,B,19.62,21.6841,77.0985
USR_58286F6A,B,10.28,B,10.64,D,10.82,A,6.85,A,7.04,A,10.09,A,8.87,A,5.94,A,7.82,A,6.7,22.2161,78.8271
USR_2A18A5A1,C,7.8,D,12.95,A,14.61,B,3.98,C,37.52,A,20.22,B,30.04,D,11.26,C,29.55,C,26.7,22.9384,79.546
USR_2BAC4C29,D,35.3,A,24.53,C,23.01,C,31.96,D,34.9,A,8.65,C,23.81,D,37.85,A,17.64,B,33.16,22.5003,79.6706
USR_FE3B7BCC,B,15.66,B,16.76,B,17.19,A,18.74,A,17.53,C,13.38,C,10.13,A,21.11,B,15.87,B,21.94,29.3739,76.1254
USR_671C743A,B,15.62,B,16.87,B,14.68,A,20.61,B,24.16,D,21.4,A,10.34,A,23.69,C,12.36,B,13.72,28.3317,82.5628
USR_A1AE1D50,B,24.08,C,13.64,B,22.11,A,10.31,C,12.44,B,23.15,C,10.81,B,21.25,A,18.86,B,11.23,23.2469,78.1335
USR_DD53AE47,D,15.01,B,31.67,B,33.25,D,35.15,C,33.57,B,11.29,D,22.65,D,35.88,D,22.96,D,33.49,25.7929,80.374
USR_506DB2B4,B,12.61,C,24.28,C,17.4,B,16.7,D,17.43,B,14.82,A,22.36,A,14.85,B,21.09,C,17.24,27.4462,80.4825
USR_65500BC7,B,15.02,D,13.47,B,14.06,C,23.56,C,20.43,B,16.08,A,24.89,C,22.98,C,21.18,C,19.96,25.9701,80.2385
USR_897096E1,B,10.75,B,20.47,C,24.66,C,18.36,B,18.03,D,10.63,B,17.03,B,18.66,B,11.89,B,17.62,26.4617,79.9272
USR_7C2B75EC,C,18.59,C,7.32,B,26.52,B,39.06,B,35.21,C,9.51,D,9.35,D,26.28,A,16.2,C,12.55,13.128,76.8397
USR_F7457DB4,C,19.86,B,19.76,A,20.23,A,24.54,B,16.23,B,17.24,C,17.92,B,16.06,B,18.32,C,22.74,28.8273,77.592
USR_63CB544D,C,6.75,B,11.12,C,36.04,C,8.9,D,2.67,D,21.85,C,2.49,D,39.31,C,3.48,D,39.86,28.3272,75.9879
USR_7363AF71,A,6.32,B,6.33,A,9.96,D,10.45,A,9.62,B,6.03,A,11.99,A,6.9,A,5.18,A,8.74,26.9498,79.9419
USR_49689F42,A,6.04,A,8.65,A,5.68,B,7.19,B,7.24,A,6.32,A,8.52,A,7.43,B,8.58,A,10.44,24.3694,78.3575
USR_F5F06685,B,15.69,D,22.43,A,20.03,A,17.39,B,13.65,C,23.35,A,15.35,D,15.05,B,16.13,A,15.93,26.5992,79.6129
USR_26951B3B,C,19.86,B,18.57,B,13.5,C,12.96,C,22.43,C,11.48,C,24.23,C,19.1,C,13.03,B,21.81,17.8918,73.8481
USR_F2299B17,B,11.09,D,19.13,A,16.34,B,13.06,B,24.47,B,15.11,B,17.49,C,24.72,B,11.71,B,21.99,18.3183,72.8584
USR_276A207B,C,5.36,C,35.69,B,2.62,B,26.53,D,39.65,C,31.77,C,20.4,B,19.24,D,17.46,B,7.52,12.0801,77.743
USR_9B211044,D,10.01,A,11.97,C,11.97,A,18.95,B,15.1,B,23.63,B,11.79,A,11.98,D,23.8,C,21.1,19.2749,72.7249
USR_91995ED1,B,12.86,B,24.82,A,10.11,A,10.61,A,17.32,B,24.82,B,20.21,B,13.65,B,17.93,D,24.85,27.4053,79.0639
USR_EDE8EC90,C,20.85,A,10.43,B,11.36,B,19.34,A,24.71,D,18.81,C,15.8,A,19.23,A,16.07,B,18.46,12.8914,76.9783
USR_14B3CD1A,D,31.29,D,13.28,D,7.54,C,30.52,C,17.95,D,25.78,D,2.88,D,18.05,D,39.92,D,16.13,29.073,77.5405
USR_52D054D7,A,22.36,C,22.03,B,16.68,C,13.73,D,12.6,A,18.1,A,20.89,A,23.69,C,23.41,B,18.29,30.1338,75.9742
USR_5B99179B,B,20.14,C,11.25,B,15.83,A,16.76,B,10.88,B,18.01,B,17.81,C,16.22,B,20.21,B,22.55,13.2292,76.7735
USR_F6C2206F,B,8.53,A,6.11,A,7.65,A,8.79,A,11.96,C,10.09,A,5.13,B,9.96,B,8.91,A,10.33,18.7012,71.0055
USR_1E24A871,C,21.02,A,14.49,B,24.14,D,12.65,D,12.32,C,16.79,B,16.85,B,13.76,D,21.68,D,14.67,26.7967,78.0881
USR_B5183F82,C,10.93,C,15.89,C,14.85,C,17.81,C,16.17,D,16.3,D,7.88,C,6.94,C,20.49,A,17.47,28.6742,78.6197
USR_7DE1A6E1,A,10.63,B,9.63,B,11.34,D,9.15,A,5.74,A,11.1,A,5.28,A,6.81,A,10.83,B,11.18,27.1372,82.1835
USR_5998EABE,A,24.1,A,14.8,B,12.93,B,14.84,A,16.85,C,12.98,C,10.44,A,18.66,A,10.08,B,18.8,26.7197,79.2464
USR_8032F45C,B,20.45,B,14.82,C,23.44,B,16.33,A,18.81,B,18.63,A,23.07,C,13.32,A,14.56,B,19.31,26.7998,81.9587
USR_CE642B1D,C,18.03,B,17.51,A,24.56,B,12.0,A,11.88,A,16.15,B,10.44,B,17.4,C,18.52,A,24.81,25.0218,81.3625
USR_BCA4341F,B,16.62,B,12.77,C,15.28,B,15.37,C,17.31,B,23.01,A,16.77,C,10.39,C,23.36,C,20.48,13.2204,78.164
USR_C75930D9,B,6.53,B,9.32,A,8.59,D,11.32,A,11.63,D,8.35,A,10.56,A,5.26,A,6.33,A,8.93,25.4649,79.8925
USR_15C74B4A,B,12.33,C,19.6,C,10.44,B,23.02,D,19.19,C,22.54,B,15.05,C,18.72,B,24.83,A,17.95,17.711,74.2057
USR_A5DCA46A,A,11.98,A,24.13,A,19.48,B,21.89,A,10.79,A,22.23,D,15.84,C,11.16,B,23.9,B,10.04,27.4446,80.2594
USR_B9F5CCCB,B,24.24,B,22.65,C,15.31,B,24.27,B,22.97,A,12.96,A,11.34,D,17.03,A,15.0,C,22.42,20.9447,80.6377
USR_1D1903BF,C,13.33,C,18.11,B,13.24,B,16.88,A,17.82,C,23.63,A,19.27,D,13.79,C,12.26,A,20.31,17.6827,74.7933
USR_DFF00ECE,A,18.61,D,16.61,A,19.12,B,24.66,A,21.93,B,14.76,B,18.7,C,19.17,C,18.64,C,21.26,24.5643,80.9918
USR_214AE695,D,23.17,D,16.94,C,12.32,D,15.88,D,16.07,C,17.2,C,22.41,B,13.76,D,16.23,A,13.13,14.2023,78.3159
USR_94DE3367,C,16.64,C,17.61,B,6.77,C,8.86,D,7.45,D,11.91,C,16.36,C,24.57,A,3.77,B,37.08,23.8772,79.0703
USR_49C62631,C,12.66,A,21.3,B,18.44,B,16.43,C,20.52,C,15.39,A,11.34,A,13.02,B,21.07,B,13.96,28.4056,78.7743
USR_5BC51697,A,20.54,B,16.25,B,11.64,B,16.05,B,18.79,B,11.77,D,12.95,A,17.63,B,12.97,A,14.27,28.5539,77.3868
USR_3B48F460,C,7.81,A,7.17,A,9.86,A,10.59,A,7.06,D,8.41,D,8.14,A,11.42,A,10.15,A,11.85,27.7199,78.3349
USR_49E1F7BB,D,19.28,C,14.2,A,12.25,D,14.0,B,11.7,D,10.52,D,24.5,A,21.22,A,23.23,C,12.12,26.5674,80.1609
USR_DF5EB44B,B,21.28,B,19.73,A,22.04,C,21.03,C,15.34,C,10.11,C,14.1,B,22.74,A,16.37,B,22.54,22.2564,79.2276
USR_B44FF066,A,11.26,A,8.69,A,9.26,B,8.42,B,5.58,A,5.47,A,5.72,A,8.73,B,7.16,B,10.61,14.5908,75.838
USR_DAE7D9A0,C,17.68,D,18.09,C,5.05,B,19.12,D,39.85,D,5.07,B,2.61,A,20.13,A,22.14,C,27.74,24.647,80.9812
USR_A1152134,D,39.17,D,4.56,B,37.74,C,25.69,C,2.28,D,34.49,D,11.11,B,28.78,D,18.2,D,34.84,19.7073,72.3388
USR_73FA9721,D,32.93,D,35.52,D,10.18,B,21.26,D,20.34,C,2.33,D,33.67,B,25.64,D,10.33,D,33.53,30.3458,77.1085
USR_19A4A105,D,13.57,B,23.47,B,26.33,D,4.29,B,5.71,A,14.0,D,16.54,D,8.55,B,20.77,A,29.99,29.3383,76.2202
USR_D2013475,A,17.91,C,23.63,D,20.19,B,17.43,C,21.37,C,11.01,B,12.0,B,20.37,B,19.49,C,11.31,21.1179,77.1163
USR_D8DE39C8,A,20.9,A,17.92,B,12.06,B,24.87,A,22.13,A,19.2,D,16.64,D,23.97,D,12.4,B,16.97,22.7012,80.2229
USR_509CD560,D,25.95,C,23.39,C,29.02,B,24.91,D,24.97,C,11.82,C,12.27,D,35.25,D,25.11,D,23.58,14.8058,77.7239
USR_C7A5C71B,B,15.66,A,23.57,B,21.32,B,10.93,B,20.86,A,20.27,D,10.31,A,14.71,C,14.94,B,15.72,26.0052,82.2192
USR_17B222F5,C,15.51,B,11.09,A,18.35,B,15.92,D,20.75,C,19.92,D,17.14,B,17.42,B,19.71,B,16.12,20.623,72.1686
USR_B7C615E1,C,31.25,C,29.8,A,10.18,D,24.68,D,10.15,D,32.54,C,11.56,D,7.89,C,37.55,D,3.66,14.359,78.8074
USR_C34E9C4D,A,21.76,A,21.9,B,18.64,C,24.25,B,17.0,B,16.64,A,13.05,B,17.73,A,12.53,B,10.82,24.877,80.4245
USR_9D5F3842,A,5.07,A,8.34,A,5.64,A,10.94,A,11.13,C,11.01,A,7.65,A,8.95,A,8.83,A,11.46,28.2387,77.6338
USR_634EEC39,A,19.64,C,32.05,D,32.14,D,35.86,C,2.73,C,32.77,D,26.46,C,22.68,C,37.93,C,29.42,28.1237,77.2941
USR_DDDFA3CB,A,9.57,B,5.44,A,6.86,A,7.42,D,7.42,D,9.94,C,8.62,A,6.22,A,10.4,A,9.16,20.5477,74.0994
USR_91685614,B,22.75,B,16.17,A,21.49,C,11.01,B,10.7,A,16.22,B,15.75,C,11.7,A,10.37,C,17.58,27.585,76.0114
USR_849E0840,B,22.79,A,23.51,C,16.76,B,20.06,C,20.36,B,19.03,B,17.1,C,21.86,C,22.54,B,22.36,22.5272,79.5644
USR_2A548A78,B,5.92,B,9.48,A,11.25,A,9.69,C,9.92,A,5.86,A,5.44,A,10.44,A,7.63,A,7.47,25.0693,79.238
USR_9CB1D155,B,22.62,D,25.44,D,37.93,A,36.39,D,5.69,D,35.16,C,8.78,D,27.12,B,38.66,D,24.57,23.0884,77.486
USR_E86375F2,B,15.14,B,20.21,B,15.62,B,20.48,B,22.95,D,23.74,B,13.64,A,13.75,C,13.83,B,16.71,25.888,82.3239
USR_03434A96,B,7.08,A,5.9,A,7.2,A,6.41,A,11.48,A,10.85,B,6.1,C,7.98,A,10.49,A,9.79,27.0219,77.2554
USR_328EE196,D,39.0,D,12.06,D,32.29,B,20.76,D,20.76,D,4.96,D,34.88,C,2.3,B,29.4,C,30.35,17.3497,73.42
USR_D73D6568,B,22.23,A,18.34,A,17.61,B,22.03,A,15.32,B,15.23,C,21.02,B,12.62,A,11.37,B,20.14,20.918,72.4078
USR_47F0ECB8,D,10.48,B,17.98,D,21.12,B,16.2,D,37.36,D,9.02,C,3.94,B,4.05,D,17.55,D,34.65,26.9731,77.2681
USR_D07D095E,C,13.95,A,10.73,A,20.41,C,22.99,C,22.26,A,17.29,C,15.24,B,21.87,B,20.59,B,10.67,28.1519,77.3571
USR_45A14C86,D,12.35,D,37.95,C,30.53,B,2.19,C,27.17,C,16.9,D,23.17,A,28.17,B,27.95,D,35.8,12.2761,78.0946
USR_638B197A,B,13.67,A,24.08,C,12.05,C,21.25,B,15.81,B,24.96,C,18.86,B,24.09,C,22.77,C,15.36,17.5681,72.1526
USR_44B8EAC6,A,22.4,B,18.92,C,22.04,C,11.98,A,22.24,B,16.1,B,22.2,A,15.01,A,12.74,C,17.2,28.584,79.1619
USR_266C179F,A,19.56,A,8.89,C,35.15,C,9.34,D,29.33,C,26.18,A,5.48,B,21.7,D,4.46,D,17.44,22.9641,79.2556
USR_3EF89FEA,A,10.61,A,7.95,A,11.64,B,6.95,A,8.16,B,9.25,C,9.23,A,9.74,A,5.04,A,5.25,18.2053,72.5278
USR_4DCCC5A9,B,18.18,A,22.84,C,20.47,A,11.41,C,19.7,A,14.39,C,11.59,A,13.14,C,14.87,B,18.28,24.3156,79.7422
USR_A6F1B418,B,11.45,B,10.25,C,37.57,D,27.16,D,7.35,D,3.88,D,34.28,C,12.69,D,5.66,D,9.55,27.8056,77.3742
USR_7D0A1707,C,7.95,B,17.27,B,30.59,D,6.91,D,39.02,C,7.9,D,17.23,C,10.78,C,5.55,B,18.83,18.8855,73.9249
USR_F1C1F319,A,9.85,A,10.15,D,9.26,A,8.08,A,5.24,A,6.77,A,8.43,A,9.82,A,9.52,A,8.26,19.0728,74.1738
USR_100A6A5C,A,15.93,B,19.88,B,18.39,B,18.15,A,19.74,C,17.92,A,23.61,B,19.75,B,23.75,A,15.68,23.6506,80.6678
USR_3BA28785,A,10.18,A,9.87,A,8.5,A,6.22,B,11.42,A,7.42,A,10.0,B,11.46,A,11.21,A,9.76,26.2899,80.5177
USR_8642960E,D,10.19,A,10.04,A,18.6,B,13.95,B,16.93,A,10.1,B,23.24,B,18.19,B,15.05,B,22.69,17.3878,71.8902
USR_3EDCB8FC,B,21.55,A,21.34,C,15.69,D,13.63,C,23.85,C,10.69,B,20.69,A,12.35,B,18.69,C,16.5,13.7032,78.3182
USR_C3D14169,A,22.92,C,21.99,A,12.09,A,20.28,A,24.72,B,20.09,C,10.4,B,25.0,B,22.86,C,19.33,30.5386,79.1564
USR_867079F5,D,9.87,B,8.32,A,5.18,A,10.22,A,6.66,A,9.51,A,10.21,A,6.82,A,8.1,A,5.4,14.8853,75.742
USR_3CDB8E91,B,14.31,C,13.05,A,19.21,B,14.69,B,21.02,C,13.59,C,13.52,D,24.81,A,13.28,B,24.16,24.7755,78.8263
USR_03C35CFB,D,21.25,B,16.5,D,23.8,D,10.13,B,11.97,C,10.73,A,22.77,B,13.12,C,24.42,A,20.5,25.078,79.4864
USR_F35CEBCB,A,8.39,B,10.7,A,9.51,A,6.56,A,8.2,A,10.22,A,11.61,B,7.5,A,5.74,C,5.49,21.0182,77.2851
USR_B83752BA,C,32.66,C,17.76,C,5.65,C,4.92,D,7.76,D,26.5,D,28.95,D,16.77,D,3.75,D,4.31,26.5993,81.1328
USR_7D880736,B,4.43,C,34.36,B,19.01,C,26.12,B,36.06,B,38.37,C,13.87,D,27.77,C,34.88,C,11.03,17.6544,72.8546
USR_83C51074,A,5.14,A,8.86,A,10.35,D,5.31,A,7.36,B,11.38,A,7.51,A,11.33,A,8.81,A,7.03,11.2022,77.1941
USR_F52F1392,B,14.74,A,24.95,C,21.97,A,22.8,A,14.7,B,23.48,D,18.19,B,14.63,C,24.71,B,10.61,24.8546,79.7661
USR_90FD8438,C,16.52,D,10.49,B,17.82,D,10.36,B,22.56,C,19.65,C,11.76,C,20.73,A,15.65,B,19.58,17.8629,74.6991
USR_D29F3DEE,D,21.82,A,29.42,C,27.49,D,15.78,D,28.12,C,13.96,C,35.31,B,29.68,B,33.12,D,19.91,28.6746,77.1558
USR_04A25B62,A,9.09,D,26.08,D,29.84,D,11.14,D,14.17,A,19.39,C,32.74,D,24.71,D,36.15,D,3.56,30.2681,77.2368
USR_7C1BB655,D,38.9,D,16.38,C,16.91,D,31.2,D,30.18,B,5.83,B,30.98,A,23.61,D,10.57,B,13.3,14.5509,75.6353
USR_5ACF5613,C,12.27,C,2.88,C,3.23,B,39.9,D,26.32,C,33.85,B,22.21,D,25.27,A,27.43,B,8.5,20.9205,73.6727
USR_86630B7E,D,24.61,A,22.05,A,20.4,D,24.35,B,16.33,B,20.43,B,10.19,B,15.96,C,10.05,C,17.56,17.304,71.2772
USR_EA2D11BD,C,20.81,A,16.48,C,16.87,B,23.38,B,12.79,C,17.78,A,14.56,C,11.39,A,23.64,D,21.74,11.2049,75.8793
USR_83BC34E4,B,18.69,B,15.73,B,15.32,B,21.58,D,15.63,C,19.71,C,19.14,A,12.45,B,21.4,C,15.08,26.1677,80.3592
USR_46ED8BC6,B,12.66,B,21.52,B,20.07,A,24.58,B,22.5,C,10.93,C,12.08,A,15.68,B,15.41,C,13.97,14.6274,75.6291
USR_151433B9,C,17.34,A,13.76,C,14.25,A,14.26,C,20.35,B,11.68,B,17.55,D,15.87,C,22.83,A,15.83,18.8963,71.5609
USR_2D91D1B1,D,3.87,C,3.76,D,8.71,D,12.48,C,17.31,B,35.32,C,7.34,A,34.8,C,6.11,D,28.62,17.6308,71.7723
USR_20751022,A,10.22,C,24.28,B,15.3,B,24.33,A,11.72,B,22.68,A,11.69,A,22.45,D,12.2,B,11.41,28.1098,77.827
USR_50C20E6D,B,18.08,A,22.78,B,17.97,B,11.98,B,16.62,A,21.22,B,20.67,A,18.99,A,17.09,A,10.89,19.1132,74.0836
USR_5BE917E6,B,22.5,D,21.97,C,15.1,C,18.88,B,18.84,D,20.3,B,20.18,C,20.68,B,21.44,C,12.95,23.4628,80.7007
USR_5D110CF8,B,19.82,C,15.94,A,17.42,C,19.09,B,17.95,A,16.09,D,14.26,D,14.21,B,22.93,C,15.54,18.2918,71.5974
USR_4E5FFAC5,D,34.54,C,23.66,B,27.43,C,34.95,B,31.18,D,25.61,C,37.98,D,36.99,D,15.87,D,38.95,30.5936,75.7005
USR_54FBC7C9,A,12.02,D,11.32,C,15.24,A,17.64,C,20.42,C,24.73,C,13.4,C,14.87,C,11.68,A,10.37,25.5018,79.5991
USR_AE28BF29,C,28.22,D,38.53,C,32.16,C,27.13,D,13.79,D,12.16,C,34.95,B,7.86,D,17.65,D,31.11,11.4731,79.4281
USR_07623F90,C,17.56,D,15.92,C,20.96,C,23.84,B,13.74,A,24.43,A,19.43,A,23.82,B,17.97,A,15.16,17.5015,73.3139
USR_6A8B1A53,B,11.42,B,19.73,B,22.63,C,15.48,B,20.64,B,24.23,A,11.41,D,11.52,B,18.59,B,21.37,13.9412,78.6706
USR_C1CBC01B,D,10.88,C,13.96,B,11.94,B,24.82,B,17.68,B,14.87,B,22.93,B,24.87,B,14.61,C,19.71,27.8715,75.8961
USR_B5DABA56,A,23.4,B,15.1,C,23.79,C,20.38,B,10.18,B,15.24,B,22.58,C,12.64,C,17.2,A,23.92,28.8653,76.5584
USR_9C58D899,D,17.72,A,5.35,D,21.2,B,11.67,D,30.36,A,24.85,C,16.81,C,28.3,B,33.28,B,25.23,24.9201,80.536
USR_A84D3770,D,12.57,D,27.22,A,8.86,A,29.84,D,30.66,C,17.22,B,22.92,D,22.66,C,6.61,C,38.47,12.409,79.1325
USR_DE21F531,A,9.22,A,8.27,A,7.33,A,11.01,A,7.1,A,10.52,A,11.68,B,8.64,A,8.04,A,7.32,21.1215,80.3376
USR_90A14A9F,B,10.5,B,14.36,A,12.99,C,24.9,C,11.68,A,15.06,D,13.93,B,13.67,C,22.91,B,16.79,20.1644,74.7247
USR_3D8322EA,D,37.45,C,10.64,D,8.79,D,24.35,C,32.69,C,21.29,C,23.65,B,34.54,C,26.42,B,3.47,21.6929,77.2053
USR_19CEEEEF,A,25.48,B,8.72,D,33.35,B,15.07,B,23.16,D,32.47,D,32.19,C,16.01,D,34.51,B,19.44,28.971,76.9689
USR_9E538497,D,7.95,B,19.64,C,27.07,B,9.26,B,11.88,D,33.93,B,3.28,B,2.97,C,20.45,D,25.1,28.1149,77.4119
USR_565BE74C,A,9.34,A,7.35,B,11.34,A,6.66,D,10.71,D,6.68,B,6.64,D,6.21,A,8.59,D,10.43,28.1761,81.155
USR_E4F20E86,A,8.35,A,6.89,B,11.97,A,7.39,A,10.78,A,6.43,B,9.74,A,7.77,A,11.19,B,9.34,27.1999,79.189
USR_59F5AE4F,B,14.11,C,20.85,B,24.03,C,23.38,A,13.01,C,20.3,C,20.32,B,12.55,C,17.1,B,24.97,26.6286,78.8912
USR_94C9005B,D,17.51,D,23.17,D,27.21,C,37.7,D,5.47,C,21.33,C,17.01,A,16.94,D,6.06,C,6.3,24.5263,80.125
USR_3DCEC0E1,A,14.44,B,22.64,B,17.31,B,19.32,C,22.6,C,11.59,A,16.68,C,12.52,C,24.88,C,13.55,27.9875,78.8046
USR_55DB3A88,B,23.26,B,16.1,B,23.77,B,17.17,C,19.35,B,13.44,A,23.4,B,14.98,C,18.15,A,16.39,25.2698,82.7037
USR_F36681FE,C,3.12,D,24.52,C,21.93,D,30.99,B,23.9,C,31.67,D,13.5,D,12.46,D,22.38,D,36.21,28.2878,82.8167
USR_8F46E754,A,8.26,D,5.4,A,9.17,A,5.22,A,11.42,A,6.75,C,8.32,A,10.26,A,10.29,A,5.99,28.5683,79.4834
USR_BFC407B1,C,7.74,C,37.7,D,2.96,C,3.71,D,13.62,D,29.92,B,31.04,C,27.55,C,9.38,B,30.96,11.3587,77.9103
USR_FC398E90,A,11.64,A,10.99,D,5.72,A,11.63,A,6.94,D,10.99,A,11.07,A,5.96,B,9.32,A,6.65,13.3678,77.4258
USR_64354723,C,8.53,A,10.79,A,10.9,A,7.35,A,9.41,A,10.91,B,7.38,A,6.1,A,10.68,A,10.82,17.5549,74.7058
USR_50F059C8,C,8.79,A,10.88,A,9.53,B,6.69,A,8.24,A,6.36,A,6.77,A,10.3,A,11.87,A,9.56,30.1639,76.1841
USR_6109197B,C,23.67,A,21.69,B,18.87,B,16.99,C,17.71,A,21.42,D,17.95,D,10.78,C,12.82,B,11.58,28.0892,75.3297
USR_17085989,A,6.67,C,6.26,D,10.28,A,7.39,A,6.6,A,6.23,A,5.1,A,10.95,C,6.53,B,8.6,26.8476,81.5238
USR_5A6290FE,B,24.63,B,14.32,A,22.93,A,13.27,B,12.97,A,12.83,A,10.42,B,16.03,B,18.39,A,21.81,21.8428,77.2341
USR_20DA6D09,C,11.99,A,13.11,D,18.93,B,21.25,B,12.86,B,19.97,C,11.58,B,14.74,C,19.21,A,11.8,29.2623,78.7221
USR_9213A60E,A,3.59,B,4.14,A,36.65,D,8.39,D,20.42,D,39.48,D,25.58,D,15.67,C,37.82,D,9.29,19.9664,73.0962
USR_42BEFFC2,B,6.24,A,10.07,A,7.89,A,10.99,A,9.12,A,10.97,A,11.72,A,8.97,A,8.53,A,7.27,24.8785,82.0669
USR_1FEA022C,A,9.15,A,10.58,A,8.62,B,11.78,A,6.91,A,9.28,A,9.57,A,6.56,C,9.91,B,11.14,22.7183,80.2495
USR_7C36C485,A,5.73,A,5.49,A,6.01,A,9.24,A,10.88,A,11.01,A,9.88,A,11.84,A,6.25,A,5.28,29.278,76.1263
USR_AB86EDC1,C,29.57,D,6.38,B,26.59,D,39.35,D,6.84,D,13.1,D,34.05,B,20.13,C,13.18,B,2.09,28.7168,81.775
USR_9E908920,B,19.06,D,24.38,A,14.3,C,20.68,B,21.19,B,12.45,B,24.24,A,24.2,C,12.78,C,18.69,28.7814,80.7044
USR_A1A70436,B,18.15,A,18.98,B,21.81,B,15.68,B,17.81,C,17.11,B,11.16,B,18.63,D,10.53,B,12.84,28.9825,75.2987
USR_851655EB,B,6.02,A,10.18,A,10.88,A,10.81,A,10.8,A,6.72,B,7.55,A,6.24,A,6.39,D,6.23,28.0807,76.0063
USR_BCAD1498,B,22.69,C,15.18,A,19.65,C,12.0,B,18.42,B,16.05,A,24.47,B,14.72,A,24.69,B,11.11,25.1723,80.8629
USR_BE2E664D,C,11.4,A,14.09,C,15.98,A,19.67,B,19.79,C,18.39,A,22.44,A,14.0,A,23.8,C,20.91,18.1447,72.4188
USR_5385804B,D,24.79,D,27.07,D,29.38,A,29.12,A,28.08,D,21.25,B,28.56,C,18.97,A,28.38,D,30.87,21.7331,79.316
USR_5ADC65BD,B,20.08,D,19.45,C,20.62,B,19.68,D,15.23,A,20.05,A,17.58,B,17.29,C,13.32,B,11.89,18.3811,74.2253
USR_4B5C74C5,B,15.71,B,16.77,B,23.83,C,11.18,C,22.76,C,24.49,C,16.07,A,15.17,B,16.51,A,22.21,24.3449,80.0177
USR_A16D627C,B,22.81,B,10.44,A,21.24,D,12.81,B,22.07,A,11.95,A,11.26,B,18.09,A,22.53,D,22.93,28.4594,79.1768
USR_B679C8DF,D,15.93,C,23.41,B,19.1,A,13.67,D,14.45,A,16.87,A,19.24,A,10.62,B,14.36,B,15.38,25.4885,82.8239
USR_1896BE18,B,11.72,A,10.45,B,6.42,C,10.36,A,6.98,A,9.52,A,10.25,B,9.26,C,8.91,A,5.24,13.2778,77.2199
USR_A51860EB,A,21.92,A,20.76,A,13.13,D,21.84,C,23.36,C,19.99,B,21.3,B,24.87,C,21.2,B,12.12,11.1285,76.8658
USR_21518ACB,B,14.76,B,10.86,A,22.49,C,19.47,C,13.21,B,21.85,B,18.99,B,22.26,B,19.94,B,24.16,18.2797,74.8381
USR_F6E619ED,B,22.71,B,20.67,C,12.11,D,12.21,C,14.42,B,20.38,D,14.91,B,10.4,B,10.19,A,21.74,19.2304,74.2473
USR_F9BA6710,D,13.03,A,5.67,C,17.79,B,13.67,D,9.27,D,26.64,A,39.02,D,27.14,D,8.96,C,29.03,28.5578,81.9292
USR_D5713842,C,11.83,A,16.25,C,21.92,A,22.85,B,20.52,C,15.46,B,24.28,B,13.68,B,14.26,C,20.6,17.725,71.2206
USR_275A8710,B,14.03,C,12.8,D,16.22,B,13.24,D,24.96,B,11.68,C,10.6,C,11.08,B,15.54,A,12.11,20.2085,71.3252
USR_221B531C,C,23.55,B,23.38,B,21.89,D,12.21,B,18.95,A,20.63,A,19.2,C,20.02,B,20.2,C,24.98,12.5588,76.9621
USR_21A899B2,C,14.79,C,24.01,A,17.69,B,19.54,A,12.37,A,20.1,C,12.95,B,11.83,B,21.68,B,24.47,25.1783,80.3998
USR_DADF07D9,B,9.09,A,11.5,A,9.49,B,6.62,D,6.94,A,7.53,A,11.05,A,6.92,A,11.31,B,11.09,28.7726,75.624
USR_E3BFC995,A,7.72,A,8.69,A,6.84,C,5.19,A,9.02,C,9.28,A,9.92,B,9.19,A,7.04,A,5.31,21.5018,79.1874
USR_D0B803C9,A,10.8,A,11.25,B,6.11,A,10.4,A,10.0,B,10.62,A,8.49,A,7.12,B,11.56,C,10.31,20.7883,74.3433
USR_19C7DB2B,B,14.52,C,12.3,A,16.27,B,13.7,B,17.74,A,12.58,B,24.4,B,20.62,B,19.06,D,16.62,26.8374,78.8169
USR_39AC9E48,B,17.22,B,17.35,C,19.09,A,10.48,A,14.96,A,10.08,B,11.81,A,24.91,B,15.99,A,21.64,17.8041,71.2632
USR_9762AB02,A,11.66,B,6.2,A,9.29,A,7.83,D,7.88,A,8.46,C,9.66,A,5.98,A,10.03,A,5.48,20.5069,73.5874
USR_63049590,A,11.1,A,9.63,B,5.66,A,9.82,A,9.1,A,5.73,A,6.06,D,6.28,A,9.5,A,7.35,12.6746,78.62
USR_ED42B401,A,13.24,B,4.83,A,29.77,B,4.62,B,11.55,B,4.69,D,8.89,B,32.58,A,7.16,C,9.97,29.6601,76.0628
USR_50AB47F6,C,15.42,A,11.59,D,12.99,C,24.31,B,24.86,D,15.9,B,18.65,B,11.6,B,11.71,D,21.67,25.2657,79.3927
USR_3A0EFE12,D,18.29,B,10.98,C,15.01,B,13.4,B,22.4,A,17.13,C,23.11,D,13.23,B,11.86,C,14.21,20.4663,74.0975
USR_F41DFB66,D,28.11,B,37.68,D,2.37,C,32.71,D,20.79,D,27.55,A,38.81,D,36.49,D,16.41,B,4.46,11.5215,78.5355
USR_C5D8DE5E,D,9.61,B,20.12,A,11.58,D,2.33,C,30.63,C,25.22,B,13.45,B,7.39,D,22.54,D,26.91,29.3788,75.9793
USR_D9D2AF31,A,8.75,B,11.07,A,7.28,A,9.97,A,7.38,B,5.99,A,5.25,B,8.39,B,8.67,A,5.26,13.8071,79.4348
USR_C386649A,C,23.53,C,18.61,A,14.93,B,10.35,B,19.06,A,22.65,A,17.03,B,23.69,B,10.19,D,19.9,26.1862,80.3336
USR_64BA1F4D,B,19.31,B,21.68,B,16.26,A,16.54,D,15.71,C,17.81,B,23.2,C,11.11,C,23.67,B,11.44,27.1877,79.1224
USR_90A301E4,C,11.11,D,19.27,B,15.9,A,20.65,C,11.1,B,10.57,D,20.63,C,21.02,B,16.7,A,15.98,13.5041,78.6462
USR_9E2347B4,B,22.86,A,11.98,A,14.35,A,17.09,D,21.81,B,16.18,B,21.96,A,13.23,C,15.99,B,23.38,19.6013,73.8249
USR_4788D6C1,A,8.07,D,10.66,A,10.49,A,8.63,B,5.08,A,6.92,B,9.69,D,7.62,A,8.76,D,7.5,27.1057,80.9371
USR_ABF6166B,B,24.83,B,11.16,B,13.38,C,17.53,C,13.16,D,24.53,A,23.67,D,21.37,B,15.14,C,14.32,20.9514,80.7275
USR_2C592C9D,A,16.22,C,24.55,B,23.69,B,18.43,B,14.63,B,11.88,D,24.31,B,22.14,C,15.8,A,12.13,25.2836,80.2181
USR_E3321F6E,B,6.18,A,9.05,A,8.5,C,5.71,A,6.33,A,11.29,A,6.58,A,7.75,A,9.99,A,8.93,20.2283,72.9291
USR_90EC5326,C,24.0,C,10.08,A,20.31,A,24.14,B,21.03,B,22.07,A,24.26,B,23.39,A,16.42,A,16.17,28.6376,76.5981
USR_6AD97126,C,20.02,B,17.28,A,14.43,C,17.46,B,21.02,C,20.98,C,23.38,A,20.64,B,15.66,A,15.91,18.4947,72.4677
USR_1F87EF30,B,14.93,C,11.56,C,21.55,C,15.83,A,13.55,B,14.64,B,20.68,D,14.42,B,15.06,B,18.48,22.7683,80.1966
USR_FCAE758A,D,20.42,D,38.15,C,37.74,D,7.02,D,30.85,C,14.42,C,17.93,D,12.47,D,26.74,D,27.98,27.7945,78.8428
USR_D4DEFE6D,A,8.95,A,11.4,C,11.3,A,6.32,A,5.71,A,11.76,B,8.37,A,9.62,C,10.0,A,7.57,14.156,75.7128
USR_3797C232,C,11.13,B,22.5,B,10.14,B,24.05,B,15.47,B,17.16,A,24.44,A,12.2,C,23.55,A,23.47,29.2063,77.1479
USR_C0DC3A1C,D,27.25,C,28.2,A,38.87,B,10.57,B,13.82,A,11.5,D,14.2,D,30.39,B,39.48,B,38.76,30.0693,75.602
USR_88A3D1D8,B,11.54,A,9.91,A,9.38,A,8.64,C,5.72,A,8.47,A,5.46,A,7.08,A,11.06,A,8.18,18.5469,73.448
USR_7BA31755,A,9.09,B,8.7,A,6.15,A,10.77,B,11.78,A,10.93,A,6.55,B,6.08,A,6.34,D,7.21,29.6707,75.7685
USR_E825ADDD,B,24.52,A,10.75,B,15.07,D,23.22,D,15.73,B,23.79,C,11.42,B,15.74,B,18.23,C,24.84,25.9883,80.0019
USR_1A636481,A,7.88,A,6.78,B,7.14,A,11.67,A,8.86,B,5.94,A,8.1,B,7.61,A,9.74,A,11.82,22.6042,78.7221
USR_B57B98A8,A,10.98,C,13.64,B,11.14,B,19.39,D,11.83,D,10.11,C,19.58,C,16.89,C,15.53,B,20.28,23.5703,79.9648
USR_1A6DBF8B,A,7.82,A,8.84,A,11.82,C,11.8,A,5.26,A,9.42,C,9.83,A,7.8,A,6.63,A,11.65,28.057,78.0494
USR_2F563FE6,C,11.09,D,11.68,A,19.79,A,23.29,B,20.55,B,13.95,B,19.48,A,22.15,D,14.36,A,14.31,20.872,73.0356
USR_D054DCC4,B,13.13,A,24.71,D,21.44,B,22.36,C,13.22,A,18.29,B,10.12,D,15.13,D,20.68,B,11.87,27.0759,75.7526
USR_F3B187A7,B,23.61,B,23.61,C,11.37,D,22.83,D,17.93,B,19.52,C,13.81,D,15.46,B,19.4,A,22.66,30.5357,77.3682
USR_657488BF,B,17.57,B,14.99,B,17.87,B,18.56,B,15.5,A,10.16,A,24.21,B,13.52,B,24.48,B,23.89,28.6046,78.0661
USR_91B10B56,A,11.6,B,15.4,C,10.4,B,24.78,B,17.21,B,18.7,A,22.13,C,16.38,B,13.44,A,15.39,30.302,75.6799
USR_3BFB450B,B,18.67,A,18.22,A,15.25,B,19.33,B,20.28,B,17.09,A,12.94,A,20.21,B,19.62,B,22.02,21.8774,81.0089
USR_7722A65F,B,10.92,C,11.83,A,17.19,A,22.47,B,20.49,B,11.4,B,12.17,A,13.8,B,14.49,B,19.36,17.4319,72.7681
USR_D3C9E005,A,9.95,A,7.04,A,7.5,A,9.01,A,11.03,A,11.05,A,10.27,A,9.05,A,11.32,A,11.47,27.2771,80.109
USR_2B9B3076,A,8.94,A,10.71,A,11.47,B,6.45,A,6.34,A,11.62,A,5.93,A,5.62,B,11.81,A,6.24,11.5481,79.0726
USR_25F0F93C,A,19.75,B,21.8,A,10.01,C,16.83,A,15.07,A,20.23,B,21.6,B,24.27,D,20.07,A,24.27,19.0525,72.7186
USR_717F9237,A,17.02,B,13.62,A,23.59,A,14.7,A,10.61,B,21.72,A,19.9,C,20.24,A,14.99,C,16.84,22.1803,77.1014
USR_D8B39430,C,30.53,D,14.71,A,3.41,D,28.75,C,19.35,D,24.81,B,38.41,C,9.53,B,31.18,B,33.08,25.6941,79.4542
USR_417EBEE2,A,6.24,A,8.19,C,9.74,A,7.29,A,11.13,A,6.0,B,8.27,A,8.96,A,9.83,C,11.55,21.8372,79.5298
USR_AAAD8CBA,B,18.29,B,18.47,B,15.45,C,17.81,C,20.49,B,13.58,C,20.58,B,20.74,A,22.06,C,19.24,19.7479,72.5514
USR_B213707B,D,2.69,B,36.69,B,25.44,B,12.86,C,4.33,D,11.98,A,26.5,D,12.09,D,6.74,D,26.0,21.3368,79.0454
USR_6073F4DC,B,18.72,C,23.37,B,12.7,B,12.61,B,14.76,B,12.81,B,21.16,C,15.11,C,22.51,B,15.7,29.3641,75.7515
USR_49D9F92C,D,34.3,D,14.92,C,7.55,C,33.5,D,37.64,D,10.83,C,27.89,C,6.53,C,11.64,B,32.52,27.6435,77.7479
USR_D075785B,D,24.36,B,12.68,B,10.86,C,14.27,C,17.55,B,23.99,A,13.43,C,14.4,A,16.0,D,17.98,19.8594,74.4726
USR_CBB19DCD,C,19.44,C,17.96,B,22.36,B,21.57,A,20.7,C,18.61,B,12.71,B,14.62,B,14.07,A,11.4,17.9003,74.5277
USR_F29170F7,A,17.33,B,17.35,B,19.86,A,18.75,D,21.86,A,23.26,D,23.72,B,10.91,D,19.39,B,23.72,14.2777,77.571
USR_5E91C18D,C,21.46,A,11.62,B,19.01,B,19.31,B,12.45,C,21.63,A,15.95,A,14.35,A,18.78,B,21.32,23.7963,79.1216
USR_2A4918F8,B,11.45,B,12.21,A,20.48,B,23.99,B,16.13,B,16.04,B,17.22,C,11.16,B,20.37,B,20.78,13.6978,77.0696
USR_7ABEE029,D,17.48,A,15.63,D,11.11,B,21.26,B,12.15,C,24.07,B,13.96,B,20.7,C,16.75,B,13.63,17.3827,71.6481
USR_F1FDE619,B,19.96,D,20.79,A,23.88,B,13.84,D,20.7,A,13.29,C,23.2,B,21.8,C,24.24,A,10.14,21.2948,79.4445
USR_E706B663,A,6.39,A,10.86,A,11.24,B,10.45,A,7.78,A,9.92,A,9.5,A,6.64,A,7.05,B,9.53,11.9182,75.8587
USR_2C818038,A,13.59,B,22.05,C,24.73,C,18.99,C,10.83,D,24.8,A,19.13,A,19.61,B,18.81,C,17.98,19.7049,73.7374
USR_02BEEC4E,B,12.72,B,32.59,C,12.6,D,35.65,C,13.93,D,10.83,D,11.05,D,27.24,D,9.85,D,13.89,27.2579,76.7239
USR_427C0EC3,C,19.87,C,21.23,A,18.66,B,10.5,B,13.72,B,20.66,D,16.38,D,13.74,A,22.95,D,12.64,18.0244,72.5328
USR_79BADBE5,B,22.14,B,23.4,B,17.11,C,20.82,B,17.68,B,23.81,C,24.61,B,23.74,D,20.87,C,22.62,29.2216,75.4571
USR_12D1BFAA,A,7.8,A,11.25,A,10.86,B,7.5,A,5.8,C,7.49,C,8.05,A,7.15,A,7.61,B,5.1,27.0003,76.0108
USR_E0FBAF44,C,14.19,D,38.18,D,28.73,B,16.09,B,18.91,D,20.7,C,23.7,A,5.2,D,29.1,B,25.54,22.6984,79.6246
USR_A3FDC2A5,D,24.9,D,12.45,D,14.36,B,6.82,B,39.9,C,14.14,B,13.62,C,10.58,C,37.25,A,9.34,28.6116,75.677
USR_4B70624E,B,22.25,D,21.97,C,24.23,A,14.01,A,21.24,C,24.76,B,18.47,B,24.18,B,22.83,A,11.46,14.7872,78.2517
USR_66D2C6E6,C,3.97,D,12.05,B,20.78,D,30.67,C,6.7,D,2.75,D,6.55,B,7.74,A,4.18,C,15.77,26.8381,81.4598
USR_31A1DBA7,B,22.61,B,11.65,A,11.36,C,20.31,B,17.36,C,17.59,A,20.9,A,14.24,B,22.25,A,12.81,30.0005,79.0142
USR_1B8A1FD2,A,20.96,B,22.4,B,20.1,B,19.01,C,13.81,A,21.47,B,13.53,B,24.59,B,10.36,B,23.4,24.4022,79.5543
USR_23FB7241,D,32.69,D,20.93,D,26.47,C,15.16,B,22.38,D,16.87,D,14.09,B,37.16,C,19.21,B,36.44,25.9822,80.1899
USR_5B90B9F8,A,10.79,A,24.73,B,12.28,A,13.03,A,12.94,C,19.88,B,17.98,C,10.49,C,17.2,B,17.34,26.8662,77.6182
USR_36D39876,B,19.24,D,14.72,B,13.45,A,11.49,C,16.17,B,18.83,B,17.02,B,20.25,D,12.43,C,17.19,12.1892,78.6499
USR_A151A0F8,D,17.56,C,32.57,C,28.17,D,14.8,A,18.95,D,5.83,D,20.02,B,18.01,C,34.91,D,28.89,18.9175,72.7825
USR_E8D5F5C3,A,7.9,A,11.98,A,10.61,A,11.95,A,8.51,A,8.34,B,6.67,A,11.42,A,7.19,A,7.71,19.4125,70.9185
USR_19E08939,A,22.39,B,13.38,A,17.43,A,15.92,C,17.33,A,16.29,C,18.69,B,24.85,B,22.48,C,11.34,13.783,78.7495
USR_270B5C0D,A,6.07,B,7.2,D,9.65,A,7.1,B,8.87,A,9.12,B,8.06,A,10.16,B,9.3,A,9.15,22.3853,78.9312
USR_5684C813,A,15.02,A,20.69,B,14.03,C,10.99,C,10.18,B,17.65,B,16.09,C,24.22,B,10.64,B,21.26,13.4701,77.1361
USR_84601EE9,B,10.78,B,9.66,A,10.95,A,5.14,A,9.15,A,8.31,A,6.05,A,10.14,B,6.06,A,8.6,14.3807,76.7433
USR_C1D4E310,A,8.18,C,7.72,A,10.29,D,9.14,A,9.35,A,11.0,B,5.47,A,9.09,A,9.9,A,11.98,27.3053,79.2715
USR_71F73477,C,22.58,A,23.19,A,21.0,C,12.35,C,21.41,A,24.82,D,17.61,B,10.54,A,18.07,C,23.87,12.0013,78.9689
USR_B2D73DC4,A,8.73,A,6.41,A,9.85,A,9.2,B,7.52,B,10.23,B,10.08,A,6.71,A,10.98,A,10.91,21.9905,80.0516
USR_DF27D6C5,A,6.67,A,9.51,A,9.14,A,11.01,A,7.33,A,5.6,B,11.8,A,8.39,A,6.12,A,5.19,19.7138,72.7467
USR_00550929,C,10.08,B,24.01,C,17.03,B,19.7,C,12.17,B,17.7,B,17.44,A,15.27,B,21.04,B,16.38,19.4734,72.8771
USR_841ED444,A,12.36,B,15.22,D,14.97,D,17.63,C,22.61,A,23.57,B,22.82,B,21.68,A,21.92,B,16.34,13.4724,79.4149
USR_7DE7982E,A,11.04,D,7.66,B,6.73,B,6.55,D,11.56,D,6.1,A,11.94,A,7.79,B,9.84,A,11.93,11.6232,78.5773
USR_EA1D8628,A,9.61,A,11.13,C,10.37,A,9.52,B,7.57,A,8.49,A,9.91,A,5.45,A,8.34,A,5.86,12.9621,77.2205
USR_2AB1E558,B,22.7,D,17.09,A,17.47,B,24.52,B,12.44,C,24.98,C,20.02,B,11.29,B,12.87,B,14.47,20.5939,73.6953
USR_1D8088DE,A,22.29,D,14.68,A,17.47,B,22.27,C,10.83,D,24.34,B,17.42,B,15.69,A,22.78,C,13.92,18.565,71.1883
USR_37C82CED,B,10.97,B,21.74,A,11.63,B,16.46,A,13.46,D,15.59,B,18.64,A,18.56,B,12.77,A,22.94,19.9506,72.143
USR_86780E2C,B,20.7,C,13.64,B,34.19,C,31.21,C,14.96,B,5.75,C,25.07,D,4.0,C,23.0,C,25.42,12.4652,77.9575
USR_CEAFEE7E,D,3.19,C,33.7,B,2.45,D,18.62,C,17.43,A,3.7,B,14.91,A,16.32,B,34.27,D,2.94,18.1858,71.6499
USR_D3E03F76,B,9.91,A,6.57,B,5.56,A,9.05,A,5.41,B,6.08,D,6.82,A,8.51,A,10.09,A,7.19,20.9734,79.9277
USR_380AE755,A,11.84,B,22.06,B,18.26,D,17.78,B,22.42,C,17.23,A,18.14,B,11.75,A,15.47,B,17.47,29.0382,75.2033
USR_5300C0D0,A,10.44,A,6.81,A,10.76,A,9.99,A,5.21,C,9.77,B,5.19,D,5.04,A,10.61,A,6.11,28.162,76.4163
USR_B401C8E4,C,12.45,C,23.3,A,23.12,B,20.4,D,14.05,B,15.42,B,15.2,D,17.0,C,22.33,A,13.82,21.4199,80.8891
USR_3CE5C98E,B,12.38,B,11.61,C,22.92,C,15.67,A,12.19,B,10.48,C,24.36,A,21.39,B,17.9,C,18.6,28.867,79.179
USR_93CDBE55,C,14.29,A,19.63,C,17.48,B,22.99,B,11.97,B,12.08,B,17.2,C,13.79,B,21.3,A,17.8,28.0657,78.5461
USR_E66F180F,D,12.16,C,12.06,B,19.56,A,12.42,D,21.89,B,15.95,B,10.43,B,19.19,B,12.03,A,11.15,11.1683,78.9291
USR_A7CF7C6C,B,11.87,B,5.02,A,11.45,A,9.38,A,6.42,A,9.5,B,8.27,A,8.45,A,11.06,A,5.44,27.8458,81.9822
USR_00E16DD4,C,12.27,A,39.62,B,10.77,D,13.7,C,37.96,B,25.66,D,18.65,D,30.43,D,36.02,C,20.67,20.9885,71.6312
USR_0E6CB64C,B,34.98,A,26.31,A,10.3,C,5.39,C,21.48,B,22.94,D,30.11,C,32.2,D,20.76,D,6.78,22.1578,79.1441
USR_F7E83B1C,A,12.16,B,10.39,D,10.58,A,18.27,C,10.61,C,17.0,A,23.3,B,18.48,C,11.09,B,10.08,26.7712,82.2293
USR_D7698966,D,3.57,D,12.17,B,34.12,B,37.03,C,20.36,B,15.56,B,5.18,C,22.94,B,5.57,C,11.25,27.24,79.0313
USR_AC00F5F4,B,23.0,B,16.17,C,17.83,B,21.77,C,12.87,C,16.68,B,12.1,B,11.78,B,12.14,B,22.78,11.3952,76.3185
USR_B28BF73D,B,14.22,B,10.36,A,19.32,B,11.77,B,16.94,B,16.29,C,11.79,C,23.69,D,12.16,B,18.05,30.33,76.9662
USR_B83F5675,C,17.96,A,14.72,C,17.24,B,10.2,A,23.14,B,18.03,B,19.54,A,21.59,B,21.45,B,24.5,18.0503,74.3826
USR_06C584B3,A,21.68,C,13.02,C,21.85,D,12.89,A,17.43,A,17.71,C,19.18,C,12.81,D,22.69,C,22.22,21.1202,80.8422
USR_35DECD64,A,5.31,A,10.42,B,11.69,A,8.47,B,6.16,A,10.79,A,11.75,C,10.58,A,8.27,A,9.2,17.8851,73.5051
USR_03140223,A,5.48,B,6.57,A,11.84,B,5.28,A,10.66,B,10.56,A,5.33,C,10.18,A,9.28,A,11.28,11.4305,76.4376
USR_29F8B5DB,A,10.47,A,7.72,A,8.45,A,11.6,C,5.55,A,6.46,A,5.72,A,8.8,A,11.11,A,8.44,13.8617,78.2313
USR_F05A6F6C,B,13.91,B,18.8,B,20.32,C,20.35,B,23.19,D,19.45,B,10.19,B,13.98,B,12.4,A,19.55,28.5728,81.6898
USR_9FB366F4,C,39.13,A,38.49,D,6.61,D,16.37,D,37.36,B,33.61,D,11.36,A,26.84,B,2.52,B,26.8,23.9105,79.4961
USR_D0E29DC8,B,13.78,B,23.97,C,21.84,C,15.32,C,15.42,A,24.3,C,10.79,A,11.21,B,11.36,B,10.94,22.0813,78.0565
USR_A78F31DE,A,13.09,C,23.14,B,19.24,B,17.66,B,22.62,D,10.86,C,18.49,A,20.21,C,24.53,A,22.83,11.8478,77.5253
USR_C5C89CBB,B,15.38,B,24.52,A,15.8,D,18.57,C,19.56,B,22.62,A,10.61,C,17.91,A,22.87,B,13.71,19.0562,74.5824
USR_75AD7032,B,14.84,C,20.23,B,20.04,A,23.79,A,24.12,A,21.69,C,16.6,A,14.83,B,14.79,B,11.45,12.8449,76.2576
USR_19494224,A,23.67,B,19.6,B,11.22,B,16.14,C,10.56,B,11.17,B,15.34,D,23.9,A,10.21,A,24.27,21.267,80.7263
USR_2A7CADB3,B,22.02,C,21.92,D,21.39,B,21.03,B,23.61,B,17.65,B,16.24,A,15.55,B,19.95,A,20.83,12.1647,76.0098
USR_57A2DEE3,B,9.8,A,6.78,D,7.63,B,7.87,A,10.01,A,5.5,B,5.92,A,5.5,A,10.95,A,7.62,25.5373,80.2225
USR_036ABC6B,B,15.14,C,15.77,B,12.71,C,22.41,B,22.25,D,15.2,A,17.82,C,10.2,B,20.34,B,11.2,30.2877,77.3007
USR_7DF2672F,A,8.56,A,8.53,A,8.88,A,8.22,B,10.44,A,9.76,A,7.96,B,10.91,A,10.55,A,8.03,27.4083,78.1145
USR_C6A8CC1F,B,14.12,B,10.13,B,20.62,C,20.55,C,14.53,B,19.9,A,21.47,A,10.09,C,11.87,A,23.09,27.0219,80.1882
USR_88DA5DA0,A,11.69,B,21.29,C,17.12,A,22.19,B,18.72,C,12.13,D,12.9,C,16.88,A,10.32,C,16.17,25.653,82.6153
USR_74F4BF04,A,11.69,C,22.21,B,12.08,B,19.31,A,24.36,C,14.93,C,17.81,C,21.25,C,22.08,B,11.59,27.886,81.2428
USR_C3DC1364,A,19.2,B,16.97,C,15.08,B,22.67,A,20.66,A,23.9,B,10.11,B,11.23,B,20.99,A,19.56,12.8222,77.2139
USR_59692B38,C,22.61,A,10.81,D,20.93,C,26.18,D,13.28,C,18.54,D,11.52,A,26.55,C,10.16,C,36.71,18.5663,72.6676
USR_EF13AF9D,B,8.56,A,7.37,A,10.72,B,7.18,A,8.05,A,11.04,A,9.61,A,11.37,B,7.48,A,10.83,13.6589,78.1002
USR_E4370F02,B,19.36,C,12.64,B,17.69,C,14.64,A,16.2,D,16.59,B,11.53,C,13.15,A,16.78,B,17.58,28.6453,76.374
USR_EF4EC114,B,22.65,C,21.39,C,17.34,B,23.23,C,17.37,C,21.05,B,12.58,B,17.81,B,18.72,A,10.79,18.2572,72.1377
USR_AB7CDD41,C,29.64,D,39.91,B,20.47,D,20.32,C,12.94,A,11.81,B,29.76,C,20.57,C,5.25,A,25.83,14.2114,78.2838
USR_1454960D,C,5.53,A,9.6,B,6.15,A,7.61,B,11.52,B,8.67,B,10.3,D,9.58,B,11.3,A,5.23,22.111,80.8602
USR_D93B1BAE,A,17.39,C,23.01,B,23.57,B,14.61,B,24.95,C,18.21,B,22.43,B,17.49,B,11.97,C,11.83,28.4584,76.0085
USR_75726779,B,23.01,B,15.52,C,20.86,C,20.91,A,13.46,A,19.78,C,23.48,B,21.38,C,15.47,A,12.41,24.3767,79.5078
USR_52FA8944,A,11.31,A,6.94,A,8.27,A,7.65,A,9.31,A,10.38,B,10.68,A,7.99,A,7.95,A,9.15,20.8144,71.3744
USR_9E4A89E9,C,14.24,A,12.98,C,19.6,B,17.64,A,12.02,A,17.13,B,18.55,A,17.95,B,18.73,D,16.51,22.005,78.7557
USR_111C8285,B,23.14,B,13.69,B,17.26,B,15.01,C,13.64,B,12.95,C,16.79,A,16.74,B,20.95,B,23.71,29.8579,75.7074
USR_4CBF5D97,A,13.66,D,10.16,B,24.62,C,17.98,A,15.42,C,24.57,B,19.95,B,13.67,B,23.36,C,20.96,20.056,74.1346
USR_EA931E53,B,23.5,B,19.77,C,13.72,B,12.11,D,14.94,A,13.16,B,21.14,B,24.77,D,19.79,B,15.22,19.9832,73.2719
USR_F3AA2827,B,17.96,A,24.53,A,20.15,D,21.26,C,23.62,C,12.88,C,24.5,C,19.66,B,18.26,C,10.68,27.4737,81.2314
USR_92A71589,D,10.99,A,24.71,C,22.37,B,17.05,A,13.25,B,17.68,D,13.83,D,15.24,B,19.18,B,14.64,17.5673,74.5175
USR_030D492C,D,29.22,C,18.26,B,24.11,A,25.05,D,16.4,D,24.15,D,14.86,D,31.81,D,11.82,C,33.95,12.0585,75.6568
USR_71DB518F,A,9.05,A,8.36,D,9.12,B,9.19,D,5.22,B,9.51,B,9.17,B,10.44,A,6.1,C,5.3,14.0474,77.9923
USR_3D833AA4,A,10.34,C,11.81,D,11.3,A,6.67,B,8.45,A,10.4,A,11.41,A,7.46,C,7.28,A,5.05,14.9658,79.319
USR_19F497F4,C,17.97,B,13.12,B,21.94,C,15.09,A,18.33,B,18.01,D,23.11,B,15.21,C,20.98,A,20.06,26.7485,78.2008
USR_78C1F41B,D,23.85,D,34.51,B,2.34,D,24.63,D,33.69,B,36.24,D,2.66,B,22.05,D,34.85,B,39.36,17.5179,72.7257
USR_DA5FCBE0,A,11.37,B,11.39,A,8.48,A,5.52,A,10.86,A,7.2,A,10.91,B,6.78,B,10.51,A,10.13,17.8356,73.4267
USR_27A1999E,C,16.67,B,24.17,A,15.38,B,14.87,B,19.92,D,21.16,A,16.29,C,17.21,C,15.96,A,15.07,27.72,82.06
USR_972F8D57,B,17.23,D,24.17,C,12.91,D,14.99,A,13.8,C,38.8,B,18.28,B,19.1,B,38.61,D,10.5,21.5496,80.6991
USR_6F586980,B,18.52,C,17.23,B,23.37,B,11.62,A,21.27,B,22.97,A,12.85,B,13.94,C,22.67,B,22.12,23.4747,77.4924
USR_36C38B2B,B,2.13,B,18.01,B,10.92,D,8.57,D,26.91,C,26.05,C,6.49,D,13.16,C,18.77,D,13.36,18.3176,71.6703
USR_C775B453,C,21.25,C,10.92,A,13.04,B,20.92,C,23.28,A,16.47,A,14.35,C,18.16,A,13.75,A,15.71,25.9666,81.0277
USR_47A8E258,B,37.18,C,28.06,D,19.13,B,15.88,C,19.52,A,33.7,C,30.16,C,34.57,D,8.15,D,21.79,13.9029,78.8263
USR_89C096A9,B,16.8,C,11.02,B,16.15,D,24.67,A,19.65,D,24.78,A,12.07,A,11.47,C,17.96,A,12.27,21.9432,80.3485
USR_A1E1E8DB,A,8.97,B,5.06,A,8.51,A,9.03,B,7.33,A,9.75,A,6.55,B,11.3,B,5.66,B,5.14,28.7403,76.8856
USR_9AE13769,B,15.26,A,17.02,C,18.93,B,24.87,B,14.6,A,13.88,C,11.17,B,24.55,A,24.84,D,10.98,26.5801,79.3157
USR_734B5334,D,12.84,B,13.12,B,11.53,A,17.86,A,10.45,C,13.34,C,14.49,A,22.78,A,22.45,B,12.94,23.7932,77.1942
USR_AD99CDD7,C,26.05,D,35.19,D,36.83,C,4.25,D,4.16,B,11.83,A,13.0,B,7.17,D,29.76,C,12.68,25.1216,81.9028
USR_8FAE9A54,B,5.61,A,6.82,A,10.64,C,11.15,C,10.0,A,11.0,B,10.43,C,8.05,B,8.17,A,10.07,27.1912,80.4818
USR_24DA692F,D,17.91,B,18.92,B,11.33,B,17.04,C,24.37,A,10.32,D,20.08,A,15.28,B,16.01,A,17.12,23.658,77.8501
USR_20461C6D,C,13.83,C,20.63,C,21.01,A,16.4,B,20.54,D,12.87,B,22.43,D,10.04,B,24.49,B,22.81,18.2303,72.082
USR_928A3F0C,B,11.49,B,14.42,A,11.4,C,20.31,C,20.36,D,16.52,D,12.12,C,22.93,A,12.45,B,10.19,22.903,79.9004
USR_23E4FD02,C,20.71,B,22.87,B,13.98,B,18.3,B,19.71,B,15.9,B,18.01,A,12.85,A,10.38,B,10.31,24.5778,77.6663
USR_A93DFB85,B,21.77,B,12.0,B,21.09,D,11.74,B,17.83,C,20.11,C,18.31,B,21.64,A,18.64,A,16.07,29.6608,78.1297
USR_E2F05C7C,D,29.5,D,37.97,A,10.93,C,31.69,C,30.06,D,6.76,D,13.41,C,22.03,C,15.71,C,18.57,21.4179,79.3692
USR_C0761E3E,C,21.25,B,24.52,D,37.36,C,30.43,B,21.88,B,24.98,C,14.03,C,29.37,A,22.52,D,37.57,23.6471,79.1102
USR_42174F95,C,21.82,D,24.56,B,19.74,B,13.69,D,21.25,B,11.14,A,20.93,B,16.99,D,14.37,C,23.43,21.3215,79.1646
USR_2032801D,A,6.38,A,11.76,D,10.6,A,8.65,A,9.32,A,10.25,A,7.78,B,10.18,A,11.59,A,7.63,13.9788,79.3187
USR_31394A39,A,8.55,A,9.45,A,5.84,A,11.48,A,6.15,A,7.84,D,6.98,A,9.64,A,5.96,A,11.37,24.3972,78.7992
USR_56B4930B,D,19.9,B,16.98,A,11.88,C,16.21,A,13.56,C,24.99,B,22.34,D,11.1,C,18.84,C,13.22,28.0367,81.7105
USR_CF55854B,D,23.53,A,23.35,A,13.82,A,10.73,C,13.94,A,18.67,C,12.11,A,17.34,A,14.01,A,22.64,30.5221,79.0582
USR_F38227C5,B,16.34,B,20.89,B,16.24,B,10.12,D,19.18,B,24.79,C,12.93,D,24.36,C,16.68,C,23.78,24.9266,81.1916
USR_A76F34CC,B,17.63,B,23.06,D,13.76,C,22.58,C,11.5,A,20.67,C,19.92,B,15.07,A,10.09,B,22.85,30.589,75.8237
USR_CC4580C4,B,21.07,C,13.5,A,12.98,A,13.25,B,22.91,C,23.89,C,15.08,B,12.66,B,20.7,B,17.22,25.3454,81.7715
USR_02534715,B,11.59,D,23.65,C,23.35,B,21.19,C,12.88,A,12.19,C,17.33,B,13.13,A,11.14,B,20.68,26.995,77.4582
USR_DD2C58A1,A,7.72,A,9.69,A,6.69,A,7.2,C,8.37,A,5.66,D,9.7,A,11.25,A,10.65,D,6.81,20.9148,73.8735
USR_171BD73C,A,5.74,A,9.28,A,6.08,A,11.71,A,6.27,A,8.19,A,10.85,C,11.11,A,6.29,A,5.49,21.817,79.9396
USR_6BFB9ADA,A,11.95,A,5.02,B,6.54,A,11.53,B,10.34,A,9.66,C,7.68,A,9.1,A,9.55,A,6.59,13.0705,76.7048
USR_16B3EE13,A,11.97,A,10.58,A,11.85,A,7.64,B,7.22,A,6.61,A,11.05,A,9.27,A,5.22,D,7.32,22.522,80.8657
USR_404B5EAB,D,33.51,A,17.29,B,25.29,D,29.3,D,5.63,A,34.22,B,3.09,B,5.72,C,12.81,D,22.98,21.3669,77.7762
USR_0E984E50,C,16.47,A,13.83,A,10.24,A,13.65,C,16.37,B,11.63,C,15.84,B,21.82,D,16.07,B,24.74,11.9051,78.8357
USR_D6FB34AF,B,36.45,A,17.41,D,13.2,D,25.66,C,18.37,D,25.6,D,26.31,D,11.88,D,35.08,C,39.85,23.7596,79.5537
USR_0CC982E7,B,20.65,C,23.52,B,24.45,C,10.08,B,21.66,D,20.56,C,18.81,A,10.04,A,11.99,D,15.03,27.9028,79.147
USR_BC37CC8A,C,20.24,C,24.11,B,14.16,A,12.1,B,22.1,B,11.96,B,13.44,C,23.08,A,11.17,B,19.79,28.8204,77.2538
USR_5782DBC6,C,15.97,B,24.01,B,12.62,A,17.96,B,10.67,C,22.24,A,14.81,C,16.22,B,13.6,B,17.49,14.5842,79.4476
USR_3779DF26,A,20.51,D,21.75,B,27.9,C,3.91,D,31.83,D,34.38,D,12.54,D,25.3,A,5.83,C,15.07,30.1716,78.2742
USR_64F7B5F7,B,11.55,B,17.66,C,20.27,A,17.58,C,15.77,B,12.04,B,10.15,B,12.78,D,15.43,B,11.96,21.0584,80.8282
USR_5E6439CD,B,24.11,D,11.03,C,21.65,A,19.48,D,16.34,B,22.05,B,20.31,B,16.5,A,17.47,B,23.72,22.9112,79.7769
USR_15BF3899,C,18.52,A,22.05,A,23.42,C,17.07,B,11.42,B,14.95,C,13.58,C,21.62,B,14.04,C,12.05,14.1951,76.1965
USR_E8E551D5,B,23.6,B,10.52,C,13.32,A,19.26,D,19.44,B,14.4,B,15.43,B,22.11,C,10.9,A,20.4,19.51,73.5418
USR_A63F7DBD,A,11.71,D,9.07,A,7.72,C,7.3,A,7.91,A,10.33,A,11.76,A,6.42,A,6.31,A,5.63,21.4257,77.1882
USR_841AC849,A,11.98,C,22.31,A,10.37,D,10.65,B,10.54,B,24.6,A,11.92,C,23.13,A,16.62,B,18.16,26.6854,75.6271
USR_D9F4F0ED,A,20.64,C,16.94,C,11.8,B,21.46,A,10.58,C,23.16,C,11.24,B,18.09,C,20.22,A,12.43,30.3264,75.6138
USR_9C6BCAF2,A,21.84,D,13.9,A,12.86,B,21.69,A,11.26,D,24.79,C,11.43,A,20.22,A,10.5,A,20.12,28.5504,79.7248
USR_141BD3E9,A,10.13,B,13.48,B,11.24,C,24.81,B,15.91,A,24.85,C,20.16,A,23.8,B,11.22,C,18.94,19.3534,74.6161
USR_68BE2E6C,C,14.14,A,13.32,A,14.32,D,11.39,A,17.03,A,18.73,B,12.22,B,23.89,B,18.32,B,21.24,14.6495,76.5531
USR_D070727B,C,20.44,A,19.11,D,21.58,B,19.59,D,20.23,A,23.69,D,22.55,B,20.18,A,13.87,C,20.76,26.6349,76.1887
USR_FF977D2F,C,12.58,B,23.08,C,17.46,B,20.2,C,19.35,B,17.35,A,12.24,A,23.65,B,13.76,B,18.0,18.0473,72.1514
USR_4057BC6B,D,17.32,B,18.28,B,15.9,B,22.09,D,10.5,B,23.84,B,13.72,D,12.76,D,22.07,B,24.35,20.8919,73.0461
USR_E9A73B9F,C,24.45,C,12.12,A,16.2,B,19.21,A,11.2,A,16.3,C,23.12,A,18.07,C,13.47,D,14.47,20.9471,70.9839
USR_31EF94F9,A,17.35,A,18.59,A,10.34,D,20.85,D,22.11,B,24.81,C,21.91,C,24.77,C,24.88,D,20.1,23.9363,79.1002
USR_3D06DAC1,B,10.69,A,19.22,B,22.42,C,10.05,B,19.37,A,24.22,B,18.68,B,24.38,B,17.8,B,24.26,28.5309,78.4115
USR_DC179535,B,24.94,B,18.87,B,15.89,C,16.88,A,14.37,C,15.39,C,24.82,D,21.3,C,14.94,C,17.15,26.843,81.383
USR_F29F08BC,B,21.77,A,22.83,D,12.13,A,21.8,B,13.53,D,20.96,B,13.42,B,17.44,B,12.31,C,23.63,19.6352,73.6222
USR_FADB04F0,D,18.87,C,32.08,B,24.25,D,24.71,D,3.71,D,35.32,B,31.74,C,37.01,D,26.56,B,30.19,12.1013,78.3538
USR_ACA544A0,A,14.8,D,21.94,C,18.9,D,15.63,B,12.61,A,13.06,B,15.44,B,16.0,C,19.71,A,22.31,13.8166,77.7144
USR_CF767358,B,20.85,C,12.52,A,19.7,A,13.53,A,14.69,B,17.9,B,23.16,C,17.36,C,21.43,D,18.09,21.2768,78.8954
USR_67879519,C,3.33,C,8.58,D,38.08,B,36.93,D,11.05,D,2.29,D,16.68,B,39.18,B,17.41,D,7.83,14.7204,76.7759
USR_08872FCC,C,13.88,A,16.96,C,18.2,C,22.8,B,23.93,B,15.56,B,10.22,B,20.75,A,23.62,A,21.56,26.6427,76.9153
USR_9BD3058E,B,21.11,B,19.96,C,18.49,A,18.46,B,20.32,B,18.09,C,16.55,B,20.94,B,22.33,B,24.75,13.8564,78.205
USR_A73B90CE,B,10.74,A,10.35,C,10.56,A,22.43,C,20.37,D,19.72,D,21.93,C,22.54,B,23.54,B,13.69,26.7043,80.193
USR_9B1475E5,C,21.98,D,21.61,A,19.31,D,29.3,C,31.45,A,4.9,D,3.82,B,24.45,D,15.66,B,10.16,21.5274,77.9457
USR_A7F785B4,D,16.67,B,16.21,C,21.11,A,15.8,D,11.38,D,18.87,D,24.81,C,18.88,B,12.27,B,22.54,22.8884,77.7012
USR_231124BD,D,22.53,D,11.48,D,17.8,D,38.89,D,11.95,C,11.42,C,9.12,D,6.21,D,30.22,B,30.26,25.4996,81.4182
USR_F2C0127F,C,15.48,C,19.9,C,24.4,D,24.26,A,12.85,C,11.52,B,17.36,C,16.52,A,22.61,B,13.29,13.4301,75.8218
USR_91213003,D,20.29,C,24.95,D,20.19,B,36.48,B,4.84,C,21.11,D,6.63,C,3.47,B,36.03,D,36.54,20.0068,71.6934
USR_DD10B9DC,C,9.74,C,29.29,D,26.98,C,16.88,A,39.9,A,6.77,D,26.08,A,16.74,C,18.84,B,26.14,23.4835,77.2889
USR_DC00D17A,B,16.0,A,10.8,B,17.9,B,22.71,C,18.28,C,10.99,B,12.18,A,20.82,B,12.38,B,14.99,29.9881,79.0304
USR_725BBF53,A,8.36,A,6.99,A,7.33,D,5.78,A,10.47,A,5.08,A,10.42,A,10.7,B,10.63,A,11.8,21.0759,79.2136
USR_C3A4DFA6,A,17.84,A,23.82,A,11.13,B,24.27,A,21.45,B,10.59,D,24.46,C,16.26,C,17.34,B,23.81,11.9979,75.6814
USR_4FC5626B,C,20.19,A,13.7,C,12.84,B,13.43,A,21.41,A,21.5,C,11.71,A,13.24,A,21.43,B,16.05,20.6781,71.2109
USR_A2B24C27,A,21.73,B,24.69,B,16.16,C,18.68,A,10.61,B,18.7,C,20.22,B,13.3,A,21.25,A,22.64,27.5037,76.5765
USR_3DB97345,B,22.23,A,11.61,C,10.03,A,24.24,B,22.78,A,23.47,A,23.37,A,10.42,B,16.39,C,13.94,11.2426,79.3335
USR_B2E0B0A4,C,21.72,B,23.34,B,20.49,C,20.09,C,21.33,C,23.35,B,13.67,C,21.29,B,11.79,A,13.21,13.206,77.0496
USR_9CBF0DC3,D,12.76,D,17.06,A,13.32,B,22.97,B,15.78,B,22.36,B,12.8,A,16.87,B,15.27,A,10.51,28.0718,80.8469
USR_AF0CAC0E,D,6.64,C,10.66,D,38.26,C,39.49,D,15.26,D,34.25,D,15.64,B,23.28,D,22.34,B,23.77,30.497,79.0866
USR_4063E420,C,20.83,B,19.63,C,13.29,B,19.89,D,22.78,B,11.39,B,23.51,B,10.88,B,13.69,B,13.26,14.5542,78.622
USR_4602B799,C,16.52,B,2.52,B,11.72,C,38.65,D,28.06,C,4.45,D,38.15,B,15.07,B,23.87,B,38.16,28.1951,77.8468
USR_19412948,B,17.99,B,13.77,A,16.73,D,16.44,B,21.56,A,14.67,B,17.36,A,15.8,B,23.07,D,18.21,26.7049,79.6673
USR_A8E7E31F,C,18.82,B,16.1,B,11.16,B,24.48,C,20.56,B,14.75,B,22.16,A,11.03,B,24.28,B,21.03,25.3196,81.6485
USR_F93DFCEB,A,10.43,C,7.87,A,10.17,A,6.55,A,7.5,A,6.13,A,11.07,B,8.11,A,8.9,B,7.06,12.2963,78.464
USR_523AD414,A,11.43,A,10.86,A,6.45,C,9.93,B,6.39,A,9.85,A,8.52,A,5.1,B,10.54,A,6.76,29.1987,76.1371
USR_A93BC242,B,11.39,A,24.29,D,19.2,B,21.7,B,19.24,C,16.77,D,13.4,B,17.39,A,16.92,B,10.64,26.7894,78.0943
USR_72351ED3,C,3.85,B,19.68,A,10.91,C,10.76,C,29.74,A,4.1,C,7.88,A,12.93,B,14.91,A,34.07,27.0144,76.5333
USR_40C0893A,A,6.82,B,6.21,A,6.07,D,11.12,A,5.57,A,7.49,D,8.25,A,5.09,B,9.51,A,5.76,19.2758,74.8065
USR_CD1BE308,B,21.58,B,19.19,A,11.89,A,10.8,B,13.39,B,19.8,A,18.31,B,18.96,B,14.46,C,17.81,29.0324,78.3382
USR_A085103B,C,13.12,C,35.51,D,7.0,C,24.55,B,31.32,B,25.85,B,9.11,D,4.47,C,22.88,D,28.97,28.3231,80.1334
USR_680CBCDF,B,15.68,D,12.24,B,13.74,A,16.99,C,11.18,A,21.66,D,19.44,A,14.95,B,18.88,B,11.97,25.9604,82.9038
USR_87BB2B39,A,5.23,A,11.61,A,7.24,A,9.23,A,6.2,A,5.07,B,11.06,B,8.83,A,7.74,A,7.64,21.0255,80.2433
USR_44374B59,D,28.32,C,35.58,A,3.94,C,31.29,D,18.17,B,28.97,D,25.65,D,15.35,C,28.9,B,13.08,21.3607,78.5524
USR_4EAD392C,C,21.41,B,21.2,A,19.47,B,16.62,A,11.79,C,10.37,C,24.51,B,18.75,B,12.5,B,15.92,25.9735,79.4581
USR_F9778E0A,D,12.52,C,20.94,D,22.11,D,24.39,C,21.17,D,14.96,A,10.82,B,21.67,A,12.42,B,15.75,14.5193,76.9131
USR_FB636989,C,28.73,C,3.9,B,32.78,C,13.41,D,33.02,D,38.87,D,28.0,A,32.5,B,4.56,B,26.52,27.6019,78.2334
USR_F4C32CE3,A,17.63,C,38.35,A,3.04,A,25.15,B,11.35,D,31.89,C,27.7,C,28.3,A,16.78,D,6.3,24.8476,79.6374
USR_0B391CBB,A,6.12,A,11.92,A,10.69,A,7.96,A,11.24,A,11.66,A,7.38,A,8.53,A,6.99,B,9.4,17.6292,73.7815
USR_0CDCF03F,C,31.7,A,13.62,D,14.85,B,14.6,B,37.18,C,35.2,C,15.72,C,32.11,C,2.88,C,18.64,26.972,78.6646
USR_2B7A7D9E,D,10.36,B,23.93,D,14.81,C,24.28,C,18.65,A,13.48,C,17.89,B,24.19,C,17.49,B,24.13,17.7949,71.8664
USR_6D9220A5,B,11.07,A,11.71,D,9.24,A,5.54,B,10.75,B,10.58,A,7.32,A,8.89,A,6.12,A,6.13,14.4235,76.8159
USR_BBC55939,D,13.17,C,19.5,B,11.94,B,16.13,B,17.24,B,10.95,D,20.91,C,17.47,B,24.01,B,19.67,28.4153,79.0741
USR_2527B273,A,22.63,C,18.29,A,13.08,A,17.17,A,19.46,C,10.02,A,24.31,B,10.53,A,21.38,A,15.76,24.8842,80.2114
USR_EF729E58,C,23.12,A,11.7,B,20.61,B,18.57,B,12.44,A,16.82,B,18.35,B,18.02,C,12.14,B,15.04,11.9587,76.5325
USR_AD48AC4F,A,19.05,C,15.43,B,16.73,B,18.92,C,18.48,C,15.11,C,23.81,A,17.18,A,21.28,C,11.44,26.7723,81.9723
USR_FACE23D8,B,23.29,B,24.78,A,14.16,A,13.74,B,23.72,C,22.51,B,12.72,D,10.44,C,20.01,D,20.15,29.199,78.0637
USR_BE690585,A,22.44,A,15.11,B,23.2,D,18.47,B,22.1,B,13.8,B,17.4,B,20.82,A,11.76,C,21.56,23.3921,79.83
USR_B5025D21,D,10.05,C,37.24,C,37.4,D,37.26,A,31.25,B,16.5,A,6.17,D,23.09,C,34.82,C,9.51,24.5793,79.7454
USR_41A9D32B,B,11.21,B,10.55,A,7.95,A,9.14,A,9.95,D,6.58,A,10.25,A,6.89,A,6.42,A,9.23,28.4447,80.5641
USR_4AF04372,B,18.05,B,16.22,A,14.51,B,11.09,A,11.76,C,10.23,B,23.6,D,21.84,B,18.06,C,17.69,21.488,77.2703
USR_3BAD3B2B,A,7.74,A,5.29,A,6.63,A,8.58,A,6.56,A,7.91,A,6.31,A,10.57,B,8.28,A,8.72,17.2583,73.0277
USR_B0526B27,A,5.12,A,11.49,A,8.59,A,11.33,A,9.68,A,5.3,A,10.95,A,9.15,A,9.93,A,6.71,11.2805,79.5488
USR_31D373B1,B,7.84,A,8.84,B,10.31,A,6.5,A,5.28,B,5.65,A,10.56,A,9.2,A,7.46,A,5.87,19.3877,73.9233
USR_D1361635,B,15.95,C,5.28,C,3.51,C,25.1,C,8.26,B,18.02,C,34.91,D,28.17,B,26.14,C,38.03,11.8181,77.4885
USR_8DB5C48A,D,18.0,C,18.27,B,11.31,B,10.86,A,10.7,B,13.43,B,20.49,D,21.1,B,19.47,C,21.8,22.8574,77.1818
USR_8C456159,D,23.14,A,13.14,B,18.24,A,21.98,C,19.56,A,22.16,C,13.59,B,17.53,B,18.8,B,17.22,19.2127,72.2762
USR_DC25FA55,C,13.52,D,11.52,B,22.48,A,12.25,B,18.3,C,15.45,B,20.4,C,10.2,B,20.2,A,13.43,21.537,78.3483
USR_F2EFF725,A,32.92,A,22.77,D,10.69,D,21.83,B,6.1,C,31.51,C,35.36,D,26.27,C,19.11,D,38.15,11.2534,76.9248
USR_B98575AC,A,21.73,B,14.22,C,21.14,A,21.75,A,12.11,B,21.14,B,10.28,C,12.44,D,22.81,A,16.01,14.6136,75.7499
USR_8AF8340D,D,6.91,C,23.17,B,14.44,D,26.32,D,19.28,B,37.62,B,21.23,C,5.38,D,9.56,C,5.57,26.3978,82.6466
USR_DE0A20F6,B,13.38,B,13.6,B,24.07,B,14.49,C,21.68,D,12.92,C,15.17,D,20.91,A,14.15,B,16.11,28.4222,75.5325
USR_014937FB,B,19.46,C,20.19,A,18.58,B,18.74,C,11.15,B,19.99,B,14.34,B,12.21,C,16.4,C,24.08,19.7757,72.3566
USR_26E335C4,A,16.89,B,15.48,B,22.85,A,10.72,A,15.86,B,12.08,A,19.98,A,11.26,A,21.53,B,13.61,12.3035,77.9355
USR_9CB4E157,D,19.81,C,17.48,D,34.54,D,39.94,C,12.26,D,7.08,A,28.41,B,38.75,C,32.93,C,33.33,27.3524,79.912
USR_F97DF487,C,19.72,D,13.26,B,16.64,A,12.17,A,18.86,A,19.85,B,16.44,B,23.15,C,12.97,B,15.59,20.9701,78.1047
USR_0F98765E,B,35.66,D,30.92,D,36.66,D,39.98,D,12.79,A,37.05,D,20.15,D,2.22,D,13.67,D,6.76,28.4289,80.6036
USR_42CFF8FA,C,18.22,B,13.64,C,21.28,C,18.98,D,13.97,C,23.52,B,20.16,B,10.43,C,20.58,B,20.18,20.4881,73.7209
USR_FB6D5E43,A,15.18,B,18.97,A,15.86,D,22.45,C,20.44,B,24.5,A,23.12,B,18.4,B,18.23,C,13.56,13.2928,77.1899
USR_586779C6,B,19.03,D,22.89,A,18.86,B,23.73,A,22.04,B,12.71,C,15.69,C,18.73,D,17.48,D,18.05,23.5251,77.6082
USR_799F2995,B,12.06,C,20.14,C,23.08,B,12.29,B,15.16,B,16.53,C,16.37,B,24.46,C,18.15,B,10.44,24.1873,80.8884
USR_9CEC0A3D,D,38.86,A,30.51,C,2.28,C,35.47,B,28.75,B,14.3,B,4.19,A,23.37,D,31.75,D,25.02,21.1163,80.0763
USR_9BC2FDE9,A,11.22,A,9.52,C,11.97,D,9.2,A,8.12,A,11.06,A,8.67,B,9.57,A,7.14,A,6.23,18.1928,72.6255
USR_C1BBCD5F,D,5.85,A,5.51,D,11.44,A,9.17,A,5.67,A,7.19,A,8.64,A,10.26,A,5.71,A,11.71,29.1648,76.863
USR_2424D4EA,B,7.05,A,10.4,A,7.97,B,7.58,C,7.06,A,5.14,B,9.34,A,11.64,A,6.09,A,5.35,30.4807,78.1992
USR_497E018C,D,12.68,C,14.3,B,10.92,C,22.98,D,16.2,D,12.7,B,19.33,D,11.8,B,18.82,B,10.33,19.4501,74.0994
USR_0EAC17D6,C,31.29,B,17.62,C,34.63,D,31.9,D,37.41,B,7.32,B,23.88,B,17.54,B,33.61,D,37.7,21.1591,81.0337
USR_3A9EC78B,C,9.49,C,36.51,A,20.46,C,28.27,C,2.07,D,12.82,B,4.48,C,28.71,C,19.66,A,21.63,19.0672,71.4292
USR_D0913B31,B,20.99,B,24.71,B,17.49,B,24.84,B,12.68,B,21.14,C,13.29,C,20.23,C,18.73,B,20.94,27.6797,75.6716
USR_D5A3F3A8,C,19.78,C,24.33,B,23.69,B,24.53,B,14.08,A,18.43,A,24.82,C,10.41,C,20.95,B,19.81,28.7099,82.5302
USR_C55E66F1,B,21.66,C,13.33,A,18.27,B,20.83,D,13.03,B,11.05,C,14.26,B,17.66,B,17.9,C,12.71,29.1864,76.803
USR_9E932137,A,5.81,A,10.58,A,6.35,C,7.24,B,9.98,B,7.85,A,7.06,A,5.08,A,6.4,A,7.49,21.7346,79.3552
USR_A23A7BC7,A,5.27,A,11.07,A,7.23,A,11.44,A,6.26,B,8.76,B,9.68,A,7.76,B,7.12,B,6.17,13.3616,77.1956
USR_D48A28C6,C,18.49,B,10.06,B,24.28,B,19.68,C,17.25,C,20.75,B,15.89,B,21.14,B,12.9,B,13.66,11.3766,76.7097
USR_BFBD055C,D,10.6,A,8.24,A,7.64,A,11.5,A,8.88,A,10.72,A,6.42,D,7.21,B,9.77,B,10.79,17.6338,71.1326
USR_517A2F90,B,14.57,B,18.8,B,15.97,B,19.43,C,18.44,B,17.78,A,19.76,B,12.5,D,10.96,A,22.78,28.7856,79.8816
USR_38913CBD,A,19.9,B,10.33,B,14.74,B,17.95,A,11.47,C,14.73,A,24.44,C,21.25,D,22.55,B,24.85,30.0467,75.6594
USR_F123487B,A,11.78,B,23.89,C,17.52,D,24.79,A,21.74,B,12.57,A,15.69,C,12.32,A,16.75,A,16.31,28.2249,77.8
USR_0DD042E1,D,15.75,A,16.94,D,13.43,A,17.02,C,10.63,B,14.87,A,14.61,A,22.8,B,21.66,B,15.07,27.085,82.7786
USR_5BFF9523,B,14.96,B,12.02,A,15.88,A,16.39,D,13.44,C,22.54,A,13.16,B,17.7,B,10.17,A,24.22,14.8073,75.8434
USR_6A2392B2,B,21.94,B,21.85,C,24.81,C,24.02,B,18.54,B,18.13,B,23.2,A,10.82,A,17.01,A,10.36,14.6924,78.9132
USR_436E2A48,C,35.76,B,3.88,D,6.35,D,38.18,D,20.88,C,19.18,B,28.19,C,5.41,D,36.67,D,17.05,19.343,72.8685
USR_66410F69,B,20.65,B,11.0,B,11.45,B,21.15,B,12.5,B,23.84,B,24.04,A,23.09,B,14.45,A,13.46,14.651,76.2904
USR_1BC57BC7,C,16.24,B,14.82,C,13.38,B,20.01,C,15.7,B,19.93,B,13.66,A,24.43,B,13.82,D,22.08,17.2391,72.7468
USR_E02BDD7C,A,27.03,B,10.74,D,4.24,C,31.54,A,36.3,C,18.99,D,21.53,B,38.68,B,27.93,B,18.59,25.7072,82.545
USR_F67E8215,A,9.24,A,5.06,A,8.8,D,6.09,A,7.15,A,10.46,A,11.4,A,11.95,A,10.57,A,8.27,21.6833,80.1963
USR_62698F67,A,14.17,C,13.3,B,22.71,C,21.89,B,22.67,A,13.26,B,19.58,C,10.09,C,22.98,B,18.6,27.1834,77.3779
USR_EC13205E,A,9.56,A,6.1,A,7.98,A,9.86,A,7.38,B,7.3,A,10.83,A,10.44,C,5.63,A,11.08,11.4,77.7622
USR_E2A50B63,C,6.06,B,10.98,B,11.9,A,10.93,A,11.22,D,9.02,A,9.98,A,8.81,A,9.0,B,9.99,14.0964,79.1526
USR_971E0957,B,20.91,C,15.72,B,15.65,A,21.07,D,20.12,C,10.7,A,23.03,B,15.11,C,11.8,D,12.3,12.2178,77.526
USR_36D041D9,A,22.92,C,17.88,A,15.35,B,11.12,D,10.89,C,18.55,D,19.57,D,22.4,B,13.46,A,12.22,22.7261,80.989
USR_A882E5E9,B,6.55,A,11.82,C,11.61,A,6.45,A,5.61,A,10.37,D,11.31,A,10.01,A,10.66,A,8.57,25.7018,82.4179
USR_53ED2F53,B,11.64,C,22.07,B,20.59,B,16.2,B,19.87,A,15.42,D,14.15,B,24.41,A,22.75,A,12.65,23.455,79.1586
USR_B0775EB8,D,8.62,A,11.72,C,9.35,A,8.5,A,11.27,B,7.85,A,7.64,A,8.63,A,5.04,A,11.94,26.3211,79.4732
USR_CF25D68E,D,16.45,A,10.1,B,17.55,A,13.76,B,20.14,C,21.03,D,18.66,B,17.94,B,18.78,C,16.05,27.6807,77.0645
USR_091A8404,A,8.25,B,11.12,D,11.68,A,10.16,A,9.17,A,11.06,A,9.69,A,5.57,A,9.28,A,7.05,29.165,79.0026
USR_CDB51A29,A,22.47,B,20.1,D,17.89,A,20.13,C,10.67,C,12.0,C,10.06,A,11.58,B,19.98,B,24.91,11.1444,76.9244
USR_EEEC9AFE,C,24.76,C,20.64,A,24.81,D,21.72,B,22.75,C,16.34,A,24.31,A,10.75,B,18.65,B,18.02,29.0588,77.183
USR_84242D18,B,13.27,B,24.75,B,14.98,D,18.48,C,20.3,C,12.09,D,19.49,D,19.49,B,23.16,B,12.25,21.4896,79.384
USR_1F9D89BC,B,7.07,B,9.06,A,5.78,A,8.49,A,5.11,A,7.08,A,10.66,A,11.31,A,10.66,A,9.49,21.12,78.1936
USR_F8657752,D,39.58,D,18.43,A,14.36,C,35.63,C,6.36,A,9.49,B,6.62,B,37.61,C,38.44,D,34.68,14.0038,77.6251
USR_2D4F8D50,C,37.96,C,21.17,D,2.85,C,17.03,D,18.1,B,23.41,C,5.23,C,12.77,B,39.22,D,4.61,30.0561,78.6243
USR_61388C6A,D,35.4,C,38.85,D,17.15,D,21.42,D,14.69,D,20.72,D,9.53,D,23.47,D,17.25,D,9.0,29.1973,77.5528
USR_A28CCF7A,D,20.4,A,20.96,B,14.4,C,21.12,C,15.4,C,15.9,B,20.42,B,15.9,C,14.76,A,17.88,22.1743,77.1784
USR_9D634CB5,A,11.34,B,11.39,C,13.38,B,20.54,B,21.75,C,16.81,B,22.56,D,14.36,C,22.1,B,16.33,23.8923,80.7421
USR_3A858A28,A,17.71,B,13.53,B,21.05,A,18.43,C,12.54,B,18.34,B,15.87,A,23.83,A,16.56,B,18.91,22.5519,77.7678
USR_978D8C58,B,11.2,C,10.08,B,7.06,D,8.57,A,9.75,B,6.97,A,9.74,A,8.14,C,11.11,A,10.84,24.8882,80.4884
USR_2B108CDA,B,12.95,B,24.13,A,22.1,B,17.13,B,10.91,B,22.35,B,16.19,B,14.16,D,20.49,A,18.31,13.0202,76.3282
USR_05FB91E0,B,5.18,A,6.26,A,10.41,A,11.52,A,7.02,A,5.18,A,9.35,B,6.43,A,9.53,A,9.74,21.5131,77.1566
USR_1A622AB1,C,13.27,B,22.25,C,24.03,C,10.07,B,19.06,C,18.87,D,23.07,A,18.39,B,14.25,C,15.59,27.8292,75.2623
USR_CA67C3A6,B,17.42,B,22.99,B,22.23,D,21.43,B,11.47,D,13.23,B,10.55,C,13.19,A,19.05,C,17.31,29.5883,78.4213
USR_76EFB3C3,A,17.79,A,15.15,B,20.26,A,11.42,A,13.97,D,18.75,A,10.13,C,10.59,B,22.43,C,16.94,29.3404,77.3136
USR_03F3FB40,D,15.42,B,10.55,C,36.6,C,38.46,D,28.9,B,11.03,D,30.38,D,13.69,C,19.96,C,35.53,21.7096,77.4198
USR_4C8C0D5F,A,21.01,A,18.13,A,10.43,D,11.0,B,11.91,B,18.4,A,12.57,D,21.03,A,21.79,B,12.84,19.6984,72.6411
USR_F239627E,D,5.75,B,11.36,A,9.03,A,9.53,B,9.98,A,10.87,D,6.22,B,7.36,A,9.77,D,7.35,28.6758,81.4047
USR_9EDDEB6D,D,25.15,C,39.05,A,10.9,C,26.52,D,13.98,B,8.18,B,32.57,C,25.9,B,31.1,D,9.71,27.4567,82.306
USR_52B3562C,C,21.54,B,12.2,C,17.28,B,17.26,B,20.98,D,21.55,C,19.61,A,15.87,B,21.75,A,20.19,23.9352,78.8318
USR_A39882FC,B,13.02,C,14.16,C,24.84,B,15.0,C,19.8,B,21.0,A,20.95,A,17.03,B,18.35,B,15.06,11.3363,77.5739
USR_7939E081,B,23.15,B,20.88,C,11.3,C,14.08,B,24.27,B,19.04,B,10.13,C,22.53,A,22.9,B,13.12,11.1534,77.7969
USR_956430F9,B,9.06,A,11.81,A,11.51,A,5.55,A,10.36,A,8.34,A,10.69,B,6.11,A,8.56,A,11.89,22.7092,78.8309
USR_9B8D263C,B,22.2,A,22.72,A,24.02,B,23.69,C,16.36,B,11.41,A,10.08,A,16.52,B,20.5,B,21.36,24.2989,77.7731
USR_C2735F88,B,10.63,B,21.37,C,17.92,B,19.74,B,11.56,A,21.69,A,13.69,A,15.17,D,17.29,D,11.26,19.3178,72.3291
USR_2D67ECB2,B,36.38,A,21.05,B,33.93,A,19.75,D,4.29,D,29.69,A,3.46,B,35.34,B,2.02,A,19.06,12.3392,79.5438
USR_66C4244F,C,19.76,B,15.62,A,24.77,B,18.42,C,16.17,A,12.45,B,19.89,B,15.56,C,14.39,A,20.53,24.8583,78.5227
USR_1ED67898,C,15.18,C,23.91,A,16.13,B,17.47,C,14.87,D,20.49,B,14.01,C,14.29,B,15.5,A,17.37,18.0245,71.8192
USR_743957A7,A,24.63,D,15.17,A,11.33,B,14.91,A,10.13,C,15.09,C,11.64,C,15.04,A,13.02,A,10.33,22.4433,78.6367
USR_D71D7E5C,B,22.36,B,16.88,B,22.86,C,10.1,A,23.92,B,10.22,C,18.21,C,10.05,A,12.32,A,20.31,21.4218,80.8968
USR_5B32B052,B,18.87,C,22.36,B,23.57,A,17.09,A,14.26,D,17.36,C,13.01,B,13.4,C,21.41,A,20.51,20.6733,74.84
USR_7FF40D7B,D,31.67,B,11.29,D,16.5,B,17.99,B,14.12,C,15.77,C,18.3,B,11.62,B,36.81,C,24.41,30.1165,76.495
USR_A041F890,C,28.65,A,23.79,C,24.15,C,22.6,C,28.06,D,25.66,B,34.9,D,10.56,D,11.32,D,6.68,14.6904,77.8227
USR_C04C95AA,A,20.0,C,24.21,D,4.82,B,15.84,D,3.39,B,34.52,B,38.82,D,19.93,D,10.4,A,30.16,19.9457,73.5088
USR_E97FA3D2,B,12.97,C,22.2,B,10.7,B,11.56,C,18.42,B,19.93,C,16.79,A,22.21,C,13.16,D,12.12,18.6067,74.5463
USR_384CFB55,B,13.15,A,21.42,A,10.4,C,14.83,A,18.1,B,19.03,B,17.13,A,22.09,D,18.22,D,11.83,11.89,77.4171
USR_4E1A9B11,A,7.25,A,11.76,A,8.31,A,5.12,A,6.67,A,9.57,B,6.75,B,5.32,A,5.73,C,8.19,27.7802,80.014
USR_61E1BE05,A,10.94,D,8.13,A,11.55,A,10.89,A,5.98,B,11.63,A,9.46,A,6.78,A,7.06,A,7.07,28.9482,77.9166
USR_8E3F34AA,C,21.89,C,15.25,D,21.75,C,13.3,B,22.85,B,14.56,B,20.39,B,10.68,B,15.88,C,24.59,28.4886,76.6893
USR_0BA4F0EC,B,7.18,C,6.06,A,7.33,A,6.73,B,7.17,C,7.84,A,8.39,A,5.01,D,9.59,A,11.6,23.9581,79.4471
USR_98A5A04D,A,2.36,C,15.53,B,8.67,B,28.8,C,20.08,D,31.42,D,33.12,C,13.95,C,23.43,B,10.54,19.7427,72.859
USR_02EE37CA,A,7.56,B,8.22,C,11.26,A,7.92,B,10.31,A,7.35,A,10.62,A,5.15,A,8.59,A,7.6,24.4294,79.0515
USR_9D3FBFD0,A,12.68,B,19.6,C,20.58,B,10.22,B,24.97,D,21.11,A,17.69,C,14.66,B,12.84,A,17.8,28.3797,80.9723
USR_27B7E610,B,20.97,C,13.54,C,36.81,D,24.22,A,20.26,D,7.45,B,12.55,B,12.58,D,18.37,C,9.93,12.2606,78.7568
USR_7DF873C0,B,35.95,B,32.1,B,20.53,D,13.35,C,35.81,D,19.17,C,3.47,D,6.16,B,13.4,D,30.81,28.822,81.9227
USR_B3120809,C,17.36,C,20.45,D,14.58,C,10.86,C,23.14,C,16.83,D,12.93,A,17.12,A,11.74,B,13.71,28.2088,75.4426
USR_AB06946C,A,18.58,B,14.74,B,17.11,B,14.07,A,18.21,B,14.91,B,21.62,C,12.5,A,10.12,B,17.31,25.619,82.2643
USR_732F874A,C,16.27,C,13.17,B,20.33,B,23.22,C,21.05,C,10.43,C,18.45,A,16.8,D,15.44,A,10.32,27.3321,80.7817
USR_E4E6E81D,A,7.63,D,5.41,C,9.31,B,9.74,A,8.47,B,6.85,B,11.27,A,9.99,D,7.04,A,5.55,24.86,78.8709
USR_DC07968C,B,5.94,A,6.76,A,5.49,A,11.11,A,5.63,A,7.19,C,10.49,A,11.21,D,6.29,A,9.45,27.5381,75.8725
USR_9367FD1E,A,18.0,B,13.17,C,22.37,C,21.55,A,16.91,B,16.38,B,15.98,B,15.26,A,10.86,C,24.02,27.0302,81.8187
USR_FE435387,A,23.28,A,18.32,B,19.02,D,23.45,B,13.28,B,13.01,B,14.31,C,10.87,C,18.69,B,13.32,22.8235,80.5712
USR_35531C27,C,16.53,D,32.95,A,9.17,C,30.04,C,17.12,B,6.18,B,7.03,D,22.78,C,34.29,D,4.14,21.1497,77.5547
USR_37223C47,C,17.07,C,13.04,B,16.79,C,11.07,D,17.73,B,16.85,C,13.73,B,24.53,B,15.67,A,19.52,25.9929,81.9308
USR_9363C704,A,6.99,A,11.03,D,7.65,A,5.84,A,11.87,A,9.17,B,9.89,A,11.82,B,11.39,A,5.23,20.0354,74.6712
USR_27CFF099,B,9.24,A,10.06,A,9.96,B,11.45,A,7.54,A,10.5,A,10.44,A,7.07,A,10.78,A,11.43,28.3198,76.8668
USR_BCF4322F,B,15.9,C,14.55,B,13.25,B,23.01,A,19.72,C,19.93,A,13.91,B,10.58,B,20.68,A,15.81,28.0086,77.3173
USR_B7934F45,D,12.65,D,12.65,C,38.04,A,10.93,D,12.7,D,12.29,C,26.22,C,27.75,C,12.43,B,34.61,18.7456,74.4503
USR_11F3FA13,D,21.17,C,23.35,B,19.56,C,15.82,D,16.48,A,10.23,B,21.17,C,18.87,D,24.42,B,21.55,18.9909,72.2119
USR_F964A289,C,23.54,B,14.5,A,22.23,B,14.46,B,17.07,B,18.51,A,18.71,B,10.08,C,11.66,C,17.07,18.6614,73.765
USR_D7674288,C,21.76,D,16.39,A,15.49,C,12.81,B,10.39,A,10.47,D,23.47,C,18.57,B,19.5,B,14.45,26.4918,81.2217
USR_7FE0B04E,A,10.06,A,8.17,A,10.13,A,8.34,A,5.81,B,10.31,B,10.29,B,9.01,A,9.84,A,6.21,14.5877,77.5178
USR_1B47741E,C,29.6,C,28.53,B,9.57,D,31.48,C,38.2,B,37.38,B,19.37,D,2.0,A,16.48,C,31.12,11.8791,78.4538
USR_97B3542B,C,20.82,B,13.59,C,18.68,B,22.33,B,23.03,B,13.98,B,13.59,B,14.71,B,10.54,A,14.01,22.002,77.4405
USR_7B787D63,D,23.06,D,38.02,D,27.22,B,8.26,D,19.49,D,18.94,B,2.96,C,39.98,C,28.91,D,5.47,22.1969,78.8593
USR_A5FB089E,B,14.67,A,22.34,C,14.36,A,20.84,B,21.56,D,23.93,C,14.55,A,24.26,C,11.03,B,22.67,28.5613,78.1625
USR_9E62BCB1,D,28.56,C,13.48,C,31.09,B,4.07,D,11.01,A,27.66,D,28.57,C,25.23,C,3.75,B,34.71,11.1695,76.5108
USR_8B81FA92,D,9.9,A,9.3,A,5.24,A,6.22,A,10.78,A,5.9,A,9.84,A,5.37,B,10.34,A,7.74,27.0583,81.4436
USR_62B17333,C,19.3,B,22.17,D,16.84,C,20.63,B,13.87,B,19.24,B,18.05,A,15.15,A,20.95,C,17.13,27.7118,78.4335
USR_83424497,D,26.02,B,11.17,C,18.03,A,3.81,A,31.21,D,31.95,C,22.38,C,3.32,C,29.52,D,17.88,12.4501,78.5448
USR_2E367951,C,35.99,D,35.76,D,32.65,D,20.17,B,7.31,B,12.52,D,31.64,C,4.01,D,27.23,D,3.79,25.9683,82.0799
USR_F0E59618,C,28.01,D,35.04,C,29.33,B,36.33,C,39.41,D,39.96,C,29.01,B,8.96,C,21.26,D,33.06,14.2089,78.1756
USR_A0D9CE5C,B,35.39,D,15.95,B,29.72,D,37.35,C,29.5,C,35.21,C,34.96,D,24.73,B,32.37,C,20.92,13.3896,77.9299
USR_296E9D99,A,16.41,C,9.58,B,5.14,C,2.03,D,24.78,B,12.51,A,36.29,C,9.66,D,29.61,A,12.95,27.4616,80.0601
USR_48C1F660,C,24.75,C,23.35,B,12.08,B,14.82,A,15.06,C,24.13,A,11.95,C,21.99,B,24.9,B,19.36,18.2787,74.1826
USR_5B9C3645,B,16.08,B,18.23,B,21.82,D,11.48,B,15.62,B,20.66,A,21.82,B,23.7,C,24.86,B,12.69,17.8516,71.3783
USR_F31F8FF9,A,19.81,B,10.15,B,22.68,B,17.52,A,16.36,B,16.51,C,24.8,C,13.15,A,24.75,A,19.86,24.8664,78.5175
USR_172659FF,B,17.11,B,10.74,C,15.8,C,13.94,B,10.58,B,21.82,B,15.68,A,12.68,D,21.7,C,19.88,26.8965,80.4376
USR_47DC8BCA,B,11.41,B,23.4,D,35.35,D,19.1,C,35.79,D,10.61,C,18.04,A,26.13,B,18.72,D,33.19,14.361,78.0713
USR_A845603E,A,12.97,B,21.58,A,21.46,B,11.62,B,22.64,A,23.77,C,12.59,B,21.59,B,14.87,B,10.1,28.4019,77.0075
USR_A02266D2,C,36.88,D,27.53,B,12.55,B,35.17,C,22.02,B,35.41,B,17.19,C,5.17,D,16.64,B,5.03,27.7821,78.3552
USR_23B435D7,D,4.8,A,19.86,D,36.65,C,17.59,C,21.16,B,32.85,A,23.59,C,9.04,B,27.35,C,7.47,23.4818,79.424
USR_9A1012A8,B,12.94,D,14.05,C,23.55,A,18.08,A,22.33,D,10.34,B,10.48,B,15.36,A,19.92,B,20.32,26.6864,78.1438
USR_C9123733,A,15.77,B,20.67,A,21.85,C,23.58,A,16.33,A,18.75,D,21.47,C,21.15,C,22.32,A,14.18,18.4174,71.0475
USR_779D72EE,D,18.07,C,23.34,C,21.64,C,16.05,B,18.59,A,16.0,C,17.93,C,10.44,C,22.93,D,12.68,26.6053,81.4685
USR_9CEF8935,A,9.54,A,7.95,A,6.61,A,5.69,A,11.46,A,6.17,A,7.93,A,9.48,A,9.59,B,9.85,19.794,71.4281
USR_E8D4DA79,C,13.13,A,10.27,A,10.05,A,10.46,C,23.45,C,14.05,A,21.08,B,16.82,C,15.23,B,14.36,20.7152,72.7303
USR_2EF1FEAF,A,24.56,C,22.93,A,16.89,A,23.88,B,17.82,B,21.6,C,12.23,B,21.05,C,17.23,A,15.49,28.6629,75.9922
USR_754DB9E7,A,8.55,A,7.97,A,5.61,A,9.04,B,9.48,B,5.87,A,8.73,A,5.95,A,10.3,A,5.31,29.4806,77.8948
USR_04DA2CE1,C,14.07,B,11.56,A,16.58,B,21.03,B,19.41,B,16.51,C,15.25,B,18.96,B,15.02,C,23.24,12.0606,75.7121
USR_93FBDFD6,B,19.91,A,14.24,B,12.06,B,12.57,D,18.96,C,15.45,B,11.07,A,21.29,D,21.95,B,15.31,14.3716,77.7922
USR_4F4E841D,C,9.95,A,10.39,A,10.18,A,8.14,A,9.4,A,10.21,A,5.79,A,7.76,A,6.74,B,6.29,23.252,80.8401
USR_69A10FF3,A,13.6,C,18.41,B,13.03,B,12.08,D,13.04,C,20.69,A,10.76,B,20.36,C,21.18,A,21.46,20.9996,73.9071
USR_5CD6E605,C,26.66,D,20.98,C,5.85,C,3.33,D,38.51,C,34.59,D,15.37,A,22.44,D,13.29,D,34.99,18.7557,74.8579
USR_DE586828,B,14.94,A,15.85,A,19.39,C,14.92,B,19.43,C,16.49,B,11.8,A,13.93,B,16.47,B,13.33,27.3381,82.4235
USR_1967FDE0,D,19.6,B,22.1,B,16.01,C,21.42,B,11.84,D,13.14,A,11.75,B,16.58,A,16.48,D,14.95,12.252,77.977
USR_4311008C,A,22.93,C,18.1,B,12.81,B,22.8,C,22.59,B,22.19,B,22.95,A,11.29,B,14.22,A,16.08,27.1344,81.5386
USR_14AFB0D8,D,8.83,A,5.34,C,14.8,B,36.45,D,36.63,C,31.09,D,10.1,C,32.73,D,25.37,A,37.33,18.8877,74.1836
USR_09CF0A5C,A,11.21,A,6.73,A,11.76,A,7.71,A,11.87,A,9.19,B,5.72,D,11.75,A,9.45,A,8.25,28.4035,75.6135
USR_63D52DC1,D,2.59,D,16.62,D,37.1,B,6.23,D,36.62,C,35.09,B,37.63,A,26.26,D,34.86,B,8.44,27.9533,80.4558
USR_ACDB5D34,D,18.31,D,6.47,B,9.88,C,26.26,C,36.42,D,11.99,C,33.6,D,35.33,C,36.11,C,10.58,21.0007,79.4723
USR_F1C6D6AC,B,12.77,B,10.65,B,21.06,B,15.1,B,15.89,C,22.04,C,18.52,A,15.93,B,18.89,B,12.48,27.5844,78.0128
USR_F1CB8F22,B,20.69,B,12.2,B,21.93,C,24.11,A,23.6,D,18.23,B,21.25,B,24.73,A,11.73,A,14.81,18.0023,74.0039
USR_FF68D5A2,A,20.32,A,10.78,A,18.38,B,16.74,D,16.63,A,14.63,B,20.95,B,21.55,B,22.37,A,12.02,27.4591,77.7758
USR_22515119,A,18.84,C,11.61,B,24.43,C,16.27,D,23.85,A,17.26,A,17.82,B,15.71,B,12.61,A,19.31,19.2563,73.8446
USR_215D5A6B,C,4.79,D,9.28,C,12.78,A,38.03,D,12.32,D,34.16,D,10.82,D,31.98,A,17.08,D,4.57,18.5815,70.9359
USR_09BBE403,B,7.88,B,7.73,C,5.29,A,8.34,A,9.47,A,9.09,A,9.99,B,8.63,B,6.83,A,10.89,24.8562,80.9442
USR_8A7D8CD7,A,5.13,A,11.25,A,9.63,A,5.96,A,8.02,A,9.33,A,6.15,A,10.49,A,9.02,A,5.07,20.6984,72.5714
USR_CCD19054,C,14.31,C,10.24,D,24.53,C,20.75,B,18.32,B,18.02,C,23.14,D,20.99,C,22.9,A,12.53,12.4219,76.5621
USR_E860DA8C,A,8.61,B,8.13,A,11.44,A,9.22,A,8.79,A,10.72,A,10.58,A,5.19,A,8.82,B,7.09,22.4549,80.1673
USR_0B00E904,B,11.32,A,11.65,B,9.67,A,5.7,A,8.23,A,11.56,A,11.31,B,7.8,A,7.5,A,7.47,27.1276,76.6342
USR_11C39C66,A,11.86,A,10.54,A,5.91,A,9.86,A,6.98,A,9.55,A,7.08,B,7.93,A,10.17,B,5.65,19.3166,74.0557
USR_4512FA7F,B,12.89,B,21.0,D,21.17,D,21.53,B,17.53,A,17.16,C,18.26,D,11.8,B,22.91,D,15.3,19.5632,72.9951
USR_7CE5D43A,C,13.21,C,21.67,C,20.4,B,14.85,A,16.38,B,23.25,D,14.46,D,20.19,D,10.11,C,24.54,29.5371,76.292
USR_FFE02F81,D,4.03,B,30.07,D,20.31,C,24.84,C,21.1,C,10.26,D,32.13,B,2.9,D,11.78,D,5.24,20.573,71.3022
USR_D1ACB5FD,C,11.06,D,10.85,A,20.09,A,22.85,D,19.39,B,23.73,A,11.88,A,19.84,D,18.99,B,21.0,22.0452,77.5292
USR_5FF174F4,D,17.7,C,26.46,C,12.83,C,31.49,D,9.58,C,12.79,C,3.97,D,23.03,D,24.63,D,26.21,11.3805,77.1442
USR_76CF46B0,B,24.27,D,34.6,C,26.99,D,33.93,D,22.04,B,36.63,B,22.08,C,19.18,B,15.31,B,32.41,28.0699,75.9917
USR_B26F5F6D,C,28.53,D,3.56,A,16.41,B,24.14,D,28.01,D,21.41,D,11.69,D,35.93,D,27.88,A,26.36,21.4172,80.7896
USR_8B47D044,B,17.53,C,24.78,A,20.94,A,15.54,D,24.73,C,12.13,A,17.54,A,11.38,D,21.29,A,18.41,11.9191,79.1788
USR_13195CC5,C,15.49,B,15.26,C,19.13,A,23.2,C,17.32,C,11.66,B,15.65,D,15.45,B,20.81,A,19.91,17.1933,72.5333
USR_8B135737,A,7.33,A,11.74,A,6.66,B,6.42,A,8.07,A,11.93,A,11.5,B,5.48,A,6.48,A,8.67,28.7318,80.4151
USR_25CF727D,A,8.25,A,11.48,C,8.67,B,5.05,A,11.25,D,10.09,A,5.64,B,11.19,A,9.19,A,6.08,27.0653,76.258
USR_FD55D1CE,D,3.36,D,10.95,C,38.25,B,36.18,C,36.05,D,39.17,D,6.35,D,31.5,B,34.83,B,33.93,25.9646,81.4369
USR_3FB2AD3E,D,39.68,C,17.3,D,34.98,C,35.32,C,34.76,B,36.56,C,23.39,D,20.59,C,17.2,B,4.51,30.2552,75.5517
USR_5AA64A02,A,9.21,B,6.92,A,9.6,A,7.0,B,6.5,A,8.41,A,9.25,A,7.48,B,8.25,A,7.22,14.5428,75.8535
USR_3884D793,A,6.48,A,6.4,A,5.62,B,8.21,A,10.31,A,5.36,A,11.36,A,8.24,B,10.31,A,8.67,25.0296,80.3246
USR_4D2D74B5,C,20.61,B,10.91,D,20.91,C,17.82,C,20.68,C,10.4,B,22.39,A,19.74,C,16.05,A,12.77,24.8691,80.3217
USR_6A26941B,B,4.26,A,16.33,D,35.17,B,36.25,C,22.62,B,29.15,D,37.75,A,7.08,C,17.76,D,18.56,28.9696,76.5899
USR_164C2C56,B,13.28,C,22.91,C,23.4,C,13.62,A,11.87,B,17.29,B,11.41,B,11.18,A,11.27,A,21.16,27.5586,78.9771
USR_D942226C,B,36.24,B,12.77,B,18.1,A,28.75,D,21.68,D,10.92,D,18.83,D,34.19,D,29.86,C,32.6,22.983,79.987
USR_D463A75D,D,21.92,D,16.04,B,22.3,D,18.87,C,24.96,B,21.55,C,16.06,C,16.39,C,18.74,B,15.7,25.4912,82.6486
USR_21C28EEB,C,17.9,C,10.82,B,22.47,B,10.57,A,23.06,B,22.17,B,12.98,C,12.76,C,18.76,A,10.79,29.4694,76.0534
USR_FF8932B7,C,12.1,C,18.4,A,21.47,B,18.25,C,20.37,B,19.94,B,20.79,C,18.75,B,15.81,B,18.63,11.616,76.5967
USR_440F8E9B,C,5.82,A,31.27,D,7.48,C,37.6,A,38.52,C,35.26,D,29.06,C,35.67,D,29.22,C,9.55,27.0847,76.3695
USR_58215EE8,D,20.22,B,10.49,B,24.58,A,21.54,B,14.03,A,12.31,B,10.26,C,16.5,B,11.37,B,22.76,26.9586,80.3369
USR_706FDC38,A,19.67,A,22.27,B,24.26,B,18.81,B,17.89,B,23.09,C,22.79,C,21.94,B,14.19,B,12.65,18.0252,73.8689
USR_72CD92AB,B,12.88,D,17.57,B,11.13,C,20.2,C,15.48,A,13.51,A,19.42,A,15.31,C,24.74,B,13.27,28.5315,75.6803
USR_CCBAD419,D,14.77,B,22.95,B,15.75,B,23.68,A,12.3,A,13.7,D,18.71,C,17.66,B,19.86,B,23.1,24.4773,80.5844
USR_76E6B827,C,17.46,B,19.88,B,24.82,A,24.06,C,19.6,C,25.0,A,16.32,B,19.66,C,15.71,C,14.05,28.7993,77.4128
USR_A8340FA5,B,21.08,A,12.09,B,10.34,B,19.47,D,20.31,A,17.89,C,21.35,A,24.54,B,21.3,C,16.55,21.0611,79.5516
USR_ACF8F156,B,16.06,C,19.53,B,11.2,C,10.46,C,11.16,A,10.04,A,11.77,C,18.57,B,24.97,B,11.26,26.2501,80.0305
USR_8709D372,B,14.12,C,12.28,A,11.88,A,23.94,D,14.98,C,16.76,B,16.01,B,15.84,B,15.68,B,13.67,28.9451,75.2933
USR_AAA6082A,A,19.76,C,14.74,B,21.56,B,10.86,C,21.09,A,10.41,C,10.63,B,23.57,B,11.36,C,12.06,20.7689,71.5761
USR_6527D837,A,14.63,D,14.69,B,16.44,C,16.27,B,22.49,A,14.97,B,17.71,A,15.32,A,16.39,A,16.67,28.8221,81.1776
USR_A3BB82D5,B,22.07,A,21.99,A,12.89,A,16.46,B,21.98,B,17.32,C,13.38,B,17.45,B,12.77,B,16.78,27.2064,77.028
USR_0ED4DE91,D,39.17,A,35.5,C,4.07,C,11.57,B,29.1,B,7.07,C,5.76,C,8.71,C,6.7,C,11.55,20.9256,73.5378
USR_4DA0EC3D,B,23.71,B,23.61,B,10.36,B,21.21,D,20.34,C,19.95,B,13.71,A,20.01,B,16.19,C,12.54,21.9651,80.6484
USR_2B77247A,B,15.25,A,19.05,A,22.64,B,14.39,A,16.83,B,19.38,B,14.59,D,13.63,B,17.79,B,22.05,18.2614,71.6526
USR_7D80D2F6,C,36.87,C,26.58,B,5.01,C,5.01,D,29.16,D,3.72,C,12.89,D,13.72,D,28.93,C,12.25,17.6661,72.2838
USR_726BD16E,B,7.42,A,7.43,A,6.69,A,10.79,C,11.24,A,5.91,A,8.01,A,6.44,A,5.22,A,9.88,19.1199,73.5379
USR_82B0F5F8,D,38.44,D,15.35,D,16.63,C,37.93,C,31.21,C,35.38,A,10.58,D,14.25,D,15.41,D,30.04,14.8784,75.9244
USR_9B2FB7B3,B,18.03,B,16.73,A,10.65,C,18.16,A,15.04,D,11.49,B,13.62,B,14.2,C,20.85,C,12.71,20.764,73.1309
USR_22453036,C,20.8,C,23.69,D,18.76,C,18.05,B,11.47,B,11.88,B,24.84,B,13.54,A,20.16,A,11.98,28.1694,81.4399
USR_C7D17175,B,23.51,C,24.25,B,20.0,B,10.63,B,13.09,B,14.35,B,10.8,B,18.36,B,16.2,A,11.85,28.2551,78.3905
USR_D3C75E80,B,16.08,B,13.23,C,18.09,C,23.18,B,17.39,B,12.01,C,10.74,B,20.35,C,22.19,D,23.63,30.4421,77.4062
USR_2EE6B07C,B,21.14,A,22.68,B,21.82,B,12.53,B,12.74,B,18.16,B,23.74,B,14.81,B,20.48,C,14.69,23.3856,78.938
USR_E5D69BF8,D,15.35,C,13.67,C,18.68,B,18.42,A,11.14,B,18.54,C,11.66,B,19.03,D,20.74,B,14.66,23.4119,78.0184
USR_72182756,C,24.22,D,24.53,C,15.13,C,18.95,A,12.27,B,15.64,B,23.38,B,21.65,B,19.09,B,23.41,18.2528,74.8689
USR_F8D76CF5,C,11.74,A,10.33,B,19.73,B,23.08,D,13.0,A,19.2,C,17.02,C,19.42,B,14.18,A,12.75,28.2942,78.8044
USR_DF239701,A,10.69,B,8.78,A,6.55,A,8.79,A,5.7,B,9.03,A,5.59,A,5.71,A,9.71,B,10.47,20.6835,71.832
USR_891BFEDF,B,16.46,B,16.31,B,11.65,A,16.23,B,18.14,A,11.48,B,23.8,B,13.98,B,13.18,C,12.96,28.5228,78.9871
USR_EC297936,B,9.61,A,10.27,A,6.03,A,6.95,A,7.32,A,6.17,B,9.77,A,6.67,A,8.6,A,9.09,19.5744,73.9846
USR_3526F98A,C,19.31,C,19.04,B,14.86,A,20.09,B,23.77,B,18.74,C,22.21,C,20.28,A,24.37,B,21.53,20.1245,72.8304
USR_DDB286AD,D,10.69,B,21.65,A,13.26,C,15.55,B,13.34,B,20.29,B,22.48,C,15.47,B,14.62,B,16.1,25.5697,80.5455
USR_7E6FE224,A,11.91,D,14.35,B,20.13,B,15.03,C,23.94,B,14.53,B,12.45,C,14.39,B,17.93,A,14.31,22.5042,80.1058
USR_1AF45AAF,C,10.13,A,20.44,B,17.16,C,15.83,B,16.24,C,16.28,B,22.06,B,18.1,A,11.65,B,16.35,25.7275,79.2049
USR_D6B836FA,D,30.33,C,12.91,B,20.31,C,6.03,C,39.71,D,27.7,D,21.37,C,18.06,D,23.36,C,11.38,27.3115,75.9699
USR_93EA38F3,C,16.31,A,24.45,C,22.12,C,18.46,B,20.31,A,22.54,B,21.71,A,23.66,B,17.29,B,17.24,27.2999,76.1538
USR_18928AD6,C,29.17,B,20.08,D,6.88,B,22.74,D,13.54,D,22.65,D,32.33,D,38.15,D,18.24,D,34.42,13.5626,76.6153
USR_170D0938,C,13.69,C,16.16,B,16.55,B,10.18,B,21.41,B,14.12,A,21.21,D,22.61,B,20.49,A,18.72,20.6013,73.3001
USR_C5C4135A,B,13.18,C,13.44,B,13.27,B,16.49,B,21.92,C,23.08,C,22.43,A,23.05,B,18.54,B,16.53,11.6363,77.8644
USR_EB5B9DAC,C,7.57,C,10.11,A,9.68,A,9.27,C,11.82,A,8.25,B,5.9,A,10.85,A,9.51,A,6.64,30.5893,77.8851
USR_A9D95971,D,25.48,B,9.65,C,37.1,D,38.31,C,21.99,C,20.31,D,8.92,D,18.02,C,16.87,C,35.84,13.7649,75.9412
USR_B086280B,B,6.78,A,6.97,A,7.97,A,6.35,A,5.25,A,7.97,A,7.6,A,10.55,A,5.64,B,8.17,28.0979,82.3537
USR_1C039212,C,13.88,B,11.66,A,23.17,A,17.45,B,24.83,B,13.1,B,18.86,A,23.0,B,23.37,C,12.5,24.3042,79.3775
USR_5A5B4AA8,C,26.44,A,10.77,D,17.54,C,13.76,D,37.11,A,18.93,B,9.23,D,37.41,D,19.69,A,22.08,12.931,76.7007
USR_0EC20BBD,C,21.27,C,13.32,B,12.06,B,13.52,A,23.65,C,12.69,C,12.12,C,17.65,A,19.92,C,20.42,11.5961,77.2595
USR_0251C704,B,17.6,B,12.0,C,15.65,A,22.76,C,18.63,C,16.81,A,21.34,B,24.76,B,23.73,C,14.19,11.9013,79.5892
USR_07F501E4,D,13.92,A,17.26,A,15.56,B,14.01,B,23.87,B,22.89,C,14.23,B,11.71,B,17.34,C,13.36,13.8035,78.7521
USR_7F9A5487,B,19.53,B,16.18,D,15.29,B,11.76,C,10.18,C,11.91,A,22.74,C,15.15,A,19.66,C,14.27,24.5899,77.7444
USR_488F81CD,B,16.63,B,20.38,A,19.57,B,21.31,A,16.98,B,18.23,C,14.73,B,21.31,C,10.05,B,17.05,28.801,78.0776
USR_AB55C86D,A,19.76,A,24.88,C,16.19,C,18.2,C,17.54,A,20.95,B,13.73,D,19.24,C,15.2,D,24.43,23.4804,77.8483
USR_0A6ECCC3,B,11.82,B,11.64,B,23.03,C,11.8,B,11.24,C,23.17,D,12.11,C,22.9,B,14.57,C,11.04,21.8287,79.7932
USR_AF216879,D,38.84,D,5.27,B,33.79,D,8.34,D,31.81,B,38.12,B,21.26,D,24.2,C,13.41,C,28.73,17.9488,73.4696
USR_87B9CDB9,C,9.12,A,26.15,D,17.21,D,28.8,C,2.66,B,11.6,D,19.18,A,22.32,D,19.73,D,38.34,23.623,79.2813
USR_B2861D14,B,19.74,B,10.61,D,16.44,B,22.43,B,23.74,A,22.87,C,10.08,D,20.58,A,18.18,C,24.84,12.5232,79.4708
USR_B7740F48,C,17.95,A,11.84,C,20.16,B,22.36,B,12.57,B,10.82,B,13.25,C,22.65,B,21.61,A,25.0,26.6156,75.9043
USR_1C5C4344,B,15.55,A,12.79,A,16.75,C,16.15,C,23.45,D,13.7,A,10.45,B,14.85,B,16.34,A,18.81,17.2104,73.781
USR_B99526C8,A,16.96,C,20.22,C,15.74,B,23.67,D,14.44,C,23.32,B,17.37,C,12.64,B,12.44,B,13.71,12.8241,79.5359
USR_7EC55C95,B,7.6,A,9.41,A,7.62,A,7.76,C,7.31,A,9.9,A,5.52,B,5.15,B,9.75,A,10.79,22.8094,78.6418
USR_E331C170,C,24.05,C,10.91,B,18.97,B,10.29,A,19.72,C,12.42,A,21.32,A,10.99,A,18.72,D,23.99,25.1718,82.551
USR_1954DBFF,A,6.9,A,9.62,A,11.15,A,7.72,A,8.31,A,11.42,A,10.55,A,9.24,A,7.09,A,7.33,30.5562,78.0701
USR_3C5CC235,D,4.88,D,24.38,D,33.6,A,25.38,C,5.4,D,17.0,D,5.24,C,23.16,B,20.48,C,12.09,28.4895,79.26
USR_5111521A,B,19.33,D,17.45,B,21.71,A,14.18,B,15.34,A,21.71,B,18.42,D,14.89,B,23.45,D,16.91,21.6038,79.7686
USR_8A64CF3A,D,22.79,C,11.31,B,14.03,C,11.68,A,16.02,A,21.45,B,22.44,C,18.91,A,18.84,A,19.23,14.513,77.8215
USR_D44C1614,A,3.25,A,14.91,C,32.95,A,38.68,D,32.1,B,13.62,C,12.44,A,33.09,D,7.34,D,11.2,23.9893,79.6335
USR_CB101080,C,10.56,C,22.73,A,18.21,A,24.21,B,11.85,B,20.53,C,20.95,A,20.81,B,10.49,B,21.99,28.0572,78.7336
USR_B5709B01,B,13.18,B,15.63,D,20.09,C,18.86,B,18.13,C,16.18,B,12.49,A,12.63,A,14.41,D,20.74,19.9278,74.5527
USR_2E801A4F,B,20.24,B,14.98,D,11.12,A,17.2,C,13.48,C,21.1,B,17.41,B,21.53,C,14.56,B,10.41,21.2395,78.5418
USR_1200A227,C,36.49,B,17.83,C,27.08,B,29.08,B,30.47,D,11.47,C,39.12,D,36.33,B,14.39,A,9.13,22.2069,80.6369
USR_0356B809,A,9.28,D,10.62,D,11.41,A,7.5,B,11.24,A,5.43,A,8.94,B,8.88,A,8.98,A,6.4,28.7657,79.1979
USR_B2184B24,D,36.28,A,15.09,C,3.22,C,10.77,D,6.36,A,19.76,C,4.22,C,21.89,C,2.2,B,6.64,13.364,78.2527
USR_184A5DC9,B,12.87,B,22.15,B,18.07,A,10.76,C,21.7,B,21.11,D,20.03,D,21.13,B,12.93,C,11.04,19.3064,72.7161
USR_4B6851DC,C,36.56,D,20.63,C,30.71,A,7.8,C,19.3,D,34.26,C,14.29,D,35.0,D,38.9,D,17.27,14.7279,78.3671
USR_BF18D0C6,C,20.19,C,35.59,D,27.17,B,24.46,C,21.59,B,34.05,C,13.08,D,10.77,C,22.76,C,16.17,24.0397,79.153
USR_8DAB0F23,B,2.17,C,6.75,D,12.44,B,37.13,D,30.82,C,9.86,A,4.46,D,10.35,D,36.64,D,28.59,23.6145,79.4884
USR_94B752E8,A,11.22,A,7.03,A,6.1,A,11.4,A,8.06,A,8.82,A,9.0,A,8.28,A,10.59,A,6.42,27.9229,78.2593
USR_082AE74D,C,10.84,A,20.42,B,21.15,A,13.93,B,20.14,C,14.74,B,18.81,C,23.06,C,12.12,D,20.21,23.3921,77.9752
USR_DCABB513,A,11.49,A,10.8,A,5.62,A,6.89,A,7.96,A,9.07,A,9.58,A,11.23,A,11.95,A,10.52,11.4197,77.2426
USR_B3046DF2,B,16.6,B,16.67,B,18.44,D,17.87,B,13.24,A,10.46,C,13.84,A,22.21,D,17.42,B,15.01,28.9656,76.5479
USR_9E5D2D47,A,11.36,A,8.74,A,10.22,D,9.58,B,9.83,B,10.39,C,11.91,A,8.43,C,9.51,A,5.91,24.3664,77.9426
USR_0EDF858B,C,19.77,B,18.4,A,15.05,C,17.61,A,22.76,C,21.21,B,10.95,C,15.8,B,14.58,C,24.25,28.3291,75.9702
USR_111F69F5,A,8.07,A,6.71,C,11.06,A,10.55,A,8.08,A,6.19,A,10.28,A,10.7,A,11.95,D,5.23,19.6719,74.0302
USR_97B5FE50,A,12.72,C,22.47,B,10.51,A,12.61,C,12.87,A,24.76,C,19.52,C,23.91,C,24.42,A,20.76,17.6356,71.2577
USR_3A77F870,B,9.73,A,11.47,A,11.04,A,6.91,A,9.98,B,6.32,A,6.14,A,10.51,D,9.37,A,9.82,11.7504,78.7181
USR_F4505329,A,6.87,A,11.37,B,11.72,B,7.94,A,10.36,D,9.05,A,7.83,A,10.1,A,7.09,B,7.76,28.6612,82.1056
USR_93A01590,B,6.2,B,10.47,B,8.39,B,11.45,A,8.83,A,6.5,A,5.95,A,9.41,A,10.45,A,8.87,24.3649,79.0601
USR_93854588,A,14.98,B,12.94,A,17.06,A,13.47,A,20.37,C,21.33,A,17.53,C,10.93,A,15.0,C,10.77,29.9417,79.0786
USR_68F40582,B,13.99,B,15.75,B,22.44,B,23.37,B,17.38,B,23.75,B,13.66,B,12.99,A,14.17,D,16.74,20.9589,73.5475
USR_CB4B9698,A,18.62,B,13.72,B,21.38,B,12.5,B,18.62,C,13.08,A,18.66,B,17.08,C,15.11,A,15.2,20.911,78.7245
USR_88DD0547,C,39.55,C,2.41,C,32.42,A,10.5,C,10.53,D,8.94,A,4.85,D,16.43,C,23.62,D,21.87,18.5548,74.775
USR_9ABC3327,A,6.47,A,7.31,A,6.32,A,6.98,A,6.99,C,10.43,A,6.08,A,10.5,A,9.24,D,9.8,27.3297,82.6558
USR_0A181BB9,C,11.6,C,13.93,B,19.11,A,20.42,D,11.77,D,15.86,A,13.03,B,19.46,B,12.11,B,23.9,24.3997,80.3662
USR_59D370C2,C,24.77,A,21.29,B,23.5,C,22.03,C,16.89,C,12.53,A,20.93,A,15.74,B,20.21,D,21.68,27.5962,79.3134
USR_963C363A,A,6.62,D,7.6,A,9.7,A,11.08,B,7.38,B,9.08,A,10.86,B,7.83,A,10.93,B,5.34,24.7346,79.1545
USR_CAD53811,C,19.35,B,24.55,B,20.62,B,17.2,B,15.51,B,24.7,B,13.42,C,18.76,A,22.58,C,24.51,27.5526,75.8703
USR_E65836EA,D,19.79,D,33.92,B,12.52,C,38.69,D,39.53,D,35.44,B,5.42,C,29.65,D,31.89,C,37.65,27.3243,78.9879
USR_0DAF9DE8,D,2.15,C,23.47,D,12.31,D,32.94,D,26.0,C,23.33,D,10.81,A,12.82,B,13.19,C,15.25,20.6746,73.3417
USR_36F97DB9,C,6.41,C,11.52,C,16.6,C,29.81,D,30.02,D,16.95,C,35.62,D,33.85,D,13.27,C,13.12,19.5588,72.6934
USR_537038DC,B,20.98,A,11.4,D,23.42,C,22.44,C,22.84,A,15.67,D,22.52,B,18.49,B,18.53,B,13.25,20.4707,74.3976
USR_BB6C9EC6,B,11.32,C,6.83,B,8.57,D,9.98,B,11.41,A,10.92,A,9.09,A,10.15,A,10.06,A,9.77,22.5945,77.6465
USR_593D7F19,A,36.79,B,23.98,C,6.7,D,25.57,D,13.74,C,9.25,C,39.25,C,29.0,D,16.39,D,2.75,22.813,77.4252
USR_3FB51613,A,6.97,A,10.53,A,6.06,C,6.35,A,8.79,A,6.4,A,9.56,A,11.97,C,7.98,B,10.92,18.9281,74.6289
USR_AD568F94,B,10.04,A,11.83,A,10.92,A,9.26,A,10.72,B,7.66,A,6.49,A,5.69,A,5.72,A,8.18,11.1946,76.987
USR_0FC1C03C,A,13.84,C,12.72,C,13.97,A,22.73,B,16.59,A,20.66,B,18.87,C,21.13,C,14.81,D,20.89,17.6745,71.0338
USR_5D7DA687,C,19.98,B,18.54,C,22.29,B,23.85,B,13.38,A,15.98,A,22.65,C,20.26,B,12.85,A,16.91,27.991,75.5206
USR_5C7A46F5,A,8.56,B,7.15,A,11.81,B,11.16,A,6.94,A,9.31,A,5.39,B,10.8,A,9.22,A,8.04,26.1651,81.4021
USR_052337A0,A,6.75,A,11.57,D,7.54,A,9.95,A,5.19,A,7.64,B,9.0,A,5.56,A,11.37,A,7.06,27.7434,82.6375
USR_3B00B73E,C,12.5,D,5.86,C,3.66,D,38.54,B,16.69,D,14.08,D,8.36,C,33.08,D,12.12,D,5.44,24.4908,77.9034
USR_AED612E2,A,12.85,A,24.75,D,22.52,B,21.59,D,19.87,B,16.84,C,12.31,B,22.17,B,13.25,C,13.36,23.8042,78.6185
USR_4CA10B3C,B,11.68,A,9.63,A,7.29,A,10.76,A,10.06,A,7.0,A,11.86,A,10.88,A,7.26,B,6.56,20.8628,71.9957
USR_8D99A5AC,B,16.4,A,24.76,C,17.31,A,12.47,B,13.66,A,13.69,D,21.48,B,24.78,C,19.61,B,17.33,25.9607,81.4749
USR_E0BFDB46,A,24.56,B,10.08,B,19.37,C,17.22,C,22.12,C,19.57,A,19.85,A,23.79,B,20.88,B,17.96,22.5018,78.5758
USR_F108E0FB,D,32.24,D,35.14,D,32.66,C,38.7,D,19.51,C,16.71,C,33.25,D,11.01,C,21.24,D,30.01,23.7911,77.5727
USR_FDC92046,D,5.23,B,5.92,D,30.04,D,31.96,D,8.36,C,39.49,B,5.66,D,36.58,B,22.64,D,12.75,28.8331,82.402
USR_45FEB20D,C,10.25,B,10.58,A,12.85,B,10.1,C,11.9,B,24.86,A,12.86,B,11.23,B,18.74,B,23.97,14.2514,76.7081
USR_66A90C56,D,19.83,C,18.49,C,22.42,C,21.94,A,17.4,B,12.12,C,24.78,B,23.25,B,15.29,D,16.9,19.3032,72.8644
USR_1ECA0D61,A,8.98,A,11.6,D,9.22,B,8.28,B,5.67,B,7.01,A,7.87,A,10.5,D,6.98,A,9.4,20.4929,72.0851
USR_56E54898,C,23.59,C,22.69,D,22.65,D,20.22,A,21.42,C,18.85,B,13.06,A,11.51,B,14.33,B,10.82,28.9495,76.4081
USR_E11F0142,A,7.12,A,11.37,A,6.48,A,7.26,A,8.19,A,8.14,A,10.05,A,5.39,B,9.15,C,8.87,29.7876,78.9931
USR_3C33C8EA,C,10.81,A,22.15,B,12.78,C,14.44,D,22.06,B,13.17,C,11.97,B,17.63,C,11.13,B,12.52,25.2096,80.2665
USR_E86D1E88,C,20.34,C,18.3,C,15.47,B,21.4,B,15.47,A,21.23,A,14.5,B,13.19,A,19.94,B,20.19,17.5572,71.733
USR_1FADA01A,D,12.54,C,25.53,C,26.16,A,13.02,C,36.31,D,9.73,B,24.95,A,10.21,D,15.06,C,7.92,13.8058,78.6794
USR_B9BEED9B,D,23.28,C,14.62,B,10.28,D,19.37,B,23.3,B,14.62,B,16.71,A,13.78,B,19.83,C,10.78,19.6023,74.2471
USR_E22E3C52,C,21.07,B,14.79,A,17.08,D,18.95,B,19.13,B,13.45,C,24.22,A,18.65,B,16.98,D,13.79,18.0305,71.6489
USR_2B068205,B,21.8,C,22.4,B,21.54,C,24.19,D,15.34,B,24.86,A,11.75,B,20.81,C,10.72,B,11.07,29.4137,76.8541
USR_B4FD2CE0,B,23.65,A,10.33,B,10.19,B,20.98,A,14.19,A,22.52,A,19.5,C,18.64,C,23.78,B,18.34,27.8723,79.7468
USR_6A70B88F,A,6.86,A,5.88,A,9.06,B,7.59,A,7.96,D,7.54,A,11.82,A,11.65,B,10.43,B,11.95,27.5327,78.519
USR_575C3689,B,9.36,A,10.62,A,8.54,D,8.82,B,7.15,D,11.79,A,6.51,A,5.44,B,7.77,A,6.34,21.5285,78.1186
USR_9A908B35,C,13.17,B,13.02,C,16.61,D,14.7,B,19.51,B,21.48,C,19.91,B,23.33,C,18.19,B,21.24,11.8984,78.1339
USR_5C9F48E1,A,9.74,B,11.02,A,6.48,A,11.59,A,10.27,C,5.61,A,9.84,A,6.18,A,11.09,A,10.19,13.7249,77.8492
USR_487E8F30,C,10.57,C,22.78,A,10.47,B,19.7,A,12.44,B,13.11,B,21.7,A,10.8,A,21.42,B,10.75,11.0353,79.0528
USR_03AD77B4,B,11.67,A,18.11,B,10.92,C,22.15,A,10.01,B,17.15,B,21.11,B,14.04,B,21.57,A,16.68,12.0773,76.3162
USR_E9DEFE00,C,15.05,A,19.17,B,12.74,B,22.27,B,20.56,C,19.34,C,22.08,B,11.66,B,12.64,D,15.38,22.1458,79.13
USR_47160B55,C,20.1,C,20.44,B,23.11,B,15.72,B,24.13,A,17.87,C,14.61,B,24.52,B,10.1,A,24.3,30.0808,76.5578
USR_75779216,C,8.15,A,11.58,B,5.36,A,5.32,A,11.55,C,5.24,B,11.63,A,7.19,D,11.22,B,9.41,17.4246,74.5947
USR_64C30003,B,17.16,B,13.91,B,17.29,A,10.51,C,20.45,B,13.35,C,24.46,A,21.59,B,21.21,B,22.1,27.9557,78.0991
USR_02D365F8,A,23.54,A,16.35,A,12.16,C,24.36,A,16.71,B,11.83,D,10.21,B,15.16,B,13.79,B,14.48,19.9365,70.9773
USR_FA55B199,B,16.5,B,20.51,B,11.35,B,16.13,A,21.76,B,18.13,B,23.56,A,24.06,A,10.13,C,13.2,11.6037,76.6189
USR_E4CBE17E,A,23.0,A,12.55,C,13.23,B,10.91,B,13.3,B,24.03,D,22.32,C,16.03,C,19.56,A,24.58,20.9472,72.9212
USR_D28F71C7,B,20.2,A,15.88,B,14.23,B,20.35,B,14.0,A,22.5,A,16.24,C,17.17,A,23.01,B,20.42,26.5344,82.1237
USR_2BAB75BA,B,22.3,A,21.39,C,17.48,B,17.4,A,13.11,B,23.02,B,19.87,C,12.6,B,18.39,D,18.89,22.8171,80.0159
USR_6DE98605,A,17.93,D,18.76,D,16.82,A,14.41,C,17.19,B,20.03,D,19.27,B,17.26,C,18.25,B,19.26,24.5987,80.8298
USR_07DA2771,B,24.72,C,11.11,B,12.74,C,10.71,A,22.37,C,22.84,C,20.67,A,19.52,C,21.22,B,15.46,20.4771,73.2203
USR_135D9B2F,B,8.49,A,5.01,A,9.79,A,6.04,B,8.12,A,11.73,A,8.32,A,7.31,B,7.42,A,11.37,19.9772,74.6257
USR_417A380F,A,9.1,D,6.78,C,5.45,A,7.16,A,6.12,A,5.68,B,5.36,A,11.72,A,6.41,B,6.15,17.2593,73.4121
USR_1DA5BF14,D,28.86,D,8.5,D,23.97,B,11.34,D,3.69,D,13.81,C,16.95,C,29.86,D,5.44,C,14.16,25.7292,80.0421
USR_4FD8EC4D,C,12.1,C,16.12,C,18.85,A,13.57,B,24.18,D,21.61,A,16.28,A,19.51,B,21.05,B,14.28,17.7861,71.4025
USR_60D021C8,C,13.38,C,16.33,B,23.63,B,14.16,C,18.4,B,12.35,B,24.84,C,10.7,C,19.73,B,23.42,28.7988,76.7322
USR_8C196231,D,19.54,D,31.29,C,32.09,A,31.54,B,15.67,C,20.38,B,11.86,D,6.59,B,9.42,C,21.02,27.6894,76.3443
USR_6A1DB849,C,17.02,B,31.62,C,2.8,D,16.1,B,28.91,C,37.33,C,32.49,C,36.73,C,34.32,C,39.83,28.8476,77.899
USR_7153DD3A,A,19.71,B,11.31,C,16.51,C,23.36,B,14.42,B,17.3,B,14.79,A,18.73,B,24.95,D,24.22,17.9786,73.3981
USR_ECA756FA,C,12.8,C,23.52,B,24.47,D,13.55,B,12.83,D,22.22,C,22.98,D,12.56,B,23.43,B,17.06,12.9284,78.3286
USR_C2C665F6,B,24.56,B,13.68,B,14.57,B,20.08,A,21.9,B,22.68,A,22.18,A,14.16,B,15.23,B,17.6,22.4607,77.4734
USR_7E922F85,A,24.68,A,14.89,B,21.54,B,24.96,D,14.77,C,24.88,D,16.53,B,13.94,A,16.35,B,24.82,26.6175,81.1796
USR_1F694DEB,C,12.07,D,15.03,C,24.4,B,24.47,A,16.94,A,20.19,C,14.11,A,19.89,A,15.21,A,22.35,21.7263,78.4926
USR_9F914D53,A,20.39,C,11.54,B,15.59,C,18.09,D,10.14,A,19.67,A,11.18,A,24.47,C,18.33,C,10.88,23.3122,78.3547
USR_1078F0A0,D,15.16,C,17.72,B,21.06,A,23.09,C,14.41,A,15.46,B,23.58,C,13.54,A,10.9,B,13.52,14.9574,76.9179
USR_01CB2D2F,C,14.45,C,23.18,A,16.61,B,20.76,B,21.43,C,11.38,A,17.3,A,23.16,B,11.21,C,19.99,14.0993,78.8587
USR_6518C847,D,34.29,B,10.21,B,6.72,A,16.12,D,2.63,C,35.51,D,27.83,D,10.6,A,26.47,D,18.84,28.2532,80.8951
USR_1592F854,B,12.64,D,15.57,D,23.52,B,19.56,B,20.86,B,11.16,B,10.48,C,24.09,A,23.6,A,19.48,17.507,73.829
USR_08CE6B05,D,2.3,C,17.54,A,10.81,D,38.54,C,16.04,D,14.73,C,9.8,D,14.06,B,33.76,A,7.43,18.189,74.5664
USR_A120F232,D,39.48,D,20.62,D,5.77,D,33.13,C,31.89,D,18.48,B,16.91,C,33.64,A,10.76,A,9.55,21.1897,80.7769
USR_BD0B4DDF,C,19.79,B,13.05,D,17.64,A,16.91,A,17.56,B,14.38,C,11.36,A,12.63,C,16.01,C,20.64,28.1868,79.6682
USR_49DC6BF8,B,18.27,B,24.57,C,22.13,B,16.82,B,21.54,B,20.52,C,22.16,A,12.21,C,12.73,C,22.95,19.4417,72.0907
USR_B43FF1BD,B,17.8,B,10.33,A,11.28,D,14.46,A,14.09,C,14.03,B,15.15,C,23.38,B,10.35,A,15.41,11.8821,78.4019
USR_2DF4F963,B,30.05,C,31.28,B,32.16,B,12.8,C,28.41,C,28.51,C,8.84,D,13.12,B,18.8,B,26.9,12.7088,78.969
USR_8C9C9290,D,17.78,A,10.69,C,21.16,D,35.51,C,10.83,D,36.72,D,9.36,C,21.68,C,9.35,D,14.43,13.3236,78.3777
USR_633ECF54,A,10.01,A,6.34,A,6.75,A,5.16,A,10.85,A,6.91,A,8.26,A,10.23,A,11.69,C,7.27,19.7449,71.6479
USR_2ADD7FF8,B,21.51,B,20.2,B,22.54,B,22.98,A,16.83,A,19.11,B,13.89,B,10.88,D,12.64,B,20.7,12.9354,76.9806
USR_475407B6,C,22.34,A,15.62,D,15.76,C,15.11,D,21.64,C,22.21,C,15.07,C,23.37,A,12.46,B,18.35,20.8715,73.2736
USR_2BC0DB3B,B,19.24,B,22.22,B,13.03,B,17.7,A,11.27,B,10.22,B,12.68,B,24.08,B,10.55,B,20.28,19.1,72.9398
USR_12645196,A,37.7,C,14.5,B,13.34,D,18.76,A,26.91,C,10.06,C,33.49,D,33.13,B,15.88,C,23.31,30.3667,78.9213
USR_61FA2396,A,7.64,A,10.34,A,7.75,B,10.13,A,8.86,B,9.4,B,8.49,C,5.34,A,6.29,B,10.99,17.623,71.0835
USR_2127713F,B,15.69,C,14.26,A,17.91,C,10.65,C,11.48,C,20.06,C,13.58,B,16.39,B,15.19,C,23.16,22.514,79.8465
USR_3FF80050,C,7.82,D,37.85,C,20.62,B,21.67,D,27.23,C,26.53,D,32.06,D,9.09,D,20.42,D,12.62,11.8933,76.4468
USR_8B01C083,A,8.47,B,6.8,A,6.59,C,8.05,B,10.87,A,6.84,A,8.39,A,5.33,A,10.39,A,5.71,21.5306,79.9032
USR_C7D97849,B,10.74,B,17.44,A,16.27,C,21.64,A,24.85,A,24.46,A,17.13,B,15.51,C,24.49,C,13.56,11.4517,76.0907
USR_DE1AF309,B,10.52,A,22.99,C,19.99,C,23.65,A,14.51,A,15.53,B,13.49,C,10.98,B,17.38,B,23.22,27.3573,79.1648
USR_0705E4D0,A,5.48,B,10.26,A,5.64,A,6.53,A,9.89,A,8.78,A,10.19,A,8.34,A,7.04,A,10.99,25.8973,80.7503
USR_22C55F14,C,15.23,C,19.95,B,24.58,C,22.3,C,22.51,C,12.45,C,20.41,B,18.06,A,13.3,B,24.23,18.8819,71.8179
USR_B3CE39DC,A,8.27,A,11.05,A,5.26,B,9.48,D,8.66,A,9.79,A,6.74,A,5.3,A,10.21,B,8.61,28.7008,80.6233
USR_433FA9CF,B,19.55,A,23.39,B,24.68,A,20.28,B,15.79,B,20.11,D,19.13,C,23.46,C,22.7,A,24.56,14.6215,75.9508
USR_3A6A94A0,D,9.74,B,5.53,A,11.71,A,9.23,D,9.91,A,5.4,A,9.47,B,11.55,A,6.15,A,11.15,22.1802,79.7713
USR_63283E8F,B,13.06,B,24.53,A,17.87,B,16.65,D,19.74,B,19.44,C,12.46,B,14.43,C,15.09,A,23.65,20.1361,71.5394
USR_07CB1963,C,18.8,C,24.62,C,32.86,C,31.28,A,36.89,B,27.3,D,34.76,D,7.86,C,15.56,D,21.42,29.4164,79.0949
USR_91BF51B0,A,24.53,C,16.09,B,12.51,C,17.79,C,18.53,A,14.86,C,14.6,B,22.77,A,23.48,C,18.48,17.3372,71.0975
USR_D2795A3C,A,5.97,A,7.8,A,8.05,A,5.62,B,6.1,A,10.49,C,5.98,A,9.89,A,8.86,A,5.6,12.4435,76.3115
USR_A0FB91CC,D,27.23,D,29.86,D,13.97,A,3.67,D,2.31,D,32.76,B,16.46,C,24.88,A,16.75,C,14.87,13.4706,75.9377
USR_832A082B,C,24.69,A,24.12,C,10.24,A,19.41,C,16.35,B,20.31,B,22.43,A,16.81,A,16.59,D,17.33,25.3187,79.1334
USR_0F2CC3A5,C,29.77,C,38.4,C,25.9,D,22.15,D,14.75,B,29.46,A,27.42,B,8.6,D,23.63,D,7.08,18.6517,72.6042
USR_FC208BB3,B,23.35,B,10.72,B,19.0,D,10.28,B,12.8,C,10.51,D,10.42,A,22.32,C,16.7,B,22.52,24.5505,80.8032
USR_FB46F937,D,14.12,B,23.86,C,29.39,D,30.24,D,25.98,C,39.67,C,36.73,C,30.5,D,20.6,D,2.61,27.0408,81.345
USR_3CC89D5A,B,13.9,B,21.68,C,20.82,A,11.11,B,10.62,B,14.14,B,18.72,C,17.41,B,10.81,A,13.84,26.2786,80.0437
USR_1FFE91B3,A,9.3,D,6.5,A,5.14,A,10.33,D,10.12,A,5.62,A,5.04,A,8.45,B,11.89,A,5.85,29.2815,75.564
USR_146F5560,B,18.12,B,22.82,A,13.87,C,11.63,B,20.2,B,20.8,B,17.07,B,17.57,C,22.68,D,13.37,24.6861,78.8628
USR_0CFCA7D2,B,21.08,A,23.92,C,13.16,A,24.6,C,18.43,C,18.82,C,17.84,B,10.55,B,13.29,B,18.83,28.3034,80.4595
USR_6BEB2862,A,9.81,D,5.77,A,6.08,A,5.16,B,5.21,D,6.82,A,10.09,A,10.77,A,6.13,A,7.9,23.4408,79.3534
USR_E55B6275,B,21.59,B,20.42,C,11.13,B,15.13,D,15.52,D,23.85,A,21.81,B,22.55,B,21.96,C,13.93,29.2436,76.9709
USR_72D3B18E,B,24.05,C,14.07,B,13.29,D,21.73,A,19.02,A,17.81,B,20.46,B,16.8,A,18.82,B,24.46,28.403,81.2964
USR_1F5B06ED,A,7.21,A,5.11,B,6.4,B,10.74,A,11.45,A,10.33,A,5.81,A,9.78,A,10.58,A,6.76,30.0724,76.2956
USR_A0FB8D22,C,35.31,A,23.68,D,26.46,C,25.71,B,36.58,D,29.05,D,30.04,C,34.87,D,34.8,B,15.33,18.7325,72.3728
USR_DBD11681,B,10.1,D,9.5,B,7.25,A,9.8,B,8.23,C,8.34,A,8.13,A,10.56,A,9.4,A,9.02,28.18,76.2121
USR_0795397B,D,14.08,A,15.29,B,17.72,A,22.31,A,17.49,A,20.63,A,18.01,B,24.06,C,24.37,B,12.69,22.3292,79.4577
USR_6484EF0F,B,11.58,A,5.15,A,10.34,A,11.38,B,10.68,A,7.7,B,6.86,A,7.72,A,10.56,A,9.14,29.1465,77.3576
USR_A3117749,A,16.38,D,8.49,C,21.64,B,25.94,D,9.23,D,8.92,C,23.31,D,32.68,C,2.54,A,37.31,18.5052,73.3085
USR_3FB18870,A,10.2,A,9.92,A,8.02,A,8.2,A,10.42,A,9.85,D,6.89,A,11.37,D,11.38,A,6.72,29.3005,77.4825
USR_D21B68C7,C,15.92,C,15.65,B,22.47,B,17.39,C,11.24,B,14.87,C,11.3,C,13.95,A,14.34,B,15.14,22.7952,77.8298
USR_98BBDB65,C,15.97,A,18.21,A,12.22,D,19.36,C,15.63,C,16.9,B,19.36,B,17.57,C,21.23,C,16.41,21.0608,79.458
USR_9F00BA63,B,8.57,B,6.9,A,5.16,A,10.99,A,6.36,A,10.51,A,6.47,A,7.6,B,6.3,B,9.02,27.9589,79.485
USR_3618E21D,B,10.09,A,11.17,B,21.09,D,19.22,D,18.59,C,13.81,B,17.05,C,15.3,C,12.79,C,20.35,19.1512,74.1326
USR_93817DBB,B,17.58,A,16.4,C,24.66,C,12.98,B,20.15,A,20.05,C,23.39,A,10.43,B,17.48,B,14.57,24.5639,79.3655
USR_870BDBCB,B,18.11,D,22.87,B,14.23,C,20.57,C,12.56,C,14.81,A,10.37,C,10.41,C,18.87,A,12.83,18.1239,70.995
USR_0B6F609A,A,5.24,A,9.93,A,5.61,A,11.72,A,5.97,B,8.04,A,6.26,A,10.54,A,9.42,A,9.28,25.8465,79.987
USR_90E73732,D,16.17,C,20.84,D,11.7,C,15.81,C,12.45,C,2.59,C,32.95,D,31.55,C,20.34,D,26.5,25.8592,79.3062
USR_BA439494,B,38.68,D,35.63,D,6.04,C,14.19,D,29.27,D,34.37,A,20.87,A,18.81,C,12.2,D,20.77,28.8,79.7408
USR_B9D7A634,C,17.97,A,23.95,C,20.3,C,20.28,C,13.91,B,22.77,A,18.07,B,10.21,A,14.66,A,16.53,18.8248,74.7178
USR_CB697835,B,16.22,A,17.7,D,18.1,B,13.7,D,18.15,B,20.54,C,16.64,D,18.24,C,14.59,B,17.35,30.2009,78.8389
USR_57157C46,C,14.8,B,12.6,B,10.55,A,18.59,B,17.42,C,11.2,B,10.39,C,19.44,C,18.69,B,24.19,14.7917,76.5079
USR_B64C2033,B,19.88,B,13.66,C,17.57,B,23.01,B,22.78,C,11.64,B,16.24,A,19.37,B,19.7,C,18.54,21.063,79.7718
USR_728EADE7,D,16.43,B,22.36,A,16.66,B,11.97,B,22.62,B,11.27,B,10.88,B,22.09,A,15.87,C,15.35,20.5112,72.8319
USR_50032F0A,B,24.13,C,14.47,C,10.11,B,14.36,D,21.48,D,12.86,B,12.19,C,10.43,C,11.87,B,19.24,20.1754,72.3088
USR_B9F2309C,C,11.85,B,14.09,C,24.4,C,24.53,B,15.69,B,12.17,D,11.14,B,12.9,B,13.76,A,17.96,26.2083,79.7505
USR_71CBB171,D,16.99,B,13.38,B,20.77,C,21.44,A,22.52,B,11.81,B,18.69,C,17.62,A,24.33,A,23.66,26.9225,78.204
USR_CC5F3890,C,16.75,D,31.24,B,37.64,A,8.05,B,9.1,B,32.09,C,32.14,A,19.8,C,33.01,A,6.45,20.5425,71.6327
USR_A2972187,C,22.0,A,22.56,B,10.62,B,21.84,B,10.53,B,10.73,A,16.99,C,22.47,A,10.78,B,11.67,19.5107,71.2141
USR_CC481C61,C,24.54,B,20.07,C,20.32,C,12.21,C,21.8,C,18.33,C,18.07,C,15.11,A,12.64,A,24.88,27.7456,78.6425
USR_5B387099,A,16.99,B,19.01,B,16.88,C,13.85,A,13.78,C,18.02,D,10.98,B,17.64,A,21.75,C,20.17,29.0207,75.6786
USR_2677FE02,B,10.14,A,10.28,C,15.36,D,14.4,B,12.62,A,21.71,C,12.88,B,17.89,B,24.9,B,12.24,12.6157,76.2093
USR_9C8F80B8,D,22.76,B,14.98,A,10.68,B,11.38,D,23.1,A,21.86,B,14.98,C,16.92,C,13.89,D,17.08,13.5415,77.638
USR_7F59C5D0,A,17.51,C,17.97,D,18.08,C,15.83,C,19.03,C,15.74,C,15.98,A,17.1,A,21.01,B,14.99,28.2513,76.7567
USR_49A69A21,A,8.57,B,7.3,B,6.21,A,11.63,A,5.74,C,11.47,A,7.48,A,8.07,A,5.37,A,7.14,27.9144,82.7426
USR_405A5F5A,A,21.65,B,16.44,A,18.12,B,13.31,B,16.28,A,19.01,C,12.23,A,16.33,B,22.24,B,14.89,20.5803,71.7571
USR_6936175E,D,12.77,A,21.3,A,21.36,C,17.42,B,24.95,A,18.05,B,12.96,B,22.14,B,12.61,B,16.05,26.4772,80.4459
USR_861A8FDD,A,22.51,D,19.69,C,32.5,D,23.61,A,17.62,C,12.97,B,11.05,B,6.35,B,24.26,B,20.83,25.2904,79.7868
USR_FEA3CD9F,A,7.25,A,10.89,A,7.59,A,9.97,A,7.93,C,11.04,A,9.76,A,9.99,A,11.47,A,6.38,28.086,82.8032
USR_01C27A4F,A,8.21,B,11.45,A,7.99,A,7.56,A,7.35,A,10.71,A,10.56,A,8.29,A,10.46,A,9.47,12.9044,76.4966
USR_5D921CFE,A,22.59,A,22.24,A,19.54,B,19.06,B,14.1,D,24.54,A,16.2,B,12.9,C,21.53,B,14.15,17.5339,72.7828
USR_D6A36957,D,19.67,C,22.67,C,24.63,B,14.02,B,15.79,A,13.58,A,24.01,D,19.88,A,10.35,B,23.11,17.4366,71.103
USR_3932C2CF,A,8.38,A,7.46,A,7.48,A,10.32,A,5.62,A,11.38,B,10.41,A,9.39,A,5.54,A,6.8,13.4589,79.1146
USR_17BF9E30,A,8.26,B,7.16,A,9.59,A,10.81,A,10.44,A,5.58,A,5.7,A,7.39,C,6.21,A,10.27,29.6401,75.9798
USR_428B5A76,A,30.64,D,21.4,C,29.42,B,25.93,B,23.08,D,8.44,C,5.25,B,24.16,B,3.86,C,7.92,26.6185,75.7167
USR_85995B72,A,22.15,C,11.92,A,21.65,B,10.08,D,17.24,C,18.13,A,15.27,C,17.8,B,20.46,C,16.3,28.9471,76.5717
USR_6CF67EBB,A,5.51,B,7.17,A,10.42,A,6.96,A,9.18,A,10.93,A,8.51,A,8.48,A,8.99,D,11.31,26.5699,80.6182
USR_2169C2EF,A,5.12,B,6.76,A,6.27,A,6.38,A,11.39,B,11.52,A,7.54,A,5.65,A,6.53,A,10.78,22.0303,79.0583
USR_D6071672,B,8.98,C,32.16,D,37.11,C,16.0,C,29.5,D,4.11,D,15.39,A,30.89,D,29.29,C,27.29,12.4397,78.3009
USR_CAD7603F,C,16.74,D,13.34,C,21.38,C,17.97,C,20.2,B,13.46,C,11.3,C,18.11,D,18.73,D,19.11,22.6491,79.8879
USR_3EDF5B6A,C,29.06,D,24.05,D,23.27,D,7.21,D,36.13,C,31.53,B,32.01,D,4.98,C,24.95,D,11.57,24.9338,82.1072
USR_D18DA7E6,A,21.9,B,16.13,C,24.82,C,18.72,C,12.52,C,20.24,A,13.4,A,20.92,B,11.63,C,24.47,23.2611,79.7371
USR_D14941E6,C,16.33,C,16.74,B,18.21,D,10.28,C,13.24,B,21.61,A,10.42,B,24.07,D,24.07,B,10.78,17.1222,74.4194
USR_F8ECD157,B,13.15,B,21.73,A,20.27,C,19.21,B,23.91,A,19.56,B,20.88,B,23.61,B,23.35,B,16.11,24.4949,78.4306
USR_DF437C79,A,17.33,B,11.13,B,12.64,A,13.51,B,16.23,B,24.09,A,21.01,B,12.53,C,11.26,A,21.33,13.7152,76.1787
USR_06713AB5,B,10.68,C,16.84,C,23.47,A,11.02,C,15.47,B,20.16,D,10.03,C,12.03,C,11.2,A,10.32,18.4895,73.8282
USR_AE927BD0,A,11.6,C,11.27,A,9.21,A,7.01,A,8.98,A,8.14,A,7.65,D,8.66,A,10.6,A,9.13,28.7003,77.4409
USR_E178F3B5,A,5.62,A,8.93,A,9.38,A,5.91,A,10.04,A,8.63,A,5.24,B,7.99,B,8.22,A,5.29,27.3161,81.3568
USR_BEF48843,C,3.11,B,13.58,A,33.62,C,17.84,C,32.27,D,13.63,B,39.8,A,17.83,D,2.41,C,23.44,23.5015,80.786
USR_9DEE36CE,C,18.64,C,11.66,B,11.03,A,19.09,B,17.65,B,21.95,A,19.51,C,17.58,A,22.75,C,23.23,20.1349,74.1683
USR_56012007,A,22.54,B,15.84,D,18.45,D,16.81,A,22.58,A,16.47,C,11.8,C,15.32,A,14.85,B,15.26,26.3064,80.9177
USR_0DB5E95B,B,20.0,B,20.6,B,15.61,C,24.09,D,20.53,B,20.7,A,12.76,A,18.67,B,18.4,D,18.85,19.1422,73.5889
USR_0CBC3348,B,7.92,B,7.01,D,6.86,A,7.58,A,6.69,A,5.23,A,6.71,B,9.85,B,9.75,B,8.83,17.8849,72.3426
USR_2C89205B,A,7.61,A,10.58,A,7.37,A,10.34,B,11.22,A,8.01,B,7.73,B,9.56,B,9.55,B,11.86,18.7205,72.2612
USR_49A2C0BA,A,18.19,A,15.42,C,21.69,B,20.31,B,18.68,A,24.05,B,13.3,B,10.97,A,24.91,C,17.88,20.9337,79.4233
USR_5EEFA511,A,11.3,B,19.04,A,16.73,C,11.01,B,22.52,B,18.23,D,10.68,A,23.19,A,22.08,C,11.49,28.4547,81.497
USR_78A19350,B,14.6,B,15.13,B,11.51,A,22.59,A,18.63,C,14.55,B,16.55,A,17.66,D,22.2,B,15.46,30.5871,76.7867
USR_1F3FA49D,B,13.69,B,20.52,C,22.94,B,11.68,B,18.46,D,24.12,C,18.74,D,20.2,B,17.0,C,10.74,12.8093,76.0396
USR_6FC42304,B,16.16,C,17.35,D,23.89,B,16.93,B,13.79,B,24.62,A,13.1,C,17.05,B,18.92,C,21.62,18.2745,73.4195
USR_A99390AC,C,17.8,B,18.9,A,18.45,A,11.86,B,18.42,B,10.26,D,12.99,B,12.92,C,15.55,C,12.84,24.2656,80.6364
USR_7C1C1BB9,B,10.32,B,11.06,B,21.52,D,13.3,C,18.31,C,17.51,B,22.13,C,10.31,C,19.52,B,14.19,19.4667,74.2586
USR_C4C11D52,A,14.77,A,23.3,C,19.41,B,10.98,C,21.06,C,24.57,B,21.41,B,22.73,B,18.77,A,14.28,17.9974,73.7381
USR_A091BA9B,A,22.47,B,20.51,B,24.92,A,13.73,A,11.0,A,15.01,B,21.16,B,14.76,A,24.21,C,24.58,12.3467,78.8427
USR_610A07D7,B,11.57,C,18.77,D,21.66,B,17.39,B,10.01,B,19.78,A,14.98,C,13.79,B,20.09,B,17.45,17.3534,73.0442
USR_228FEE3E,A,10.2,A,8.44,D,8.95,B,5.05,B,11.5,A,10.68,A,9.36,C,5.57,A,10.22,A,9.24,17.2993,73.6243
USR_4CF91C94,B,24.86,B,12.56,B,21.99,B,13.52,A,21.36,A,13.27,C,14.12,A,13.83,B,17.03,C,23.09,20.7687,72.962
USR_98A1E688,B,19.59,A,24.71,A,18.01,A,23.3,C,17.51,B,19.05,B,19.63,C,12.44,C,11.1,A,21.62,24.5619,80.9755
USR_5133AE1D,B,16.77,B,19.06,C,14.25,B,20.57,D,14.04,A,16.1,C,23.52,C,18.97,C,19.97,A,24.15,26.718,76.9388
USR_F6255814,B,12.92,A,22.63,B,20.05,A,23.09,B,12.51,C,23.53,C,18.66,C,13.22,A,21.33,C,21.17,19.438,74.5794
USR_554AD259,A,24.72,A,13.51,A,18.19,B,13.42,A,12.96,B,10.61,B,22.27,D,15.76,C,18.2,A,14.67,29.9552,76.2099
USR_8E4A6C78,A,5.76,B,11.64,A,8.17,B,10.47,A,5.15,C,6.0,A,11.4,A,7.56,D,7.79,D,10.4,26.3333,79.8293
USR_063E9BD2,D,39.3,D,27.69,B,19.9,C,32.09,B,6.52,A,13.98,C,19.16,D,5.73,B,13.06,D,34.14,29.747,77.42
USR_65988ACD,B,10.12,C,16.75,C,24.42,C,20.81,B,16.35,D,18.33,C,22.38,B,18.97,B,21.18,B,17.83,12.4152,75.6418
USR_1F91A329,A,5.35,A,8.17,A,8.87,A,5.27,A,9.15,A,10.23,A,9.85,C,8.96,A,11.14,A,10.84,14.0932,77.8123
USR_0D771343,B,22.08,B,18.22,B,13.79,B,12.92,C,12.86,B,17.75,D,22.06,D,15.25,A,11.92,B,22.83,27.7534,81.4574
USR_0F6428EC,A,7.92,A,5.62,B,9.83,A,7.16,C,7.32,D,7.1,B,10.65,A,7.62,A,10.36,A,11.11,27.1298,81.6568
USR_6CE845C3,D,3.05,D,2.19,C,2.19,D,32.44,C,36.49,C,12.61,D,17.89,D,7.18,D,22.21,C,13.37,27.252,76.4027
USR_A059E88B,B,21.89,D,19.18,C,12.54,B,11.86,B,16.46,B,11.62,A,14.3,B,11.81,B,13.77,B,10.04,22.8699,80.0937
USR_20EED9B3,D,29.1,B,10.64,A,3.41,B,10.73,B,5.4,C,17.12,B,39.86,B,36.87,D,5.0,D,31.64,26.8494,81.8851
USR_529F7C1B,A,22.43,A,12.54,A,16.76,B,17.02,B,20.48,B,16.88,C,20.92,A,21.64,D,10.89,B,14.65,27.4479,82.4223
USR_D759ADC6,C,24.95,B,23.74,A,22.84,B,19.33,C,22.75,A,15.21,C,12.61,A,18.6,C,24.98,C,12.07,11.7885,77.418
USR_5BBC3B71,C,22.45,C,23.25,A,13.51,C,23.68,B,18.49,A,14.71,B,14.78,B,17.44,B,12.48,B,23.11,28.3334,80.0016
USR_5FD87FD8,B,18.33,C,14.28,C,20.66,B,12.17,B,24.08,B,14.94,A,16.56,B,17.76,C,12.32,B,17.94,19.5414,74.5983
USR_725EF4A9,C,16.15,B,12.35,C,13.96,C,20.96,B,24.33,C,21.61,B,24.52,B,18.59,A,19.11,A,17.55,27.6739,78.0362
USR_5F68382F,B,22.41,A,11.85,A,23.44,B,20.81,D,22.71,C,24.12,C,10.48,D,13.26,C,11.2,A,20.8,20.4981,72.8455
USR_3DF4CA7F,C,16.35,B,19.83,D,20.41,D,31.41,B,7.68,D,2.93,C,2.08,D,3.94,B,33.59,D,35.82,17.5433,72.1257
USR_E49C4461,A,10.04,A,6.54,B,8.11,A,10.6,C,9.46,A,7.87,D,10.59,A,10.59,C,9.17,A,5.96,11.9706,76.4194
USR_8AF5BF05,B,15.37,B,14.28,A,20.22,A,13.22,B,22.67,B,11.82,C,12.33,A,24.6,C,23.95,C,24.52,25.6642,82.8556
USR_B3858412,A,17.93,B,22.84,C,18.05,C,15.28,C,13.0,C,12.2,B,24.64,A,19.92,A,23.23,C,13.78,19.3893,71.5491
USR_1CBEEDC4,D,7.26,C,21.03,B,19.15,D,25.31,D,30.05,A,23.88,A,18.54,D,31.56,C,22.4,D,38.7,12.9976,75.8589
USR_5D239B2D,A,19.74,B,22.96,A,16.82,B,20.73,C,23.84,A,17.21,B,18.89,B,11.67,C,18.51,B,18.62,19.2347,71.6499
USR_E791408E,C,33.34,C,23.83,D,28.36,D,27.26,A,16.22,C,20.71,D,27.23,D,29.45,C,2.83,B,16.81,25.7336,80.4915
USR_1693EB5D,D,34.18,D,36.09,D,21.29,B,15.08,D,20.88,C,34.64,C,36.24,B,26.65,B,18.99,D,21.74,28.4093,77.5253
USR_6C2C93A3,C,15.96,C,14.42,D,17.63,B,16.44,A,14.94,A,19.95,B,11.57,B,14.58,B,16.26,A,24.89,24.8678,80.8687
USR_869E60D6,A,10.99,C,21.59,A,10.5,B,10.22,D,10.65,C,21.35,A,11.38,D,22.32,B,10.87,D,14.8,26.9311,76.4841
USR_C2E9C9A2,B,11.6,A,13.68,A,23.66,A,14.52,B,22.26,D,11.47,A,13.69,A,13.57,A,22.04,B,24.64,24.1541,78.8892
USR_76D71E96,B,26.91,C,11.82,A,7.79,D,29.61,C,25.53,A,4.06,C,31.7,D,19.62,C,30.06,C,5.05,28.5661,76.092
USR_966F5B76,C,30.24,C,37.35,C,7.31,A,20.91,D,35.86,B,22.19,D,7.92,D,39.83,D,27.13,C,32.97,29.5699,78.0974
USR_AC3A71BD,C,18.09,D,35.16,C,25.63,D,35.23,C,22.13,D,32.7,B,38.72,A,15.08,D,33.83,C,5.88,28.261,78.3755
USR_7F0D5E59,C,14.0,C,24.93,D,17.92,D,19.6,D,14.91,B,16.04,D,10.19,B,24.74,A,15.69,B,23.64,13.8897,76.8342
USR_FCE3888A,D,15.42,B,12.05,D,17.58,A,22.37,A,22.97,B,22.83,C,10.62,B,12.11,A,11.18,B,16.77,30.3125,77.0665
USR_671CEA33,B,13.75,D,13.84,C,24.24,C,16.14,B,18.96,D,22.36,C,13.39,B,15.86,B,17.37,B,15.06,19.1597,74.3098
USR_205D71DA,D,7.62,B,11.73,A,6.07,D,11.08,A,8.69,A,7.58,B,5.85,A,9.66,A,5.39,A,6.99,22.8714,78.0661
USR_1A978FD4,B,12.64,D,25.84,A,24.28,D,39.99,C,38.83,D,3.46,C,39.16,D,12.59,B,10.79,C,11.05,21.0175,78.0221
USR_72C9FBE3,A,8.42,A,5.05,D,8.5,A,11.55,A,10.4,B,11.47,B,5.87,A,10.05,B,7.26,D,10.83,19.2781,73.5349
USR_B71B2D93,A,11.27,A,10.42,A,10.34,A,6.76,A,10.81,A,7.94,B,6.12,A,8.19,A,10.4,C,8.6,11.0473,76.4966
USR_F80F7736,A,14.06,D,12.3,C,18.7,B,17.45,B,21.46,C,22.67,B,24.46,B,19.77,B,18.25,B,24.42,18.4618,72.2313
USR_3531FF54,B,13.18,C,22.13,D,16.03,D,21.78,C,18.18,D,15.69,A,18.43,A,11.85,C,18.08,A,20.67,22.7518,78.8772
USR_93867411,B,13.73,B,18.51,D,26.53,D,13.44,D,29.68,C,30.94,C,36.96,A,19.33,D,36.99,D,15.79,13.7188,78.4411
USR_BD855446,A,24.56,A,14.75,C,10.01,B,12.81,D,21.23,A,13.98,B,19.72,B,10.43,A,23.53,C,21.39,19.1221,70.9552
USR_77850C0A,A,10.4,A,6.78,B,8.48,B,11.5,A,11.6,A,11.11,A,7.57,A,6.69,B,9.9,A,10.31,24.2817,78.976
USR_F126B6B9,B,24.52,B,10.25,C,14.02,B,23.55,A,21.62,C,23.25,B,22.38,B,14.48,C,12.47,A,14.13,29.389,76.1116
USR_CA03CC49,A,9.91,A,10.81,A,7.28,A,8.08,A,7.75,B,8.73,A,9.39,A,11.33,A,6.44,B,6.26,14.033,77.4661
USR_0FD17375,A,17.0,A,14.11,D,10.47,A,10.62,B,12.31,A,12.77,A,14.42,A,23.71,B,20.08,A,19.95,24.1392,77.5501
USR_473F9AC5,B,13.36,C,18.27,A,15.93,A,19.18,C,10.14,C,10.2,B,12.34,A,23.66,C,22.71,B,12.7,13.7162,79.4124
USR_5E95EF8D,D,16.71,A,16.16,D,17.7,A,21.59,A,12.46,A,17.82,C,18.81,A,22.29,B,10.07,C,16.09,20.6738,70.9147
USR_763BA17E,A,6.77,A,10.72,A,6.48,A,8.76,A,11.58,A,7.42,D,11.03,A,6.96,A,7.27,A,5.6,28.5973,81.7841
USR_F6B5A31E,D,14.16,D,17.14,A,12.5,C,17.14,B,20.96,C,20.29,B,20.35,B,15.73,A,19.61,B,10.98,12.6924,75.8311
USR_CC5D2ABB,C,21.2,B,10.79,B,17.04,C,10.13,C,16.98,C,15.38,C,12.53,D,19.96,B,19.55,A,17.79,22.2669,77.6793
USR_935C8939,C,17.96,C,24.88,D,10.04,B,21.92,C,17.22,B,19.44,C,23.96,C,24.28,C,23.32,C,22.46,20.9559,77.8991
USR_52C1281C,A,7.43,B,5.44,A,8.41,A,8.17,A,6.18,A,10.59,B,7.03,A,10.76,A,8.36,B,10.18,13.5595,78.8297
USR_84A710C3,A,8.44,A,6.06,A,6.63,A,8.78,A,8.52,A,8.99,A,8.85,A,5.72,A,10.77,A,7.78,26.2718,79.344
USR_ECEF4CB0,B,20.51,B,17.68,A,23.99,B,24.38,B,24.87,A,11.52,C,20.65,B,12.87,B,20.07,A,24.04,18.143,72.7033
USR_D46CD575,C,17.25,B,20.2,B,22.07,B,16.48,C,19.52,C,16.83,A,18.59,B,21.03,D,22.78,B,11.88,14.8022,78.5778
USR_70C9FD38,A,15.98,A,10.69,A,21.61,B,16.36,B,10.77,C,22.79,B,11.05,C,24.3,B,19.09,A,20.18,14.8374,77.5211
USR_7CE5D0EB,D,5.17,B,15.37,D,10.42,A,25.52,D,10.19,D,17.0,D,12.1,B,18.59,D,36.92,C,5.66,29.924,76.9363
USR_0F4ECFEB,D,18.15,C,14.37,C,21.7,B,21.32,C,16.5,D,12.27,A,24.12,C,22.49,A,21.35,A,21.68,18.501,72.1641
USR_1BF27841,A,22.46,B,12.11,C,24.72,A,23.18,C,20.93,C,12.64,D,12.57,C,15.41,A,18.32,D,21.76,28.3286,79.4709
USR_B64DA784,A,10.91,C,23.76,A,24.29,B,21.57,C,13.71,B,15.01,A,17.87,C,14.55,A,17.12,B,15.57,24.7096,77.3507
USR_B85C4F8D,B,12.43,C,17.19,B,21.57,A,12.71,D,15.65,A,10.82,C,10.79,C,16.98,B,20.23,B,17.1,14.3106,75.6292
USR_B878D318,A,10.09,A,9.34,A,6.29,A,8.89,A,6.6,A,5.59,A,7.78,A,11.72,A,7.96,C,11.77,28.8132,82.6464
USR_1FBE00CA,C,6.32,A,6.7,B,10.45,A,6.56,A,6.07,B,10.16,A,11.11,A,7.14,A,5.58,A,11.48,23.2184,79.9961
USR_CE1AC6B8,A,11.06,A,9.19,A,9.5,A,10.2,A,10.25,A,8.78,A,7.46,A,10.08,A,9.56,B,7.01,22.8304,79.7254
USR_32CE4B42,C,10.65,A,23.5,B,24.87,B,15.76,B,22.89,D,23.86,B,20.25,A,10.18,C,18.35,C,14.3,11.2268,76.1523
USR_1A2147B3,A,22.73,A,19.34,B,20.38,D,15.04,B,21.26,C,19.37,D,14.28,A,10.9,B,18.53,B,17.31,18.096,71.2896
USR_CB717922,C,10.53,D,20.92,A,16.01,D,16.93,A,21.23,C,18.21,C,24.36,B,24.12,A,14.98,B,21.47,20.6267,74.2322
USR_FC1272C0,A,8.9,A,6.9,C,5.17,A,10.53,A,9.69,A,5.3,A,10.66,B,5.89,B,11.06,B,10.19,29.4664,76.9167
USR_8E887FB2,C,39.26,D,16.88,C,34.01,D,5.73,D,23.02,D,19.21,D,19.75,B,3.47,D,18.18,B,39.76,25.3816,81.7874
USR_A16472C9,A,17.2,C,22.1,A,13.41,C,20.0,A,12.35,C,13.55,A,15.65,C,15.66,B,23.47,B,18.05,17.5253,71.4699
USR_B63E5953,A,22.82,B,20.98,A,24.07,A,20.7,C,18.77,D,11.6,C,11.84,B,20.75,B,18.63,C,22.28,26.7245,75.6319
USR_4AB73B0C,A,14.85,A,22.45,B,14.05,A,22.23,A,16.52,B,16.27,C,15.87,A,23.49,B,15.29,B,23.23,23.9001,77.1626
USR_8E82DDBA,A,10.49,A,10.36,A,9.07,A,11.49,D,10.9,A,7.31,A,8.07,B,8.14,A,6.67,B,7.71,21.4547,77.5935
USR_B58C25A0,D,4.84,D,30.61,D,37.26,A,14.45,C,22.31,D,21.03,D,18.13,D,33.94,A,6.4,C,23.7,22.6476,80.7929
USR_2A614AAA,B,28.16,B,8.33,A,20.64,D,6.16,C,4.14,D,35.32,D,21.92,C,5.32,C,27.9,A,37.62,24.6957,78.5481
USR_0F748306,B,19.99,D,22.6,C,16.17,D,15.51,C,18.7,A,16.94,A,15.1,B,18.43,B,24.79,C,13.44,27.6858,76.1436
USR_CB09E43E,B,21.38,C,17.33,A,11.44,B,16.08,A,22.44,A,24.67,C,24.72,C,20.24,A,17.45,D,21.38,29.9019,78.1662
USR_2A4180B1,C,10.83,B,3.11,D,26.47,C,14.4,D,13.9,A,3.35,C,7.07,D,9.67,D,11.1,D,10.51,24.447,79.6243
USR_C466D58B,C,12.31,B,16.23,B,10.36,C,11.33,B,21.69,A,18.33,B,13.59,C,11.03,B,20.79,B,16.08,12.932,79.2244
USR_E242F777,C,19.15,A,16.59,B,18.73,C,24.98,A,21.91,B,23.38,B,21.96,B,24.25,A,14.92,B,10.83,27.4718,79.564
USR_CE8E5834,C,21.99,B,12.34,B,22.27,C,12.7,B,24.04,B,18.3,D,12.22,A,18.95,A,15.01,B,24.2,28.5109,76.3318
USR_D11D1947,B,11.3,B,16.35,C,14.58,A,20.47,B,10.71,C,24.75,C,13.5,C,24.28,A,22.01,A,20.84,27.9802,81.4195
USR_42CFDE29,D,32.36,B,23.57,D,36.16,C,23.51,D,3.42,A,27.19,D,37.82,D,39.94,D,14.83,D,21.49,23.3709,78.2075
USR_A151DB4E,B,11.47,A,7.29,B,9.81,A,8.69,A,5.1,B,9.53,A,9.75,A,9.35,B,5.2,A,7.45,29.2795,77.9106
USR_D9F0069F,B,17.7,A,19.59,B,19.42,C,12.46,B,15.23,B,12.74,D,19.41,B,21.37,B,10.69,A,23.13,11.5825,78.1156
USR_CCE2C32C,D,7.91,A,9.42,A,6.44,A,7.46,B,9.83,A,11.6,A,5.08,B,10.39,A,10.57,B,5.43,27.1118,82.6251
USR_16D700F1,D,18.02,D,18.64,B,11.84,C,15.59,B,20.21,D,19.81,B,14.62,A,17.59,C,10.32,B,15.4,29.5045,77.2734
USR_D8A7D932,A,28.65,D,33.5,D,17.93,C,6.6,C,37.35,C,17.59,C,29.7,C,4.59,D,4.79,B,14.73,29.2679,75.9018
USR_012A64C3,B,21.41,C,13.17,B,13.41,B,10.23,B,14.4,A,23.69,B,11.5,A,17.49,B,12.73,B,20.54,12.7089,76.2144
USR_6A927AA9,B,21.59,B,14.33,C,19.17,B,19.73,B,21.66,D,10.29,B,18.99,D,15.74,B,24.79,C,16.34,13.9152,78.9055
USR_88CCE98D,C,17.64,A,14.85,C,22.54,B,23.89,B,23.67,C,16.79,A,24.23,A,16.19,B,20.01,A,24.42,18.2616,71.6216
USR_80692E3D,A,10.91,A,9.22,B,11.11,A,10.66,A,5.9,B,10.4,A,6.03,B,8.52,A,9.73,A,9.79,27.6822,79.1956
USR_3378962A,C,15.4,B,19.67,C,20.52,B,20.44,B,23.34,B,19.67,A,19.97,B,17.32,C,17.65,A,11.24,28.7483,81.8885
USR_D80A2C79,C,14.65,D,18.8,D,18.02,C,12.66,C,21.98,B,15.37,A,17.2,B,24.43,C,23.82,D,12.3,19.4474,72.4253
USR_95CD93B3,B,9.05,B,9.71,A,6.39,A,9.5,A,7.53,A,8.67,C,10.57,A,8.48,A,7.88,A,8.32,27.8521,80.0382
USR_07146E2E,B,8.01,D,5.39,D,6.85,A,7.32,B,11.15,C,11.63,A,10.52,A,9.8,C,6.31,A,10.12,14.7086,78.1695
USR_E530463D,A,15.94,C,13.9,A,16.86,B,17.9,C,23.35,C,11.75,A,24.62,C,12.4,B,19.73,B,23.78,12.0994,77.0125
USR_4CBD227B,B,15.76,B,23.48,A,14.14,B,14.27,B,22.04,B,17.66,B,23.37,A,23.38,B,17.12,C,17.18,27.0194,80.9089
USR_64583799,A,11.45,B,22.7,C,20.68,B,14.75,B,17.02,C,15.0,A,22.03,A,22.9,C,22.07,B,12.31,22.983,79.0347
USR_85B6D6BF,A,22.6,A,12.62,A,14.09,B,21.98,B,23.32,B,20.6,A,18.89,B,18.35,A,15.53,A,17.99,28.9724,78.0769
USR_C470F085,B,13.77,B,20.78,C,14.32,B,10.28,C,13.09,B,12.54,A,22.3,B,24.17,B,11.0,C,23.64,24.0919,79.1376
USR_DDACF8D8,A,18.16,A,22.94,A,16.58,C,14.86,B,18.71,B,10.27,B,19.4,A,14.99,A,11.63,D,21.72,29.1578,77.9434
USR_F29A372A,B,10.83,B,9.57,A,11.87,B,10.24,B,9.72,B,7.1,D,5.33,A,5.72,A,9.18,A,7.0,18.8549,74.434
USR_8DBA553E,C,10.74,A,24.54,B,14.25,D,15.5,B,28.91,D,19.36,D,10.52,B,13.17,B,39.63,D,38.72,21.3349,77.4856
USR_C92D9C08,B,9.87,A,9.28,B,8.8,A,8.24,D,5.64,A,9.36,B,5.42,A,9.83,B,6.41,C,5.66,20.2819,71.2689
USR_8496B6E6,D,9.89,A,10.57,A,6.94,A,5.3,A,10.36,A,6.67,A,5.59,D,11.71,A,9.03,A,6.93,29.9326,79.0943
USR_E364A5C2,A,10.11,A,17.86,A,16.71,B,24.02,C,15.27,A,22.34,A,16.5,C,16.06,D,18.18,C,21.89,14.1512,78.3885
USR_DF4F63BA,D,13.42,C,21.98,B,29.79,C,31.72,B,14.56,D,22.7,A,33.88,C,31.75,C,40.0,C,19.4,17.8048,71.1806
USR_59DEE6C3,A,14.77,B,12.13,B,19.22,A,23.09,C,10.45,B,15.64,C,21.53,C,17.49,B,17.52,C,15.26,12.9448,78.78
USR_BEB74E1F,B,13.32,A,21.78,A,10.41,B,10.64,C,14.87,C,18.99,A,24.69,C,16.4,A,19.34,B,21.67,18.7318,72.9064
USR_D6D9468F,D,12.24,C,22.54,A,18.27,C,12.6,B,11.51,B,20.14,B,10.73,C,16.08,C,19.16,C,13.03,14.4391,76.0043
USR_7FCAB7D0,B,21.93,A,16.38,A,11.86,B,13.86,B,15.3,C,15.53,B,17.76,C,12.18,A,14.1,D,17.38,22.9,77.3296
USR_64E1F0A5,A,5.52,A,8.27,C,11.87,B,10.04,A,5.07,B,11.18,B,8.92,A,5.97,A,11.59,A,5.51,28.3681,75.6662
USR_74E487F3,D,16.8,A,12.93,B,23.72,A,16.37,C,24.39,D,10.43,B,23.59,D,12.32,B,10.14,B,12.44,29.1205,78.4348
USR_C5060691,B,14.31,D,16.72,B,24.48,C,14.44,B,10.82,C,20.68,B,15.74,A,21.85,A,14.71,B,19.49,18.2154,71.4822
USR_A79F5AB8,A,7.73,B,8.81,B,5.58,C,7.33,A,11.22,A,6.48,A,8.15,A,5.48,A,11.97,A,7.48,22.5154,77.1108
USR_D5D38B1A,B,12.12,A,22.72,B,15.93,C,14.68,B,11.8,A,12.39,A,13.23,A,12.4,A,14.24,A,24.52,29.384,77.2702
USR_8D7914AA,D,12.17,C,10.09,B,18.25,D,38.61,D,2.12,B,31.76,D,34.24,D,34.41,D,38.29,A,24.08,25.8883,80.5731
USR_736E34CB,A,10.11,A,10.22,A,8.25,B,8.59,A,6.21,A,11.68,A,10.64,A,7.65,B,8.88,A,10.69,22.6069,79.4408
USR_B89B54A1,B,16.46,C,20.78,A,15.9,B,12.29,A,21.48,D,22.83,C,10.72,D,15.9,C,24.7,B,21.81,14.8253,78.117
USR_70C41B38,A,17.19,B,17.69,A,22.63,C,21.19,B,16.19,C,16.79,B,12.06,B,12.22,B,17.22,B,12.11,28.0049,75.2178
USR_ECF74DFF,B,11.78,C,13.1,C,22.35,B,23.34,B,16.99,B,11.95,B,19.52,B,16.19,C,15.21,B,22.05,19.1874,74.2925
USR_F48289E1,B,20.88,D,12.36,B,17.3,B,13.72,B,15.29,D,17.0,A,19.36,C,15.54,B,24.66,A,10.65,12.8248,75.8984
USR_2996CE8A,C,36.34,D,28.5,B,15.87,C,8.01,B,37.93,B,37.84,C,34.62,B,17.98,D,24.86,D,38.48,28.1317,81.0923
USR_5BFA20B1,D,15.91,C,15.65,B,20.85,A,24.38,A,13.21,C,17.26,B,19.63,D,13.57,B,24.52,C,17.87,13.6228,77.418
USR_761CB2F6,C,12.34,D,31.69,A,34.09,D,11.08,D,30.97,D,34.09,B,27.06,D,9.03,D,17.17,D,39.16,24.8676,82.9345
USR_E7BF11EA,C,10.38,D,7.84,C,3.57,D,10.9,C,6.56,D,8.79,B,33.61,D,6.13,D,36.79,C,29.77,20.3065,71.937
USR_87C3FF14,A,7.33,A,10.16,A,7.01,B,7.06,A,9.17,A,7.34,A,10.4,A,8.76,A,9.86,A,8.17,28.2639,79.1285
USR_51C0C3DA,A,21.8,B,22.89,A,14.88,A,22.35,C,22.67,B,11.75,C,22.05,C,15.33,C,11.35,D,11.07,26.7512,80.2723
USR_25A09EE2,C,21.57,C,19.12,C,10.39,B,12.87,A,13.53,B,10.99,B,20.16,A,13.23,A,16.06,C,12.26,20.7281,73.8346
USR_6C86EFBA,D,9.14,A,23.6,C,21.27,D,27.24,D,8.45,C,29.83,D,28.9,D,29.35,A,38.78,D,8.87,24.5312,80.5675
USR_470C6B8D,C,15.91,C,11.04,A,16.68,B,16.7,B,16.58,B,10.96,B,17.29,A,18.56,B,19.36,D,13.05,29.0187,77.6227
USR_54C8B2B5,A,11.36,B,23.65,C,11.41,B,19.88,C,24.71,D,23.34,C,24.84,A,19.2,C,10.54,A,18.78,18.2123,73.6018
USR_D6968F1F,B,15.02,D,21.93,B,17.94,B,11.21,D,19.05,C,12.74,D,21.46,A,20.12,C,24.17,B,20.44,14.1074,75.7639
USR_915CF357,C,20.84,D,9.21,D,34.84,B,14.56,D,27.98,D,29.23,C,15.36,B,26.93,A,11.76,A,13.47,21.032,79.1079
USR_8324CCC3,B,14.4,D,14.4,B,16.93,A,24.28,A,24.59,B,11.15,D,12.59,D,10.48,D,11.75,B,17.23,27.9408,82.7829
USR_E8F3753A,B,24.34,A,15.4,B,24.08,B,23.19,B,10.05,B,16.87,C,20.81,D,16.45,B,24.74,B,18.04,12.9137,75.8698
USR_AC16BF18,A,8.31,A,5.67,B,7.37,B,10.35,A,11.43,A,11.51,B,5.83,B,6.89,A,8.38,A,11.93,22.3491,78.8723
USR_496D20A1,C,39.19,D,17.06,C,13.23,D,14.05,D,22.2,D,28.01,C,29.95,C,25.23,C,31.77,C,17.72,21.4435,78.2991
USR_EA99AC31,B,15.58,D,33.93,C,34.46,D,19.81,D,36.34,D,27.55,D,16.61,D,14.52,B,18.09,D,7.49,26.3544,78.9806
USR_3BB3C00B,B,37.1,C,18.66,D,31.89,C,18.01,C,25.41,A,34.19,D,33.52,B,31.22,B,4.79,B,10.86,12.5731,75.8479
USR_049FBC6E,B,5.98,A,11.54,B,7.03,B,7.6,B,10.81,A,10.15,A,10.57,A,5.36,A,11.48,A,8.0,19.3073,71.8842
USR_E86C4C5A,A,20.15,B,10.23,B,17.45,B,17.71,C,17.63,D,11.68,A,24.02,B,24.06,A,24.33,B,20.84,14.6487,78.7804
USR_1BB64FC5,C,20.07,D,16.14,D,12.58,D,17.02,A,10.94,A,22.26,C,14.24,C,18.83,B,11.48,B,10.46,18.8518,72.1383
USR_258643E0,B,17.84,B,24.66,B,10.47,D,10.97,B,20.66,C,14.85,A,21.25,B,19.07,B,11.97,B,18.02,20.4206,74.1611
USR_57849366,D,20.04,A,34.0,D,13.46,D,14.85,D,9.93,B,39.14,B,11.59,D,38.9,D,23.62,C,3.16,21.0078,80.0297
USR_36138739,B,16.09,D,19.54,B,16.03,B,17.82,B,10.58,B,14.8,A,12.59,B,14.6,A,22.1,B,16.51,24.6753,81.0374
USR_B70279A3,A,5.79,D,4.91,C,32.32,D,8.83,B,9.39,C,32.06,D,6.19,D,33.1,D,17.55,D,37.37,28.5738,75.5295
USR_1C0B2879,C,31.96,A,12.65,D,24.64,D,24.93,D,15.38,D,20.9,B,14.66,B,25.44,C,23.69,D,23.4,26.9845,80.1618
USR_BE0A31A1,A,5.86,C,7.11,A,6.19,A,5.04,A,6.39,A,6.63,A,11.16,D,7.68,A,6.66,A,11.47,24.7437,80.1028
USR_4A64DCF6,C,5.81,C,37.77,B,18.93,D,15.5,D,14.18,B,27.23,D,20.41,B,20.52,D,3.28,D,22.95,19.0681,73.6606
USR_F455F05E,B,10.92,D,21.42,B,23.88,B,24.28,B,22.72,A,12.96,B,16.01,B,13.79,B,11.25,C,13.91,21.2691,79.4432
USR_08D10AA6,A,10.9,A,8.65,A,5.17,B,7.1,A,7.26,D,9.98,B,10.17,B,7.26,B,5.37,A,6.2,13.9298,79.3461
USR_87E7CC9E,A,19.98,A,13.0,B,20.63,D,10.35,C,22.86,B,10.34,A,12.38,B,12.77,C,22.98,B,14.17,26.104,82.0772
USR_80F355E2,D,11.5,D,27.99,D,12.06,D,17.63,D,39.97,D,8.06,D,27.31,D,23.4,D,22.7,B,35.54,28.2573,75.6324
USR_85E29970,A,22.92,A,16.24,C,12.01,A,10.88,C,15.11,B,21.78,C,18.19,C,11.58,B,23.85,A,14.48,11.9141,78.6069
USR_013E12D2,D,23.81,B,10.98,B,12.63,A,24.4,C,24.08,C,20.2,A,12.45,C,14.19,D,21.5,A,19.43,28.6731,78.8848
USR_363AAFD7,A,10.6,A,7.5,C,9.33,D,8.36,D,7.73,B,10.5,A,6.17,B,6.71,A,10.31,A,9.91,14.7306,78.5213
USR_B7387990,B,15.41,B,22.72,A,21.08,A,20.72,C,24.78,C,16.84,B,23.53,A,20.41,B,15.22,C,24.36,21.7234,78.3587
USR_4FD48894,B,23.55,B,20.06,C,24.3,B,12.21,B,21.04,C,10.89,B,21.91,C,12.45,C,23.71,C,23.56,21.0704,79.3252
USR_69997F4F,B,16.2,B,20.21,A,14.85,D,15.48,B,17.13,D,22.69,C,11.97,C,14.53,B,18.53,B,14.67,23.4678,77.1039
USR_0E13381F,C,21.17,C,11.65,B,21.31,B,21.64,A,17.72,D,10.75,B,14.48,D,23.27,B,17.03,B,21.76,18.8251,73.5335
USR_FA7B0FB2,B,8.03,A,9.61,A,9.89,A,5.7,C,8.04,A,5.54,B,7.29,D,6.39,D,6.4,A,5.49,24.0067,80.634
USR_A542CCCC,D,38.67,D,24.28,D,34.82,C,5.95,A,8.74,B,14.7,D,24.92,A,5.26,D,17.72,C,16.81,28.9568,79.0441
USR_7835440F,A,12.68,D,13.03,B,10.69,A,24.41,C,17.03,B,11.98,A,23.88,C,13.88,C,24.72,A,10.58,19.2254,72.359
USR_9B5A46DD,A,10.17,A,9.35,B,9.44,B,11.24,B,5.9,A,9.25,A,10.65,A,10.73,A,10.4,A,8.06,20.6068,71.4314
USR_7F18056F,B,18.88,B,16.63,C,15.52,B,22.55,B,14.47,A,21.2,B,18.54,A,15.92,B,12.71,C,21.63,21.4417,80.3329
USR_6F8D24A5,A,5.5,A,5.44,A,6.84,A,6.85,A,8.57,A,8.14,A,8.64,A,7.8,A,7.58,A,9.51,26.6182,76.9928
USR_C3C8DFAF,A,15.55,C,21.59,D,17.14,B,18.44,D,22.76,B,20.61,B,12.63,B,20.54,B,10.51,B,18.97,18.2991,72.4836
USR_C182C460,B,21.08,C,14.77,A,21.91,A,23.4,C,20.7,B,11.23,A,18.48,B,16.77,C,17.62,C,19.24,14.3279,79.3579
USR_FF8AC8E2,D,6.79,A,5.56,C,5.68,D,21.71,D,37.71,C,23.47,D,24.27,D,26.84,C,11.32,A,2.19,22.8166,79.6025
USR_2713B35C,D,2.26,B,11.15,D,28.07,B,6.42,C,20.1,D,22.59,D,17.39,B,39.67,D,18.3,D,29.45,12.1607,78.9554
USR_ED2C02F4,A,16.85,C,14.49,A,12.15,C,16.93,B,19.63,D,12.88,C,19.3,A,17.18,B,17.43,A,14.66,17.5545,71.7807
USR_8AC1390E,A,15.21,C,23.44,C,22.39,B,19.15,C,13.52,D,19.8,C,10.3,A,14.72,B,19.82,A,12.49,12.5591,76.3365
USR_AA2F5B59,A,22.7,B,14.69,A,16.48,B,12.03,B,19.8,B,21.9,A,11.58,B,22.72,B,15.08,A,20.68,24.1487,80.9849
USR_FFAA368F,D,23.97,D,23.31,B,17.5,C,14.95,C,22.8,B,20.08,D,18.41,A,19.41,B,20.13,A,14.99,24.8094,80.8393
USR_4D9FBFF6,C,26.77,C,37.36,B,12.93,C,38.83,C,22.94,D,18.63,C,5.07,B,25.82,D,16.79,C,35.86,23.694,79.5671
USR_5184C8A6,D,24.81,B,10.35,A,17.58,B,18.51,B,22.33,C,19.47,A,16.65,B,13.66,D,15.98,A,20.96,26.8134,76.1266
USR_2B08E21F,C,12.74,C,16.57,B,10.3,B,17.85,C,14.52,B,18.61,C,12.02,C,22.31,B,12.8,B,17.94,25.3198,80.5632
USR_AE33DFE4,B,24.97,B,23.43,C,13.49,A,20.08,B,16.8,B,21.54,C,18.36,D,16.05,B,15.1,B,22.06,14.649,76.4614
USR_A7FC537E,A,22.2,D,21.06,B,13.5,B,17.31,D,10.6,B,23.64,B,19.34,B,11.85,C,13.52,A,19.25,12.886,77.3574
USR_8F0C45F4,B,5.86,C,10.28,B,6.39,A,10.44,A,10.11,A,6.31,A,10.65,A,10.21,A,6.16,A,5.3,13.4747,77.9224
USR_EC6E0601,B,23.06,C,14.16,A,22.86,B,13.23,C,17.39,A,17.1,B,15.94,C,10.19,A,13.33,D,21.64,11.5733,79.0943
USR_31A30A01,A,8.38,A,6.35,A,9.2,A,9.0,A,8.53,A,10.5,D,5.57,A,8.79,A,9.46,A,11.84,20.5877,74.3887
USR_17169E34,B,11.09,A,21.52,B,16.22,B,17.06,B,17.97,B,22.67,A,11.12,C,23.45,C,12.48,A,24.68,21.4194,77.122
USR_72B4D3CF,B,12.55,B,16.07,A,15.22,B,23.48,A,14.28,D,24.63,A,12.22,B,20.8,A,20.23,D,23.1,22.0219,80.2974
USR_7048AEDE,A,13.13,A,15.01,C,20.67,A,17.3,C,19.04,A,18.87,B,21.51,B,22.61,B,17.97,D,17.53,17.5642,71.1074
USR_D83F5347,C,20.48,B,19.77,B,11.71,C,19.89,A,17.51,B,11.57,A,19.44,D,14.67,D,14.34,C,14.57,20.7943,72.4682
USR_6BE3428D,C,20.13,B,9.41,C,29.85,A,29.04,B,10.76,D,13.99,C,33.93,C,37.8,C,24.3,D,15.69,18.0204,71.3091
USR_FB2791B1,A,7.87,B,11.18,A,8.06,A,6.68,A,8.81,A,11.66,B,11.71,A,7.39,A,8.09,A,7.78,25.7826,78.9466
USR_818CCF99,A,8.07,A,9.93,A,7.45,B,10.98,A,9.84,B,8.47,A,6.18,A,11.02,B,5.21,A,7.09,17.6882,72.2931
USR_FA42340F,D,25.39,D,4.08,B,36.31,D,16.45,B,6.83,C,15.17,B,31.14,A,26.61,C,18.44,A,16.96,14.905,79.4201
USR_BC405863,C,15.96,B,19.3,B,16.32,D,12.01,D,15.63,B,13.58,A,22.05,C,10.97,C,10.44,D,22.5,24.4434,80.1698
USR_332FD8F1,B,8.44,A,11.74,D,11.66,A,11.44,B,6.45,A,6.33,A,10.45,B,11.18,A,5.87,A,11.09,26.5443,80.2172
USR_343B4FFE,D,18.32,B,14.81,C,17.7,C,14.2,D,19.81,B,12.03,C,18.94,B,20.44,A,17.17,B,15.39,21.2377,78.8091
USR_93D273FD,C,8.97,D,22.46,C,37.98,A,11.4,D,30.5,D,18.07,C,36.89,D,28.28,B,36.42,B,9.28,21.252,80.5815
USR_660C0C02,A,9.63,B,9.92,A,6.32,A,6.98,A,9.95,A,10.62,B,5.51,A,11.13,A,9.18,A,10.05,20.76,73.5571
USR_6F8F43DB,B,10.34,A,13.91,C,15.19,D,17.44,A,15.54,C,19.71,B,19.36,A,17.58,A,10.02,A,13.95,14.1084,76.9693
USR_2AD9005B,B,23.23,C,23.41,B,21.96,C,28.79,C,21.95,C,39.58,C,32.45,A,17.25,D,21.28,D,27.88,12.8648,78.4781
USR_0C0900C0,B,18.01,B,20.87,C,13.33,B,21.45,A,16.55,A,17.76,A,19.55,B,12.44,C,24.5,A,13.15,11.6707,78.362
USR_1E9CB11F,D,15.88,A,19.6,B,17.57,B,22.73,C,13.0,C,20.56,A,18.19,B,14.72,A,23.02,B,17.0,25.3482,79.3909
USR_155D5474,A,5.79,A,10.17,A,5.65,A,8.36,B,11.55,A,11.45,A,6.02,B,6.66,A,10.93,A,8.81,23.8634,77.9405
USR_444BCFE0,C,23.68,B,23.22,B,20.76,B,10.98,B,19.57,B,20.19,A,15.28,B,17.76,A,12.11,A,11.3,26.7136,81.1184
USR_FF7D8E6E,B,9.33,A,9.99,A,5.03,A,11.65,A,7.42,B,11.07,A,6.6,B,11.16,A,11.45,A,6.13,20.0664,74.5431
USR_A0859BA1,D,16.48,A,23.53,D,22.14,B,14.64,B,23.13,D,23.61,C,16.06,B,16.68,B,14.55,B,14.14,28.3971,80.8825
USR_16E1F42A,D,28.96,A,16.86,C,28.86,C,25.23,D,13.13,C,7.89,A,39.14,D,8.94,B,6.59,B,12.37,17.9333,73.1098
USR_9E008601,B,18.36,C,21.4,A,13.25,C,23.14,C,10.74,A,23.68,C,24.25,B,12.89,C,12.7,A,14.35,27.4919,79.0312
USR_56916610,C,14.39,B,20.78,A,21.61,A,20.72,B,21.82,C,13.64,A,14.11,B,10.4,A,18.1,B,19.35,29.0201,75.7141
USR_9B65116B,B,23.37,B,17.56,C,10.3,B,18.49,D,24.72,B,13.87,B,23.5,C,20.76,B,11.63,A,10.39,13.4191,78.7789
USR_018E579A,A,15.0,C,19.15,B,11.73,C,11.23,A,23.79,A,21.2,C,10.16,D,14.51,B,22.05,A,20.33,27.2814,80.4969
USR_8C276867,A,23.99,A,14.58,C,24.94,A,14.24,C,18.94,B,18.2,C,22.55,A,11.64,D,10.89,C,10.36,18.9348,70.9413
USR_BB6D4CEC,A,15.85,B,18.41,C,13.9,B,17.33,C,14.49,C,16.43,D,22.9,C,21.21,B,16.24,B,12.46,23.2729,80.8927
USR_87039CE3,C,7.26,A,11.44,B,5.54,C,6.69,A,8.53,A,10.76,B,8.29,A,5.14,B,10.11,A,10.31,21.0323,81.0204
USR_698D16B0,B,18.23,A,15.06,B,17.7,A,20.77,A,24.33,A,16.96,C,24.37,B,21.21,A,17.33,A,19.26,28.6639,80.2656
USR_3F5A43E0,B,11.73,B,20.95,B,19.17,D,14.81,D,11.24,B,14.87,A,13.9,B,14.94,B,11.76,B,14.35,28.649,80.0176
USR_6C939787,D,21.27,A,23.29,A,21.84,B,18.07,B,22.53,B,17.2,C,15.46,B,10.08,B,15.0,A,24.26,22.8202,77.8068
USR_B9E7EA57,C,14.3,B,22.27,C,14.96,B,17.83,C,18.44,B,13.74,B,19.26,D,12.1,A,11.02,B,13.65,19.186,73.207
USR_E99A2CB1,A,8.53,A,11.67,A,7.39,B,9.59,A,7.9,A,7.4,A,11.12,A,6.25,B,11.13,A,11.55,11.2265,78.7549
USR_ED8D67DE,B,15.5,C,17.86,A,14.34,A,16.26,A,18.49,B,14.09,A,11.88,B,13.05,A,10.51,B,18.48,30.0074,75.4321
USR_92392179,A,6.87,A,5.92,A,5.31,A,10.66,B,10.05,A,9.77,A,7.12,A,6.6,A,7.39,A,9.81,13.9907,77.6739
USR_32246D3D,A,23.14,A,14.64,C,20.86,B,23.71,B,10.42,A,24.76,B,25.0,C,24.3,C,11.11,B,10.99,24.3799,77.7451
USR_AC73970F,D,18.7,C,33.82,B,31.83,C,14.98,B,8.42,D,8.46,D,39.64,C,24.66,D,8.71,B,38.99,27.6681,80.4239
USR_44AC26B3,C,19.79,B,23.63,D,16.02,C,13.53,B,19.24,A,17.92,B,20.17,B,11.44,C,16.04,B,23.98,18.8143,74.8507
USR_DFBEA95A,C,14.58,A,22.49,B,12.17,C,21.42,A,12.18,C,14.72,B,12.92,B,15.2,B,17.64,C,19.43,12.0755,78.5319
USR_C8074A14,A,20.48,B,17.35,C,24.67,B,21.2,B,21.18,C,21.85,B,16.77,C,12.32,A,11.17,A,18.18,17.4755,74.2282
USR_96F6981C,A,10.18,B,7.92,B,11.25,A,10.88,B,10.9,A,7.76,A,10.68,A,6.73,A,5.81,A,10.98,27.712,81.128
USR_2758C524,B,15.58,C,21.8,B,18.21,B,19.88,A,18.73,A,15.86,D,14.37,B,22.58,B,12.35,B,24.01,11.3122,76.7121
USR_864C0DC2,D,11.69,D,32.18,A,8.38,D,16.01,D,9.26,C,14.36,D,10.92,C,32.44,B,12.82,D,24.96,13.2475,78.584
USR_E70B8356,B,7.37,B,10.0,A,6.12,A,7.86,D,11.17,A,10.35,A,11.28,C,11.87,A,11.49,A,11.69,11.0277,76.361
USR_1123B946,A,5.64,B,9.17,A,6.16,A,6.12,A,11.71,A,10.3,A,8.25,A,10.7,A,8.22,A,8.17,14.7097,75.8838
USR_443F6A9D,A,11.75,A,5.56,C,7.3,A,8.7,A,5.63,A,7.02,A,10.89,A,9.71,A,10.5,B,7.75,26.6933,79.6015
USR_C4398C4A,B,12.94,B,21.48,C,15.35,C,19.97,A,19.2,C,16.25,A,22.73,A,20.65,A,18.09,C,13.17,23.1256,80.0584
USR_ED155506,B,21.76,C,24.96,B,22.37,C,24.85,C,12.29,B,18.49,C,11.81,C,18.38,A,22.14,C,17.86,21.5484,78.4714
USR_20742060,A,20.13,B,18.34,A,20.08,D,18.83,C,11.98,B,16.11,A,12.03,B,22.93,C,12.26,A,13.19,19.8444,73.4364
USR_ECD5C002,B,13.44,B,17.39,C,15.26,C,14.18,C,13.52,C,12.88,D,22.04,B,19.95,D,11.02,B,21.92,22.1626,78.7919
USR_1CCF8327,C,9.96,D,24.59,C,22.06,D,36.88,D,32.95,D,12.89,D,15.27,D,7.64,B,19.06,D,36.56,28.2862,82.5769
USR_555FC47B,B,14.66,C,14.14,A,20.81,A,20.72,B,20.2,C,11.69,D,21.01,C,17.19,A,11.75,A,13.14,23.3198,78.6891
USR_BAFD03A4,A,9.9,A,6.04,A,7.97,B,11.65,A,8.78,B,7.82,A,5.54,A,6.26,B,6.26,A,9.41,11.6467,76.2328
USR_10782B5B,D,22.67,B,32.56,B,22.3,D,13.44,A,25.11,C,28.71,A,2.92,D,37.77,C,7.66,D,27.33,12.5743,76.0016
USR_8F86C730,D,21.39,B,24.42,B,21.96,A,20.49,C,16.31,B,11.57,D,19.74,B,13.05,B,19.42,A,17.2,26.9175,81.4017
USR_59326662,C,14.65,A,20.11,C,10.01,A,15.75,B,24.77,C,19.22,B,18.44,B,13.24,C,13.99,D,18.28,19.2242,73.5665
USR_25F4D438,C,22.72,B,21.85,C,16.71,A,10.16,B,21.6,B,13.54,C,18.58,B,21.37,B,20.86,D,12.89,22.2823,79.4448
USR_E4A7F935,D,36.89,C,16.19,D,29.84,C,4.09,C,39.48,D,38.5,D,32.21,D,32.87,D,23.72,D,26.28,19.5943,72.1123
USR_779C7703,A,21.83,A,22.86,B,20.36,B,23.32,B,22.77,B,24.65,B,20.22,B,24.5,A,20.31,C,23.24,27.6075,79.1551
USR_CA439158,C,18.05,A,23.01,C,20.63,B,14.09,D,18.07,C,18.95,B,16.99,B,16.64,A,11.87,B,24.79,23.756,78.5926
USR_345AB029,A,38.35,C,11.46,C,14.09,D,20.28,D,26.05,A,3.09,C,12.11,D,29.81,B,38.87,D,31.43,20.9243,71.2483
USR_A7349706,C,24.91,D,2.91,B,11.31,D,19.77,C,16.47,C,23.34,D,36.4,B,10.14,C,13.55,C,36.83,24.7547,78.671
USR_4E19C8D2,C,12.63,B,13.39,B,23.29,B,10.08,A,12.81,A,13.09,A,17.44,B,22.11,B,20.06,B,11.26,23.2175,80.333
USR_2A62F4DE,A,9.02,A,6.24,B,6.04,A,10.07,B,9.84,A,11.09,A,8.92,D,10.67,A,9.67,A,10.29,22.7117,78.3328
USR_3C51E78F,B,12.33,B,22.69,C,23.25,B,10.01,A,12.99,B,10.41,C,15.53,B,14.57,B,24.31,B,17.76,11.0507,78.6388
USR_66206B55,A,16.28,C,14.32,C,14.16,A,24.68,C,19.97,C,21.35,D,11.78,B,13.66,C,24.56,A,16.64,25.0801,81.858
USR_DCFD3FE3,B,10.94,D,12.42,D,24.08,A,21.18,A,19.17,C,24.39,C,16.51,B,19.63,C,13.62,A,19.77,28.712,81.5637
USR_F82E3AFA,D,12.26,B,21.62,D,11.46,B,2.49,A,32.57,D,27.18,B,9.56,A,13.59,D,14.39,C,36.41,22.7427,77.5684
USR_3D8882F4,B,7.23,B,11.46,A,5.36,A,5.76,A,5.4,A,11.74,A,8.71,A,10.46,D,8.93,A,6.77,11.9622,79.1304
USR_F4AC52F8,C,24.79,C,15.38,B,12.57,A,17.99,A,16.69,A,14.77,C,15.56,A,19.75,D,14.86,A,10.76,13.5239,79.1729
USR_74CD21A1,C,23.38,B,22.36,B,13.05,B,12.02,C,12.27,C,12.74,B,13.8,B,15.32,A,15.13,B,14.1,23.7756,80.8882
USR_0E9C9AB8,B,15.94,C,19.96,B,17.05,A,14.65,A,18.06,D,11.17,C,20.05,C,15.4,C,23.36,A,20.74,12.8992,79.2896
USR_63599F64,C,6.16,B,7.99,A,9.14,A,6.09,A,10.23,A,6.18,B,11.06,B,11.9,D,5.23,A,7.0,29.7006,77.6822
USR_7097DA33,B,10.42,B,20.3,A,22.42,B,16.0,D,13.04,B,16.17,C,16.9,C,13.59,B,23.59,C,16.21,19.4623,71.7528
USR_E91A0DEA,B,20.16,A,15.57,C,15.04,D,23.22,C,24.19,B,15.87,B,12.78,B,18.15,B,23.24,A,14.31,28.1873,75.3762
USR_3BB0B57F,A,10.19,B,9.36,B,5.53,A,11.52,B,7.34,A,5.88,B,10.48,A,10.01,A,11.61,A,10.37,22.5476,77.363
USR_E7154CCF,D,24.55,B,23.09,D,22.1,A,23.84,B,21.43,C,12.01,D,10.3,B,22.88,D,15.1,B,20.36,27.8705,82.9086
USR_EE30215A,D,20.97,C,14.47,A,15.4,C,14.56,C,22.16,C,12.26,C,24.91,C,20.12,D,22.1,B,12.74,19.4529,74.5003
USR_A6C9819E,B,20.41,C,14.14,D,11.88,D,10.37,B,19.54,C,16.7,B,18.85,C,14.72,B,21.42,C,10.25,24.8678,82.0776
USR_148B02B5,A,11.08,B,10.04,D,18.02,C,15.12,B,11.37,B,20.56,B,11.3,C,13.47,A,24.13,A,15.21,21.967,77.594
USR_AEB13D3F,A,26.05,D,27.14,D,20.32,D,25.88,D,3.71,C,9.57,B,10.84,D,27.88,D,39.11,A,4.46,21.7802,77.7012
USR_FAB7CCA8,C,16.27,A,24.67,D,22.79,C,21.31,A,18.15,A,14.01,A,14.34,C,19.27,B,19.69,B,23.8,25.729,82.0746
USR_FFD30A3B,C,23.37,D,36.82,B,39.9,C,27.59,D,2.46,A,5.08,C,4.9,C,30.88,D,34.57,A,33.21,30.147,78.7702
USR_84EAFD61,D,17.04,B,11.61,B,13.4,B,21.7,B,13.95,A,14.44,B,12.61,A,20.68,C,19.1,B,14.22,23.67,79.5749
USR_3766F70F,C,18.49,A,12.02,D,20.68,D,19.85,C,17.64,A,20.41,A,16.34,C,19.77,A,14.23,C,20.67,28.1444,82.3377
USR_2CE02C65,C,20.5,A,6.91,B,35.37,D,13.44,B,2.47,B,15.53,C,25.47,B,31.4,D,37.52,D,8.03,26.2248,79.941
USR_E80B4848,A,21.98,C,15.59,B,18.97,A,17.68,B,16.55,A,10.92,A,18.39,B,11.16,C,14.38,A,19.34,19.4944,72.289
USR_8BA88D9B,A,17.63,B,23.65,B,24.46,B,17.96,C,24.48,B,12.67,C,17.58,A,16.73,A,20.98,B,16.68,27.0406,76.8797
USR_129198CB,D,35.43,C,23.72,D,20.71,A,17.53,C,9.53,D,10.29,A,27.31,A,22.64,D,29.56,C,22.04,12.4517,76.0679
USR_D1EA4B84,B,22.1,C,21.05,A,16.46,C,12.54,B,20.66,C,20.86,C,14.38,C,21.1,B,10.79,B,20.04,27.1963,81.3599
USR_72306A2D,B,2.0,D,26.44,A,6.71,D,6.76,B,15.24,D,27.95,D,31.58,C,17.37,D,4.13,D,32.46,24.3879,79.0828
USR_2A931DB4,C,14.15,B,18.74,D,24.31,D,12.35,B,21.93,C,23.51,C,16.68,A,23.75,C,24.46,C,22.99,21.1466,80.2059
USR_465009E1,A,21.75,A,24.93,B,14.73,C,24.89,B,24.05,C,12.73,B,21.37,B,15.79,C,12.85,C,23.93,27.2011,82.3697
USR_8B56C1A1,A,10.77,A,7.6,A,7.16,A,9.78,B,8.38,A,5.38,A,6.02,A,8.31,A,11.35,A,10.85,28.5655,82.5782
USR_639DF826,A,10.25,C,10.45,A,9.06,A,10.88,D,7.52,A,8.32,A,7.97,A,8.96,A,10.46,A,10.51,30.3215,76.959
USR_E763E663,B,24.85,A,18.11,A,23.35,B,20.78,D,16.22,D,11.35,B,23.45,C,20.86,A,11.19,A,14.24,14.0812,78.7424
USR_256525EE,D,24.6,B,14.36,D,21.41,B,18.18,C,10.79,D,20.24,A,20.78,B,12.75,A,20.26,C,19.56,23.681,78.3427
USR_5D827889,C,20.2,B,16.22,C,24.29,A,11.08,B,20.06,A,13.22,B,17.28,D,15.09,B,22.17,A,16.53,27.0558,77.9761
USR_01027051,B,6.32,A,7.83,A,8.29,A,10.18,A,11.04,B,11.97,A,7.41,B,8.86,B,9.51,B,6.59,26.8778,81.0223
USR_5E938B75,A,15.67,B,10.06,B,12.44,A,11.4,B,18.6,D,15.89,C,14.7,D,13.03,D,17.05,B,24.44,28.1391,79.7325
USR_9CE76E1D,C,10.03,A,11.85,A,22.63,B,24.08,C,22.82,A,11.36,B,18.94,B,17.99,A,21.05,A,10.66,13.4401,79.3754
USR_3A6A83A2,A,9.6,A,10.53,A,9.58,C,10.93,A,8.7,A,7.84,B,9.44,A,5.33,A,7.14,A,6.68,27.5851,76.7522
USR_A7A4D81F,B,5.64,D,32.54,B,36.77,C,25.81,B,29.33,D,24.08,B,23.39,D,37.59,C,6.09,B,25.96,20.4735,73.9173
USR_13E8E181,D,16.11,C,3.4,B,35.69,B,17.59,C,17.31,D,19.11,D,15.62,D,2.73,B,24.64,C,33.04,26.4575,80.4898
USR_193AD57F,B,20.41,D,17.94,C,22.65,D,23.52,B,19.62,A,15.16,A,10.11,A,15.86,D,22.94,B,14.85,28.2711,77.5158
USR_15A7FBCA,A,9.17,A,5.67,B,8.65,A,8.35,A,9.79,B,9.19,A,8.32,A,8.96,A,7.75,A,8.72,12.7833,78.496
USR_57655714,B,11.0,B,13.05,A,20.27,A,21.81,A,21.17,B,12.39,B,10.83,C,24.97,B,20.36,B,21.09,23.5599,80.6843
USR_CD644708,B,18.3,D,17.62,C,23.06,B,12.48,C,12.61,A,12.9,B,13.89,B,14.42,A,22.79,B,14.21,23.7888,80.2626
USR_BDAD7140,C,16.06,A,13.26,A,23.07,D,10.51,B,22.12,B,18.75,A,14.75,B,22.06,A,17.33,A,10.06,17.168,73.5252
USR_54A1D9F1,C,9.09,A,10.16,A,7.09,D,6.71,A,7.13,A,5.04,A,10.06,A,11.38,A,7.05,A,6.68,29.2902,75.2436
USR_98D1A60A,A,18.18,C,19.27,B,11.66,B,18.25,C,13.49,B,18.2,A,15.81,C,10.08,A,12.25,C,22.43,28.4252,75.8174
USR_A5B10DD4,B,12.28,B,16.32,A,10.21,B,13.8,A,20.37,B,24.79,B,24.1,D,23.67,B,14.68,B,12.97,12.5552,78.2636
USR_265A2511,C,2.81,D,8.84,C,4.19,B,11.56,C,39.12,D,9.63,C,33.44,D,26.05,B,23.02,D,3.72,26.8228,76.6226
USR_9DA5EA2D,A,8.33,D,10.35,C,9.47,B,6.29,A,6.56,A,5.77,A,7.29,A,10.13,A,11.19,C,7.08,27.7279,82.9117
USR_9B8E629A,B,23.04,B,18.89,C,22.82,B,20.82,D,13.31,D,13.59,C,24.41,D,18.42,A,19.85,A,21.01,11.3191,76.0159
USR_32AC6A77,C,23.03,C,11.55,A,5.07,B,12.26,D,29.33,C,35.31,C,23.8,B,38.35,A,12.85,D,25.58,13.4268,77.0218
USR_D6516BFF,D,32.89,D,11.73,B,6.07,C,3.17,C,20.68,D,11.06,B,3.08,B,22.48,B,24.26,D,21.39,27.2562,78.9957
USR_D56C9BB8,A,23.46,B,22.76,C,10.52,B,18.82,B,14.84,C,15.01,C,17.17,B,15.01,D,21.44,B,19.39,26.5062,81.7217
USR_755DF901,B,17.79,B,10.96,C,16.78,B,12.1,B,17.53,B,22.19,B,23.15,B,20.24,B,23.52,B,14.99,17.5461,74.3622
USR_3FC4113C,B,7.53,A,6.77,A,11.11,B,5.09,A,10.99,A,7.76,A,5.63,A,11.36,A,6.75,B,11.8,19.4407,71.5676
USR_1E2CC3AB,C,10.81,B,24.54,A,23.78,B,17.05,B,16.94,A,22.69,B,18.64,B,17.21,C,13.02,D,14.91,18.6697,71.7688
USR_87F75729,D,20.98,C,13.43,C,14.54,A,21.63,A,19.42,B,13.86,A,15.63,C,21.38,A,18.45,B,24.83,23.5421,77.737
USR_4E7FA08A,A,21.04,C,21.32,C,12.95,C,21.38,C,12.11,D,20.2,C,19.55,D,16.84,B,22.9,C,22.23,30.4484,78.0909
USR_B098D81F,C,10.82,A,16.97,B,18.08,B,12.55,C,19.96,B,10.29,B,20.65,D,18.78,B,10.3,A,22.66,28.0975,75.8755
USR_EC100E62,A,11.38,A,6.58,A,11.62,C,8.58,A,9.78,B,8.27,A,9.78,B,6.27,A,10.15,A,11.28,21.2821,79.4002
USR_C6DBC976,C,24.71,B,15.64,C,11.26,A,14.31,D,24.47,B,21.98,B,12.09,B,20.59,C,17.96,A,22.48,14.8816,77.1727
USR_47932307,D,12.24,B,13.13,C,12.94,B,14.05,C,19.68,C,24.91,B,13.41,A,13.08,A,21.13,B,15.1,22.5494,79.3233
USR_10EC1F77,B,8.82,A,5.12,B,11.86,A,9.28,C,5.79,A,6.69,A,6.88,C,6.3,A,5.37,C,10.47,13.2955,78.3348
USR_360A54E2,A,36.63,D,2.9,A,33.94,D,31.77,D,25.81,B,17.39,D,18.82,C,35.57,D,2.21,D,35.28,20.1687,73.2647
USR_E4B475D4,B,34.03,C,25.34,C,6.0,B,14.93,B,17.85,C,39.65,D,14.16,C,26.0,D,12.69,C,7.86,25.0297,82.3328
USR_332344F8,D,19.3,C,17.79,C,33.33,D,21.61,D,6.06,D,15.81,D,17.82,C,31.51,D,39.71,D,34.74,30.2176,78.2582
USR_8B53E115,B,28.56,C,12.45,D,24.92,C,6.74,D,39.35,C,11.43,D,13.68,D,29.27,A,12.3,D,25.64,12.6081,79.2311
USR_C1901DD0,C,5.8,A,20.99,D,32.76,C,34.86,D,35.57,B,16.97,C,19.39,B,37.92,D,31.94,D,3.05,19.1276,72.2947
USR_FB9126C6,C,18.7,A,17.77,B,18.2,C,24.75,C,14.42,C,16.38,C,15.64,A,19.02,B,14.57,B,21.39,13.9243,78.7642
USR_694077B3,C,20.94,D,24.17,D,31.39,B,25.37,B,18.57,C,27.45,D,39.44,C,8.76,D,38.43,B,3.85,12.1205,76.0144
USR_BDD58DF4,A,12.34,B,13.87,C,14.58,A,21.74,A,19.23,C,13.54,A,22.96,B,17.9,D,17.95,C,13.93,21.5462,80.7558
USR_C7FE1836,B,5.87,A,6.01,A,6.82,A,7.06,C,9.01,A,6.33,A,11.8,A,8.78,A,8.44,B,6.0,20.2613,72.9812
USR_7BE59167,A,17.0,C,27.42,D,30.02,C,28.67,C,20.63,D,26.57,D,6.33,D,2.4,D,3.21,C,35.99,27.993,76.6207
USR_1DAF045A,B,23.58,A,13.66,B,23.86,C,11.42,B,23.06,B,23.92,B,17.06,B,23.96,B,21.92,C,13.79,17.731,73.306
USR_2281AC08,A,8.38,B,5.53,A,9.97,A,5.37,B,9.38,A,10.88,A,6.81,A,10.39,B,8.13,B,6.41,13.8417,75.7098
USR_8F5394CE,D,14.36,D,4.01,D,13.86,C,9.7,D,31.17,C,34.3,C,5.42,C,24.96,D,37.23,D,27.64,28.6729,79.743
USR_A74F288C,A,5.29,A,7.03,A,9.07,D,11.14,A,7.56,A,10.48,A,9.57,B,7.56,B,10.13,D,8.77,12.5261,79.2192
USR_AD51F270,B,10.12,C,15.26,B,12.24,C,23.26,D,27.59,C,13.28,C,32.35,D,38.87,A,15.02,A,34.61,26.5565,78.9452
USR_555330E2,B,24.69,C,18.98,C,12.68,B,15.58,A,22.26,B,11.57,C,15.0,B,18.66,B,12.28,A,21.41,28.7045,78.2339
USR_8C49F09A,B,12.4,C,14.08,B,12.13,B,15.34,D,18.42,C,24.19,B,16.87,B,11.68,B,15.42,D,23.85,19.6132,72.6566
USR_080D458E,C,14.97,B,14.57,A,20.52,B,17.08,A,12.07,B,17.82,B,20.6,B,23.82,C,23.84,A,13.9,17.3584,72.2198
USR_8CF9022A,A,14.56,B,15.56,D,15.23,D,21.64,B,10.58,B,17.75,B,18.48,B,15.81,B,11.61,C,23.81,27.3613,81.1029
USR_4CFAE315,A,5.37,A,7.65,A,6.03,B,11.51,A,7.28,B,10.81,A,5.07,A,5.7,A,6.43,A,5.04,27.9072,80.9843
USR_AEEE76B5,A,8.49,A,8.51,A,5.12,B,9.51,B,5.76,C,10.36,A,8.93,B,5.23,B,11.82,B,9.15,25.7291,82.5648
USR_62ABA8EB,D,12.65,B,12.93,B,10.85,B,14.54,A,11.98,A,19.4,B,13.69,B,10.52,B,19.72,A,19.9,26.8266,80.275
USR_4F45D629,A,15.47,B,22.09,C,11.97,B,23.08,C,20.77,A,13.97,B,17.61,A,22.36,C,15.28,A,10.13,26.7781,81.8226
USR_8870D9AF,B,12.17,C,16.02,B,22.1,B,24.89,B,14.28,A,12.31,B,11.72,C,11.42,B,21.39,C,16.85,17.4271,71.2982
USR_CDD8599B,B,12.8,A,12.51,C,23.07,B,12.87,A,20.63,B,21.2,D,23.53,B,14.09,A,21.36,A,23.71,14.8295,75.6272
USR_A5981FF8,A,11.73,B,6.15,A,5.86,B,11.97,B,11.4,A,9.71,B,7.39,A,11.69,A,7.62,D,7.45,25.1657,82.7713
USR_99186412,C,16.31,B,19.13,B,24.29,B,18.14,D,14.37,D,19.55,A,12.25,A,16.0,C,15.03,A,19.67,12.2285,75.7557
USR_776445D7,A,5.5,A,6.96,A,11.71,B,9.69,A,9.16,A,6.94,A,9.96,A,6.73,B,11.42,A,5.34,26.3893,81.1356
USR_B5E331C2,B,24.59,B,20.55,A,21.23,B,19.97,B,23.35,A,23.92,C,11.3,B,17.04,A,16.09,A,20.65,14.1058,79.2411
USR_09AAA0C6,C,21.33,B,10.25,C,13.75,B,17.1,B,21.0,B,14.27,B,11.6,B,11.18,B,23.29,B,24.74,17.6992,74.3168
USR_DA668DB2,C,11.78,B,16.24,A,23.47,C,20.89,A,23.77,C,18.38,B,15.89,B,14.9,A,23.52,B,21.53,25.5697,79.4738
USR_E97688B0,B,11.15,C,21.17,C,11.32,C,11.83,C,18.83,C,22.64,C,13.16,C,16.35,C,10.03,A,18.85,18.0094,73.9183
USR_FF32A167,A,14.4,C,15.4,C,23.34,C,18.79,C,23.55,A,21.28,A,14.79,A,22.53,A,22.45,A,23.72,23.2151,77.3648
USR_63314F3A,B,13.37,A,21.46,B,22.26,A,14.22,B,21.23,A,18.57,D,12.93,A,13.91,A,20.96,C,13.18,26.8848,79.4939
USR_9216FC49,D,14.17,D,11.76,A,17.16,B,23.99,B,14.24,A,11.56,C,20.49,D,13.7,C,12.69,B,16.43,20.0413,71.245
USR_B7DA36D3,D,11.47,A,8.17,A,10.6,A,7.91,A,11.98,A,5.48,A,5.05,B,7.03,B,9.19,A,8.22,23.2538,79.3298
USR_19CC60B1,C,5.73,C,10.0,A,6.01,A,8.89,A,5.04,A,8.86,B,7.61,A,5.38,A,6.59,B,8.86,14.7812,75.8324
USR_F1C492F8,A,24.5,B,20.76,D,15.56,A,12.1,C,10.78,A,20.39,D,14.61,A,19.4,A,11.11,B,22.74,27.0615,82.2213
USR_7B1C9C69,A,5.7,B,9.95,B,7.09,C,10.6,A,9.34,A,7.22,A,7.14,A,8.01,A,5.44,A,6.13,12.9528,77.5982
USR_1543E0DC,B,30.54,D,16.59,B,5.7,A,28.87,B,6.95,D,33.08,D,27.0,D,35.46,D,10.15,A,36.26,17.7707,74.018
USR_9BE3BCCC,C,3.12,A,21.29,C,12.88,D,31.63,D,30.5,C,10.88,D,28.29,B,37.38,D,38.61,C,17.86,11.9432,79.122
USR_C7DEADE7,C,12.42,B,20.9,B,22.69,B,17.98,A,11.11,C,17.96,C,22.4,B,18.39,B,16.37,C,20.4,11.6829,76.7712
USR_97B36781,C,22.52,B,12.01,A,23.78,B,17.24,A,22.95,A,23.74,A,15.48,B,16.68,A,21.1,C,19.6,12.3758,79.0992
USR_084FEF19,C,21.22,C,3.59,D,39.31,D,15.72,D,5.1,B,3.83,A,11.93,B,29.04,D,26.13,C,5.17,23.2442,79.4518
USR_06CCD972,B,24.04,B,23.98,A,20.52,A,24.78,C,15.33,D,14.46,B,12.97,B,14.65,D,23.0,B,20.89,29.5764,76.2053
USR_E29B103B,B,10.83,A,7.07,A,8.14,A,9.57,A,6.8,A,6.07,A,5.62,A,9.71,A,8.67,A,10.48,27.1567,76.5437
USR_3226FAA6,A,8.19,B,24.01,D,33.51,D,10.44,A,33.68,D,39.08,D,14.61,B,21.08,C,29.82,D,12.63,18.8387,73.2265
USR_0023C698,B,14.19,B,13.7,A,13.81,B,11.44,D,14.48,D,20.62,B,24.57,B,15.59,B,18.75,B,16.59,26.8598,78.8287
USR_9BFB2BC0,C,16.12,C,19.68,B,12.8,A,22.74,C,19.88,C,12.98,B,10.31,B,14.0,A,18.93,C,19.89,18.6067,72.7264
USR_8C884AEA,A,12.12,B,14.55,A,16.9,A,24.22,C,24.84,B,14.98,C,18.02,C,23.43,B,23.73,A,15.06,23.7698,79.1549
USR_001E4FD9,A,9.17,A,9.67,A,9.32,A,10.11,B,6.19,A,6.19,A,8.26,B,6.89,A,8.42,A,8.96,25.6801,81.6979
USR_996C7C09,A,15.2,B,12.32,B,13.5,A,19.84,A,23.49,B,24.65,C,11.93,C,14.89,B,18.37,B,14.2,25.4871,80.9737
USR_23E8500F,D,3.98,A,26.57,A,24.26,D,26.79,D,2.68,D,12.75,D,25.0,D,28.09,C,19.13,A,38.55,26.5913,79.1449
USR_017517CC,B,20.01,C,22.97,C,14.53,B,20.15,B,16.34,B,22.25,B,21.87,A,10.27,C,21.9,D,23.22,21.4785,78.6469
USR_467515DC,A,8.13,A,10.93,A,9.32,A,6.04,C,10.26,A,10.61,A,6.8,B,9.78,A,7.97,B,11.1,19.508,74.3034
USR_CF08CE6D,B,21.64,C,15.74,B,17.08,D,12.76,A,19.81,D,17.37,B,22.05,B,15.97,A,21.63,D,16.96,29.5154,76.8465
USR_E9247918,B,15.36,B,10.02,B,11.47,B,20.66,B,11.17,A,21.56,C,10.21,A,19.71,B,13.15,B,18.69,12.8088,79.4118
USR_8491C34D,A,14.43,C,17.44,A,18.11,B,17.16,A,13.92,A,14.41,B,12.08,B,18.85,B,18.32,A,23.89,19.4161,73.6603
USR_5CEF2163,B,15.85,B,15.62,D,16.1,C,18.38,A,17.17,C,19.36,B,10.64,C,21.5,C,16.0,B,21.16,11.2399,77.2828
USR_93EBAACB,C,19.07,B,20.7,B,20.85,B,24.14,B,13.42,C,20.16,B,19.17,B,11.64,C,11.99,B,24.04,12.1769,78.5744
USR_45A9FC04,D,39.44,D,8.82,A,36.99,D,39.15,C,10.16,C,28.36,A,20.3,A,32.32,D,7.65,D,34.53,14.1975,76.2172
USR_61687850,A,10.26,A,5.08,B,10.67,B,7.2,A,5.14,A,11.85,B,5.07,A,7.38,A,11.05,A,9.55,20.592,71.7814
USR_14949A49,A,13.49,B,24.64,A,23.76,B,12.98,A,11.62,C,16.55,B,23.06,C,17.95,C,23.33,C,14.37,23.0646,80.0636
USR_C6A2679B,B,11.57,B,24.89,B,13.57,A,17.6,B,10.41,A,15.73,C,18.08,A,14.32,A,14.1,B,15.57,25.6982,81.5013
USR_9A4488E5,B,15.69,B,17.8,B,20.43,A,20.76,C,18.96,C,23.39,D,11.43,A,23.39,D,14.4,B,20.15,17.6409,71.4311
USR_D97EC51F,B,17.25,B,10.05,B,15.81,A,23.25,B,18.7,C,16.94,C,11.56,C,16.51,C,24.94,D,23.5,23.1761,80.3773
USR_4CAC0EDE,B,15.88,D,21.44,C,11.83,D,12.07,D,15.28,C,16.68,C,10.98,C,39.87,D,12.8,D,14.22,20.398,71.2317
USR_2E7E0B71,C,18.17,B,14.43,B,15.99,C,15.91,B,19.47,B,22.95,A,22.72,B,11.68,A,11.84,C,11.73,18.4643,71.7608
USR_3E2C9A37,C,11.69,B,17.57,C,20.11,A,14.15,B,19.73,A,23.8,B,20.29,C,16.8,C,13.26,A,10.54,12.6891,76.1522
USR_02FD26DE,B,16.01,A,24.48,C,21.13,C,23.54,B,12.26,B,14.17,B,11.04,A,24.71,B,23.0,A,21.91,18.7739,74.7842
USR_E313EF73,B,10.1,A,20.02,C,13.86,C,15.47,B,14.41,C,23.99,B,17.0,C,10.3,B,20.74,B,11.17,17.7685,72.989
USR_95F0C959,B,20.25,A,23.66,C,17.45,B,16.28,B,13.35,B,14.24,A,21.65,B,17.65,C,22.6,B,16.75,26.7556,80.2007
USR_9B91C4D6,C,9.62,C,35.08,C,5.92,D,21.87,D,33.81,A,3.32,B,12.88,B,11.42,B,39.55,C,16.21,23.7626,79.6302
USR_151CFAAE,B,11.04,B,14.54,D,16.19,A,21.76,B,11.01,C,13.71,B,19.97,A,15.16,B,19.94,D,15.77,22.7913,77.8791
USR_D5006395,B,14.15,C,11.17,C,22.72,B,12.62,B,19.45,C,18.53,B,24.66,C,15.06,D,12.76,B,18.95,19.6364,72.9634
USR_CA3C99DC,B,14.05,A,12.51,B,12.75,B,22.39,C,16.86,A,12.9,A,13.55,A,15.3,D,13.31,A,11.23,26.8861,79.5615
USR_AC7B08CA,C,18.35,C,15.34,A,11.12,B,12.1,C,13.58,B,12.35,A,24.38,C,19.76,C,23.6,C,13.87,30.177,78.8209
USR_50F3336E,A,9.68,B,6.52,B,9.59,B,7.5,B,10.36,D,5.18,B,5.24,A,8.01,A,10.1,C,8.53,29.2033,75.3155
USR_09862374,B,16.36,B,10.13,A,24.0,A,23.23,B,21.42,C,11.63,A,15.16,C,16.61,C,14.75,A,10.46,13.6284,77.2745
USR_FE0F6DCC,C,20.24,B,24.41,D,14.52,B,2.32,D,12.53,B,37.21,A,18.66,D,7.61,D,39.14,D,24.3,18.3283,72.6835
USR_41418521,B,9.72,A,8.93,A,9.57,A,11.7,B,12.0,A,5.12,B,7.28,A,9.72,A,9.87,A,9.55,26.0808,82.44
USR_7562D23D,C,12.67,B,23.99,B,16.45,C,22.74,B,18.56,B,22.12,C,14.08,B,11.66,B,13.15,C,10.19,23.006,77.4751
USR_5655A1E3,C,21.4,D,19.42,B,13.36,C,22.66,C,19.56,C,17.72,D,16.14,C,12.98,B,20.74,A,15.43,17.8212,71.538
USR_5EE30742,C,17.19,D,3.44,C,29.49,D,21.32,D,24.92,C,39.27,D,24.43,D,18.72,B,31.53,C,6.43,23.135,78.1006
USR_5D5AB554,A,34.8,B,38.49,C,28.89,B,7.28,D,34.18,C,26.88,C,8.18,B,19.44,C,15.61,D,6.36,23.4155,80.1845
USR_B6E12196,D,13.77,B,10.1,C,21.35,A,18.54,C,18.41,C,11.19,A,21.37,B,16.27,B,13.59,D,10.31,13.6879,77.0166
USR_EAB06DC5,B,11.38,D,23.59,A,10.33,A,13.13,C,24.77,A,12.88,B,11.25,C,21.08,A,22.98,C,16.8,11.5738,75.8522
USR_DB247302,C,11.59,A,15.72,C,23.1,B,12.18,B,12.73,C,12.95,C,15.61,A,12.29,B,14.35,C,19.04,27.4617,77.0957
USR_869F2AEB,C,3.4,C,39.73,B,33.15,D,6.5,B,6.91,D,15.05,D,17.51,C,7.85,D,31.25,B,6.0,26.3613,80.5642
USR_70E57F60,D,13.1,A,13.84,C,18.77,B,14.53,B,16.92,D,24.77,B,14.2,B,22.46,A,13.2,A,14.56,20.7056,71.7795
USR_0A7A19D3,A,14.53,C,21.06,C,10.7,D,23.0,D,13.16,D,17.66,C,17.86,B,11.23,C,23.64,C,15.67,24.1211,79.1055
USR_ACC3E3F3,A,10.51,A,9.19,B,5.07,B,7.91,A,10.04,B,10.23,A,6.91,A,5.71,A,8.42,A,11.3,11.2672,79.1172
USR_91DE09D4,B,22.38,A,13.96,B,14.14,A,12.42,B,23.01,B,12.78,C,17.61,D,18.26,C,12.23,B,23.14,22.1583,80.9974
USR_1874B0C7,C,14.39,B,17.58,B,23.27,B,12.9,C,12.66,A,24.95,B,18.09,D,21.31,C,24.61,B,23.4,29.9292,78.8405
USR_9C093265,A,5.73,A,11.62,A,9.76,C,8.1,A,11.65,B,10.75,A,11.86,D,10.21,D,7.26,A,10.65,19.0102,73.8441
USR_9FE88A1E,B,9.41,B,10.94,B,11.56,B,11.83,A,11.36,A,5.96,B,6.43,A,8.11,A,9.12,A,10.78,14.01,77.788
USR_838CDF50,A,24.4,A,13.84,C,13.22,B,10.74,A,10.53,C,18.73,A,11.93,D,16.91,A,24.51,A,13.67,20.0944,72.1408
USR_0B1162A5,A,18.07,B,11.93,B,23.86,B,21.33,D,20.27,B,14.56,B,17.64,A,16.95,B,22.64,C,21.72,28.2864,78.8909
USR_A647E509,A,6.51,A,8.61,A,6.86,A,8.71,A,5.35,B,10.1,A,10.41,A,6.15,A,5.91,B,10.04,20.9908,80.2348
USR_36FFFF3D,A,22.48,A,22.92,A,15.27,B,10.64,A,17.43,D,13.79,A,24.23,D,13.19,A,15.51,B,19.16,17.8844,73.0336
USR_87511A09,C,11.87,D,17.56,A,33.12,B,37.06,C,25.81,A,39.32,B,39.79,B,3.64,D,34.11,C,31.77,30.11,76.0608
USR_4555CB12,A,5.55,B,8.23,A,7.41,A,9.1,A,8.2,A,7.9,B,11.81,A,9.98,A,11.74,A,8.35,26.5858,80.3493
USR_144E80FB,C,15.77,A,24.02,C,15.3,C,20.79,A,11.52,C,15.05,B,17.22,D,18.17,B,14.45,B,14.02,28.7256,78.8715
USR_7EDEE7F8,A,7.5,B,10.79,B,7.0,A,7.69,B,7.27,B,8.37,A,10.2,A,11.48,A,5.41,A,8.79,25.747,80.6162
USR_FD7958E7,C,15.36,D,17.82,B,19.23,C,19.8,A,14.27,C,18.6,A,21.05,B,23.26,C,14.18,C,19.87,27.2146,81.1957
USR_94B1B300,A,14.94,A,15.8,B,15.92,B,11.16,C,23.49,C,11.04,C,16.43,B,10.38,B,18.54,B,11.83,19.7138,72.5212
USR_2D270188,D,17.08,A,22.75,B,19.37,B,13.77,D,12.92,C,13.35,D,13.58,C,18.17,D,16.57,A,18.17,27.8597,78.2984
USR_5E55A8A9,C,20.8,D,19.02,C,18.02,D,24.38,C,24.67,C,19.61,D,18.97,A,17.49,B,15.43,B,19.58,27.7629,75.4064
USR_121BF4F3,A,23.04,B,16.95,B,18.56,B,20.46,B,11.99,A,14.95,B,17.67,C,15.6,C,17.52,A,15.71,20.5554,72.2723
USR_825CCFDF,B,12.58,C,23.69,A,24.15,A,17.23,B,15.25,C,15.31,B,18.99,B,24.5,D,24.92,B,18.95,26.1326,81.2308
USR_8A1EF51E,B,15.51,C,13.33,B,22.77,B,19.38,C,10.04,C,14.82,B,22.83,B,23.65,C,23.42,C,22.72,22.3497,81.0402
USR_FA138058,C,13.88,C,13.19,A,20.4,D,19.56,C,16.63,A,19.18,D,12.63,B,17.76,C,22.49,B,24.82,28.7348,81.7139
USR_3E1F8DAC,B,9.07,A,7.65,B,11.09,A,8.66,A,10.26,A,8.19,A,11.36,A,11.57,A,11.84,B,7.32,23.0419,78.2366
USR_A48725FF,A,8.25,B,5.02,D,23.25,C,17.17,C,6.61,D,31.45,C,3.85,D,31.21,A,10.87,C,16.91,25.1798,80.1869
USR_D30F9DD6,B,16.87,B,24.25,B,12.17,D,23.93,A,21.34,D,11.52,A,11.37,B,24.82,D,15.18,B,13.71,14.4485,78.7389
USR_62600D6A,D,12.17,C,37.14,C,18.32,D,8.49,C,16.79,B,16.92,C,16.12,B,18.67,D,28.4,C,37.9,28.8803,77.0484
USR_B2418A1A,B,23.15,A,19.71,B,17.89,C,18.75,D,24.41,C,23.03,A,18.83,B,13.53,D,10.43,A,11.67,23.267,78.1805
USR_2B18F317,D,5.99,D,12.15,D,37.19,C,23.87,A,33.57,B,26.57,C,22.12,C,5.43,C,4.69,C,38.24,22.1153,80.9657
USR_FB277C3A,B,18.62,C,12.64,C,33.9,D,36.04,C,3.32,D,38.43,B,2.02,D,16.52,D,37.36,C,31.86,12.6628,78.1175
USR_B512D14F,D,23.23,C,10.02,B,33.7,D,31.38,A,17.8,D,16.44,D,29.82,C,9.46,D,37.15,D,17.29,14.2612,77.6501
USR_D3B61512,B,15.94,B,11.06,B,22.3,B,10.33,B,19.61,B,22.72,A,18.07,C,18.96,C,21.17,B,12.75,30.2797,78.0192
USR_5FB8BA19,A,11.7,B,12.87,B,17.75,B,17.75,C,13.43,B,12.29,A,23.07,B,16.14,C,19.43,C,21.12,19.9967,73.5455
USR_B337576E,A,6.65,A,11.3,A,6.34,D,5.21,A,6.77,A,6.94,B,7.4,A,9.41,A,9.48,A,5.5,12.3974,79.4256
USR_B6F19000,A,21.04,B,15.57,A,18.25,C,24.8,C,22.32,B,13.32,C,20.5,A,23.46,D,12.35,A,22.13,27.2441,75.2925
USR_7DE9B2A8,A,24.93,A,24.14,D,27.53,B,35.63,B,31.55,C,13.53,C,10.03,D,20.74,B,20.97,C,26.96,12.899,77.5332
USR_242D1EE9,D,9.21,C,4.36,D,12.86,C,6.7,D,26.11,C,14.51,D,6.96,D,14.08,C,18.59,B,3.0,25.4736,80.9838
USR_FE64BFB5,C,19.83,B,20.5,B,14.4,B,22.24,B,20.48,B,20.37,A,19.73,B,14.2,C,22.83,B,23.23,26.6186,78.8421
USR_FAC65156,A,18.04,A,21.58,B,13.88,B,18.09,A,23.93,A,15.88,D,14.66,C,15.85,B,14.32,D,12.06,23.5738,77.3392
USR_00C21674,C,11.35,A,14.49,B,12.24,A,22.05,C,14.75,B,14.77,C,17.08,D,12.43,B,22.96,C,16.23,29.8042,76.1416
USR_086634EB,C,19.94,C,5.82,D,18.25,C,3.98,D,8.24,C,32.02,D,36.54,D,31.82,A,7.41,C,36.65,20.2926,72.5315
USR_00010C8E,B,17.51,B,19.4,A,13.01,B,10.86,B,18.65,A,23.0,B,13.43,B,20.07,D,12.66,B,13.03,19.8609,74.3224
USR_69F2F051,B,17.53,A,10.36,C,18.2,A,16.94,B,10.86,C,13.83,B,16.96,B,18.86,B,13.06,A,22.79,19.7062,72.8934
USR_4D676882,A,5.13,B,11.57,B,10.94,B,5.85,A,9.15,A,5.35,A,8.52,A,11.89,B,9.59,A,10.01,30.2728,78.5004
USR_A19BFA1C,B,16.21,D,28.13,D,22.23,C,19.01,D,7.98,A,33.64,B,22.55,D,13.91,D,19.44,C,31.56,24.2176,78.2655
USR_D5348126,C,33.27,D,19.52,B,2.07,D,5.83,D,37.62,D,12.25,C,20.76,C,27.9,C,5.52,A,9.15,22.7775,80.6175
USR_9F0A89C1,A,16.21,B,19.62,B,10.96,B,21.4,A,17.97,C,19.5,C,15.46,B,22.25,A,18.83,B,21.26,21.0342,72.3042
USR_C1B2150C,A,8.05,A,7.76,A,7.21,B,9.08,A,9.98,B,11.84,A,9.7,B,6.45,A,9.39,A,9.27,26.7463,76.8357
USR_8A2CD45F,B,20.13,C,10.4,C,10.76,B,18.53,A,13.95,B,24.2,C,14.71,B,21.86,D,16.67,A,18.2,30.2077,75.7526
USR_BBD0267C,A,20.24,D,19.64,B,10.1,D,10.04,B,16.28,B,21.71,B,23.19,B,11.12,A,24.93,A,13.77,28.4633,80.0932
USR_40352AD8,A,10.1,A,7.44,A,10.81,A,6.03,A,10.51,A,11.05,A,6.44,A,11.57,B,7.24,B,9.01,29.4404,78.796
USR_625957B5,A,12.73,B,13.01,B,16.03,A,10.18,A,21.28,B,11.34,A,14.84,A,14.4,A,15.87,C,10.86,23.898,80.6894
USR_748D6FB6,A,22.75,C,14.02,B,16.77,D,23.66,B,24.31,A,13.62,A,24.73,B,19.6,A,21.35,B,18.34,28.7456,78.665
USR_BB6B1899,B,17.72,B,21.11,C,10.36,A,13.53,B,14.92,C,24.63,B,10.6,B,20.23,A,22.78,A,12.52,27.0801,79.3956
USR_FE7E74D6,B,10.45,A,10.61,A,5.88,B,10.36,B,5.18,A,10.23,B,11.14,A,9.14,C,10.74,B,7.1,26.7385,80.0999
USR_8CEB9B80,B,11.22,A,15.26,A,21.81,D,13.82,A,16.97,B,15.49,C,23.67,A,21.37,B,17.75,B,16.1,18.3133,71.0202
USR_CB7856C9,A,7.34,A,10.99,B,5.76,A,9.01,A,11.75,B,10.07,A,6.04,D,8.48,A,9.64,A,10.93,19.268,71.0801
USR_E16B4A9A,C,20.61,D,15.38,C,14.82,C,23.15,A,19.03,B,12.83,D,13.46,A,24.72,A,14.55,A,19.47,29.2082,76.7026
USR_6102E06E,B,13.66,B,20.63,C,17.14,C,16.57,A,12.15,A,17.84,B,16.14,B,21.25,B,11.3,B,12.04,17.2701,72.6569
USR_EBFB6B36,D,11.24,A,16.41,B,12.7,B,19.43,A,21.88,B,12.2,A,16.78,D,10.36,D,10.96,B,13.98,11.7954,78.769
USR_92565A22,D,21.8,B,16.65,A,14.54,B,20.21,B,10.1,B,22.68,A,17.61,B,18.16,A,18.15,A,10.94,13.1072,76.3026
USR_55FD6ABD,C,10.62,C,24.83,C,24.96,B,20.94,D,12.99,B,14.25,A,24.39,C,17.72,B,16.36,A,14.37,24.7347,80.9526
USR_7067ACBD,A,17.56,B,23.09,B,21.64,B,19.01,C,18.7,C,15.61,B,18.62,C,22.84,C,23.97,B,16.43,14.6246,77.8667
USR_B522D0B8,A,7.85,B,5.15,A,9.56,C,7.54,B,6.63,C,5.4,A,7.2,A,8.57,A,8.79,A,9.45,23.7018,79.4882
USR_DF75619D,D,16.53,C,20.1,B,18.83,D,21.06,B,13.79,A,20.92,C,20.74,D,12.41,C,15.58,B,20.12,12.6723,78.9858
USR_9CB69896,B,16.47,C,12.91,A,20.02,C,15.2,C,10.73,A,12.68,C,22.71,A,18.7,B,17.84,C,17.1,26.7129,80.4166
USR_EF0C41D7,B,10.48,C,10.97,A,12.26,B,17.87,C,18.93,D,19.43,B,12.25,C,22.51,B,14.28,B,22.92,13.3463,78.7531
USR_72ADDD54,C,5.54,A,5.28,A,11.63,D,10.43,A,9.91,A,6.68,A,5.78,A,11.61,A,10.25,A,8.73,20.0905,71.2584
USR_F56C33E9,A,23.11,B,18.18,B,15.7,C,24.17,A,13.22,B,16.49,C,22.55,B,14.46,A,18.04,C,19.45,28.1296,78.9584
USR_FE188E86,C,19.11,B,15.8,C,18.06,A,15.27,C,17.87,B,19.88,B,16.15,A,19.4,A,16.32,C,22.22,29.2038,78.0845
USR_A4BF7B84,B,37.09,D,5.42,C,10.27,D,18.67,B,29.37,B,32.54,A,29.38,D,15.84,B,4.93,D,27.46,26.0377,82.6999
USR_A221426C,C,12.12,B,16.02,B,20.95,C,11.08,B,16.99,A,18.16,C,21.53,A,11.53,A,21.2,B,15.56,27.3366,81.503
USR_B3C4DAE9,C,20.4,D,15.5,B,13.07,B,22.2,B,11.2,C,18.51,B,10.01,C,20.21,C,24.12,B,17.05,13.9036,77.4226
USR_DDBF9C6E,B,24.9,B,11.99,A,12.76,D,18.36,B,12.34,B,23.39,B,10.24,A,11.41,B,22.19,B,22.35,25.9039,82.7504
USR_C48E94A1,B,6.75,D,36.88,C,37.03,D,5.58,D,14.15,D,24.99,D,32.53,B,26.03,D,35.21,C,26.15,27.4377,77.646
USR_9321D5E4,A,10.5,C,9.35,A,6.77,A,5.74,B,6.35,B,9.27,A,11.96,A,10.43,A,11.38,B,10.0,14.0061,78.6732
USR_97AA3EAA,B,18.72,B,20.59,C,15.54,B,23.54,C,16.74,D,10.97,A,24.94,A,20.87,A,17.36,C,15.39,19.7543,72.6034
USR_3CD1A730,A,10.84,B,9.22,C,8.47,D,7.63,A,11.54,A,11.63,A,5.68,A,7.13,B,6.55,B,6.86,24.3344,80.1388
USR_7684AAB5,C,17.3,B,14.45,B,20.61,A,13.2,B,23.07,D,20.26,B,11.79,C,15.99,A,14.88,C,16.74,20.1237,73.7564
USR_796A8915,A,20.89,B,21.89,D,15.31,A,13.36,B,10.74,B,17.94,B,17.9,C,23.96,C,10.23,C,13.46,23.2483,77.7962
USR_4E9F1487,C,22.5,B,19.14,B,14.43,C,19.87,C,10.6,B,11.07,B,11.1,A,15.56,A,24.34,A,17.79,27.2201,78.6068
USR_3E932094,A,14.41,B,12.73,B,22.61,B,15.77,D,16.83,B,19.88,B,12.48,C,15.08,B,15.83,B,23.68,24.4907,77.084
USR_F3BED3BC,C,19.02,C,4.1,D,24.34,B,6.24,C,32.53,B,26.84,D,24.57,C,14.62,B,14.98,C,38.42,18.502,74.4088
USR_54306157,B,7.76,A,9.48,A,5.44,A,9.14,A,7.26,A,8.9,C,7.75,A,9.42,A,11.54,A,9.81,19.3494,72.8324
USR_056646A1,A,11.69,D,23.6,B,24.54,B,18.81,C,17.49,A,15.45,C,24.53,B,23.53,B,19.46,C,17.87,30.1983,76.925
USR_353EE2EB,B,7.0,B,5.17,A,10.43,A,11.15,A,6.45,B,5.57,A,9.63,A,9.12,A,9.39,A,5.76,12.9675,75.8239
USR_D57D9EE1,A,24.59,D,21.54,A,15.98,B,22.89,A,15.43,C,21.07,A,16.21,D,11.63,B,19.68,A,23.94,18.6885,73.8275
USR_090387A6,B,18.2,B,23.23,A,24.82,A,23.56,B,17.85,C,22.8,C,18.11,C,13.38,A,21.06,A,23.9,24.4471,80.2583
USR_01E569A0,C,25.86,B,29.06,D,21.32,C,6.55,C,39.9,B,23.64,A,4.42,B,14.08,A,13.38,C,32.59,22.7077,78.2151
USR_8E3FBCD4,A,14.27,C,14.51,C,16.41,B,19.71,A,17.09,B,14.4,B,14.51,C,24.5,A,15.44,A,12.02,13.9136,76.1351
USR_8993DEA3,C,4.02,B,19.49,B,22.04,D,37.24,D,38.36,D,13.41,D,30.79,D,19.54,D,29.9,D,4.79,17.2403,71.7145
USR_1CBA486D,A,9.67,C,5.83,A,8.33,A,9.11,A,7.63,A,6.58,A,8.86,B,7.67,A,7.03,A,8.3,27.9899,78.7504
USR_754846AC,B,12.75,A,17.94,A,12.88,C,15.79,D,15.54,B,11.26,B,19.45,A,23.9,B,19.87,B,15.54,13.8725,79.2085
USR_E50B58EA,B,21.54,B,18.27,B,12.24,A,16.48,B,23.04,B,11.21,D,21.83,C,18.54,C,22.56,A,11.64,30.3217,76.7918
USR_835FF6A1,C,23.0,A,20.44,A,19.62,A,23.58,A,22.87,B,23.81,B,21.76,B,16.46,A,15.59,B,10.92,23.9568,79.5414
USR_85DA6220,B,36.11,C,5.99,C,2.28,B,29.23,C,8.02,D,29.97,D,21.16,D,37.29,D,38.64,C,35.66,17.6066,73.518
USR_B706BE68,A,16.23,B,15.53,C,16.82,C,14.48,B,15.08,D,21.47,A,22.41,C,13.38,A,13.9,B,20.19,11.6467,76.2803
USR_5C2EE054,A,12.22,A,24.33,B,18.59,C,20.99,B,16.51,A,19.55,B,24.25,A,23.93,C,21.88,B,13.96,11.1623,77.9852
USR_F2B7922E,D,24.34,B,17.26,B,4.18,D,19.46,C,23.84,C,30.59,B,29.27,D,14.85,B,11.32,D,13.1,25.6535,80.1499
USR_E94B78E6,D,36.6,D,23.54,B,34.87,B,10.29,A,39.32,B,33.64,C,20.75,D,18.82,B,33.16,C,18.71,24.8508,82.5208
USR_2431AC51,A,8.75,A,6.16,A,5.34,A,8.02,A,9.84,A,5.08,A,6.62,C,7.2,B,9.07,A,5.19,24.8711,78.3358
USR_02D298D5,B,19.41,B,22.67,B,19.78,A,23.43,B,11.31,A,24.69,A,14.56,B,21.86,B,20.32,C,22.69,11.6988,77.0366
USR_01F95933,C,11.51,B,13.47,A,21.12,A,22.37,C,19.88,A,18.91,C,10.55,B,19.34,B,17.16,B,23.2,26.7068,75.8817
USR_CE565B31,D,19.37,C,8.52,A,7.17,B,7.85,C,7.92,C,34.0,A,15.71,D,34.52,C,3.45,A,35.17,12.8586,77.8293
USR_DF31A329,A,5.11,C,7.21,A,8.6,A,5.7,A,6.41,A,8.96,A,6.32,A,11.53,A,6.37,A,6.49,12.6991,79.428
USR_FB45783C,A,6.47,A,6.44,B,9.14,A,6.38,C,7.56,A,9.98,A,9.46,B,6.24,A,11.77,A,8.28,14.9121,76.9972
USR_BC48ECAA,C,20.78,B,15.52,B,14.82,C,21.67,B,16.9,C,17.29,B,10.69,B,12.05,B,24.01,C,12.91,22.4765,77.0979
USR_3AA57C82,A,20.56,D,12.05,C,12.21,A,13.02,B,17.78,C,18.73,C,12.63,B,14.64,C,19.08,C,17.75,25.9744,79.8911
USR_5C1E32CD,B,24.02,C,23.71,A,22.1,A,20.48,B,11.44,D,21.37,B,14.4,A,19.75,B,12.81,B,20.69,11.6891,76.3434
USR_81A9A3B0,A,6.41,A,7.17,A,9.58,A,10.05,A,8.59,A,7.13,A,10.29,A,10.35,C,6.13,B,7.09,20.9587,79.8444
USR_136BFE8B,D,33.63,B,26.72,D,14.74,C,20.78,D,22.28,B,5.06,D,27.9,B,19.76,D,34.71,A,31.91,25.6875,81.8831
USR_28EDCD39,C,16.63,B,17.63,B,16.54,A,16.92,C,23.1,C,24.93,D,22.35,A,14.51,B,12.17,B,18.81,14.3848,75.7022
USR_8D30CCF1,A,23.15,B,21.49,A,16.85,B,18.27,A,13.85,A,23.74,C,23.73,C,18.73,A,23.67,A,22.73,23.104,79.3318
USR_1C1E0279,B,10.58,C,22.97,A,12.32,B,21.23,C,22.43,D,13.33,C,14.38,C,21.58,A,18.66,D,17.38,29.1267,78.1355
USR_921ADE28,B,12.78,B,23.05,A,18.22,A,19.3,B,20.69,B,15.57,A,14.37,C,20.16,A,12.74,A,19.91,11.8062,77.9109
USR_AA45AFD3,C,21.19,B,15.3,B,10.23,C,17.96,D,20.23,A,10.56,A,12.57,C,24.28,C,19.11,B,17.24,11.2602,76.7892
USR_3E45C9B7,A,8.23,A,6.08,A,11.59,B,7.12,A,6.28,A,8.59,B,6.02,C,8.41,A,5.76,A,9.98,11.6031,76.9139
USR_3D10FADA,D,7.87,A,5.16,C,8.04,D,11.41,A,8.2,A,11.01,B,8.22,B,9.98,B,8.8,A,5.2,23.5262,78.294
USR_E151FFC1,D,18.5,C,38.85,D,5.21,A,19.43,D,8.61,D,17.99,D,4.22,D,29.98,B,9.4,C,9.44,24.7707,79.9194
USR_88FAD78D,A,9.79,D,8.83,D,5.29,A,10.67,A,11.28,A,9.46,B,7.16,A,9.96,A,10.93,D,10.31,12.6385,79.222
USR_DA92374C,C,14.07,D,15.56,C,18.31,C,19.74,B,12.96,B,13.63,A,21.88,B,22.41,A,22.54,B,23.54,28.0369,79.0003
USR_9D3CCC39,A,6.01,C,6.91,A,6.96,A,5.46,A,6.29,A,8.29,A,5.61,A,11.13,A,11.22,A,9.11,26.7311,76.6633
USR_73F7D962,D,17.88,B,10.78,B,20.63,C,17.3,A,10.0,C,20.34,D,23.16,B,22.97,A,17.91,D,24.22,19.3633,72.0936
USR_9C1422F8,C,10.52,B,10.19,B,21.86,A,19.3,B,18.72,B,23.26,C,12.39,C,19.28,A,24.63,C,15.18,29.0613,76.1001
USR_B385C717,A,6.81,B,8.76,A,6.9,A,7.59,A,8.24,A,12.0,A,8.54,A,10.13,D,10.93,A,8.0,20.8117,70.9804
USR_E7BE05B3,A,22.06,B,22.31,C,15.33,B,16.71,D,16.93,B,17.25,C,16.31,A,17.39,B,13.6,B,10.37,12.8511,76.6202
USR_774835E6,B,19.68,B,11.67,A,24.96,D,21.63,C,15.45,B,22.04,B,15.09,C,21.3,B,15.35,A,21.88,12.8379,77.7722
USR_A02B479E,B,22.47,B,10.71,C,14.96,C,17.04,A,19.82,B,17.44,D,19.89,D,14.0,B,10.77,D,10.15,24.4352,77.0915
USR_52BCC4BE,C,10.38,B,22.37,A,23.97,B,23.09,C,23.28,B,13.11,A,16.65,C,14.53,C,14.11,A,23.86,22.5229,80.7272
USR_9358B673,B,13.61,A,17.58,B,13.71,A,20.24,B,10.42,C,15.85,B,23.35,A,11.85,A,16.02,C,14.38,27.7752,80.2392
USR_2844ED12,C,27.68,D,37.23,D,28.75,B,23.19,B,9.13,C,2.64,D,21.8,D,18.34,C,17.84,B,26.03,22.6543,80.4053
USR_03451F0C,D,32.95,D,18.53,D,13.79,C,30.63,C,11.16,B,31.1,C,33.51,B,13.65,D,39.82,C,3.6,29.07,77.4065
USR_A82566D8,C,31.27,B,33.28,D,36.84,D,25.07,C,24.54,D,3.72,D,37.0,A,15.6,D,5.49,C,9.85,30.5392,75.2682
USR_022A25EC,D,24.17,A,37.33,D,15.59,D,14.76,D,21.09,C,39.1,A,18.0,D,2.99,D,14.99,C,4.72,22.8889,79.2681
USR_0DFFC949,A,21.23,B,20.02,C,12.76,B,22.07,B,20.81,B,19.34,A,14.49,C,18.49,B,12.63,B,14.09,26.897,79.9211
USR_117AB8A3,D,18.69,A,24.94,D,19.46,B,18.59,D,24.25,B,21.19,C,15.04,C,17.66,A,16.75,D,19.75,20.9147,71.6092
USR_EC2B268F,B,22.36,B,11.73,B,12.09,B,13.87,B,12.06,B,19.79,A,14.23,A,11.52,B,19.71,A,23.43,26.455,80.9395
USR_36B25259,C,33.89,B,23.5,C,18.3,A,10.46,D,8.31,C,14.16,B,2.91,B,25.58,D,15.68,C,8.8,19.9132,71.8186
USR_7ED202C6,B,22.0,C,19.05,B,19.19,B,20.33,C,24.65,B,14.23,B,11.33,B,20.76,A,19.32,B,15.12,26.1165,80.685
USR_667A7B45,C,17.37,B,18.87,D,16.89,C,21.73,C,22.11,C,22.67,B,21.8,A,15.17,A,11.04,A,11.23,29.8602,77.0164
USR_EB8763BD,D,14.74,A,15.61,C,34.41,C,7.36,B,29.07,B,33.84,D,5.19,D,39.43,C,10.63,C,11.99,29.6542,76.7948
USR_230AB479,B,22.59,B,22.83,B,13.73,B,17.74,B,18.11,A,21.58,A,15.94,A,24.44,B,19.29,B,16.72,21.601,79.9513
USR_C17098CD,B,11.51,A,24.87,B,14.78,B,15.68,B,23.36,B,22.73,B,18.86,C,18.65,A,13.85,B,22.05,25.7805,79.4057
USR_1025B254,A,15.17,D,18.38,D,21.99,D,10.62,A,14.69,B,12.87,B,16.25,A,20.71,D,12.48,A,13.42,28.6085,78.6007
USR_D35BA012,A,7.45,A,8.3,A,11.81,A,5.08,B,9.29,A,11.73,A,11.94,A,7.51,A,6.44,A,5.22,29.0264,75.4775
USR_7DF94B1B,C,14.86,C,18.76,D,11.54,C,24.01,C,22.92,C,10.08,A,15.93,B,15.83,B,24.07,B,11.68,25.4159,79.0967
USR_0926E131,A,7.84,B,6.4,A,9.2,C,10.77,A,7.53,B,11.44,A,6.54,B,7.93,B,10.57,A,10.63,18.8081,73.3524
USR_219C45F3,D,16.83,D,25.6,A,28.82,D,37.23,D,16.86,A,27.65,D,27.81,C,14.06,D,16.13,B,4.34,30.5459,76.8523
USR_F4B47B2B,A,22.36,A,20.36,A,19.48,A,18.99,A,17.55,B,17.58,B,24.22,A,17.33,B,23.49,A,10.58,30.3939,75.3541
USR_EFE1F112,B,10.45,A,13.43,B,12.98,B,15.1,B,22.37,B,10.65,B,12.67,C,16.63,B,20.08,B,24.91,22.7132,78.5664
USR_894C8ED5,B,14.48,C,18.41,A,13.95,A,19.41,C,22.7,B,24.15,A,24.22,C,18.98,B,17.85,C,11.72,19.6002,73.0526
USR_6E89A341,B,19.9,C,10.83,B,11.85,B,18.8,A,18.04,C,22.75,A,14.14,B,19.68,C,24.56,B,24.25,19.7343,72.2556
USR_9FB70AD3,D,21.95,C,11.61,C,31.09,C,4.63,A,25.95,C,34.02,D,15.01,D,31.2,C,27.31,D,27.74,11.9048,75.9419
USR_00E241C9,D,38.36,C,20.23,A,35.77,B,33.14,A,8.56,B,14.59,B,16.63,C,29.39,C,12.33,C,9.55,20.5229,71.607
USR_C94A5555,A,9.64,A,6.01,D,9.17,D,8.73,D,9.81,B,10.61,A,7.23,A,8.3,D,5.4,A,7.08,21.5983,80.4327
USR_0F8A7D6E,C,21.03,B,17.38,D,23.22,B,24.18,B,13.07,A,23.15,B,10.29,C,20.84,B,20.27,C,15.01,25.8017,79.7472
USR_B46E8533,B,28.32,C,17.14,C,13.56,B,32.68,D,19.77,D,27.97,A,38.06,C,21.76,B,36.4,C,13.1,26.184,81.3045
USR_3F14E1DC,B,5.14,A,6.29,A,9.33,A,8.76,A,7.74,B,9.65,A,5.97,A,6.92,B,5.92,A,6.52,29.3567,76.9879
USR_135497F2,B,10.59,A,5.12,A,8.64,A,7.46,B,10.27,A,6.7,A,7.51,A,9.99,A,11.36,A,7.43,19.8068,74.8641
USR_9D382CF6,B,21.21,D,16.27,D,15.47,C,20.81,B,24.57,B,22.33,C,15.93,B,14.07,A,24.81,B,14.36,17.5611,73.6369
USR_D0B36B08,B,10.35,D,18.85,D,24.01,C,8.35,B,26.36,C,3.42,D,7.56,B,33.57,D,34.64,C,14.72,26.3769,80.3504
USR_EF6FB447,A,15.79,A,21.88,B,24.8,B,13.02,B,11.84,D,12.06,C,17.41,A,21.09,A,17.34,C,14.68,11.7655,75.8293
USR_C30FE23F,A,24.52,B,11.21,C,15.35,B,23.96,C,13.39,A,13.33,C,23.92,C,13.99,B,15.3,C,12.0,18.0593,71.9
USR_2BF08F3A,B,18.02,B,13.46,C,11.51,B,17.31,D,15.23,C,15.17,B,24.06,A,10.85,B,13.07,C,16.06,20.5734,74.0363
USR_6B6F3BBA,B,8.46,A,32.9,D,32.04,B,24.75,D,4.62,D,35.62,A,33.16,D,5.07,D,14.37,A,24.97,30.2342,79.1253
USR_7FEBB36D,C,21.43,D,10.82,D,21.29,A,24.43,A,12.21,C,15.24,A,24.79,A,15.75,B,12.84,A,16.11,24.0058,78.3795
USR_C8EBBFB0,C,2.52,A,26.95,D,30.98,D,15.23,C,17.51,B,32.69,C,38.49,C,16.54,C,8.2,D,34.94,18.5923,72.1109
USR_4460ACAB,A,8.72,A,10.1,A,6.93,A,5.98,A,10.88,A,10.74,A,9.04,D,5.84,A,9.7,D,10.08,28.7948,79.9107
USR_B8767BC3,A,15.52,B,21.62,A,15.43,B,11.17,C,16.46,C,12.19,A,19.36,D,12.34,A,18.82,B,23.3,26.209,81.4007
USR_E1C9E1E2,A,15.26,C,15.85,B,14.39,C,11.75,C,16.13,A,16.5,A,16.15,C,22.52,B,10.93,B,14.98,27.4467,82.5716
USR_D8ACB5C5,A,9.04,D,20.04,C,24.64,C,24.93,D,28.1,D,8.12,D,38.86,D,7.01,C,34.81,C,20.57,27.6064,78.2585
USR_3410EFC3,D,18.94,B,23.84,B,17.6,B,16.85,A,13.02,A,24.78,A,11.6,A,20.48,C,17.99,C,20.95,20.5763,70.9459
USR_B73DAE2F,D,16.65,D,39.17,B,31.4,C,36.77,B,18.98,A,13.97,D,28.67,C,29.53,B,19.6,A,2.57,14.2153,78.0686
USR_764C16E1,B,14.51,A,21.17,B,19.61,C,12.54,A,12.65,A,24.42,B,11.18,A,23.26,C,22.51,B,22.31,27.3431,78.3657
USR_8ED1B6D8,C,23.15,B,22.98,B,19.0,B,23.93,C,17.95,B,22.0,C,16.39,B,14.26,C,16.19,A,14.41,28.4848,79.9629
USR_9B756391,C,11.27,C,37.71,C,19.11,A,19.51,B,30.97,C,15.1,D,22.56,C,7.95,D,3.78,D,25.47,19.3256,72.5219
USR_CA98ABFF,C,23.93,A,16.05,B,12.2,C,22.91,A,20.45,C,13.28,C,12.07,D,15.21,D,22.29,C,20.96,22.0863,77.4566
USR_0561E83D,C,18.33,B,15.41,C,24.75,A,21.22,B,15.58,A,13.54,C,23.29,B,17.24,B,17.35,B,10.89,21.6123,77.1725
USR_CA888E49,C,10.27,D,11.68,C,20.73,A,23.9,B,11.31,C,10.12,A,12.82,B,16.44,A,21.65,D,18.15,29.8649,78.0061
USR_3F0851FF,B,24.61,C,13.73,B,17.9,B,23.95,A,10.81,B,16.73,B,10.22,C,19.31,D,18.31,A,20.48,11.8425,77.6842
USR_F1BEF32F,D,16.34,A,17.06,A,17.28,B,11.79,B,16.74,A,22.51,A,13.69,B,19.37,C,19.24,B,16.19,22.6053,77.4752
USR_A82A3F92,C,11.5,A,21.82,B,12.58,C,17.07,A,10.31,D,15.5,A,17.73,B,20.36,C,22.63,B,22.25,28.1377,75.6924
USR_B99FE0B2,A,16.71,B,14.55,A,14.41,B,14.74,A,18.94,B,19.13,D,11.07,C,25.0,C,16.09,B,13.6,27.8502,82.0182
USR_691DC3C0,B,20.87,B,24.07,A,10.91,A,17.97,B,18.04,B,20.3,A,24.99,C,12.09,A,13.69,A,23.3,26.9699,82.936
USR_F11A37D6,C,8.93,B,21.23,C,14.13,D,36.38,D,2.05,B,11.3,D,8.86,C,12.65,D,33.53,C,39.34,13.4648,77.2888
USR_A5F06041,C,24.7,C,33.95,C,12.33,B,28.71,A,30.98,D,15.4,C,16.44,B,22.58,B,15.41,D,7.9,29.7332,76.1761
USR_715CCB5C,C,22.41,B,12.16,B,13.95,C,17.95,C,18.81,B,14.29,C,19.82,A,19.09,A,18.03,A,12.47,28.908,77.7753
USR_D22C0110,D,29.14,B,32.17,A,11.16,D,16.72,D,36.84,C,23.82,B,16.37,D,5.12,D,11.03,B,14.06,28.4581,81.8088
USR_BF0404EB,B,27.35,D,4.14,A,36.29,C,7.32,D,32.08,C,34.02,C,29.64,D,14.93,D,6.61,D,38.67,27.9799,82.0655
USR_40AFFCCB,A,29.02,A,30.42,D,4.05,A,22.26,C,20.3,D,9.95,D,36.45,C,24.34,C,22.46,B,25.73,20.3993,74.2019
USR_70FFA26D,C,28.27,D,25.08,C,9.62,B,17.97,B,17.68,C,29.14,D,11.85,D,17.64,A,26.25,B,18.62,25.6776,82.3292
USR_6ABEC4A7,A,19.13,A,22.16,B,24.86,D,24.34,C,14.14,D,23.37,B,20.58,B,17.21,B,10.67,C,14.58,26.0334,81.0664
USR_A679D957,D,15.8,B,22.3,B,10.02,A,14.29,B,10.49,C,11.42,C,22.54,B,12.79,B,13.36,C,23.96,26.9164,82.5592
USR_E1EF092E,B,20.91,C,14.77,A,27.38,D,22.7,C,14.66,C,19.9,A,32.51,C,4.4,C,2.69,B,8.51,25.2863,80.8947
USR_D23B29D9,B,23.17,C,24.92,D,16.7,C,15.97,A,22.45,D,19.01,B,15.07,B,17.9,A,15.25,B,20.59,24.0143,79.7443
USR_08AB697D,B,10.18,A,20.45,C,15.08,B,17.57,C,15.45,C,17.92,B,11.8,B,21.56,C,11.28,A,19.89,20.5968,73.6926
USR_1F2F3BCA,A,16.78,B,11.78,C,19.06,A,11.27,A,16.42,B,18.02,C,20.88,C,21.43,B,13.19,C,15.04,28.3249,75.5709
USR_F482F6E1,B,5.39,A,6.75,B,8.18,B,6.36,A,8.96,A,11.86,C,7.14,A,6.86,D,8.75,A,10.7,17.0736,73.2479
USR_58FCDB9D,A,12.34,C,24.54,B,13.85,C,11.96,D,22.91,B,13.91,A,11.66,B,17.76,A,16.81,B,16.78,26.0911,80.5997
USR_E959ABDD,A,10.34,B,17.86,D,19.9,C,16.26,B,16.34,A,24.82,B,14.98,A,11.28,B,12.49,A,17.36,17.9606,72.4147
USR_FDCDB7ED,A,24.33,B,10.26,D,13.65,C,20.43,B,13.86,C,21.29,B,17.53,C,13.87,C,23.89,B,20.54,14.8791,78.9508
USR_259475DF,B,23.67,A,21.35,C,10.84,C,15.28,A,12.47,A,12.42,B,21.83,A,12.66,A,23.44,B,11.22,21.3024,79.6693
USR_179D9980,C,12.45,B,10.63,B,19.39,D,14.83,B,19.46,C,12.01,B,24.77,B,16.73,C,15.41,B,14.59,13.8736,76.2358
USR_51F22CCB,C,20.62,B,14.82,A,21.28,B,19.03,B,24.12,C,23.93,C,10.59,D,21.96,C,22.21,A,17.31,26.9229,80.2494
USR_617E0112,B,11.47,B,24.43,A,23.34,B,15.72,B,17.05,C,18.15,B,13.87,B,21.15,B,17.13,C,14.54,29.7654,78.4298
USR_7EE05B07,C,32.96,A,31.09,D,10.57,C,15.49,D,5.77,C,13.6,D,24.09,C,20.8,D,35.9,D,37.3,14.5545,76.9277
USR_332E41D8,A,7.36,A,10.32,A,8.67,A,6.83,A,8.3,B,11.66,A,10.49,B,8.94,A,10.45,A,9.96,22.5868,77.2885
USR_89F8EC87,B,13.67,B,17.45,B,19.06,D,18.64,B,13.37,B,17.05,B,15.0,B,21.3,A,22.5,D,19.45,23.6812,81.0266
USR_0C4DC741,B,36.95,D,29.85,C,26.11,D,13.88,D,9.3,D,8.17,A,25.94,A,22.21,B,7.4,C,6.9,17.1761,73.3391
USR_33B4BFEB,C,19.44,B,19.85,D,20.82,A,18.47,B,14.96,B,12.06,B,24.57,B,18.71,C,23.79,C,14.33,29.1289,77.8571
USR_03BB5864,A,5.42,B,8.91,A,9.46,D,6.23,A,5.62,A,6.08,A,9.73,B,11.43,B,7.61,A,9.38,18.2543,74.5572
USR_7FD37F26,B,17.39,D,19.99,A,11.14,C,21.53,B,19.87,B,24.48,B,22.92,A,16.22,B,19.81,A,14.62,12.1917,75.8229
USR_E39E4C5E,B,38.6,A,26.07,D,2.63,B,29.95,B,34.62,C,39.44,C,37.99,D,27.5,B,33.46,C,14.26,13.5333,76.7902
USR_398F1012,D,19.9,C,24.06,A,17.62,B,17.2,B,22.22,B,10.32,D,23.48,B,15.43,A,13.68,B,11.8,28.0761,77.7294
USR_75BAAB49,D,12.56,D,13.69,A,10.46,B,12.93,C,12.3,B,24.03,B,15.43,B,13.63,B,17.36,C,24.74,22.5956,80.2089
USR_AB89795F,C,9.54,A,8.52,B,6.07,B,6.23,A,7.4,A,10.72,A,7.87,C,8.97,C,9.45,A,10.62,17.8715,71.205
USR_72BA08FB,A,21.99,C,12.18,C,20.1,B,13.25,B,16.88,D,15.98,B,25.0,A,24.7,C,13.53,B,20.58,22.0081,79.5206
USR_75033AEF,C,18.39,B,19.57,B,23.23,C,24.72,B,17.68,A,10.22,B,22.46,D,15.39,B,23.75,C,10.78,22.0954,78.6502
USR_7885FF84,D,19.89,A,22.74,B,16.39,B,12.78,B,34.38,B,24.84,B,2.23,C,38.79,A,17.61,D,10.89,26.5981,82.9246
USR_66505C6E,B,14.05,A,23.28,B,19.73,A,20.35,C,10.48,B,12.66,A,24.9,B,14.05,A,18.06,D,18.25,25.091,81.4928
USR_AADA183D,B,10.01,B,24.59,A,16.32,B,17.72,C,23.27,B,11.69,C,17.63,B,11.92,C,11.91,B,10.99,28.0787,75.8078
USR_BA2EE46E,C,20.07,A,18.55,C,22.97,B,18.42,B,20.34,C,22.69,C,17.34,B,20.29,A,20.13,C,16.88,28.0856,82.8087
USR_00213379,B,17.44,A,16.49,C,15.49,B,15.16,A,11.27,A,19.21,B,12.21,C,17.83,B,19.09,A,17.27,19.5019,72.8724
USR_E429BD50,A,21.36,A,11.28,A,24.15,B,13.13,C,11.52,A,24.99,C,23.73,B,14.32,C,15.05,A,16.31,21.9921,78.9026
USR_126E825D,B,22.49,C,22.63,C,18.9,A,18.78,C,10.6,B,20.92,C,12.93,C,16.05,A,15.55,A,22.18,20.1098,71.0395
USR_2A43AD14,D,10.58,C,14.56,C,21.41,C,18.35,B,16.94,B,16.36,A,24.34,D,22.26,B,10.25,A,11.0,26.9495,82.1941
USR_39006813,C,14.76,C,29.3,C,7.35,D,39.44,C,29.76,C,36.69,D,9.15,B,30.19,D,32.14,D,35.06,19.4457,71.0123
USR_819E0D00,A,10.73,A,9.23,A,10.93,A,11.37,B,8.26,A,7.8,A,5.99,A,9.01,A,6.89,A,6.69,23.3043,80.5503
USR_58EC86D6,D,4.37,B,12.88,D,37.45,C,13.74,D,10.02,D,22.19,D,7.73,A,12.64,D,20.87,C,6.29,22.3302,81.0356
USR_F2571D9B,A,6.54,D,6.61,A,6.72,B,10.99,A,6.65,A,10.43,A,9.06,A,9.01,A,8.53,A,11.43,12.4637,75.6241
USR_3FE7FE4E,B,18.19,D,22.52,A,23.47,C,22.94,B,10.61,C,15.73,B,23.02,B,10.56,B,23.05,A,16.04,28.4833,75.4193
USR_3E6115C5,B,32.78,B,35.76,A,24.4,B,33.46,D,27.62,D,6.79,D,16.25,B,15.3,C,22.99,D,9.31,13.0305,77.1351
USR_9109C7C6,B,22.84,B,15.66,C,22.2,A,17.67,C,20.95,C,21.58,D,14.21,B,13.13,C,21.79,A,23.04,20.5273,73.0232
USR_D7D27365,D,14.77,B,12.42,A,15.92,C,14.4,A,17.38,B,18.15,C,12.43,B,23.56,B,15.36,B,14.98,18.4643,71.8289
USR_C4344D69,C,33.87,C,9.84,C,23.88,B,14.89,D,32.64,B,29.97,C,9.82,B,13.98,C,8.57,D,29.05,27.85,78.4458
USR_ECD5A47F,B,21.32,C,10.13,A,18.43,C,12.72,A,17.87,B,13.13,A,22.8,D,17.98,C,17.77,A,14.2,21.3279,77.5391
USR_2BB62807,A,5.89,D,10.15,A,10.33,A,7.27,A,9.96,A,6.07,D,5.53,B,6.88,A,5.43,A,9.19,19.8361,71.4823
USR_DFF6E68F,A,13.85,B,21.41,A,22.37,C,20.39,B,17.89,A,24.11,B,15.71,C,13.88,B,14.71,A,21.24,24.706,78.5447
USR_DCBDAB99,C,10.75,D,24.36,C,14.45,D,18.19,A,10.7,B,24.38,C,10.66,D,21.01,C,19.01,D,14.92,14.0217,79.0092
USR_120FA850,C,24.46,D,15.88,B,24.78,C,7.15,C,16.15,C,27.41,A,24.16,B,10.48,B,3.47,D,32.38,14.7294,76.4171
USR_EFE720C8,C,14.78,B,17.0,B,14.23,B,19.19,B,20.25,C,11.34,B,16.88,B,23.81,D,17.36,A,17.75,20.6921,74.766
USR_7C49EBBD,C,17.61,A,16.31,B,20.55,B,19.4,B,24.5,C,18.8,B,10.05,A,10.92,A,12.43,A,15.75,10.9856,78.6439
USR_CBBBC578,B,18.03,A,21.13,B,19.95,B,19.26,B,11.52,B,13.59,C,10.49,B,22.14,A,23.9,D,19.74,27.0219,82.7111
USR_CF480317,A,17.39,B,22.82,B,12.72,A,11.68,B,11.66,D,11.8,B,13.34,A,23.27,A,13.18,C,17.75,19.8895,71.5725
USR_750801EE,C,30.53,D,11.01,C,31.03,C,15.45,B,28.18,D,36.24,B,9.95,C,5.15,D,18.66,C,20.72,25.0557,81.9475
USR_2CC89019,A,9.27,A,11.89,A,11.82,C,6.82,A,9.71,B,11.25,B,6.29,B,6.35,B,9.08,A,10.98,18.9892,74.4818
USR_A509C9AF,B,16.99,B,17.37,C,23.72,B,14.12,C,16.8,B,20.18,B,17.39,B,10.13,C,16.1,C,21.44,23.7615,79.6248
USR_97EA17DA,B,17.59,A,22.11,C,21.4,B,14.78,C,19.2,D,13.96,A,12.04,B,12.94,B,14.64,C,23.95,19.8638,72.7166
USR_C1DCDA33,B,20.2,B,22.1,B,21.75,B,11.43,B,22.28,B,20.55,A,15.65,D,19.48,C,17.6,C,12.11,17.2598,74.7369
USR_44E397DA,A,20.61,C,12.74,D,19.93,A,21.11,B,16.37,C,10.27,A,20.84,A,10.23,D,11.47,C,16.21,14.5445,75.8577
USR_C3B63D4E,A,23.38,C,15.94,A,18.75,A,22.29,A,10.79,C,14.28,B,15.13,B,12.85,B,11.3,A,24.77,29.4724,76.3894
USR_E9C26009,A,8.3,A,7.84,A,7.05,A,9.08,A,11.79,A,10.86,B,9.3,B,5.99,A,11.89,B,6.2,27.249,78.6757
USR_1EE82A24,B,16.61,B,21.48,A,11.56,C,20.34,B,18.16,B,12.52,C,21.8,C,18.76,C,10.7,A,17.91,14.7352,77.4895
USR_8E9D4DCA,B,13.25,A,22.23,C,21.72,A,15.38,C,24.46,C,14.87,B,24.07,D,16.9,B,19.83,C,14.19,23.3482,79.1416
USR_C89C4872,B,20.2,C,13.04,B,24.92,B,14.93,D,12.29,D,17.82,C,14.65,B,20.31,D,24.27,C,14.04,26.6363,81.3382
USR_A92BD860,B,5.22,B,7.6,C,6.17,A,10.02,A,8.71,A,6.93,A,11.8,C,8.93,A,8.79,A,11.21,17.4482,72.7311
USR_29081DCC,A,24.39,B,19.31,A,19.59,B,16.68,B,23.77,B,20.6,B,17.5,C,16.1,A,13.57,A,17.86,19.0491,73.425
USR_D823D43A,C,21.8,A,20.3,D,12.46,C,17.91,D,17.79,A,14.41,A,11.81,B,18.38,A,18.43,A,18.61,25.5697,81.973
USR_A8AFCE7D,A,5.04,A,5.83,B,8.81,B,8.67,A,6.5,A,6.11,B,11.51,A,11.08,B,5.5,A,6.45,27.6109,79.4435
USR_CFB931BC,C,31.68,C,12.22,C,4.41,C,4.16,D,35.09,B,26.71,D,5.52,D,39.29,D,14.38,C,27.04,26.5408,79.0002
USR_EDC53A52,B,21.37,C,19.26,B,16.4,B,13.88,C,16.42,A,21.27,B,10.59,D,24.4,B,23.56,B,16.49,23.258,79.3975
USR_90258B48,A,15.0,D,14.89,C,21.22,A,11.73,A,16.67,D,19.14,B,11.37,C,19.21,C,24.2,A,19.57,13.9614,79.4097
USR_521EF0C6,A,10.8,B,11.17,B,10.9,A,5.9,B,8.91,A,10.08,A,11.87,A,10.74,A,11.17,A,8.86,27.0703,77.155
USR_CC78DB6A,C,15.8,A,17.71,C,11.96,A,22.21,B,11.65,D,19.82,B,19.36,A,11.29,B,12.37,C,23.19,29.0507,76.3675
USR_D9E4F1E1,A,24.28,C,12.46,A,17.53,A,21.68,C,21.99,C,17.02,B,22.01,B,14.23,C,13.06,B,16.75,28.0122,79.8827
USR_1E339C7E,C,36.14,D,20.38,D,6.98,D,31.67,D,12.15,C,33.57,C,34.82,D,18.16,D,8.65,C,24.13,23.9625,80.4139
USR_4E01A29F,B,5.19,A,8.2,A,10.4,A,7.77,A,9.29,C,7.47,D,6.16,C,8.14,C,6.82,B,11.95,26.5088,79.6226
USR_EF02B13C,A,21.49,A,14.49,B,22.29,C,22.66,D,15.05,B,18.21,B,15.65,C,15.89,B,19.95,C,22.48,28.4634,78.6959
USR_B2E34E32,A,13.06,B,10.14,C,17.49,C,22.82,C,18.12,A,17.57,B,24.99,D,18.78,B,12.92,B,16.56,29.5445,75.695
USR_1108601B,D,6.66,A,11.05,A,6.46,A,8.08,A,6.58,B,9.14,A,7.52,A,6.11,A,8.52,A,9.71,23.4583,80.1825
USR_CFC5C315,B,17.85,B,12.88,B,22.15,B,21.46,B,18.43,A,22.77,B,11.64,C,12.42,C,17.19,A,18.51,12.8015,78.8081
USR_E88F4F00,B,24.55,C,20.05,A,24.7,B,14.71,B,23.56,C,21.94,C,15.12,C,11.93,B,19.23,B,10.94,27.4255,77.6214
USR_70AE5566,B,7.58,A,5.71,B,9.1,B,7.19,B,11.24,A,7.65,A,11.98,A,5.17,A,10.66,B,9.36,27.9614,78.926
USR_97E53645,B,10.77,B,11.95,B,15.94,B,20.6,B,17.23,D,20.6,C,17.64,B,19.25,D,23.57,B,18.39,28.1099,80.9951
USR_6D08B9E6,D,11.65,B,22.12,A,10.53,B,18.65,B,24.9,B,21.31,C,13.79,B,22.79,D,19.83,B,15.17,26.266,79.8607
USR_A9C9F7DF,A,7.83,A,6.2,A,8.22,A,5.34,B,9.46,B,11.7,D,6.72,A,10.72,A,7.14,A,6.82,19.5686,71.8454
USR_8CF3FD19,C,8.11,B,5.44,A,11.04,A,10.61,A,11.02,D,8.31,C,6.84,B,11.14,A,8.7,A,10.38,13.5293,79.3005
USR_FF01D21B,C,22.14,B,17.7,B,19.56,B,20.58,A,16.24,B,22.18,D,17.76,B,13.4,B,19.42,A,14.21,27.5401,78.7745
USR_3C6C03BA,C,13.24,D,36.88,D,27.65,C,35.23,B,26.1,D,27.88,B,10.07,C,30.1,B,8.91,C,19.85,20.6045,73.5186
USR_1AC641E8,B,24.98,D,13.19,C,22.3,A,10.14,A,14.18,B,15.19,C,12.51,D,11.68,A,13.83,D,20.7,29.6631,76.3165
USR_9C411861,C,12.29,B,18.25,D,23.54,D,19.6,C,17.59,C,12.65,A,16.33,A,12.85,A,24.65,B,20.02,30.0999,77.2612
USR_9F2C6252,A,20.35,C,19.21,D,11.27,C,15.07,B,19.18,A,20.6,A,14.01,C,24.02,B,16.06,B,19.81,28.425,77.286
USR_C1ABBC1F,B,9.45,C,6.97,A,10.86,B,11.3,A,9.1,A,10.81,A,10.9,A,6.21,A,5.28,B,9.92,28.4007,77.7547
USR_DA5F7FEA,A,16.38,C,11.83,D,18.74,D,24.8,C,20.19,D,22.79,A,10.54,B,23.05,C,20.32,C,19.05,29.5506,77.6801
USR_10D3588E,C,22.23,A,19.89,C,24.24,C,21.99,A,18.01,C,20.4,A,17.75,A,16.24,B,20.25,B,10.76,27.5379,78.0495
USR_00F9E421,C,22.22,C,24.88,B,16.83,A,13.85,D,22.26,C,16.7,C,13.55,B,23.99,A,14.09,A,10.25,11.6371,78.3964
USR_84426B59,B,13.91,D,24.5,C,12.38,C,14.87,C,18.75,B,21.03,B,19.84,A,12.46,A,12.25,C,13.25,28.0387,82.3957
USR_ECE544B9,C,14.22,D,24.68,B,16.54,B,24.43,C,10.41,A,20.22,B,20.55,C,12.15,D,19.46,C,14.59,28.3935,77.2111
USR_C22E6BD0,D,27.18,B,22.68,C,4.62,D,18.52,D,5.9,D,24.82,D,39.83,B,10.23,C,19.82,C,8.2,28.321,78.1954
USR_27C09DA4,C,17.79,A,14.98,B,18.84,C,17.79,C,23.35,B,12.56,B,15.44,D,20.96,A,20.68,B,23.66,29.8342,77.1374
USR_F6F7F6C2,B,8.54,A,11.76,A,8.41,A,7.12,D,8.59,A,6.85,A,6.41,A,10.87,B,10.72,A,8.15,30.4506,75.5451
USR_C0886845,A,8.06,A,6.41,A,11.28,A,9.39,A,7.01,A,7.38,A,10.87,A,5.32,B,10.03,A,5.17,14.7418,77.0586
USR_8E89A28A,B,31.3,C,13.58,A,34.12,D,4.49,C,16.4,D,5.42,D,31.07,B,9.29,A,30.17,D,26.75,19.4561,71.6233
USR_5CB1678C,A,14.88,C,10.54,C,14.44,C,10.8,C,23.44,B,20.98,A,19.26,A,24.36,D,14.53,D,21.36,14.3885,77.7867
USR_7714FC10,A,11.59,C,15.45,C,12.0,C,21.62,A,17.19,D,13.86,C,20.07,C,16.32,B,14.28,B,18.78,28.7783,81.374
USR_C316C75A,A,10.41,D,7.78,B,7.76,B,9.15,A,10.47,A,11.56,A,5.16,A,11.49,A,7.54,B,9.53,23.924,80.0219
USR_D7488B9D,B,23.84,A,18.37,A,10.43,B,12.96,D,21.54,A,16.36,C,13.58,A,15.43,C,21.0,B,19.48,29.6367,76.5208
USR_B7BC3D83,A,14.88,D,12.32,C,17.72,D,10.25,A,21.41,A,13.74,A,24.36,B,16.95,B,18.13,A,16.77,29.2331,75.6388
USR_3ADC401D,B,10.99,B,5.95,A,5.62,A,9.27,A,5.56,A,7.12,A,8.75,B,8.62,B,5.53,A,5.26,17.2503,71.7375
USR_3B04B1EB,D,24.63,B,10.31,A,24.75,B,13.41,B,17.05,B,23.81,A,22.52,B,18.14,A,24.13,B,14.05,23.4443,80.1824
USR_1D3484D8,D,29.67,B,11.98,D,28.11,A,21.64,C,29.51,D,30.98,B,14.35,C,29.11,C,11.63,D,33.04,27.0424,78.465
USR_90FED1DD,C,39.57,B,5.86,C,33.93,D,6.28,C,20.8,B,11.15,D,11.78,C,14.9,C,18.52,C,25.82,29.7869,78.474
USR_C4A7FAFD,C,17.08,A,19.45,B,20.7,C,24.27,B,10.16,A,18.86,B,22.5,A,14.81,B,15.32,C,15.72,22.6444,78.3651
USR_DFB484F1,B,19.16,B,19.44,A,19.38,D,12.83,C,16.31,B,17.58,B,24.13,B,24.8,B,18.48,C,20.06,21.3877,79.9256
USR_CF9BCB5B,B,15.2,D,10.02,B,12.18,A,18.6,A,12.44,C,19.28,D,20.4,A,21.57,C,22.24,B,19.29,18.5618,73.2099
USR_6A8ACCD3,A,23.46,A,23.0,C,15.08,C,15.13,A,11.51,A,13.0,B,21.51,B,21.0,A,24.27,B,22.36,28.5235,78.328
USR_BD94A4BB,B,22.3,B,17.18,B,21.52,C,18.3,C,11.18,B,13.73,A,16.63,C,22.99,A,24.07,C,23.71,18.8432,73.5932
USR_95D0D1AB,A,7.17,B,8.95,A,8.0,A,6.01,A,9.62,A,7.44,A,6.89,A,5.09,D,10.7,A,7.32,29.1177,77.845
USR_D3120227,A,7.57,B,7.43,C,6.11,B,7.84,A,11.08,B,9.29,B,7.27,A,7.19,D,8.87,D,7.13,23.87,79.4725
USR_7B767AA6,B,13.4,B,6.14,C,31.47,C,4.63,A,6.02,C,2.96,C,25.33,D,38.3,D,27.03,D,8.7,20.3283,70.995
USR_62739FD9,C,22.01,A,17.23,B,21.74,B,18.53,B,13.28,C,11.28,B,12.48,C,22.68,A,15.55,B,15.72,28.3442,80.5404
USR_D7A945B2,B,17.12,C,23.37,A,20.16,B,17.37,A,13.86,B,13.03,C,17.27,C,19.72,B,10.25,B,13.66,17.8343,72.9921
USR_161F3CBC,B,16.14,C,24.83,D,17.31,B,2.3,D,25.14,C,36.46,C,7.79,D,33.23,D,15.18,B,13.48,12.2228,77.6623
USR_005F0719,B,11.56,D,22.49,C,19.83,B,19.78,C,21.26,B,12.02,B,21.6,B,22.84,C,23.28,D,16.08,23.3298,77.8469
USR_4208FB9D,A,21.2,A,19.53,D,19.58,B,17.26,B,13.53,C,13.02,D,20.98,B,17.8,A,11.44,C,24.17,20.0964,71.3925
USR_73CD7086,B,14.54,B,10.0,A,11.74,B,19.72,D,15.7,A,11.23,C,16.86,A,22.65,B,17.52,A,12.01,25.0061,80.9437
USR_9F2B2F09,C,10.63,B,20.82,A,15.97,B,16.33,B,12.11,B,21.51,B,10.4,B,15.45,A,13.44,B,22.99,28.5493,78.7349
USR_40A88822,D,25.46,B,4.16,D,38.63,C,16.63,D,32.06,C,6.46,C,13.2,B,23.44,D,39.72,C,23.9,17.4439,72.2438
USR_F7B2E688,B,25.12,B,7.11,A,25.97,D,8.14,B,8.15,D,25.25,C,19.55,B,34.48,B,29.52,D,12.86,18.7503,71.6381
USR_B8EED5F2,D,7.45,A,5.68,A,11.42,A,8.17,A,8.36,B,9.03,A,10.4,A,9.13,A,7.8,D,5.12,12.8577,79.3569
USR_F1F39A9C,B,24.66,B,24.45,B,22.75,B,20.78,A,23.49,C,23.68,B,23.47,C,23.77,A,18.86,C,17.77,28.7294,77.114
USR_3E5AA75E,B,10.92,A,10.78,A,9.46,A,10.43,A,10.06,C,7.15,A,5.65,B,8.71,A,5.24,D,7.65,18.0646,71.6997
USR_446708DA,C,11.03,A,11.11,B,10.81,A,7.77,B,10.77,A,7.96,A,6.72,D,5.1,A,7.8,A,11.56,24.5287,77.8028
USR_1066CDA6,D,11.42,C,34.04,A,28.89,D,38.36,D,23.75,A,32.78,D,8.52,D,26.28,C,23.27,D,32.8,19.4155,71.9232
USR_EBEA44C8,B,19.19,A,16.77,A,23.67,D,19.93,A,10.6,B,17.42,C,22.06,C,11.29,B,10.08,C,24.41,29.8211,77.0816
USR_B6A5329F,A,24.26,B,20.92,C,18.59,B,16.35,A,19.9,C,20.7,A,16.33,B,13.54,B,19.26,B,18.57,27.1088,81.3162
USR_8EE1C0D1,B,19.4,B,22.24,A,20.92,A,18.13,B,24.95,C,12.96,A,23.37,B,17.47,B,16.88,B,13.19,26.6936,75.4204
USR_628A50E7,A,7.21,A,6.59,D,39.49,D,34.72,C,7.03,D,36.84,D,17.22,B,11.79,D,4.86,C,18.16,29.7398,78.1995
USR_72E0A675,A,10.18,B,23.45,C,24.7,C,23.75,B,11.74,B,24.93,D,13.21,B,16.63,A,24.61,C,16.48,14.4002,77.5549
USR_3BB35C02,A,15.46,D,10.19,A,13.72,B,14.24,A,22.54,B,20.65,C,23.11,C,22.38,B,23.43,A,12.72,14.2441,75.8357
USR_26EA1401,C,29.81,A,31.0,D,10.96,B,38.54,D,28.09,B,15.67,C,17.03,C,22.11,C,9.97,D,18.29,20.5772,71.5598
USR_14BAACEC,A,5.89,B,10.87,B,6.27,A,10.69,B,9.25,A,8.96,A,5.15,A,6.35,A,8.15,A,10.76,23.6253,79.7683
USR_A871DE88,D,13.3,B,24.09,A,11.09,B,10.81,C,22.5,B,15.56,A,14.76,B,10.65,A,14.24,B,16.0,27.0685,76.7385
USR_9DD3B705,B,11.54,B,11.86,B,9.18,A,6.89,B,7.51,B,5.06,D,11.4,B,11.25,B,11.46,D,7.61,13.215,75.9837
USR_745468E4,A,5.84,A,8.57,A,10.66,A,8.31,A,7.19,A,11.18,A,11.84,A,9.08,A,5.63,A,5.24,11.3108,76.6727
USR_2A6A9814,C,14.26,A,10.14,C,22.25,B,14.36,C,16.91,C,10.29,A,23.61,C,15.55,A,16.68,B,18.57,27.8095,76.5217
USR_BFD6370D,C,27.49,A,12.8,A,28.57,C,23.18,B,11.04,C,9.87,A,28.24,D,6.64,C,22.88,B,39.59,14.7599,78.29
USR_6547ACEA,A,24.58,B,12.93,C,12.89,A,18.06,B,18.54,B,22.05,A,10.84,C,18.63,C,16.81,A,24.08,25.5884,82.3922
USR_22178BFB,A,11.19,A,15.77,A,18.71,A,16.08,C,13.55,B,12.52,D,24.07,B,21.15,A,14.78,C,19.1,22.1629,81.0534
USR_3739B5FB,D,9.92,D,34.62,C,22.36,D,37.34,C,18.87,B,26.51,D,37.19,B,21.02,D,9.1,D,8.63,14.2705,77.1818
USR_C455401E,A,20.16,B,11.24,B,16.61,A,22.93,B,23.05,B,15.68,A,20.93,C,18.55,A,19.1,A,11.43,11.5453,75.9189
USR_2B857450,A,15.78,B,17.89,B,16.02,B,20.84,A,17.13,C,13.95,A,15.2,B,14.33,A,12.51,B,15.17,17.5687,74.4538
USR_149E1A71,A,11.1,A,9.92,B,6.52,A,11.65,A,8.47,B,9.18,A,5.42,A,5.05,A,6.32,B,6.06,25.5998,80.9924
USR_52B62259,B,29.94,B,11.6,D,19.53,A,35.44,D,26.13,B,12.64,D,7.92,C,11.39,D,34.87,B,35.6,30.5523,76.4839
USR_30D3FE86,B,11.44,B,23.49,C,14.96,B,15.61,B,23.42,A,10.18,C,20.76,A,14.52,B,17.59,A,12.53,19.5826,73.3471
USR_C138B1CC,C,23.19,B,21.74,A,15.11,A,20.71,B,13.55,C,21.36,D,17.49,A,10.08,B,15.05,B,20.68,26.7559,80.8473
USR_07376603,A,18.57,B,12.58,C,14.12,A,21.79,D,17.45,D,23.61,A,15.79,C,24.23,C,19.93,B,15.85,24.9849,81.1669
USR_2826F5FD,A,10.38,C,5.18,B,10.86,A,9.07,B,8.48,A,6.33,A,10.99,A,10.39,A,10.53,A,7.97,26.7705,78.9646
USR_2C32EF32,A,11.49,B,18.17,B,15.27,C,20.89,B,23.52,A,21.59,C,17.56,C,24.05,A,17.4,B,14.06,23.4523,78.722
USR_5B04B033,A,21.36,A,24.19,C,19.81,A,10.83,C,18.51,A,16.53,B,17.4,B,10.91,B,17.71,B,18.82,22.7334,77.7551
USR_9C264FA0,C,13.93,B,8.43,A,19.11,D,16.38,C,12.86,A,2.72,D,39.89,D,15.1,B,36.29,C,37.44,30.2515,78.3461
USR_B50CFA55,B,18.49,B,11.12,A,11.6,B,10.34,B,16.13,B,20.7,B,24.04,B,19.46,B,23.74,B,17.11,29.7045,78.4783
USR_DD7D8684,B,9.42,A,8.07,A,5.56,D,9.39,A,6.4,A,7.68,A,5.94,A,9.75,C,11.25,A,7.96,11.4895,79.4026
USR_07F78972,A,19.49,B,10.32,C,10.16,C,20.66,B,18.0,B,16.32,B,19.59,B,13.94,B,10.58,B,23.32,24.2887,78.7743
USR_02FE026E,A,19.19,C,13.59,B,15.36,A,20.83,B,19.91,A,21.17,C,24.0,D,17.45,C,24.61,A,16.29,21.5401,78.9962
USR_4C3CC7BA,C,23.98,B,22.13,A,22.31,A,18.99,B,12.35,B,23.59,A,12.88,C,12.9,C,15.57,C,16.98,22.9807,81.0662
USR_8B78D831,A,7.56,A,7.01,A,8.14,A,6.71,A,5.49,A,11.13,A,6.6,C,7.93,A,7.93,A,11.82,11.9857,77.7998
USR_389CF86C,A,23.61,A,23.27,B,24.13,B,21.04,A,21.01,C,17.32,C,18.26,A,10.91,D,20.54,C,12.26,11.2736,77.6705
USR_D746CB23,D,36.85,D,38.16,A,37.31,C,32.0,C,17.67,D,33.32,A,25.91,C,23.1,B,22.81,D,11.19,30.1306,78.9266
USR_1A87589E,D,17.97,A,28.25,D,14.7,D,3.69,D,38.85,C,27.73,D,8.1,C,3.93,D,34.72,D,4.83,12.1775,77.9578
USR_357FBF72,B,4.79,C,14.23,C,6.07,D,30.94,D,6.86,C,20.02,C,19.8,D,7.45,B,32.2,D,8.42,21.1098,77.2037
USR_5CF24CBF,A,7.41,B,10.84,B,6.52,A,10.78,B,8.74,A,10.46,A,8.7,A,9.82,B,8.87,A,10.09,28.2171,78.6565
USR_49C3480E,B,5.04,A,6.14,A,11.17,D,6.77,B,5.65,C,11.88,A,5.06,B,7.53,A,5.05,A,7.33,20.9539,80.0979
USR_DAB6B4F0,C,23.23,A,15.58,C,17.63,D,14.74,B,21.35,A,15.29,A,17.68,A,20.61,B,14.36,B,19.56,21.7155,77.84
USR_9621B1F1,B,29.05,D,32.47,B,32.92,C,7.95,D,16.31,C,34.02,B,38.46,D,26.85,C,34.14,C,9.11,26.3,79.3076
USR_515AA774,A,24.08,B,19.4,B,16.1,C,23.18,A,14.5,C,11.68,C,18.72,D,21.41,B,10.34,A,18.21,22.6459,77.6646
USR_92C1740A,A,22.93,C,18.5,C,11.81,B,17.12,A,16.29,B,15.26,A,12.2,B,21.49,D,10.59,B,16.58,29.613,75.2867
USR_B19CD1D0,B,4.38,D,39.28,B,23.89,D,36.15,D,32.96,C,4.34,B,2.55,C,2.67,D,5.39,C,30.61,27.0391,82.7504
USR_B6BB2C92,C,17.75,B,10.23,B,24.67,C,21.23,D,23.23,A,20.22,B,24.21,B,19.38,C,14.72,B,17.44,11.434,76.5548
USR_F5D4FDBA,C,23.81,B,11.64,C,17.45,B,19.98,A,12.92,A,19.42,B,18.56,A,21.15,C,21.68,B,19.74,22.5168,77.8064
USR_C7BF9398,D,10.32,B,20.12,B,20.76,B,24.52,C,21.16,C,11.22,B,12.26,B,10.83,A,13.77,A,22.92,21.5811,80.2287
USR_95D66B2E,B,21.12,B,18.85,A,20.56,B,17.84,B,13.54,C,22.42,A,22.2,B,22.47,A,14.03,B,18.52,21.6049,80.0495
USR_CCFB7601,D,8.48,A,8.5,A,10.9,A,8.6,A,11.19,A,11.09,A,5.11,B,5.3,A,11.4,A,8.07,30.1423,76.1084
USR_684A9A23,D,12.63,B,36.73,D,9.19,D,15.92,C,34.26,D,34.02,D,35.25,C,11.38,D,6.07,C,13.9,20.9962,80.5222
USR_AECD8DD2,D,20.64,C,39.08,B,22.46,D,15.7,D,11.86,D,21.79,A,32.07,C,14.49,D,17.6,A,20.79,28.7588,79.5498
USR_D0975B08,B,10.15,A,10.96,B,9.91,D,11.35,A,7.59,B,6.7,B,11.91,A,6.62,A,10.57,A,7.41,21.5493,77.6316
USR_68769E43,C,24.98,B,20.65,A,24.63,C,22.72,A,21.62,C,12.18,A,13.67,A,16.35,C,18.95,C,11.49,21.6848,77.3873
USR_81C59305,B,12.33,B,18.4,D,14.06,A,14.75,C,21.59,A,12.04,A,18.61,C,17.69,C,22.02,B,11.97,24.9089,82.798
USR_D2F8A5FE,B,12.62,C,14.48,C,10.54,C,13.33,B,24.94,B,10.24,D,14.41,B,23.76,C,13.58,B,21.09,25.1134,79.2826
USR_00D2D10F,D,35.63,B,11.43,B,39.72,D,34.11,C,25.9,D,10.77,D,3.88,C,25.66,D,35.1,C,25.11,22.0175,77.8107
USR_B6E18FEE,B,21.23,A,23.36,B,15.31,B,22.35,A,19.09,B,24.43,B,12.97,B,23.86,D,11.26,A,10.54,22.3546,77.3214
USR_8B1C1817,B,21.49,B,10.63,B,16.74,B,16.92,D,20.65,A,10.92,B,17.62,A,17.31,B,23.17,C,21.18,24.7152,80.8086
USR_6AD361CF,B,20.09,B,16.79,C,21.9,B,10.25,D,11.29,C,21.74,B,15.33,D,19.31,B,19.4,A,20.89,11.0593,77.0564
USR_DA444797,A,11.11,A,5.4,A,5.44,A,9.03,A,5.8,C,7.81,A,8.3,A,7.49,A,6.05,A,5.95,14.8925,76.3375
USR_5CE5536F,A,22.96,B,20.24,A,24.1,A,13.02,A,17.54,B,19.82,D,22.38,D,10.12,C,21.94,C,20.59,23.7668,78.4873
USR_F9051882,B,11.23,D,11.1,A,18.79,C,22.61,D,21.52,A,14.5,A,24.8,B,19.83,A,20.13,A,16.11,27.9404,82.8829
USR_25CB863F,A,19.66,B,17.05,D,15.59,A,22.27,A,18.56,A,24.47,D,13.89,A,16.78,A,13.9,C,13.73,29.3043,76.0535
USR_CB2E98FF,A,6.55,A,9.64,A,9.37,A,11.16,A,5.06,B,7.59,A,6.61,A,8.47,A,6.61,A,10.67,18.6941,72.2532
USR_EF97A199,B,34.13,A,4.01,A,26.16,D,9.56,D,3.96,C,27.19,B,9.88,C,24.14,D,9.55,D,11.65,22.4206,77.2345
USR_C37F159F,D,3.97,D,35.47,B,21.62,B,34.03,C,25.7,B,32.96,C,8.16,C,10.26,C,30.14,C,28.08,28.6581,80.1935
USR_D531B68C,A,23.5,B,12.19,B,20.91,B,11.16,C,18.92,C,16.31,A,24.27,D,17.22,D,18.61,B,17.99,19.3298,71.2041
USR_020BB51E,B,22.92,C,14.53,A,19.02,B,19.8,A,23.79,D,21.6,C,23.85,B,17.96,C,14.04,A,15.13,28.8384,76.979
USR_7F10CD7B,B,7.2,A,7.39,D,8.68,A,11.93,A,9.03,C,11.23,A,7.89,A,8.84,C,7.26,A,11.63,18.447,71.8268
USR_1B1EFC5C,C,20.21,B,10.89,A,12.57,B,20.95,C,13.65,B,12.27,A,20.62,A,19.09,C,18.11,A,18.14,25.4832,81.78
USR_A97FDAD2,B,2.92,C,15.82,C,12.41,C,29.79,D,8.38,D,24.06,D,25.89,C,28.15,B,34.34,C,38.24,21.834,77.7303
USR_E70FA4D0,C,19.67,B,10.58,C,23.39,B,14.31,C,21.14,A,17.38,B,11.22,A,18.47,A,16.36,A,16.74,22.7771,77.6561
USR_17BED31C,B,13.56,C,11.69,C,24.99,B,11.67,C,19.48,B,21.15,D,23.09,B,10.35,D,20.42,D,18.91,14.2948,76.3996
USR_F5811785,A,20.99,D,19.25,C,12.48,C,13.63,B,17.47,B,12.65,B,18.2,B,17.8,A,13.36,B,20.11,19.6967,74.7092
USR_84194BB7,B,24.59,D,15.96,B,13.03,B,18.83,C,22.51,A,24.53,A,24.64,A,13.27,C,15.82,C,21.41,30.5104,77.0497
USR_ECA0F7C5,B,7.3,A,9.55,D,11.78,A,8.32,A,11.56,A,7.26,A,7.77,C,9.05,A,5.83,A,5.24,17.338,74.0683
USR_8EB0A4C2,D,14.35,C,21.67,D,18.16,C,16.51,D,23.87,B,17.01,B,20.24,B,10.91,A,11.25,B,17.08,18.4541,73.8067
USR_F8FD2B94,A,8.29,A,6.43,A,6.06,A,8.37,A,8.09,A,10.06,A,9.15,A,7.95,A,10.88,D,5.83,12.819,78.323
USR_48B20E49,B,10.77,D,12.59,B,16.78,D,16.44,A,10.4,C,19.51,A,12.72,C,13.66,B,12.03,D,14.65,23.4431,78.5209
USR_AD3FFFB3,A,18.78,D,12.62,B,18.38,C,17.55,C,24.89,A,10.67,D,17.14,B,22.89,C,22.9,B,18.13,14.9146,76.5634
USR_6AEDADE5,B,10.65,B,22.91,B,11.74,B,13.06,C,12.78,A,16.44,B,24.78,D,17.53,B,21.1,D,17.94,17.6954,72.6299
USR_9E1CD2CA,A,7.3,A,10.96,A,11.04,B,7.34,A,5.88,A,9.24,A,6.47,A,6.5,A,8.98,A,10.04,28.6926,79.0656
USR_B3EAA3D5,B,9.68,A,8.12,A,9.66,A,11.59,A,9.35,A,10.98,A,9.97,C,9.37,A,8.34,C,10.14,17.8028,73.2427
USR_A6242357,C,8.14,A,7.72,A,6.38,A,8.9,D,7.97,A,9.4,A,7.29,A,10.05,A,7.01,A,7.25,25.6048,81.3952
USR_D58FCF88,A,5.75,A,11.82,B,10.49,B,11.36,A,10.0,A,9.14,A,11.88,A,9.53,B,9.18,A,5.53,12.0444,77.3243
USR_1BB0A72A,A,14.45,B,30.44,A,23.8,C,28.61,D,5.15,B,13.22,A,16.34,C,19.22,B,25.1,D,16.29,18.9333,72.8297
USR_B1FEECD4,D,15.78,B,22.06,D,27.7,D,37.01,B,11.92,D,9.7,A,9.11,C,18.91,C,19.08,B,27.04,21.9516,78.7904
USR_3E672E8B,C,22.17,A,22.81,B,16.53,B,21.76,D,21.11,B,23.39,B,18.22,A,18.88,C,17.8,B,18.91,24.4442,78.1215
USR_7A7602AA,C,14.43,B,18.58,B,18.84,A,23.59,C,11.99,B,12.89,C,11.57,B,22.08,B,19.91,B,13.0,26.9326,80.0955
USR_2F3F89FA,B,7.98,A,11.12,A,6.71,A,8.39,A,6.03,A,5.47,A,6.76,C,7.62,B,11.61,B,11.38,24.8223,77.6134
USR_810B1123,A,10.16,B,20.48,A,12.25,A,17.52,B,16.83,C,22.67,B,12.49,D,20.28,A,16.38,B,14.76,28.2141,76.577
USR_F6A6A4F0,A,11.14,A,6.7,A,8.7,A,7.45,A,6.03,D,9.6,A,10.17,A,7.9,A,9.72,A,6.49,14.2754,78.1761
USR_BD3CEF58,D,25.54,D,10.47,C,10.97,D,16.71,B,5.86,C,18.17,B,5.26,A,30.75,C,15.2,A,13.19,26.3082,79.0216
USR_8ADBAF91,A,8.95,A,10.51,A,10.13,A,6.41,A,11.48,A,5.12,A,5.61,A,7.95,A,10.45,D,7.23,29.4452,76.0072
USR_2D038758,C,20.82,B,12.19,B,21.1,B,20.78,B,13.29,A,21.31,D,22.8,D,10.75,A,13.92,B,23.35,11.9431,76.8532
USR_63BA2A93,B,13.22,B,11.24,A,20.76,A,14.56,C,16.57,C,22.48,A,15.01,B,14.15,A,17.95,A,12.85,25.9196,81.5365
USR_7C7BB390,B,15.67,C,19.63,C,10.88,B,16.76,B,24.84,C,14.79,B,10.56,C,13.14,A,15.85,C,18.65,12.9786,78.5951
USR_82973CF1,B,39.72,D,13.67,C,37.41,C,28.15,D,25.4,D,8.37,C,20.37,C,22.56,B,23.65,C,21.84,29.138,78.6546
USR_FBF537AA,D,10.93,C,17.66,B,12.42,C,12.82,B,14.84,B,16.37,B,11.65,A,19.89,B,13.91,C,15.99,28.4378,75.6388
USR_2E40FC73,D,8.95,C,22.57,D,20.49,C,35.72,C,7.29,C,30.07,D,17.2,D,4.22,D,18.23,D,27.44,26.0871,79.9561
USR_9304BFF4,C,23.53,B,12.56,B,24.04,B,16.92,B,13.17,C,20.57,C,19.83,B,15.13,A,21.74,A,24.07,28.4796,77.9815
USR_3C149A88,C,39.27,B,18.65,D,9.71,A,20.72,D,9.58,D,32.55,D,34.73,D,34.15,D,6.25,A,26.45,18.3624,74.74
USR_0AA86CE6,A,22.64,C,16.87,A,15.95,C,11.96,A,21.85,C,22.12,B,21.5,D,15.15,B,23.08,B,14.48,26.4174,80.1358
USR_18AE97F5,A,16.44,B,17.78,A,21.87,A,14.4,C,20.37,A,16.93,D,22.16,A,17.97,C,10.07,A,16.83,20.9478,78.1078
USR_9CBAF33D,D,12.97,D,38.02,B,18.18,D,22.6,B,20.9,D,18.58,C,39.71,B,18.37,B,21.69,D,24.69,25.3282,82.2625
USR_9E320370,A,11.86,B,18.38,B,21.23,B,22.73,A,10.25,A,16.96,A,18.17,C,23.32,C,16.37,B,22.3,27.7652,78.7258
USR_A4867F85,B,11.78,A,7.06,A,8.25,A,7.32,A,10.67,A,8.04,A,10.35,B,11.85,A,9.76,C,6.61,12.874,75.8698
USR_EA9C640D,A,10.94,C,17.04,B,15.91,C,16.29,C,13.61,D,17.82,B,13.72,B,23.98,C,19.7,B,12.47,27.7448,76.526
USR_5FFBBCE4,A,15.43,C,17.91,B,19.2,B,16.1,D,11.67,B,23.13,C,22.73,A,15.81,A,21.08,B,15.42,17.9421,73.5488
USR_9977A487,A,7.88,D,7.45,A,6.74,B,6.06,B,10.46,A,11.56,C,8.98,B,8.2,A,10.76,A,11.85,28.6248,79.1293
USR_9F0D113E,B,12.86,A,11.66,B,13.34,A,24.95,D,12.71,A,11.43,C,24.75,C,12.87,B,20.24,D,12.43,30.4122,78.7082
USR_1B41D503,A,22.6,D,16.92,C,11.49,C,22.28,A,16.96,C,10.34,B,20.07,B,21.62,B,16.48,B,22.11,29.2548,76.543
USR_691E35F6,C,34.43,C,27.63,D,21.27,D,25.92,C,34.28,B,32.5,D,35.65,D,4.42,A,10.58,A,37.51,12.4679,77.7118
USR_8BB13D67,D,22.59,B,21.33,C,20.64,A,15.2,B,11.13,A,10.21,B,15.01,B,22.81,C,15.81,D,12.55,26.8659,80.3707
USR_5E97FC8D,A,10.73,D,7.99,A,7.24,A,6.33,A,8.42,A,6.71,B,11.22,A,11.23,B,9.47,B,6.8,12.8251,77.5287
USR_58B67663,C,29.02,D,11.97,C,19.73,B,11.35,A,6.13,D,21.23,A,17.79,C,2.39,C,38.38,B,13.76,13.9092,77.0914
USR_C911D4D0,B,18.56,C,23.59,C,16.08,B,10.61,A,15.82,A,23.65,A,15.49,A,10.65,B,18.71,B,22.7,28.5272,81.765
USR_E8F9CE61,D,32.97,D,3.86,C,5.38,C,5.66,A,24.11,D,19.99,D,24.03,D,6.18,B,30.63,B,31.38,23.1559,80.4671
USR_A8A2E878,A,10.86,A,9.37,A,8.92,A,7.08,B,5.98,A,5.66,A,7.3,C,9.08,A,9.88,B,7.66,23.3907,77.9881
USR_CBF5DA28,B,12.03,A,20.94,C,19.66,C,23.48,B,22.48,B,10.52,C,14.97,B,15.23,C,19.38,B,20.45,20.8199,71.9505
USR_0AE866C2,B,15.48,B,20.91,C,16.52,A,23.59,C,12.21,A,10.02,B,14.41,A,19.25,A,23.93,B,24.66,24.5006,80.3168
USR_CFB6CE97,B,21.8,B,12.29,A,10.69,B,17.22,C,18.26,B,13.25,C,19.73,A,18.05,B,18.58,B,14.34,19.7397,73.797
USR_1C34FF58,B,19.03,A,20.13,B,15.71,A,15.72,C,13.58,C,17.71,A,12.85,B,16.94,A,12.67,A,20.98,17.8822,71.0895
USR_8EF0E128,A,5.97,A,6.9,A,5.31,A,8.22,B,11.87,A,9.96,A,7.36,B,11.44,A,9.58,D,5.86,23.8468,77.9564
USR_F96D751E,A,6.37,A,9.72,B,7.48,A,8.62,B,6.17,A,5.68,A,11.86,A,8.29,A,9.01,A,11.68,22.1727,80.7102
USR_32851081,B,13.36,C,21.64,D,22.69,C,24.87,C,10.28,B,19.24,A,24.65,B,18.02,B,14.94,D,20.77,24.5677,78.5849
USR_BE03555D,C,21.78,B,17.34,C,12.03,B,17.92,B,17.58,D,14.78,C,20.66,B,13.0,B,13.81,C,23.48,17.6844,71.1075
USR_6656FF8C,B,14.59,B,17.17,D,18.64,A,21.66,C,15.66,C,24.06,C,16.39,B,13.6,B,20.21,B,19.44,23.8211,80.0582
USR_60E5BADD,C,23.38,B,15.36,A,24.57,D,15.02,B,19.26,C,24.02,C,21.24,B,14.89,D,13.88,C,24.27,20.4644,74.4338
USR_9AEF56BE,A,11.81,A,7.22,A,5.97,A,11.33,A,11.77,A,9.01,A,11.41,A,5.17,A,6.03,A,8.92,14.3688,78.7556
USR_4FAE5C91,A,10.73,A,12.53,A,17.61,B,18.36,B,23.8,D,11.87,B,17.84,C,14.87,B,15.2,A,23.18,22.0005,77.7723
USR_51AE0FE0,C,39.3,D,3.16,A,9.89,C,32.67,D,25.96,B,32.53,B,32.85,B,3.27,D,14.88,A,26.22,20.9491,78.2647
USR_2F773FD6,B,19.65,A,24.79,B,19.15,B,17.42,C,15.95,B,15.02,D,10.36,B,22.09,B,20.35,B,11.52,27.5783,77.0001
USR_2AE55860,B,20.24,B,23.94,A,19.75,B,16.35,B,11.74,B,17.3,A,12.87,B,23.16,D,24.67,B,24.06,25.6639,82.4625
USR_A2A92723,D,12.02,C,13.09,B,16.24,B,10.88,B,20.19,A,17.41,D,11.29,A,13.98,A,12.56,A,13.14,13.9884,77.7476
USR_1F5C7159,D,18.83,A,31.0,C,2.78,C,2.06,B,4.31,D,23.61,C,32.92,D,37.76,C,24.22,C,26.48,17.1584,72.0114
USR_C6B111E0,C,12.27,B,13.6,B,13.85,B,13.7,B,13.04,D,17.75,A,13.12,D,12.66,A,24.45,B,21.55,29.9071,78.1072
USR_C7EA566B,B,10.67,B,17.07,B,20.17,C,15.69,D,22.73,B,20.83,A,14.58,B,11.17,B,22.33,C,24.29,19.9538,73.2444
USR_6B478D2C,D,29.88,C,18.79,A,4.17,D,13.55,D,35.29,D,22.86,B,10.4,D,13.74,D,21.98,D,37.34,12.3387,79.0092
USR_6A81940E,B,14.01,A,23.97,C,22.51,C,12.5,B,13.39,B,21.47,B,22.54,C,23.58,B,23.44,A,12.56,26.3138,82.9189
USR_5F9D6C35,A,6.08,A,11.81,A,11.53,A,6.72,A,9.98,A,11.91,B,6.76,A,5.33,A,11.23,A,7.82,29.7357,78.1714
USR_FCB5EBF2,B,22.41,B,23.29,B,22.54,B,15.29,C,21.23,A,24.35,D,15.53,B,10.66,B,19.04,B,14.89,28.9958,77.3892
USR_CDEC0C32,C,10.59,B,17.9,A,19.39,A,19.99,B,13.41,A,14.46,B,19.7,B,17.38,A,12.17,D,21.08,19.514,73.7011
USR_2134841A,D,20.11,D,28.46,C,19.8,D,12.24,C,11.27,D,34.92,D,27.4,A,17.75,B,2.32,D,14.66,29.0902,76.5291
USR_4D4E1E65,B,10.77,B,11.62,B,24.61,C,21.36,B,22.15,A,10.24,C,21.46,B,13.2,A,17.4,B,13.55,14.9555,78.8205
USR_113FB8EE,D,22.28,C,16.77,A,23.25,C,6.81,B,13.86,C,20.28,B,39.11,A,26.11,D,6.03,D,34.28,14.7553,77.7209
USR_1759A73D,A,23.0,C,18.32,A,12.85,A,16.58,B,23.17,A,24.99,C,24.53,A,22.72,D,11.24,B,12.04,25.0239,80.7089
USR_9A52BB5F,B,17.49,B,13.83,B,18.68,A,14.97,B,23.48,B,12.32,D,13.7,C,10.56,A,18.2,B,13.5,27.0965,80.8681
USR_85A3F65C,A,10.13,B,13.2,C,21.51,A,21.35,A,12.15,A,21.16,A,23.39,B,23.41,A,15.54,C,18.87,11.9389,77.8964
USR_F7E3B9BE,B,18.94,C,12.87,C,15.16,A,10.11,B,14.82,B,17.98,C,10.95,B,15.29,C,22.15,B,12.08,27.7148,78.9762
USR_F0FBC18F,B,22.57,D,16.53,A,19.08,D,17.03,C,13.09,B,20.94,D,12.23,B,15.15,A,19.21,A,18.85,28.989,76.5864
USR_AB50A47E,B,14.53,C,19.25,C,19.69,C,23.16,B,21.84,A,22.35,B,10.86,A,23.75,C,24.81,A,12.61,18.892,74.7943
USR_624B3541,D,11.48,B,17.66,D,17.83,B,17.85,B,15.88,B,19.35,D,14.42,B,14.5,C,21.65,C,19.02,22.9573,79.856
USR_B89EDC4A,C,15.39,D,23.88,B,18.97,B,12.0,C,12.43,B,17.83,A,19.58,A,12.74,A,22.6,D,24.27,24.1968,77.6231
USR_54F31EC7,B,13.11,B,18.04,A,20.81,B,24.02,C,23.79,B,21.73,A,22.35,C,19.61,B,23.25,C,18.35,12.392,79.0863
USR_C7F05C44,B,11.82,B,10.33,B,6.46,B,5.13,B,11.63,B,9.67,A,9.2,A,10.46,A,11.51,B,5.69,13.0396,78.7067
USR_05441A49,D,17.86,A,17.71,B,12.35,A,23.99,B,12.17,B,11.33,D,18.47,C,10.46,C,22.71,A,18.24,30.0143,78.8202
USR_C9B1FD1A,C,15.74,B,23.65,A,14.8,A,17.09,B,23.19,D,12.8,A,16.88,B,23.06,A,13.5,A,22.85,14.7136,76.0882
USR_3807EF45,A,5.97,A,8.55,A,6.91,C,8.19,A,7.84,A,11.89,B,10.45,A,7.97,C,9.49,A,10.92,17.8913,73.8478
USR_A82A59D2,A,7.75,B,7.97,A,5.73,D,11.56,B,9.22,B,11.61,B,10.17,A,6.45,A,5.88,A,5.92,21.0825,81.0069
USR_FB488FD9,B,13.98,A,18.03,B,22.84,B,13.02,A,12.91,D,14.98,B,21.73,A,19.35,B,22.46,C,21.26,22.601,77.5929
USR_9B940F69,B,21.01,B,22.44,A,19.11,D,22.12,A,18.66,D,13.0,C,18.21,B,14.88,C,21.97,B,18.97,21.6874,79.7464
USR_F287C70D,C,9.07,A,20.88,C,26.91,C,9.4,A,11.89,D,12.3,C,31.67,B,14.85,D,18.27,D,8.47,25.8674,82.1674
USR_39553317,B,18.73,A,11.69,B,11.16,B,23.08,A,17.38,B,16.89,A,13.45,C,20.83,D,11.48,B,17.31,28.1353,78.9351
USR_4E922911,D,4.62,B,23.78,B,37.02,C,30.92,C,36.19,B,8.98,D,39.28,C,12.97,D,16.33,C,34.55,11.5935,78.7018
USR_9EBA72D1,D,11.78,B,12.43,D,14.44,A,21.64,C,17.69,B,15.67,B,11.22,A,13.17,A,16.45,A,21.21,19.138,72.7611
USR_538AC153,C,15.02,B,24.98,A,10.75,C,17.34,C,24.3,A,15.15,C,15.34,C,13.86,B,12.37,B,20.84,24.8175,80.2763
USR_921025C9,B,21.2,D,11.4,A,24.99,A,21.89,C,16.89,C,18.02,B,20.95,C,13.75,A,21.37,A,15.64,11.9353,78.7281
USR_CEC5F208,A,10.31,B,9.1,A,9.99,B,6.53,B,11.47,A,7.94,A,9.33,A,10.79,A,10.52,A,8.89,11.6571,77.5578
USR_222E3B3B,A,8.99,B,6.1,A,9.24,A,11.53,B,10.79,B,8.16,A,9.88,C,8.51,B,11.92,A,6.65,11.9529,76.5387
USR_A2FBE834,B,21.51,B,24.6,B,19.28,C,11.93,B,18.62,B,21.73,C,18.1,A,15.37,B,19.0,C,20.63,28.1508,77.0081
USR_C9F32068,C,18.62,C,18.26,A,21.64,B,13.33,B,16.3,C,24.53,B,16.14,A,13.27,D,21.3,C,16.47,25.6545,82.8293
USR_6A5400AC,A,6.49,B,10.07,A,7.37,A,11.93,A,11.19,C,6.67,C,6.49,D,6.62,A,8.05,A,11.52,29.4742,79.0546
USR_07B2D0A7,B,19.01,C,15.07,C,10.37,A,18.6,C,16.32,B,24.51,D,22.76,D,17.38,C,17.04,A,16.58,12.5752,77.3886
USR_4731CC8C,A,10.91,D,8.87,A,6.77,A,10.05,A,11.16,B,9.71,A,7.68,A,7.9,A,11.39,A,7.44,29.9184,76.8234
USR_5F46D040,B,24.54,C,10.99,B,15.89,A,18.02,D,20.33,C,10.06,B,12.97,A,16.05,A,19.76,B,11.45,27.4481,78.8878
USR_34B76305,B,12.93,C,10.67,A,17.17,B,20.04,B,12.64,C,10.9,B,10.28,C,24.66,A,24.78,A,17.33,23.0648,79.1369
USR_2F754ACB,A,6.43,A,5.48,C,10.96,A,11.54,A,10.34,A,9.13,A,9.19,A,8.5,C,9.16,A,10.15,12.167,76.3795
USR_4DA7C352,B,11.08,B,23.81,A,11.05,C,23.28,D,24.59,A,10.11,A,15.21,B,11.09,C,11.37,B,10.28,17.2192,73.9535
USR_E2C1731D,C,15.61,B,8.17,B,25.42,D,4.41,D,6.96,B,6.27,C,34.25,D,28.1,D,17.83,A,31.59,24.8941,80.969
USR_47C976C1,B,10.04,A,6.57,A,10.7,A,6.22,A,6.75,A,6.45,A,7.72,A,8.75,B,7.66,A,6.67,21.3997,78.8382
USR_39A80354,B,23.3,C,10.08,B,16.03,B,14.1,B,23.25,A,11.74,A,22.16,D,20.78,D,15.36,B,17.21,24.1229,79.7082
USR_1E0121D8,A,15.4,B,17.19,B,12.74,D,22.46,B,12.58,B,14.31,C,13.12,B,24.45,B,22.31,C,20.68,27.1232,77.8786
USR_C3983AA8,B,11.43,A,16.14,B,24.25,C,18.45,B,19.46,B,11.73,D,16.9,B,22.92,D,14.48,B,11.03,18.19,71.3218
USR_995E8BF8,A,10.9,C,21.17,B,14.85,B,14.37,B,20.22,B,20.2,B,17.67,A,11.61,C,18.57,A,22.29,14.4854,76.2416
USR_AD8CBD55,D,18.97,B,31.94,B,29.89,D,10.26,C,34.97,D,8.34,D,18.61,D,29.97,D,12.05,C,28.78,25.4057,81.2802
USR_FE203405,A,15.89,C,17.27,B,24.21,D,20.87,C,22.89,C,22.93,B,11.69,A,18.58,B,22.27,A,16.2,14.635,76.8811
USR_7DC696B9,A,21.77,A,12.3,B,11.33,B,14.2,B,10.53,D,17.9,C,22.61,B,20.02,B,19.12,D,15.24,25.1666,80.8606
USR_D4932D28,B,24.16,B,14.14,C,24.41,A,24.01,D,11.77,B,21.08,B,14.14,B,16.84,A,23.51,C,12.32,11.5416,77.5615
USR_CDF24A1D,B,25.63,B,31.1,D,18.43,D,20.15,D,30.68,B,21.6,C,30.73,C,5.3,D,3.53,C,29.01,28.5961,75.6918
USR_E23888EB,B,21.75,B,23.42,A,18.02,B,14.08,B,21.3,B,19.21,A,24.62,A,14.73,B,19.55,B,11.49,17.3422,72.0996
USR_A67B9B2C,D,4.89,A,37.27,B,26.08,C,24.26,A,15.44,C,20.8,B,30.09,D,19.64,B,12.8,D,19.79,11.733,77.9346
USR_E752E4F4,B,21.45,C,13.09,B,10.41,B,11.48,B,18.8,C,17.9,B,19.0,C,22.18,A,10.71,B,22.51,18.0758,73.499
USR_CF470CF8,C,13.26,D,17.59,B,13.03,A,23.77,D,14.14,B,13.72,A,23.58,A,10.04,B,17.75,A,19.49,27.3975,81.6543
USR_620A9C0F,C,21.9,A,10.76,A,17.73,C,17.62,A,12.55,D,13.98,B,19.32,D,24.42,B,11.92,C,23.11,22.4618,78.4281
USR_5B184A1E,C,11.43,A,16.17,C,22.16,A,16.31,B,18.7,D,19.75,A,20.21,C,12.21,B,22.99,B,11.66,21.6927,79.3391
USR_8A44B8BE,A,16.44,A,21.72,C,18.96,A,12.85,C,13.93,B,14.49,B,13.33,D,12.85,B,22.91,C,22.97,19.943,71.458
USR_A211D71A,B,12.31,C,23.23,B,17.13,C,12.92,B,14.46,B,20.55,A,15.72,B,18.9,B,10.14,B,16.09,12.0704,75.8316
USR_EBBDFC2D,A,18.28,B,13.97,A,11.81,B,10.27,B,12.02,B,10.02,B,20.3,C,20.24,C,11.29,A,18.65,21.6562,77.4282
USR_CD0D6597,D,17.68,C,16.21,A,10.85,B,18.17,B,16.62,B,21.96,C,24.12,B,11.39,C,10.12,B,21.28,17.1655,71.8851
USR_6B80DBFE,B,18.72,C,16.21,C,20.78,B,17.32,B,23.82,C,14.16,C,10.69,A,12.9,A,10.11,C,16.37,28.2602,78.1936
USR_58ACF047,C,13.1,B,22.49,B,24.8,D,13.65,B,12.44,B,19.2,C,10.17,B,17.8,B,14.86,A,11.06,26.0171,79.4362
USR_9FF5594B,D,11.66,A,11.07,B,8.55,A,9.32,B,9.84,B,11.0,B,6.82,A,9.84,A,11.55,A,6.32,28.4792,76.9754
USR_B5835B24,A,11.59,A,11.59,A,10.94,A,7.49,A,10.41,A,11.95,A,6.33,B,6.15,D,7.45,A,11.21,14.645,78.4476
USR_3DE6FEE6,C,23.12,A,16.59,C,10.73,D,21.07,B,13.68,C,13.16,A,21.44,A,14.34,A,15.05,B,22.55,27.7163,81.0249
USR_6636A3E9,C,10.1,A,12.2,A,14.94,D,10.71,A,11.71,B,15.43,B,10.81,A,20.73,B,21.58,A,23.4,11.1167,76.1098
USR_E8F31B06,B,5.05,A,9.95,A,8.42,A,6.15,B,7.22,A,7.11,A,10.83,A,7.1,A,8.21,D,6.6,25.2984,82.2973
USR_3DC016FA,A,23.69,B,11.02,B,24.64,B,18.49,B,20.44,D,20.03,B,22.92,A,20.8,C,21.37,A,23.62,28.7246,78.1513
USR_B36DC61A,B,18.67,A,23.29,B,14.43,B,19.03,D,17.25,B,18.5,D,19.34,A,11.21,B,22.06,B,20.28,19.9611,72.4507
USR_31E5BF2A,D,10.77,A,23.84,A,13.55,B,18.95,B,18.16,C,15.59,C,16.39,C,24.35,B,23.36,B,13.21,27.6913,82.3632
USR_47E434EF,C,16.3,B,20.09,B,14.82,B,16.59,B,19.67,C,18.61,B,15.39,B,14.91,C,10.06,A,19.8,30.3938,75.9565
USR_55B98660,C,17.21,C,14.06,C,11.57,B,22.68,C,15.85,A,24.4,A,11.05,B,18.51,B,20.13,C,12.36,19.8145,73.2251
USR_2FF4FED8,B,14.47,B,15.08,B,18.9,C,16.51,C,21.46,D,10.36,D,15.47,B,10.31,D,11.02,A,10.15,28.6782,79.6969
USR_AFADE152,B,12.08,D,17.71,C,18.78,A,12.45,A,19.14,A,16.44,D,24.34,C,14.9,A,19.69,A,19.71,30.2344,75.5657
USR_07FA5CBA,A,10.28,A,9.17,B,7.58,A,10.3,B,8.58,A,6.93,A,11.43,B,11.63,A,11.29,A,9.52,20.0225,73.7945
USR_E0F7884E,B,8.95,A,6.87,A,8.5,A,9.34,A,7.48,A,7.46,B,8.26,A,5.04,B,6.0,A,11.33,19.0375,73.9677
USR_FEA89053,A,22.07,A,12.13,B,18.01,D,10.07,C,24.91,B,11.42,A,15.01,B,10.76,A,14.68,C,14.85,22.1462,77.932
USR_134A7B4A,A,5.56,A,11.56,A,7.23,A,5.83,A,9.21,B,6.62,A,7.3,D,6.1,B,11.2,A,6.79,27.7718,76.5027
USR_E3AB8AA9,D,20.37,C,4.88,D,7.91,D,23.03,D,38.58,C,25.08,D,12.72,D,27.31,A,3.13,C,10.25,27.8574,75.4435
USR_A8546AA8,C,3.85,B,23.58,B,15.61,B,22.17,A,5.34,D,24.1,B,2.3,D,21.3,D,37.12,D,38.0,29.7786,75.9
USR_65383E73,C,10.34,B,16.92,C,12.56,C,12.22,B,13.67,C,20.06,C,14.74,C,21.87,B,17.38,B,13.76,12.5882,79.4687
USR_33B9127E,C,16.97,B,15.9,C,14.18,B,16.43,A,11.04,B,20.61,B,12.85,A,14.4,B,13.96,A,15.01,11.4493,79.4364
USR_0110F7E1,B,21.03,B,15.97,B,24.5,B,23.25,C,15.97,A,24.74,A,24.92,D,15.63,B,17.34,B,23.05,14.3779,77.8253
USR_11206CCF,A,9.19,D,6.67,B,8.7,A,11.7,B,5.98,A,5.44,A,5.6,B,10.1,A,8.05,A,7.1,17.8999,72.2999
USR_A8D49DA5,D,5.43,A,7.39,D,8.71,A,7.36,A,7.0,A,5.02,B,5.69,A,8.39,B,7.07,B,6.66,26.7309,81.1477
USR_01FC330A,A,7.58,A,8.85,A,8.1,A,6.21,A,8.58,A,6.58,A,6.3,A,5.79,A,8.25,A,9.77,28.0915,78.8502
USR_98BC3AA3,C,37.07,C,16.78,C,23.98,D,37.7,D,13.21,C,38.18,D,20.45,D,7.45,C,2.03,A,38.03,18.0034,72.213
USR_A048655F,D,8.41,A,6.87,A,6.78,B,5.11,A,11.35,A,8.63,A,10.95,A,8.63,A,9.9,A,10.92,19.1448,73.9845
USR_348C2ECE,B,15.7,C,22.68,A,14.8,B,15.4,C,11.01,B,13.25,A,23.29,A,23.51,C,13.23,B,10.77,27.9587,77.2825
USR_052B6F7B,A,13.94,A,19.42,B,11.33,C,18.94,B,11.66,B,15.36,A,19.06,B,13.46,B,17.78,B,22.27,27.6912,82.2893
USR_06ED8E94,A,6.96,D,7.43,A,6.63,A,8.27,A,5.36,A,11.3,A,8.38,B,6.45,A,8.55,A,8.13,18.1947,73.3895
USR_F247B2C6,A,10.47,B,20.75,A,16.46,C,13.49,A,10.0,B,19.07,A,12.93,B,17.52,B,18.09,B,20.19,27.6916,80.1635
USR_9DC7AD6F,B,12.89,A,13.77,D,20.04,B,22.11,B,15.16,C,22.25,D,18.42,D,20.09,A,13.55,B,13.95,14.7279,78.8771
USR_751AEA9E,B,28.89,D,34.85,A,9.13,D,6.23,C,32.43,C,39.69,C,5.32,D,9.12,D,7.79,C,19.93,22.3848,78.4477
USR_90DDA4A1,B,24.74,C,20.5,D,22.87,C,16.59,C,19.79,A,20.97,A,12.26,C,15.79,A,11.92,B,13.56,12.92,79.3846
USR_2DCB01A2,D,22.95,A,19.18,C,19.35,A,14.41,B,21.77,B,13.1,B,10.09,C,23.17,B,24.99,B,17.73,23.645,78.646
USR_ABF48C57,A,10.51,A,6.89,A,7.63,A,8.65,A,8.91,A,7.67,A,8.8,A,9.5,A,8.47,A,10.65,27.967,79.1235
USR_6BEFF498,C,13.89,B,15.3,A,19.33,B,16.07,B,14.01,B,22.4,C,18.35,C,19.14,A,20.06,C,15.46,20.8877,71.4713
USR_FFEBE695,B,11.25,C,10.95,B,9.06,A,10.82,A,10.63,A,6.98,A,10.77,A,5.73,A,5.94,A,11.89,26.4907,81.8568
USR_9A0D7F77,B,22.35,B,21.88,B,22.36,A,10.25,A,15.9,B,23.12,B,17.6,B,13.34,C,14.83,B,15.64,13.3229,78.7541
USR_3DEBA8D8,B,21.11,A,13.62,B,22.51,B,11.72,C,24.17,A,12.78,A,23.37,A,10.56,B,19.22,A,13.44,29.2385,75.6656
USR_8522AABD,A,10.02,C,11.61,B,21.53,A,20.86,B,21.36,D,11.48,C,12.84,D,18.47,A,14.16,B,19.79,26.7158,76.3369
USR_935AE989,D,13.71,B,20.37,B,22.43,C,22.56,C,13.49,C,24.24,A,15.87,B,14.75,C,18.75,B,10.22,25.3674,79.8764
USR_4F6E8AAC,B,24.51,B,21.91,B,18.92,B,24.08,B,18.41,C,11.86,B,18.57,C,24.72,D,10.65,D,12.57,17.5294,71.7557
USR_34D1BF49,A,9.57,B,11.54,A,8.41,A,9.33,A,6.9,A,10.21,A,10.57,B,11.44,A,9.18,A,5.59,11.2882,79.5634
USR_30F95D1C,C,27.14,D,15.03,D,37.99,B,19.34,A,22.83,B,25.77,B,17.74,D,17.97,B,33.64,D,30.97,26.4192,80.81
USR_ADFFB5B5,B,25.0,D,33.31,C,19.14,A,34.33,B,2.16,D,7.67,A,36.85,C,28.35,C,16.43,C,19.97,21.1304,80.871
USR_E3209EAD,C,18.45,B,20.65,A,19.64,B,18.04,A,14.16,C,17.61,B,14.41,B,21.12,B,10.77,C,21.22,11.3692,76.0333
USR_A706279D,B,24.08,D,19.17,B,17.51,B,18.41,B,14.61,C,12.49,B,23.53,B,16.19,B,10.06,D,11.16,21.9161,78.5279
USR_39CADC61,C,5.55,D,32.53,D,12.09,D,33.74,A,24.51,D,20.89,B,21.77,C,12.8,D,24.17,D,3.33,26.319,82.3496
USR_10B183FD,C,19.56,C,16.88,B,24.69,C,11.52,B,17.18,A,12.32,B,17.45,A,22.23,B,10.5,D,14.67,13.0778,78.5943
USR_C8FAC633,A,14.27,A,14.53,B,12.41,A,19.3,B,12.8,C,10.03,B,24.46,B,10.57,B,19.36,B,22.28,11.3157,77.0559
USR_A588029D,A,11.11,C,10.78,B,24.78,B,13.07,A,23.31,B,17.26,A,13.38,C,11.66,C,24.32,B,20.09,13.2786,76.0466
USR_718E55FD,D,19.15,D,37.63,D,6.16,B,27.44,B,24.99,A,37.24,C,38.99,D,22.36,C,3.93,D,31.19,29.2229,76.2187
USR_F5EF11C5,D,26.79,C,17.37,D,27.82,D,13.44,C,31.13,D,24.87,D,23.81,C,4.29,D,3.53,D,32.65,24.5133,78.3299
USR_0DF86B91,A,14.12,B,12.21,A,22.07,C,23.36,C,10.41,B,15.7,C,19.9,C,14.8,B,10.5,C,16.86,24.5135,81.022
USR_A9C001DE,B,12.23,C,17.58,C,16.53,A,14.25,C,18.41,B,23.96,B,17.02,A,23.54,C,20.63,B,22.5,21.0498,72.0982
USR_C4906175,D,9.6,C,10.03,C,9.85,A,5.02,B,6.16,B,7.73,A,5.19,B,9.02,A,5.72,A,10.33,26.1983,79.1838
USR_5C7998E1,A,9.79,A,7.87,B,11.81,A,9.48,A,5.59,A,10.54,B,10.03,A,5.24,B,11.67,A,6.81,28.5741,81.4484
USR_4E80C0FE,A,14.68,A,23.84,B,22.14,A,21.38,C,17.03,B,12.66,B,10.26,A,24.36,A,21.3,B,14.3,13.8121,77.8126
USR_A1A9B563,C,26.59,C,17.27,D,37.9,A,8.17,D,36.73,C,34.91,C,8.29,C,31.6,D,31.98,C,25.65,29.4231,78.3106
USR_DC44DBF1,A,24.72,C,12.14,A,23.29,B,16.71,A,23.32,B,15.58,D,22.83,A,10.6,C,23.87,B,12.21,28.7908,77.0921
USR_6422FFDC,C,12.42,C,12.91,A,15.16,D,16.32,C,12.56,C,12.39,A,12.5,A,22.14,B,21.41,B,16.38,19.6635,72.7884
USR_7017AF55,A,18.45,A,13.78,A,18.34,B,11.22,C,23.67,B,10.64,C,24.3,C,14.45,A,15.47,B,15.06,11.2663,76.8442
USR_61B30862,C,15.59,D,18.98,B,17.4,A,18.22,A,19.17,B,12.26,C,12.56,A,16.47,D,13.95,B,10.6,19.2257,72.2114
USR_2DAD8EA1,A,10.88,D,14.63,D,38.06,A,38.67,A,33.31,A,12.87,D,36.92,B,39.49,D,32.98,B,25.69,20.7325,71.2356
USR_885047CF,B,18.93,B,18.55,A,21.12,D,21.91,A,11.04,C,21.18,A,19.4,D,11.84,D,16.94,C,17.85,26.7518,78.6707
USR_177886F7,B,19.35,C,20.56,B,18.84,A,17.85,B,21.36,D,21.7,B,23.91,D,10.92,B,12.96,C,23.97,25.8076,81.6868
USR_E8E49770,C,11.33,C,17.71,C,20.61,C,13.33,B,14.28,D,12.2,B,10.44,D,14.96,B,12.58,B,21.44,25.24,81.0735
USR_5031DFAA,A,15.49,C,17.24,A,17.16,D,14.51,B,19.83,A,18.74,B,19.08,C,20.49,A,12.73,B,14.45,27.0896,75.2135
USR_F4B6864C,A,6.52,B,6.56,B,10.79,B,8.92,A,8.72,A,5.25,B,8.88,A,11.44,A,7.74,A,6.02,27.8063,76.6403
USR_A8A6CE23,C,11.92,C,14.59,B,11.89,D,18.92,A,15.54,A,13.66,D,10.2,C,24.83,A,20.85,B,21.06,23.4593,78.6434
USR_8AC1067F,A,7.84,A,8.41,A,5.4,B,9.68,B,6.16,A,8.08,C,7.89,A,9.96,B,8.46,A,6.68,27.9926,77.5844
USR_8074CD6C,D,9.92,A,14.96,C,35.21,B,8.3,B,10.18,D,8.25,C,27.35,D,10.49,C,16.54,D,5.45,27.5599,76.9278
USR_61ED42C5,A,11.18,C,13.6,A,24.56,D,17.95,B,18.65,B,16.96,D,10.51,D,14.16,B,11.57,B,21.77,18.8924,73.1591
USR_B7F927FE,B,6.96,A,11.59,A,5.72,B,11.62,A,5.68,A,5.46,C,6.93,A,6.23,A,5.01,A,11.04,28.1082,75.7463
USR_3E0B3053,D,19.66,C,13.05,C,21.29,B,23.45,C,17.19,B,10.62,A,14.42,C,11.3,B,20.01,B,17.8,25.0118,80.0588
USR_F7955233,A,5.69,A,7.38,A,9.76,B,6.48,A,5.26,A,7.5,A,9.19,A,6.71,D,7.73,A,7.69,27.5984,81.793
USR_3B54D177,A,11.66,B,16.97,C,22.16,C,11.34,B,21.25,A,10.43,B,17.42,D,22.08,B,11.28,B,10.48,28.0526,81.022
USR_37A0A6CB,D,5.29,A,11.3,B,11.63,A,7.76,C,5.44,B,7.03,A,8.21,B,8.12,A,9.89,B,10.61,11.7782,77.5398
USR_BF72ADC8,A,9.83,A,7.71,A,9.14,B,5.6,A,8.27,A,6.11,A,7.32,D,5.91,A,9.68,A,11.88,27.442,82.5528
USR_E73361E5,B,12.99,B,21.09,A,23.75,B,21.93,D,17.09,D,24.22,C,11.62,B,19.99,D,22.84,C,17.79,12.6334,78.7463
USR_7CCBBA31,A,10.23,A,11.67,C,7.45,B,6.06,A,10.32,A,7.55,A,8.93,A,11.41,A,7.27,A,9.93,26.8426,81.9996
USR_65C0D990,B,22.66,B,20.56,B,13.01,A,22.48,C,15.06,B,23.62,A,14.91,C,20.1,D,19.69,D,18.93,20.984,72.1965
USR_CC9787D2,B,22.11,C,22.2,C,15.37,B,17.18,B,15.39,C,15.44,B,22.28,B,14.7,B,11.41,B,21.55,14.4556,79.0186
USR_BD715E9C,A,9.48,C,6.44,A,6.14,B,8.88,A,6.84,A,11.69,D,5.34,A,10.76,A,9.17,B,11.43,21.1744,78.183
USR_37D0C6F5,C,23.36,B,20.5,C,16.58,B,23.54,B,17.86,B,12.99,C,17.23,D,15.33,A,11.73,B,14.6,12.9188,79.1978
USR_C9C1C157,C,18.29,B,13.4,D,11.25,A,10.9,A,20.69,A,17.19,B,10.87,B,16.84,D,18.99,A,13.53,20.0669,72.6526
USR_64EFCE6C,C,17.53,C,9.55,D,15.66,D,15.8,B,22.69,C,32.54,B,12.91,C,14.93,C,25.06,B,14.46,14.6119,76.2835
USR_A48CD3C0,C,2.29,B,16.74,B,35.3,D,39.48,C,3.06,A,13.31,D,16.5,D,38.41,C,36.48,C,36.1,12.7142,76.8216
USR_BBB36E51,D,20.03,A,10.56,B,24.97,C,17.01,D,19.92,B,21.92,C,22.83,B,20.67,B,17.54,A,14.55,11.3465,78.5709
USR_5F5437A0,A,18.25,C,13.38,A,20.38,C,13.66,C,21.03,D,19.98,B,11.57,C,14.61,A,16.61,B,18.12,29.8346,76.2482
USR_BE83B903,C,19.98,B,16.89,A,18.54,B,15.91,B,24.97,A,18.91,B,13.3,B,12.49,B,14.82,B,16.65,23.5911,77.762
USR_36AE10F2,D,11.17,D,14.5,D,34.75,D,10.6,B,31.46,D,9.12,B,28.35,C,37.42,B,5.56,B,33.32,17.2726,71.1782
USR_B2D8D018,C,22.52,A,15.23,B,12.18,A,24.78,A,12.29,C,17.09,A,21.93,A,23.95,C,14.81,A,17.72,13.5583,77.9929
USR_186913F0,C,12.73,C,12.19,B,16.47,A,22.39,B,23.6,A,12.8,C,17.34,A,22.28,B,15.86,B,15.26,20.6288,71.5237
USR_7E536C72,B,12.18,C,16.9,A,10.73,A,23.16,D,20.72,D,18.91,B,15.01,B,22.5,C,14.61,B,24.04,23.3711,80.8109
USR_6AD79EA5,A,8.9,A,9.3,B,11.17,A,9.11,C,9.05,B,8.43,A,6.94,A,9.29,A,11.89,A,5.25,28.1308,77.2357
USR_572A5515,A,7.74,A,9.66,A,5.92,A,10.9,A,11.79,A,11.61,A,11.33,A,6.61,A,10.19,A,11.71,13.7165,78.0094
USR_255902CA,B,12.89,A,22.07,B,22.91,A,15.34,D,23.83,A,10.93,C,22.09,B,18.61,A,10.05,A,14.73,26.6348,75.4725
USR_8C2A883E,C,16.63,C,11.1,B,15.59,D,12.15,C,12.95,B,15.76,A,23.31,B,21.66,C,24.2,C,16.92,24.3394,79.6322
USR_3CBDA4B7,D,8.4,A,5.15,A,8.24,B,11.51,C,11.63,C,8.61,A,9.21,C,6.75,A,9.07,A,6.33,28.2363,79.1376
USR_4B2EFA3E,C,25.75,D,8.84,B,4.81,D,33.32,D,15.85,C,21.61,A,9.86,C,32.55,C,28.39,C,21.6,24.666,78.691
USR_9D62D9C2,B,20.13,B,11.43,C,10.57,B,11.31,C,24.53,C,19.15,B,16.32,B,15.07,A,14.14,B,21.73,30.0616,77.7792
USR_E4E93AC9,B,24.24,B,15.25,B,14.46,B,14.04,A,11.57,C,21.59,C,19.95,C,11.02,A,12.71,D,14.94,14.3289,76.5855
USR_CB403621,A,8.32,A,9.03,C,6.06,B,5.94,A,10.94,A,8.24,A,5.95,A,6.21,A,11.46,B,7.19,27.3043,80.5949
USR_4DC8929C,C,24.29,C,22.03,B,15.46,C,10.8,B,20.58,B,23.05,D,16.36,C,19.01,B,17.87,C,24.62,27.6364,82.7344
USR_59B56940,A,14.62,B,23.05,D,22.87,C,24.71,A,13.09,A,12.71,D,17.35,D,22.51,A,17.44,A,15.37,17.9257,72.4329
USR_DB80495D,D,37.04,B,37.68,C,33.84,D,3.86,B,26.02,C,6.7,C,4.19,C,31.68,D,18.94,D,37.31,25.9107,81.2076
USR_5E7236C9,B,22.93,C,19.17,A,20.76,C,16.89,A,14.41,C,15.15,A,19.49,B,15.53,B,14.44,A,21.76,22.6362,78.6475
USR_431A8909,C,23.27,D,10.41,B,12.75,B,24.79,B,19.72,B,21.02,B,23.37,C,14.1,B,20.43,C,16.78,28.2184,78.5445
USR_0E276DEE,A,23.25,C,18.78,A,19.56,D,13.18,A,14.08,B,19.88,B,10.35,A,16.06,D,16.54,A,18.61,14.0549,77.1297
USR_E210DBF0,B,16.76,B,21.73,A,14.39,B,10.19,D,13.66,B,21.8,A,10.66,C,14.51,A,12.85,B,15.08,17.9954,73.8752
USR_CFFF54F2,C,8.23,A,8.59,A,5.62,A,6.85,A,7.96,A,7.62,B,6.28,A,7.34,A,5.46,B,7.16,24.5364,78.5691
USR_26106A57,B,20.3,C,18.37,B,23.51,D,18.76,A,21.65,A,15.84,C,23.18,B,14.06,B,19.8,C,24.89,26.6783,78.2066
USR_A2AEC487,B,7.0,A,6.52,A,6.48,A,7.4,A,11.7,A,9.97,A,5.56,B,11.44,A,7.39,A,9.26,18.9962,71.6314
USR_966A7144,C,14.78,B,19.46,B,17.99,D,15.77,C,15.46,C,24.6,A,15.8,A,10.15,A,10.66,B,12.8,28.2302,81.0521
USR_1FFED907,B,16.94,A,10.19,B,22.84,B,14.38,A,23.94,D,18.06,A,13.49,C,15.45,B,23.8,A,18.83,17.522,72.6688
USR_69D3AD21,B,16.9,B,10.27,C,18.17,B,10.93,B,23.35,A,23.11,C,20.56,C,17.41,B,20.08,B,15.78,12.6896,79.0228
USR_FAF60A15,D,14.62,B,24.67,C,20.12,C,13.61,A,32.27,D,29.86,A,39.82,B,12.8,C,7.66,D,27.84,21.8465,80.1676
USR_46A6445E,D,12.67,D,23.39,C,35.6,C,27.61,C,19.56,D,23.17,A,30.27,C,35.76,C,22.89,D,10.48,28.8399,76.2877
USR_97A3B985,B,6.41,D,9.27,C,12.45,C,10.48,C,23.46,A,35.78,D,7.53,B,2.93,D,36.05,D,2.01,29.9852,78.7881
USR_8B2FC685,A,10.18,B,9.54,D,10.8,A,5.95,A,5.26,A,9.71,A,9.7,A,10.22,B,7.33,A,10.71,28.9063,77.1307
USR_56B382D1,A,23.11,C,13.15,B,19.34,A,17.1,D,15.98,B,23.02,B,12.96,D,16.18,A,22.26,B,19.72,14.9591,76.8022
USR_4109B3D5,A,15.35,B,13.53,C,22.0,C,21.51,A,20.88,B,14.52,C,19.83,B,22.95,B,24.61,C,10.07,29.8774,79.1991
USR_65D50E52,D,18.36,B,20.69,B,24.78,A,14.58,A,22.74,D,17.4,B,10.46,C,18.64,A,21.56,B,24.55,19.4646,71.6494
USR_E00CB3DD,C,9.22,D,15.53,C,35.92,D,28.44,D,28.28,D,22.73,D,10.07,D,24.52,A,2.82,D,24.62,28.1289,82.126
USR_ED404F3E,B,12.63,C,22.85,B,15.55,D,23.93,B,10.49,B,10.82,C,17.87,A,13.54,A,10.36,A,19.49,27.8221,75.2706
USR_EB1D552C,B,12.49,A,17.85,B,10.36,B,16.57,D,23.49,B,16.17,B,24.36,A,12.86,A,17.98,C,14.51,11.4965,79.0989
USR_EDFBFBB7,D,37.65,C,22.61,A,19.59,C,8.76,D,5.15,B,20.54,D,8.72,B,35.81,D,12.6,C,30.47,18.7498,74.5132
USR_C09E55E2,C,21.63,D,27.62,D,9.51,A,35.5,B,25.3,A,12.06,B,32.41,D,36.18,D,30.02,C,27.41,25.2824,81.6113
USR_200D87C1,B,22.15,B,14.59,A,22.82,A,21.54,D,19.92,C,16.33,B,20.2,B,24.17,D,15.66,C,14.55,28.5878,81.8261
USR_284E03B4,A,8.12,B,6.77,A,7.83,D,11.17,A,9.04,A,8.94,A,9.93,A,8.83,A,10.12,B,6.2,22.2096,80.8468
USR_BA4181DD,C,17.67,C,14.8,B,22.72,A,15.36,C,20.0,A,22.71,B,22.94,B,11.88,B,15.72,B,10.55,22.6805,78.82
USR_72829E41,A,17.02,A,18.82,D,23.26,B,21.61,B,23.64,C,16.19,B,21.79,A,18.06,A,19.58,B,21.73,12.6231,76.038
USR_B8D77AC2,D,10.81,D,23.62,C,9.9,B,30.91,C,35.95,C,18.13,C,21.43,D,6.53,D,22.49,D,8.94,28.6062,78.4557
USR_051745A1,A,18.09,C,14.28,B,14.08,C,17.21,D,12.56,A,10.87,C,21.71,B,14.03,A,11.83,B,15.19,12.5652,76.0457
USR_3670CB53,C,16.39,B,22.18,A,20.26,C,12.53,C,22.55,D,13.41,A,13.69,B,24.1,A,10.34,C,15.57,11.3961,78.9162
USR_D8CDE3C0,A,7.02,A,5.55,D,10.38,A,7.24,A,9.55,A,6.92,B,5.5,A,6.31,A,9.85,A,5.74,29.1255,78.3447
USR_46D7B5F9,A,16.42,C,31.72,B,35.6,A,27.83,D,3.02,D,33.37,C,9.31,B,33.01,D,6.97,D,4.05,27.7575,81.5263
USR_BB99F276,A,5.25,C,9.86,A,5.19,A,10.95,A,10.29,D,8.73,B,6.28,A,5.02,A,6.42,A,10.59,14.5605,78.7448
USR_82E594DD,B,21.16,B,22.4,C,24.24,A,11.05,C,13.9,A,15.64,A,13.21,D,19.74,A,12.64,D,15.72,29.0311,75.9908
USR_D786B630,B,22.93,B,22.93,A,10.14,C,23.13,A,12.41,B,16.86,A,24.81,B,15.67,A,17.23,C,22.44,27.3609,81.5751
USR_75BC2803,C,21.57,D,14.9,B,22.59,A,18.12,C,11.47,A,17.76,B,19.52,C,18.37,B,16.18,B,19.68,26.7028,80.7107
USR_B410A3D4,A,8.3,A,10.68,B,6.4,B,6.55,A,10.15,A,7.95,A,10.86,A,6.07,A,5.48,A,8.08,20.9433,79.0623
USR_26B0BB0F,C,18.67,A,12.23,B,24.33,C,21.33,B,23.65,C,20.43,B,22.96,D,21.26,A,20.04,B,13.53,25.7102,81.2079
USR_E26C3756,B,10.58,D,21.71,B,19.63,B,22.05,B,19.55,D,19.05,C,23.82,B,24.65,B,23.33,C,20.41,30.5776,76.8871
USR_F13827F5,A,7.75,A,5.08,D,7.1,A,10.28,A,8.46,A,11.83,A,10.09,A,5.05,A,8.01,A,8.14,28.9841,76.937
USR_E726A88E,B,23.31,B,22.14,C,24.12,B,22.33,B,18.05,C,11.0,A,23.44,D,12.32,D,17.83,C,24.83,28.4488,75.9854
USR_67DA8DD0,C,17.8,D,5.95,C,10.18,B,24.6,D,38.69,B,3.13,D,38.06,D,13.52,D,17.93,D,25.64,27.9172,82.3378
USR_18438032,A,19.42,C,13.98,B,20.58,B,24.0,B,22.4,A,24.12,C,20.79,C,18.41,A,20.92,C,14.04,18.481,71.0898
USR_4F71EF10,B,10.0,A,9.73,B,11.87,A,11.71,D,8.97,A,9.72,D,5.11,A,9.66,A,9.49,D,7.75,13.9209,79.0431
USR_9E491577,B,23.63,A,24.14,C,13.96,B,22.81,B,24.72,B,13.18,C,23.05,A,19.98,B,14.84,C,14.62,25.3159,80.0653
USR_61FA6975,B,13.13,B,24.33,D,20.07,C,22.11,C,23.32,C,20.04,B,18.68,D,11.79,C,18.52,A,22.5,26.4933,81.5373
USR_32AAC9A4,D,11.55,B,20.95,A,17.52,B,19.99,A,23.1,C,16.13,D,22.54,B,18.41,B,17.43,A,17.93,26.6977,82.1697
USR_7A2C840D,A,13.39,B,32.77,B,7.96,A,11.85,C,14.9,C,38.23,B,39.7,C,36.15,D,11.35,B,5.71,27.1683,77.6973
USR_2F58DAAF,D,29.31,A,20.11,D,2.34,C,12.69,C,9.23,D,22.67,D,23.6,C,3.34,C,24.95,C,8.9,19.6056,71.2509
USR_2EAB392E,A,7.53,A,7.0,A,6.87,B,10.82,A,10.52,B,7.26,A,9.3,B,6.66,A,8.19,A,7.64,23.1167,78.9597
USR_4B5F0FA0,B,23.61,C,22.64,B,21.95,B,22.91,C,21.33,B,19.65,A,19.47,D,22.81,B,23.71,D,16.06,20.0824,71.3335
USR_6324318C,B,18.87,A,21.13,B,13.24,B,17.39,A,11.01,C,17.35,B,17.56,B,19.74,C,23.2,A,22.64,13.2934,75.8069
USR_F8E4B730,B,11.59,A,6.46,A,6.86,A,11.47,B,5.14,B,5.59,A,11.59,A,6.49,A,9.52,B,6.88,26.148,82.293
USR_247B9958,D,22.72,B,20.8,B,18.17,B,12.3,A,10.66,A,19.1,C,21.16,B,22.56,B,18.73,C,16.39,18.1209,72.3757
USR_4FA91FFB,A,10.67,A,5.32,A,8.22,D,10.93,B,9.26,A,7.66,A,7.71,D,11.42,A,6.54,B,8.18,24.0075,79.3339
USR_E8BE2E17,D,3.68,A,30.08,C,11.44,B,34.71,D,20.13,B,34.43,C,16.39,D,11.7,C,10.55,B,32.17,17.4864,72.7306
USR_501D5E67,A,10.73,A,11.58,A,5.6,A,7.64,A,6.78,A,5.25,D,9.56,A,5.61,B,5.1,A,5.62,13.6386,77.4192
USR_CBF837F8,C,27.55,B,16.47,B,30.06,D,11.71,B,14.43,C,38.1,C,20.79,B,12.4,C,24.44,A,35.97,17.9934,73.8674
USR_5AC430A3,A,21.58,B,23.01,C,23.47,D,19.75,A,21.57,A,11.84,C,12.15,A,17.03,B,18.33,A,17.62,26.3381,80.6075
USR_6E54F54E,A,23.15,B,35.35,A,34.35,B,34.0,B,23.44,A,11.38,D,36.65,D,7.06,C,39.44,B,28.55,26.4882,81.7408
USR_9A8F286A,A,8.43,B,5.16,D,9.78,A,11.12,A,8.66,A,10.83,A,10.6,A,6.91,B,5.92,C,11.32,20.6325,72.721
USR_88D20D9C,B,13.2,B,13.64,B,22.78,B,24.1,A,22.0,C,17.54,B,16.06,B,15.59,B,22.67,B,22.03,28.5062,79.0453
USR_9F0865CB,C,16.75,B,11.25,C,18.75,C,24.37,C,12.31,D,17.5,A,14.33,B,24.16,C,10.93,B,12.12,21.9029,77.5353
USR_FF5424E2,C,31.71,C,3.28,B,27.99,C,5.11,B,17.33,C,13.21,D,9.11,D,10.23,A,23.22,D,22.89,12.5357,75.9344
USR_E8583A3F,A,12.93,B,23.56,A,24.84,C,22.2,B,15.37,C,24.97,B,23.34,C,23.86,C,18.28,C,17.56,11.1218,77.3369
USR_83D780E8,A,16.42,A,15.93,A,15.85,B,17.73,D,22.08,B,12.48,A,18.42,D,19.3,B,12.15,A,14.39,26.5117,79.3842
USR_BD437484,A,9.7,A,11.65,A,10.86,A,6.36,A,9.39,A,7.81,A,9.1,A,8.29,A,8.99,A,8.11,13.6889,78.6437
USR_2604CC53,A,3.71,B,16.38,C,13.96,B,25.94,D,33.45,D,17.47,D,6.78,C,8.98,D,24.97,D,24.82,21.3193,77.3929
USR_588FC1F3,B,20.76,C,18.72,C,16.54,B,22.78,C,16.57,C,22.52,C,14.37,A,11.77,C,13.79,D,12.09,12.1548,76.3212
USR_3B7586C6,A,5.02,A,10.08,B,9.46,A,7.9,A,8.88,A,6.72,A,9.55,A,11.94,A,7.36,A,5.03,18.6149,74.3964
USR_8F885654,A,11.66,D,14.47,B,17.81,B,14.27,A,13.66,A,15.57,C,17.47,A,13.95,B,11.82,C,12.62,14.5043,76.786
USR_03E9FDFD,B,12.75,A,24.49,C,17.51,B,21.83,B,23.89,C,13.27,C,23.79,C,21.68,B,11.54,B,13.45,20.0465,74.1844
USR_92496107,D,31.95,D,6.15,D,14.12,B,2.75,D,3.38,C,22.29,D,34.0,C,23.2,C,35.79,C,30.46,13.0634,77.4081
USR_A4E7A8C7,B,17.09,C,11.18,C,19.66,A,14.29,B,13.72,A,20.65,B,24.48,D,16.6,A,17.21,A,20.51,27.3979,76.94
USR_0BD2000B,D,15.27,B,24.4,B,33.06,C,23.97,A,18.56,C,17.59,C,26.73,D,25.48,D,22.6,D,28.98,28.6874,77.2642
USR_A0BA6593,C,16.38,D,17.56,C,8.52,D,6.35,B,27.72,D,23.41,B,34.82,B,2.71,D,2.92,D,16.21,19.5627,72.8623
USR_B04521AC,D,21.84,A,24.82,C,21.33,A,23.33,B,11.92,B,17.62,A,11.43,D,14.4,C,16.66,B,16.0,17.8181,74.4548
USR_BE6B69C6,B,14.26,B,16.72,A,14.3,A,22.11,B,22.39,A,10.52,B,17.14,C,14.15,B,22.09,B,14.88,13.554,75.878
USR_B5E1DDCA,A,19.98,C,15.59,B,11.19,C,14.07,C,15.94,A,11.05,D,15.74,B,11.03,A,21.16,D,23.76,20.1482,71.3803
USR_B5B4EC62,B,13.59,A,21.36,C,13.26,B,21.56,C,13.4,C,15.37,A,17.12,A,18.46,B,10.21,B,12.49,26.1576,79.255
USR_4DA7CB78,A,5.07,A,10.86,A,7.19,A,5.59,B,6.63,A,11.63,A,5.75,D,6.46,A,5.94,A,5.25,24.6033,78.306
USR_DB4F4E41,A,5.9,C,9.74,D,9.83,A,8.13,B,6.31,A,8.26,D,7.68,B,7.03,D,7.05,A,7.41,13.5952,75.9262
USR_1A6B8C4E,B,20.3,B,12.78,A,23.51,B,17.64,B,15.45,A,16.17,B,14.29,B,16.68,B,22.96,A,23.27,28.7824,76.456
USR_70AAD4DE,C,22.62,C,17.75,B,11.76,A,17.29,C,13.62,B,15.1,C,14.56,C,20.65,C,16.91,B,14.33,28.264,79.0638
USR_79F21772,A,9.44,A,11.8,A,7.1,A,11.69,A,9.28,A,5.15,A,6.57,B,5.16,A,7.94,A,11.66,24.8448,78.0564
USR_3077E64C,B,20.08,A,18.58,B,11.25,B,10.64,B,12.24,A,16.91,B,10.63,B,10.71,C,10.06,B,11.99,26.186,81.5627
USR_502BB21F,B,19.42,D,12.31,B,16.61,C,17.78,B,20.66,B,17.16,C,22.89,B,13.13,B,21.06,B,13.15,17.6672,71.9055
USR_693117EA,A,8.09,A,11.17,B,11.63,A,8.48,D,10.54,B,8.43,B,9.53,A,10.51,D,6.58,C,5.56,23.5796,78.5972
USR_6B57AA45,C,6.28,C,9.4,A,11.7,B,9.43,C,10.71,A,10.42,A,8.84,A,7.5,B,6.2,A,8.04,18.5955,73.0326
USR_B61BCD12,A,11.43,B,19.62,C,24.93,B,14.86,A,19.16,B,13.42,B,21.5,B,19.58,A,24.24,C,21.78,29.287,77.0612
USR_4D6269D0,C,23.93,B,12.03,B,19.91,B,19.81,C,23.59,A,16.38,C,12.66,B,21.97,B,22.54,B,10.3,18.916,74.1029
USR_A462FE8A,B,22.11,C,10.01,A,16.53,B,21.51,B,16.22,B,10.72,A,13.24,C,12.84,B,11.77,A,19.47,26.7162,77.6243
USR_DCCA8ED4,A,22.8,B,20.41,C,14.6,C,20.01,A,15.73,A,13.15,C,12.66,A,10.1,A,16.31,C,13.79,30.5706,76.0279
USR_CDC4F513,D,14.1,C,34.63,C,38.57,B,9.83,D,34.84,B,24.57,D,19.94,A,32.37,B,24.81,C,32.14,18.2817,72.8688
USR_17B1E2B9,A,23.72,C,20.57,D,21.29,C,19.64,C,13.6,A,19.78,D,16.82,B,19.02,A,10.99,C,11.95,17.2754,72.359
USR_2FCD60C8,A,21.24,D,29.95,B,12.03,D,8.77,C,16.47,B,27.34,D,20.77,B,32.72,D,17.28,C,16.13,19.8796,72.0116
USR_C97CC7EC,A,20.89,B,12.08,B,14.01,B,12.1,A,10.72,A,19.46,A,16.15,C,24.4,A,12.05,B,11.19,29.2696,79.0003
USR_4326AAB2,D,2.96,B,23.51,C,33.46,C,14.31,D,39.44,B,29.82,B,7.23,D,28.03,B,13.79,D,16.93,20.0271,74.5113
USR_72BFF108,C,16.88,A,17.2,A,11.8,A,10.19,C,17.91,A,11.82,D,13.62,B,10.18,D,20.19,C,24.07,11.1853,77.1568
USR_38EDE1EF,A,7.5,A,7.19,A,8.28,A,10.67,B,9.92,B,11.93,C,6.49,B,8.6,B,10.2,A,9.16,26.5979,80.0687
USR_ECDE24DD,B,18.99,D,15.88,D,22.0,B,22.57,B,12.4,B,10.12,B,11.39,A,23.52,C,24.0,C,24.86,26.3463,81.5393
USR_4D36A757,C,10.3,D,19.54,C,13.54,A,12.3,D,14.91,B,23.49,B,19.93,D,11.03,C,18.44,C,20.63,25.7705,79.7085
USR_9A58C694,C,6.2,A,8.52,A,8.14,C,6.9,A,8.27,A,9.68,A,9.11,A,9.5,A,10.88,A,11.16,28.1507,77.8638
USR_29135004,B,21.47,A,20.13,B,16.72,B,19.81,D,11.8,B,15.48,A,22.07,C,13.86,B,12.5,C,15.86,22.6452,78.7629
USR_1388091C,A,22.69,B,17.55,D,16.52,A,17.51,C,17.06,C,12.2,B,12.96,A,20.88,C,16.36,C,12.41,18.8288,72.5607
USR_895D91D3,A,17.12,C,11.36,A,18.71,C,17.75,D,14.11,B,17.44,C,19.58,A,11.05,C,10.9,A,18.38,25.3342,79.4468
USR_D0EEB75A,C,5.03,A,7.68,A,5.48,A,8.62,A,8.74,A,8.22,A,9.63,A,5.67,A,10.61,A,9.52,26.0422,82.5573
USR_87267649,D,16.48,C,18.41,B,12.27,D,23.96,D,34.94,C,9.35,C,2.15,D,38.8,B,37.91,D,20.57,18.8436,73.5459
USR_CA3D3357,A,11.07,B,8.92,B,8.74,A,11.87,B,10.83,B,11.26,B,6.63,A,9.85,A,8.86,B,5.98,12.2369,79.1599
USR_8779F18A,C,23.86,B,12.99,B,19.5,C,21.74,B,23.83,B,15.26,A,17.48,B,12.53,A,14.1,C,24.76,11.2463,76.3644
USR_02C5F435,B,16.04,A,17.26,B,16.04,C,10.41,C,13.27,B,11.76,A,23.17,B,21.17,B,13.7,D,24.3,13.8832,77.7647
USR_52895C4B,C,17.82,B,10.41,C,19.52,B,22.95,B,23.98,C,13.0,D,19.51,A,23.89,A,22.08,B,13.07,25.4702,80.5557
USR_9F0E35EE,A,15.98,B,18.57,C,12.39,D,15.05,A,18.79,C,16.37,B,10.61,B,17.79,B,17.84,A,17.05,17.4194,71.3602
USR_6D8F7056,A,8.65,A,8.75,A,10.14,A,10.53,A,6.88,A,7.04,A,6.96,A,5.08,B,10.95,A,5.53,13.0357,78.1128
USR_733DF533,B,10.59,B,24.18,A,17.3,A,22.1,B,16.48,B,16.18,B,12.84,B,18.69,C,16.22,B,15.54,27.0103,76.1162
USR_F42D9912,A,8.11,A,6.12,A,9.7,A,5.04,A,10.1,B,8.78,A,6.64,A,5.24,A,6.07,A,7.27,26.6734,81.0785
USR_BB55B921,C,18.45,B,27.21,C,15.63,C,30.2,B,35.05,D,4.27,A,33.84,D,2.1,D,9.29,C,7.86,19.8973,72.4556
USR_556758EC,D,15.6,B,12.56,B,15.82,D,33.45,C,8.82,C,28.56,D,30.3,D,36.56,C,38.38,B,22.8,24.6424,78.6622
USR_8217BCAD,B,22.19,D,15.48,B,15.44,C,19.37,C,20.94,B,19.07,B,24.29,D,18.83,B,17.92,A,23.18,26.3733,80.1881
USR_D1999EA5,A,5.98,D,8.49,B,9.68,A,5.78,A,10.98,A,8.51,B,6.86,A,7.14,A,10.24,A,7.11,29.1124,76.636
USR_662B59F9,A,33.76,B,3.86,C,38.83,A,13.32,C,26.26,B,36.38,D,23.87,D,16.9,D,2.89,D,21.9,14.9052,78.264
USR_B44DA0D7,C,33.59,B,10.08,D,9.02,A,36.07,D,15.58,D,26.31,B,3.52,A,16.32,C,2.18,C,7.03,28.9885,79.0839
USR_98E0F251,C,9.02,D,14.06,D,17.13,D,30.49,C,33.22,B,39.72,B,14.51,D,34.04,A,12.62,A,37.5,19.1554,74.3938
USR_A564003F,D,14.81,A,11.87,B,16.5,B,16.82,B,12.56,D,11.78,B,14.58,A,12.19,A,17.41,A,13.04,17.5602,73.6306
USR_34CCAE64,B,37.44,D,4.25,D,21.87,D,27.8,D,25.49,A,16.12,C,22.3,B,24.47,D,20.02,D,17.67,17.18,74.1274
USR_E04AB799,B,3.72,D,26.61,A,21.35,C,18.7,B,4.48,B,22.15,C,12.29,A,25.91,D,24.53,D,12.03,17.9499,74.7098
USR_BBF7C517,D,19.99,D,5.01,C,10.01,C,31.02,B,35.53,A,35.74,B,21.8,D,15.46,B,24.7,C,34.72,14.0191,79.1571
USR_171FBB4B,A,11.87,A,13.63,B,21.56,B,13.36,A,11.82,A,19.6,C,18.91,A,21.17,C,23.14,B,18.58,19.2871,74.413
USR_9D00A0BB,A,23.74,A,12.94,B,11.95,A,20.11,B,22.77,A,22.72,A,17.03,B,17.75,B,11.51,A,15.9,19.9091,74.4731
USR_76153135,B,11.36,C,20.25,B,10.77,D,20.55,B,17.26,B,22.98,A,16.33,B,19.32,B,18.32,D,23.52,20.1583,74.1801
USR_8ECAED70,A,14.73,A,20.94,A,21.51,B,24.41,A,18.78,B,17.5,A,12.39,C,21.57,B,10.19,A,24.24,17.4051,72.8145
USR_7F04482D,B,15.45,A,10.4,C,16.31,D,10.73,A,18.67,C,21.05,A,12.79,C,23.47,D,22.25,A,16.64,20.595,71.2044
USR_E634984D,C,13.9,A,19.98,C,18.04,A,19.2,C,11.96,B,21.32,C,21.49,B,23.36,B,22.8,A,22.19,21.4458,78.9199
USR_E54F4B73,B,5.25,B,10.58,A,7.84,A,10.28,A,10.58,B,9.45,A,9.42,A,7.98,A,9.89,A,11.89,17.0716,74.3487
USR_B74685CF,B,10.27,D,11.79,B,10.7,A,17.5,B,23.61,C,20.6,B,19.11,C,22.57,C,10.08,C,11.43,27.0214,78.0866
USR_4EB415D7,B,24.79,C,24.2,B,17.42,C,14.67,D,18.99,D,17.71,D,13.26,B,16.29,B,10.11,B,17.92,26.2344,81.8314
USR_71B5CD69,B,10.43,B,17.38,B,14.04,D,20.95,A,23.33,A,10.93,B,18.06,C,22.45,A,19.58,B,23.86,27.5832,76.4154
USR_F6FED265,A,8.72,C,11.9,A,5.68,A,9.52,B,11.43,B,10.8,A,5.24,D,6.81,A,7.22,A,9.45,29.2229,78.3864
USR_3B74A406,D,16.1,A,23.29,B,15.72,B,14.92,D,12.31,A,13.3,C,21.21,B,15.5,B,23.11,C,22.9,27.4854,81.5766
USR_FA6A97CC,D,19.44,D,31.83,D,18.17,D,15.24,C,36.6,C,30.72,A,29.83,D,4.99,B,37.09,D,21.51,11.2691,77.0548
USR_94660C94,A,10.92,B,10.41,B,8.26,B,11.97,B,11.43,A,10.43,B,9.04,A,9.68,A,8.61,B,5.18,19.8724,73.0775
USR_C36D9703,D,23.1,B,15.22,A,18.45,C,11.72,B,20.04,A,14.84,B,23.44,C,23.5,D,12.59,D,16.31,27.3674,80.8003
USR_78698681,A,11.94,A,7.23,A,9.33,B,11.9,A,6.29,A,8.56,B,5.85,B,6.66,A,7.1,D,5.44,18.8497,71.7261
USR_F4A050B4,B,17.09,B,16.3,D,11.67,D,22.81,C,28.06,D,27.38,C,34.45,D,10.55,C,27.36,D,18.82,19.228,72.6165
USR_BB706E3F,D,10.76,B,14.97,A,10.07,D,10.12,D,24.45,A,20.2,B,16.67,B,13.17,D,18.68,C,11.63,14.2853,77.6165
USR_0151B4F3,B,16.16,B,24.83,C,13.4,B,20.69,C,13.04,C,13.27,C,24.92,D,18.02,C,19.65,B,14.33,22.5081,79.8352
USR_317323DD,C,18.3,D,15.67,D,21.15,B,19.02,B,12.91,A,14.67,C,15.07,C,19.18,C,16.22,C,15.89,11.6697,77.4197
USR_CF259D68,D,20.9,D,27.49,D,3.08,C,4.59,D,2.43,C,34.36,A,34.12,B,12.72,C,30.31,A,27.47,27.7423,79.9946
USR_376BAD4E,C,3.27,B,31.6,D,35.05,D,35.73,B,28.48,D,36.23,B,29.61,B,24.72,C,19.92,C,2.25,28.3836,77.7846
USR_5906C908,A,20.37,D,20.84,B,20.26,A,23.71,A,20.89,B,10.12,B,10.45,B,13.25,B,15.96,A,24.59,12.7042,77.3781
USR_2E47C627,A,6.64,A,10.9,A,7.89,A,7.93,B,11.86,A,8.48,C,10.81,C,7.46,A,7.98,A,5.07,19.2145,72.7494
USR_393451F4,A,9.4,A,7.4,A,8.6,A,5.65,C,5.52,A,7.02,A,6.14,A,7.59,A,8.44,A,9.86,13.7859,75.8361
USR_9C6C68DD,D,33.8,B,13.81,D,38.34,D,22.28,B,36.57,B,39.1,B,15.13,B,17.9,C,16.98,D,29.66,24.8475,77.2911
USR_D5A32DFD,C,11.03,A,10.03,B,10.7,D,16.39,B,23.14,B,21.8,B,23.02,C,17.34,A,11.85,A,16.79,30.5855,78.3288
USR_26A6495A,C,39.66,C,21.34,D,37.97,D,4.99,C,34.81,D,11.3,C,4.4,D,24.38,D,8.99,D,34.24,22.5522,79.0221
USR_A7C0EDB8,C,5.96,B,8.47,B,7.28,A,6.29,B,9.61,C,9.85,B,6.59,A,8.29,A,10.06,B,5.63,27.4902,81.6624
USR_2B205C89,B,11.43,B,11.11,C,22.81,D,19.49,B,21.07,C,24.57,A,14.29,B,24.67,B,15.05,A,21.35,21.1212,79.8014
USR_3F10C671,A,18.71,A,23.04,C,24.85,C,20.09,C,16.28,C,18.13,A,24.29,A,19.39,C,15.51,B,13.48,12.5156,77.9013
USR_C9E553B9,C,18.35,B,15.38,D,19.17,B,12.77,C,19.06,B,13.27,A,20.15,B,22.95,A,10.66,B,21.74,24.8489,80.1953
USR_D7F702F9,B,6.05,A,8.92,A,11.85,A,9.0,A,7.47,A,9.93,A,10.44,A,11.98,A,11.3,C,7.23,28.3718,76.828
USR_887DB1BF,C,11.65,A,19.91,B,20.54,B,23.38,C,24.86,A,13.93,C,17.57,B,23.83,C,20.39,A,12.01,28.3327,79.0294
USR_8598272F,B,10.62,B,21.26,B,22.62,A,23.81,A,10.15,D,18.46,D,14.47,A,22.46,A,19.32,B,20.65,25.2176,82.7346
USR_90B48988,C,19.64,B,18.68,D,13.93,C,20.01,D,14.5,D,11.07,B,24.32,A,21.77,B,16.48,B,24.34,20.6363,74.234
USR_DDD8787A,A,12.38,A,21.62,B,15.35,A,18.65,B,15.44,B,21.09,A,11.47,D,20.48,B,16.55,B,11.47,26.4754,79.1208
USR_A135917E,D,11.27,B,20.74,B,10.09,A,13.15,A,20.4,C,10.4,C,18.45,B,23.23,A,17.07,A,13.95,28.4333,76.2519
USR_D224C654,C,38.08,C,24.7,B,22.43,A,22.22,B,22.2,D,36.61,D,16.09,A,10.76,B,9.14,C,19.48,22.4572,77.1468
USR_6C87CC6A,A,5.21,A,9.37,A,6.99,B,9.65,A,9.66,C,6.87,B,9.04,A,6.19,A,5.21,B,10.53,17.8831,72.6311
USR_AC0D489C,A,15.17,A,24.66,C,22.37,A,24.11,B,24.64,C,11.56,B,24.1,A,11.95,B,24.85,C,13.66,14.847,75.7883
USR_90C2CC5D,C,21.8,C,24.39,D,21.02,B,23.09,D,11.19,D,10.88,D,24.82,B,12.19,B,13.7,D,24.88,27.1348,81.7991
USR_36747B35,B,10.21,A,18.77,D,12.05,C,20.87,B,21.74,B,15.91,B,23.15,B,14.24,D,13.31,C,16.64,24.0694,80.075
USR_1C71E5A3,B,10.23,D,39.81,D,6.11,D,25.0,D,39.77,D,18.22,B,22.59,D,17.39,B,38.36,B,4.87,13.6488,77.4132
USR_85E9EB8B,B,12.92,B,25.48,D,11.48,D,25.94,D,36.84,D,22.2,A,35.78,A,10.05,D,39.01,C,33.72,25.488,80.1786
USR_305D31AA,B,24.4,D,24.34,A,15.75,C,15.89,B,20.29,B,19.42,A,17.45,B,12.44,A,14.41,B,18.06,25.6397,79.9318
USR_17F717B7,C,18.17,B,10.21,C,25.16,B,4.06,D,2.08,D,17.99,C,31.56,B,18.51,B,38.34,A,4.78,18.0552,74.6469
USR_8A8C141E,A,16.02,B,16.38,B,15.84,B,10.26,C,15.24,B,23.75,B,20.83,C,16.22,A,13.83,C,20.41,14.0896,79.2901
USR_4797FE3F,B,10.55,B,21.87,A,13.9,A,18.6,B,18.42,A,15.81,B,14.65,B,23.47,B,12.3,A,18.66,23.6155,77.5744
USR_11A687E1,C,24.55,A,20.07,C,10.92,C,15.55,B,23.18,A,19.97,B,23.24,A,15.18,B,13.53,C,22.31,23.9618,77.3778
USR_AE07BA83,C,32.9,C,20.56,B,23.2,D,12.07,D,18.4,C,7.95,D,15.71,B,26.41,D,32.51,A,33.21,13.1169,77.891
USR_7A3EB6D4,D,10.54,A,8.29,A,11.94,D,8.25,C,6.51,A,6.4,A,10.69,A,6.26,A,10.59,A,8.38,26.8384,78.5435
USR_9B9B5299,A,8.23,A,6.01,A,7.68,A,6.84,A,5.54,A,5.58,A,9.18,A,5.29,A,9.76,A,8.25,22.626,81.0766
USR_D04400A9,B,13.87,D,16.58,C,21.2,B,18.26,B,19.53,A,18.35,C,10.24,A,17.68,A,13.07,A,15.89,11.7728,76.7717
USR_6DE764F2,A,13.83,D,17.35,B,13.14,C,17.59,A,18.61,B,14.82,C,19.21,A,16.79,A,10.66,C,19.0,26.077,81.4519
USR_21CA2BD7,A,16.78,D,13.49,B,14.26,A,11.21,C,21.83,B,17.57,A,24.86,C,13.73,C,24.06,A,17.83,24.7512,77.4252
USR_08443A1E,A,5.4,B,6.94,B,6.69,A,10.83,A,8.74,A,6.76,A,9.05,A,9.3,B,11.99,A,7.28,27.7038,80.2847
USR_73903BAE,C,22.57,A,10.88,B,14.11,B,10.7,C,13.24,B,22.77,B,16.23,A,20.48,D,24.21,B,17.99,27.6428,79.0713
USR_D3791AD9,B,19.86,A,23.34,C,12.22,B,13.83,B,10.89,C,18.12,B,16.47,B,10.26,A,15.37,B,11.62,21.7595,80.1579
USR_7025F938,A,7.9,B,10.28,A,5.35,A,6.57,B,8.08,A,7.15,B,6.51,B,9.26,A,8.53,A,7.32,25.9885,82.5755
USR_EA6F59F5,B,13.14,A,17.6,B,13.75,C,13.0,B,10.83,A,11.82,A,16.36,C,17.06,C,23.24,A,22.73,28.9577,75.6039
USR_26659C26,C,21.28,D,13.95,B,12.65,C,24.75,A,19.15,D,19.55,B,15.94,C,19.72,D,16.13,A,19.37,21.7602,80.5173
USR_ED9F2217,A,18.67,D,17.35,B,18.94,D,13.06,B,15.17,C,10.7,C,16.65,A,18.99,B,21.73,C,13.35,26.9474,82.8988
USR_80DB2028,B,17.05,D,10.69,C,14.48,D,24.22,B,18.26,B,14.73,B,19.01,C,13.13,B,23.53,C,23.59,28.8837,75.6882
USR_4C7F474B,A,8.71,B,9.97,D,7.32,A,8.79,A,5.12,A,10.97,A,5.57,A,10.84,A,9.17,B,8.15,13.0768,79.2704
USR_48B29859,A,18.89,C,13.36,A,10.1,A,12.3,A,15.98,A,24.45,D,24.31,A,17.39,D,20.7,B,24.2,27.5459,80.3808
USR_3A77C4B2,A,35.78,D,13.54,D,27.03,D,12.73,D,11.43,D,15.25,D,28.38,C,38.52,D,19.73,D,23.14,22.9886,80.2102
USR_F1C69F84,C,14.14,B,20.75,B,14.05,A,16.04,B,15.7,B,22.46,B,12.53,B,14.5,B,12.67,A,14.52,26.8445,80.5402
USR_8FC7BF77,B,10.72,A,9.27,A,8.78,A,9.43,A,8.89,B,9.55,A,6.17,C,10.12,A,10.8,B,9.29,25.9623,82.1499
USR_50778629,D,37.93,C,6.01,C,12.07,C,23.11,D,15.11,D,29.26,B,21.59,C,10.51,D,31.85,C,10.16,22.0419,79.7345
USR_EDF8D1FA,A,12.4,C,16.97,A,18.77,B,21.94,B,20.07,B,21.91,A,22.77,C,22.7,C,14.93,A,22.97,14.8849,78.057
USR_A006A221,C,9.18,A,9.1,A,9.55,B,7.64,C,10.55,A,10.99,B,11.18,A,11.9,A,6.13,A,10.95,18.0437,72.8607
USR_EDC18DBA,B,11.83,B,11.63,B,24.43,B,20.31,C,13.88,B,21.08,B,18.19,B,20.74,C,12.89,A,21.78,11.0896,76.9942
USR_69CCDC2F,B,20.21,C,24.86,B,13.55,B,22.87,B,16.65,B,11.81,A,22.5,B,13.31,A,12.21,C,20.85,30.2769,77.8713
USR_4462F668,D,10.23,B,7.06,A,11.06,A,11.49,A,6.09,A,6.89,A,9.42,C,11.92,D,5.58,A,10.78,27.0979,80.3527
USR_133FB1B7,A,7.2,A,7.62,A,6.42,A,7.56,A,8.09,A,7.71,A,11.1,A,8.56,A,9.21,A,5.56,22.5639,78.8803
USR_5E07EE9A,B,12.64,D,15.64,C,19.16,B,20.43,B,15.22,B,21.28,D,18.57,A,24.75,B,15.2,A,15.81,24.715,78.1349
USR_102F9A54,A,9.74,A,10.76,A,5.73,A,7.7,A,10.11,A,6.86,B,8.07,B,10.42,A,8.43,A,6.22,21.8774,80.0984
USR_F14B3AF0,C,5.59,A,5.66,A,8.19,A,9.8,B,9.38,A,6.45,A,9.96,A,11.84,A,7.41,A,11.39,23.0482,79.8549
USR_A3CCC159,A,13.48,B,17.86,A,16.28,B,20.64,A,19.39,B,10.32,A,17.02,B,18.67,C,10.85,B,19.21,24.8896,79.6059
USR_60C6E048,D,13.01,D,19.73,C,35.92,B,8.01,D,10.11,D,29.79,D,21.46,B,27.67,A,3.91,C,27.65,14.7069,79.2957
USR_4BDA7F26,D,27.57,D,23.23,B,10.91,D,19.9,A,16.88,D,30.15,D,4.22,C,5.52,C,14.42,C,11.87,22.92,77.1424
USR_03DF73FB,B,10.28,A,19.07,B,15.27,C,16.31,A,13.58,B,14.98,A,19.63,B,15.5,B,11.19,B,14.26,27.9012,80.2365
USR_2844B26A,B,8.39,A,5.41,A,6.1,A,6.0,B,6.08,A,8.95,A,8.97,A,10.63,A,10.61,A,5.13,20.9968,72.9657
USR_FAE72BB4,C,23.09,B,23.05,D,14.6,B,22.77,B,13.25,B,14.17,B,10.4,A,24.73,B,10.71,C,13.26,25.2336,79.653
USR_7EC49E39,D,33.5,D,25.46,D,16.64,C,5.85,D,4.19,B,32.06,D,28.78,B,11.08,B,13.51,C,22.27,30.1116,76.3808
USR_1576C925,D,2.36,C,5.26,D,3.48,B,22.61,A,11.06,D,27.1,C,3.92,B,21.9,D,28.79,C,12.33,18.4934,74.1886
USR_EA840399,B,12.35,B,19.96,B,17.73,B,23.22,A,24.32,B,19.66,A,19.49,B,19.62,B,17.6,D,11.93,25.6294,80.4922
USR_A6180DDD,D,18.6,B,23.02,B,13.08,B,23.59,C,21.08,D,10.24,B,19.06,B,18.92,C,22.18,C,15.99,27.9898,77.8514
USR_BBB84F8D,B,16.61,A,11.34,C,24.58,A,11.29,C,14.88,D,16.54,B,13.99,C,11.44,B,20.0,A,18.65,24.7938,77.121
USR_9FEF2EC8,D,11.98,A,10.38,B,24.89,A,15.3,D,22.55,C,16.03,A,17.29,D,16.85,A,20.13,C,23.98,28.0268,77.8534
USR_06C355F3,D,22.11,B,20.58,B,22.31,D,11.78,A,20.49,B,16.34,B,13.33,B,13.4,D,18.97,C,12.87,29.9831,76.3887
USR_2867326E,C,3.38,B,19.67,C,29.75,D,7.27,D,2.33,D,36.25,C,15.62,A,5.25,C,31.7,D,33.91,20.9773,71.3254
USR_0F00040A,D,15.59,D,22.57,B,18.84,B,22.37,B,15.41,B,18.2,A,13.0,D,11.82,C,18.74,C,17.51,22.84,80.2912
USR_F38FD50B,A,22.88,C,16.82,B,10.33,B,17.02,A,24.0,A,13.53,B,15.1,D,22.1,C,22.3,B,21.91,14.5314,79.1782
USR_367741CA,B,14.34,B,14.28,B,16.1,C,24.42,B,12.38,A,20.91,C,12.64,D,12.38,C,23.98,B,22.75,14.6315,77.4538
USR_E56E205C,A,7.65,A,9.81,A,9.65,A,10.76,A,8.41,A,11.04,A,11.13,A,8.65,A,6.74,A,11.09,17.1531,74.625
USR_9E331C28,D,23.05,C,24.68,C,16.62,A,16.95,C,22.94,B,14.44,B,15.18,B,12.6,D,23.1,D,15.71,29.9471,75.3241
USR_6372EEC0,B,20.14,C,12.16,C,17.1,B,15.83,B,10.45,B,10.6,B,21.91,B,11.02,C,16.5,C,21.33,21.5083,79.6927
USR_6B9FF8E1,C,21.6,C,23.99,B,22.73,B,18.49,C,22.39,A,22.45,A,23.12,B,21.13,C,19.33,B,10.02,28.1842,79.2012
USR_A0E4C0C5,D,22.79,D,34.78,B,23.69,D,37.74,A,21.11,B,13.42,C,25.25,B,22.77,D,13.27,D,23.04,27.0113,78.051
USR_C4664826,B,24.28,A,14.17,C,11.2,C,13.94,C,11.53,C,19.33,C,10.51,A,17.26,A,14.93,D,24.5,21.7112,80.2976
USR_CD970476,B,11.75,C,12.5,B,19.19,B,15.89,C,10.53,A,13.66,C,17.13,B,22.27,A,24.82,C,24.56,28.0294,75.3717
USR_712DAF6E,B,14.76,B,20.87,A,19.9,B,24.29,A,23.61,A,18.36,A,20.19,A,23.33,B,20.3,A,14.1,14.9627,78.9765
USR_78BEB984,C,10.1,D,10.96,D,5.1,C,9.35,C,10.24,A,10.58,B,11.47,A,11.09,A,9.62,A,10.03,11.6049,76.6626
USR_B4446255,C,26.14,B,34.24,B,34.85,B,39.43,C,16.23,D,13.82,D,6.13,D,18.21,D,32.39,C,3.34,24.3564,80.1752
USR_FDD5E242,C,20.14,C,16.85,A,15.1,A,14.89,A,17.16,B,14.14,A,16.81,A,15.69,B,11.31,A,10.12,25.174,80.1393
USR_197D637F,B,23.45,B,24.58,B,15.34,A,13.29,C,16.7,B,11.08,D,14.39,C,11.01,B,10.08,C,10.44,17.5099,73.4659
USR_CB7B8368,A,11.39,B,6.21,B,7.47,C,10.58,A,10.52,A,10.13,A,5.39,A,6.87,A,7.01,B,8.13,28.6569,78.5756
USR_7D9258D3,D,26.88,C,8.12,C,10.92,B,33.98,C,11.02,D,25.6,D,31.74,D,21.7,A,25.19,B,27.79,24.4272,80.2514
USR_2DEE1A59,B,20.32,C,13.06,B,10.1,B,17.54,D,17.39,D,22.39,A,16.78,A,16.17,A,16.31,B,21.62,29.9064,77.513
USR_A8E4A33C,A,15.36,C,20.98,B,12.3,A,17.96,A,14.95,C,18.51,D,17.92,B,21.36,A,18.21,A,22.35,30.1796,75.7521
USR_FB8D3BD1,B,9.21,A,11.58,A,10.32,D,10.74,A,7.28,A,6.74,A,10.88,A,6.86,A,7.89,A,7.22,25.2397,80.2049
USR_7522B020,B,38.27,D,25.57,C,12.89,D,25.22,D,12.32,B,31.3,C,27.99,D,35.11,C,17.32,C,6.12,28.2512,78.7537
USR_BB16AA27,C,13.69,A,18.11,A,20.56,A,16.89,B,15.34,A,20.46,A,19.27,A,12.63,C,23.93,C,17.18,19.4694,71.5279
USR_E76D68A3,D,20.94,C,16.01,C,21.91,B,13.98,A,22.69,B,22.41,B,21.16,B,22.03,B,11.89,A,12.72,25.3963,80.3975
USR_2694E8CC,C,23.75,C,22.61,A,23.53,C,24.63,B,20.35,A,23.89,C,14.61,A,12.9,A,18.87,A,11.56,23.5142,80.6904
USR_E77076AD,A,18.58,D,16.63,B,16.43,A,13.73,A,15.72,B,17.48,A,21.9,B,18.86,B,16.56,B,12.36,22.4405,78.5884
USR_C5518DE1,C,24.13,C,24.15,C,21.72,D,15.86,D,29.28,D,10.68,C,7.74,D,15.51,B,37.61,D,11.89,24.0849,78.4584
USR_D0CD9C7A,B,5.04,B,8.11,A,11.27,B,9.74,A,9.53,A,11.43,B,6.81,A,8.21,C,11.68,A,9.97,17.4472,74.1473
USR_6F9C0133,B,18.88,A,20.07,A,16.68,A,21.57,C,17.34,B,21.89,A,20.9,A,14.56,B,18.5,B,14.92,28.3894,78.5287
USR_C039E1F4,C,14.98,A,14.64,B,21.73,B,18.83,A,12.65,A,12.51,C,21.2,C,16.86,C,24.24,D,15.9,21.4366,78.3983
USR_31673D9B,D,30.73,D,27.63,A,8.78,C,8.28,A,31.25,D,7.76,C,3.6,B,7.73,C,31.3,C,3.36,12.2667,77.1876
USR_949DF3E6,A,17.5,D,22.11,C,12.39,A,24.81,B,22.96,B,24.79,A,17.13,B,11.03,A,13.55,B,14.87,25.1595,80.2722
USR_F4D552F9,A,11.75,A,11.2,C,8.13,A,5.1,A,8.16,A,8.66,A,7.97,C,8.24,B,11.45,A,9.16,21.2836,79.1099
USR_BCBD5A51,B,8.93,D,6.04,A,8.12,B,11.52,A,5.37,B,11.1,A,8.78,A,6.86,A,5.25,A,5.89,17.2435,72.1656
USR_02235FE0,C,6.18,A,6.21,A,10.23,A,9.06,C,5.69,B,7.09,A,11.12,A,6.97,A,9.18,A,11.63,28.7938,78.2649
USR_318B82B9,D,10.97,B,5.17,D,11.0,A,8.1,A,10.48,A,10.5,B,10.89,A,9.21,A,11.5,A,7.44,27.9307,78.5701
USR_66BD3B1F,A,8.82,A,10.5,A,7.62,A,8.59,A,11.45,B,9.6,B,10.99,A,10.78,A,6.91,B,11.18,17.285,73.9487
USR_58D26CB4,C,9.87,B,37.72,D,30.17,C,22.42,D,9.23,D,24.43,A,22.75,D,17.91,D,34.29,D,22.45,12.4526,78.2086
USR_B255B4AE,A,20.92,B,22.49,A,10.16,B,14.4,B,10.85,B,20.64,B,14.97,A,15.94,B,20.75,B,14.52,30.3038,78.966
USR_F240C8E5,D,39.98,C,31.55,B,26.62,A,15.64,A,29.04,D,30.9,A,10.91,C,39.58,D,33.29,A,31.65,30.268,75.7771
USR_097F6390,B,11.57,A,15.23,B,19.79,A,22.29,A,22.09,A,15.73,D,13.11,B,19.06,C,21.79,C,20.78,24.9127,81.6917
USR_3EEC7904,A,21.94,B,17.76,B,24.5,C,37.14,C,26.24,C,10.47,D,26.34,D,11.37,C,26.19,C,19.45,24.1476,78.46
USR_3D867D83,A,8.76,A,9.22,A,11.75,A,7.47,A,5.4,B,10.83,A,8.2,C,8.16,C,5.25,B,5.6,23.2785,80.3487
USR_79B55E87,A,20.94,A,17.27,C,24.41,B,18.04,A,24.35,C,11.65,A,18.37,C,15.86,C,21.09,B,16.03,20.4101,74.7625
USR_CBCC8530,A,7.09,B,11.36,A,10.22,A,10.77,B,5.95,A,10.52,B,9.27,A,5.89,A,11.97,B,7.45,26.9387,81.7632
USR_90FFDBB0,C,17.32,B,22.6,C,15.37,C,14.65,B,18.17,D,15.25,D,12.01,A,22.39,C,21.77,A,17.99,18.7843,72.3348
USR_EC66F068,A,17.02,C,11.35,B,18.77,B,23.81,B,13.21,A,16.41,D,23.95,C,14.92,B,16.92,B,14.91,22.4355,77.2472
USR_D4248A1E,D,37.02,D,24.56,B,10.98,C,22.58,A,4.4,A,33.75,B,12.17,D,13.38,B,35.81,D,26.63,25.9949,79.5422
USR_F5D44204,A,11.69,D,4.51,B,11.45,A,19.16,C,7.2,C,6.6,D,4.01,B,22.98,D,29.91,B,8.44,24.5122,78.8126
USR_2AE92C2A,B,15.49,C,22.15,B,21.85,B,20.53,B,23.91,B,23.4,D,13.2,B,18.59,C,14.99,A,22.38,22.0978,77.5573
USR_A7F0265A,B,12.84,A,20.64,A,10.67,B,17.2,A,24.42,B,12.84,D,17.5,A,24.23,C,21.55,C,21.86,27.0793,81.3234
USR_BA10E5AA,D,21.26,D,7.76,D,11.79,C,32.35,D,5.45,C,3.88,C,2.33,B,30.71,B,2.86,D,17.69,27.4391,76.035
USR_D5A7F4B1,B,10.59,A,6.34,A,12.0,A,11.46,A,10.96,A,5.28,A,6.94,C,5.89,A,11.68,D,7.74,28.4649,79.8961
USR_FB21AD88,D,19.77,D,10.66,D,15.36,D,35.73,C,14.46,A,27.98,C,19.13,A,16.84,A,37.11,C,24.84,26.106,80.9842
USR_9F9CFEA0,B,14.34,B,24.55,A,11.8,B,18.53,B,19.23,B,21.42,B,15.88,B,12.65,B,19.2,B,17.59,18.3579,72.8351
USR_28479A65,A,11.42,A,6.79,A,9.15,A,8.68,A,11.78,B,8.13,A,5.74,A,11.06,B,6.42,A,7.37,22.3247,78.4822
USR_A07E354E,A,4.23,A,33.51,D,8.53,C,5.07,D,15.26,D,24.34,C,2.2,C,6.51,B,35.11,C,31.64,23.0939,78.6252
USR_16726BE4,D,20.72,D,19.73,C,8.71,B,34.92,A,5.38,C,30.47,B,27.3,B,3.52,D,7.89,D,23.46,26.9481,80.8967
USR_DD395CD5,B,15.05,C,10.52,B,18.99,D,23.34,C,23.63,D,22.74,D,19.35,C,23.72,A,10.63,B,10.42,23.9264,80.5968
USR_804EA78D,D,33.41,D,17.06,D,17.75,C,22.07,B,32.13,B,22.24,D,11.3,C,17.91,A,9.65,C,31.77,25.6135,82.4197
USR_24400F37,A,23.34,A,21.17,B,24.83,B,19.56,D,21.55,C,22.03,C,12.51,B,13.79,A,19.91,A,11.7,28.5714,79.405
USR_F54AE324,C,22.67,B,14.78,B,16.11,D,23.2,C,16.86,B,17.06,B,14.13,C,15.12,B,19.7,D,22.29,14.3387,78.7766
USR_CF654E82,C,23.3,B,20.5,C,14.57,A,18.18,D,12.84,A,24.65,B,20.15,C,15.44,B,15.38,D,15.44,29.1856,78.9748
USR_E82679AA,B,19.6,D,13.78,A,17.26,B,16.26,C,21.56,B,16.23,B,23.31,D,20.33,C,20.6,D,16.73,18.8879,71.5668
USR_02BDA678,A,15.91,A,11.62,B,16.37,A,14.18,B,12.18,A,19.06,A,15.95,C,24.15,B,17.18,A,17.28,30.0626,78.9677
USR_DE2A26CF,D,20.03,A,25.57,B,35.99,D,36.19,D,24.79,D,4.03,D,10.34,C,27.21,D,7.31,D,19.68,25.3733,79.9664
USR_3D429BA4,C,16.99,B,16.67,B,17.37,C,19.62,C,22.73,C,15.51,D,20.99,B,11.35,C,12.62,A,19.98,19.6636,71.3079
USR_0288805D,A,11.25,A,16.35,B,12.78,B,19.99,C,14.41,A,24.23,B,14.25,C,15.42,B,11.85,B,21.06,17.2178,70.9276
USR_AE6FC39C,B,10.6,C,21.26,D,11.9,C,23.52,B,12.3,B,11.82,B,24.01,A,14.45,B,24.04,B,11.24,27.4353,80.9363
USR_D735BAB3,A,16.36,B,13.05,B,16.2,A,11.73,C,15.7,C,11.28,A,20.41,C,13.21,B,24.35,B,24.71,14.0308,77.1062
USR_8D2EA542,C,17.87,C,15.63,C,23.44,B,13.68,B,19.95,B,22.82,B,14.69,C,11.98,D,17.17,A,21.31,24.6974,79.0979
USR_6A35FFB8,A,19.94,C,16.87,B,15.9,C,11.13,C,18.8,B,21.09,D,13.33,B,10.47,B,22.8,C,16.58,21.0326,78.8629
USR_D3BD1992,B,22.71,B,14.27,B,18.73,A,17.04,B,11.51,A,11.87,A,18.2,A,17.76,B,23.43,A,12.21,11.6133,79.1139
USR_16926300,A,9.71,A,6.08,A,5.09,B,10.46,A,10.04,A,9.03,A,5.11,B,11.25,A,9.04,A,11.03,13.1347,78.6596
USR_7EFC5B0A,A,6.24,A,5.97,D,11.52,B,6.28,A,6.96,A,11.53,B,5.56,A,8.74,A,10.14,B,11.0,20.0673,74.64
USR_57A5C317,B,10.93,C,8.87,A,5.14,D,7.98,A,7.98,B,9.62,A,7.23,A,5.09,C,7.97,A,9.06,28.6296,81.75
USR_B0B8A599,A,14.04,C,12.32,D,13.66,C,21.46,B,16.58,A,22.04,C,21.33,B,21.3,A,11.77,D,14.61,23.1737,77.1962
USR_D5B6FE5D,B,7.0,B,5.32,A,7.33,B,5.95,A,8.28,C,10.39,A,5.78,A,9.87,A,10.32,A,8.67,28.6251,76.152
USR_FA1A0594,B,19.64,C,13.67,D,14.19,B,20.03,A,17.54,A,18.7,C,18.85,D,22.31,B,22.15,D,12.89,26.8672,82.6103
USR_D29291D6,B,10.76,D,20.41,B,12.58,B,14.98,A,11.41,A,16.33,A,17.94,B,15.06,A,14.84,B,13.35,14.8821,76.7008
USR_7E563C10,C,17.28,B,15.72,A,15.62,A,10.46,B,23.34,D,22.56,B,19.26,A,12.29,B,15.6,C,10.13,18.1806,73.7089
USR_C79DD678,C,7.34,D,13.5,C,27.23,A,9.76,D,7.21,D,32.87,D,30.79,D,25.82,B,27.35,D,24.48,14.7864,78.4834
USR_4DF8FACF,A,22.37,B,19.18,C,13.42,C,21.33,A,11.13,D,24.9,B,22.88,B,19.96,B,10.6,B,24.48,17.4691,71.5086
USR_249340C9,B,20.5,B,20.43,C,18.11,A,20.56,A,15.13,A,18.27,A,20.02,C,12.49,C,12.09,C,20.16,13.5782,76.1417
USR_96BBB0B9,B,9.38,B,5.78,A,8.56,B,5.55,A,5.53,A,6.87,A,9.62,A,10.63,B,7.87,B,6.73,17.5441,71.7575
USR_47111F91,B,31.43,C,25.77,C,34.93,D,14.58,C,22.24,D,2.99,B,30.49,B,24.28,D,14.9,A,36.36,26.6218,76.416
USR_D1CEBF26,A,18.89,A,16.64,B,20.29,D,23.63,C,23.08,B,24.94,A,22.93,A,11.26,B,12.85,A,18.27,27.0491,79.7188
USR_05B33A0C,B,37.34,D,39.03,B,10.77,D,23.57,C,39.77,D,29.96,A,19.27,C,26.09,B,27.84,B,3.3,27.1019,78.9472
USR_A9E1DACE,A,5.1,A,11.89,A,6.4,A,8.95,C,10.52,A,9.36,A,11.19,A,8.12,B,10.19,B,9.59,29.3065,78.9989
USR_745EC37B,C,16.13,B,14.55,B,17.69,B,16.22,B,16.04,C,19.47,C,10.31,B,22.93,C,23.07,C,15.49,12.3189,76.8982
USR_987394B4,C,13.25,B,21.84,D,11.0,C,10.36,B,20.26,B,12.73,D,24.27,C,12.27,D,16.19,C,20.78,28.6517,76.329
USR_5A73B1BC,D,19.26,D,9.59,A,22.05,A,21.16,D,16.39,D,4.71,B,15.64,D,39.85,D,27.88,D,17.6,24.7737,78.2783
USR_C8A726C0,A,10.7,B,6.45,A,7.81,A,10.3,A,5.82,A,10.38,D,5.87,A,7.75,A,9.39,A,10.81,21.591,78.92
USR_62918B86,B,12.06,A,23.13,A,12.85,C,11.15,A,23.78,C,17.88,B,16.73,A,22.29,B,11.24,B,13.91,28.311,77.2292
USR_6F4F1992,B,16.97,A,10.47,C,14.43,B,15.45,B,20.28,A,17.47,D,16.68,A,22.55,B,10.68,B,14.84,27.8969,79.0495
USR_DAED2B93,B,17.41,B,22.1,B,20.32,C,12.09,B,21.15,A,17.8,A,10.05,B,20.34,C,21.05,C,12.45,24.3118,77.8381
USR_35B3678B,B,23.09,A,14.32,A,21.69,B,18.21,A,16.93,B,16.79,A,11.89,A,12.96,C,21.29,C,19.64,17.3447,74.4038
USR_F865C645,C,23.57,D,17.03,A,13.17,C,11.85,C,20.2,B,20.97,C,11.65,C,17.34,B,22.1,B,15.26,18.0569,73.602
USR_5FA3C442,C,14.95,B,20.43,C,20.11,B,19.56,B,17.69,B,22.6,B,12.67,C,14.18,B,17.43,D,16.54,14.841,79.0056
USR_AD235633,D,36.67,A,6.41,C,17.37,B,8.62,C,12.25,D,18.38,B,39.85,C,13.6,D,28.0,D,9.84,24.0297,77.2335
USR_4F3157C9,C,18.32,A,19.62,A,21.24,D,18.37,B,24.43,A,19.73,B,18.12,B,11.88,A,24.79,B,24.7,24.6785,80.5243
USR_3005D72F,C,23.59,B,10.47,A,15.77,B,22.16,D,17.03,B,18.13,C,24.05,D,21.59,C,11.18,B,10.03,18.1556,73.7596
USR_D0EC8A69,B,17.91,B,12.06,C,24.85,A,18.24,C,24.31,C,10.71,B,12.47,A,12.23,B,22.42,B,10.98,25.2826,79.5681
USR_AB35258D,B,13.4,C,21.06,C,18.28,B,10.11,B,18.38,C,24.07,D,15.44,B,20.38,B,24.69,D,13.14,19.9795,74.4413
USR_41E6D126,C,8.96,C,8.12,A,6.17,A,6.98,B,6.36,B,8.68,A,7.66,A,6.99,A,9.02,A,6.65,26.2942,79.2242
USR_2EE08ACF,C,18.13,D,8.63,C,11.4,D,2.69,D,13.16,B,14.21,A,31.17,C,23.05,D,6.03,D,37.79,29.8927,77.5582
USR_CBB727CB,D,16.18,A,18.84,C,14.34,B,14.16,C,12.28,B,14.04,B,10.15,C,23.19,B,17.11,B,19.93,21.0747,78.6503
USR_8A38822A,A,10.73,A,11.69,B,6.13,A,8.1,D,10.83,B,6.18,D,11.59,A,9.6,B,7.03,D,5.56,22.0362,80.3326
USR_D90A8D8B,D,29.39,D,33.16,C,39.63,D,35.83,B,37.29,D,19.0,C,12.52,A,28.77,D,21.38,B,5.09,20.2998,72.7759
USR_73869BC5,A,10.35,A,11.78,A,11.96,A,6.91,A,8.45,A,9.79,A,5.65,A,11.59,A,11.91,A,5.5,27.4497,80.1927
USR_C146E48E,B,33.28,C,18.26,B,38.84,A,6.55,C,24.08,D,39.32,C,21.96,C,25.49,C,26.82,B,35.74,17.3332,74.6588
USR_44E72131,A,17.5,A,18.64,C,23.95,D,14.88,B,16.73,B,22.15,A,20.53,D,15.55,B,23.1,A,24.15,28.1199,76.1081
USR_69C0FFAE,A,10.94,B,9.05,A,8.26,A,5.04,C,7.93,A,7.38,D,5.99,A,5.58,B,11.1,A,6.52,12.4297,78.0394
USR_CB87433F,B,24.66,A,21.26,B,16.36,B,12.73,C,21.26,B,22.12,C,17.43,B,16.28,B,18.97,C,24.88,21.0645,72.5436
USR_334D5F5E,C,22.97,B,20.59,C,19.73,A,24.45,C,12.28,B,20.7,A,23.96,B,14.45,C,22.26,D,23.71,27.2998,79.5931
USR_274999E1,B,16.61,D,22.61,A,12.19,A,15.31,C,16.01,B,21.77,B,22.6,A,24.89,C,23.89,B,24.58,26.6754,82.2712
USR_9CB4F392,A,11.29,A,9.17,C,11.71,A,5.17,B,8.83,A,6.81,A,8.18,A,10.39,B,7.24,A,8.94,21.5034,78.8319
USR_198F2B5A,D,18.97,B,22.5,A,24.08,C,24.71,B,23.28,B,17.34,C,21.17,D,22.77,B,12.87,B,15.2,18.0627,73.0337
USR_61D1B3CD,C,18.82,B,11.18,A,13.98,A,16.24,B,12.49,B,23.99,A,14.62,C,17.42,C,10.73,C,17.7,19.7645,72.8634
USR_4B5AB1AD,D,32.42,C,31.66,A,23.73,D,20.93,B,3.19,D,39.41,D,31.24,C,10.75,B,7.04,C,19.46,18.5547,71.5631
USR_438EF0F2,A,17.92,C,13.02,A,13.61,A,23.77,A,19.6,B,13.99,C,13.8,C,14.01,A,18.57,B,19.47,14.1498,78.1387
USR_6C824469,B,14.79,B,19.13,C,19.64,A,13.0,A,13.35,C,16.57,B,20.7,B,13.65,B,23.07,B,23.2,28.5088,82.052
USR_7A56E626,B,18.2,B,16.51,B,22.44,D,20.95,B,23.4,C,22.35,C,22.67,C,10.25,B,17.41,B,13.57,19.097,74.4125
USR_89FD808D,A,14.8,D,14.96,B,20.49,C,11.42,D,18.42,B,19.98,A,15.77,A,21.66,A,17.54,C,14.55,29.5325,77.7792
USR_49C7EFF5,A,7.12,A,9.25,A,9.57,B,7.43,A,11.86,B,5.04,A,8.21,A,9.97,A,9.04,A,9.64,22.3883,77.7854
USR_F1618EEC,A,12.04,D,10.94,B,34.95,D,37.22,D,10.18,B,35.84,B,2.02,C,8.67,C,32.62,D,36.3,25.8061,82.1489
USR_88E4FFA6,B,10.23,B,11.64,C,10.28,C,10.42,A,22.47,B,16.97,C,13.04,B,24.28,A,22.36,A,17.11,11.0672,78.8989
USR_E9CEDB0A,C,13.97,D,34.43,C,32.54,C,5.75,B,25.55,D,28.42,B,2.78,D,28.8,D,19.29,D,22.76,14.9234,78.0747
USR_8A92F849,B,22.2,C,31.36,D,34.11,D,24.54,D,3.12,C,11.37,B,26.29,B,18.9,B,37.23,B,30.78,24.9641,79.267
USR_B0494202,B,34.66,B,9.24,C,18.72,C,3.38,A,27.48,A,4.73,B,32.79,D,5.13,C,8.92,C,21.03,27.1534,81.959
USR_82BF06B8,C,14.52,C,33.76,C,7.69,B,3.09,C,24.76,D,4.74,C,27.75,C,21.3,C,27.83,B,26.09,22.7786,81.0268
USR_BCADD662,A,11.32,B,6.77,B,9.82,B,11.83,A,5.28,A,9.24,B,6.43,A,11.43,A,8.42,B,10.72,28.243,78.9926
USR_DA7BEB26,A,10.48,B,6.94,A,6.31,A,6.44,B,6.87,D,5.89,A,7.65,A,9.73,A,11.75,B,9.08,26.9635,75.2558
USR_F3A25C23,C,12.67,A,10.63,A,16.53,B,15.75,A,10.08,B,12.16,B,19.11,A,13.57,C,18.1,D,14.57,17.4853,71.0851
USR_6315D340,C,7.73,B,6.86,B,10.41,A,11.68,A,9.29,A,10.76,B,9.63,B,7.44,B,7.34,A,7.23,19.9871,74.2397
USR_ECFE6975,B,19.14,D,23.94,D,17.54,C,17.46,D,17.18,A,18.95,C,18.23,B,18.53,C,12.07,C,19.31,25.1828,81.9585
USR_485611D2,A,13.14,A,22.94,A,24.47,A,14.46,D,24.88,B,22.89,B,11.41,C,11.54,A,21.61,A,24.98,29.5543,78.8054
USR_1BEEB78B,D,37.62,C,34.07,D,21.57,B,2.7,D,5.1,D,16.07,C,10.85,D,22.01,B,14.47,C,27.32,24.4666,81.0385
USR_FDF2D916,B,19.23,D,36.71,D,7.58,D,25.38,D,23.03,A,26.65,D,9.76,C,29.09,B,21.21,D,37.27,28.179,78.277
USR_4D1A4D30,B,18.13,A,19.83,B,20.95,B,11.31,B,24.61,C,23.81,A,16.23,A,18.36,B,22.08,B,16.66,14.3025,76.7223
USR_F7CFE5BF,A,10.33,A,10.69,A,6.04,A,10.43,A,10.14,B,6.16,A,11.1,A,8.25,A,7.18,A,8.93,30.2228,79.1345
USR_610BD5AF,A,20.56,B,13.97,D,10.17,B,21.87,B,23.19,B,14.4,A,24.83,B,14.97,B,15.46,C,21.15,29.4021,76.5696
USR_497A13BC,C,18.36,A,22.37,C,10.29,C,19.94,A,13.3,C,24.98,D,20.07,B,10.64,B,19.46,C,11.38,23.0922,80.6915
USR_668FC8AC,D,24.16,D,19.97,A,10.74,C,12.38,B,23.47,A,12.36,B,19.62,B,16.71,B,24.31,B,11.7,11.8221,77.5858
USR_F5888FEA,C,15.47,C,13.59,B,14.77,D,23.95,A,24.59,C,15.35,B,11.22,B,18.73,B,16.56,C,12.08,21.0876,78.2073
USR_D1BE1181,C,11.67,A,5.79,D,9.59,A,5.07,A,10.46,D,8.9,D,9.91,A,6.4,A,5.49,A,9.46,23.892,78.9593
USR_A1874E82,B,17.32,D,27.46,D,6.7,A,28.77,D,10.94,A,5.44,B,25.24,D,33.24,D,4.42,C,31.66,21.9124,79.8855
USR_51123159,A,5.24,A,8.99,C,11.5,A,9.98,A,9.58,A,8.25,B,10.06,A,11.58,A,10.53,B,10.65,25.7477,81.8132
USR_9B573524,C,20.94,D,15.42,B,21.76,D,22.49,C,10.77,B,20.54,B,10.77,A,12.82,C,24.04,B,24.69,14.1983,78.9464
USR_CF114705,A,24.69,B,19.49,A,19.88,B,24.36,B,24.65,D,12.6,B,20.25,C,23.11,B,13.11,C,20.77,27.0505,82.8273
USR_87241166,B,6.28,B,5.47,B,16.92,D,10.8,C,26.24,B,29.47,C,29.75,D,25.48,A,22.14,C,21.27,28.4411,77.8094
USR_0734225F,A,15.12,B,11.29,A,18.99,B,22.71,C,23.21,B,24.98,B,19.41,C,10.99,B,16.34,A,11.54,23.5555,77.2126
USR_E36786D8,C,24.85,B,23.02,B,10.94,B,23.08,C,22.07,B,14.6,A,16.53,D,17.94,B,17.35,B,23.62,23.2694,78.4776
USR_3534CFE5,A,11.97,A,7.4,A,5.97,A,6.4,A,5.56,B,9.02,A,5.89,A,9.38,A,11.74,A,6.85,27.8693,81.7886
USR_EA5857F9,C,12.31,A,17.89,B,16.38,B,22.6,B,20.49,A,20.5,A,16.51,D,12.86,C,16.07,A,10.52,23.2528,77.2737
USR_447EABE4,A,5.58,D,7.93,A,5.46,A,10.73,A,6.49,A,6.13,A,11.28,A,8.56,D,7.71,A,10.9,27.0156,76.6753
USR_B1FB9FE1,D,22.77,B,19.73,C,12.27,D,12.74,B,15.67,C,15.69,A,24.88,C,23.77,B,11.84,A,21.6,23.7109,79.8423
USR_65ADEEF8,C,12.35,A,18.81,B,19.74,A,15.27,A,15.3,A,18.94,A,19.1,A,23.36,A,22.35,D,10.73,21.4061,79.6526
USR_922118E7,C,4.34,D,11.41,C,21.23,B,10.72,C,3.57,C,33.7,A,9.49,B,31.56,C,35.99,B,25.48,14.4297,76.506
USR_52964713,D,12.22,C,13.58,C,19.39,B,22.97,B,9.18,C,32.97,A,17.49,D,36.44,A,8.85,A,5.48,29.1651,76.4115
USR_748F942A,B,5.07,A,6.76,A,9.81,B,5.19,A,8.9,A,11.9,A,6.13,A,8.24,A,6.99,A,8.67,25.0325,79.1924
USR_B6E1ABB6,C,22.1,B,15.28,A,14.65,B,22.46,B,20.18,B,16.82,C,18.35,C,10.95,B,10.91,B,21.3,20.171,70.9693
USR_1D78A729,C,14.26,B,14.35,D,14.49,A,13.89,C,18.85,A,23.22,C,20.61,A,24.04,B,21.15,C,24.51,20.8517,72.394
USR_DAC2951D,B,20.61,B,24.58,B,23.88,A,18.22,C,14.47,B,11.22,B,17.02,C,22.67,A,15.16,C,23.1,14.7225,78.7017
USR_25C0EE56,C,22.91,D,38.13,C,38.97,C,27.6,B,39.95,C,11.86,D,25.06,B,22.38,D,34.78,B,13.06,19.7861,74.4622
USR_BC80541A,B,11.62,A,13.87,B,15.47,C,22.9,B,12.72,B,18.44,C,18.78,B,11.09,A,20.68,A,16.25,13.0148,79.0392
USR_29B14B21,A,6.4,A,8.52,A,8.71,A,7.41,A,6.61,C,8.71,A,11.11,A,9.33,A,7.78,A,6.99,26.685,78.7704
USR_0F275C0B,A,11.89,C,20.72,A,17.73,C,24.7,A,18.84,B,22.66,C,10.01,C,19.88,A,15.11,D,23.22,18.7588,71.6982
USR_DF95068B,A,16.58,B,19.04,A,13.35,C,18.56,D,19.3,A,18.46,D,18.65,B,21.48,C,11.27,A,14.02,27.8111,80.3483
USR_41B5C0E7,C,16.49,B,19.53,C,11.01,A,11.22,B,15.6,B,22.78,B,12.18,C,19.86,B,20.27,A,24.17,29.4658,75.9716
USR_69D8FE74,B,20.57,A,19.42,B,15.62,D,15.05,B,22.26,A,21.41,B,20.11,C,14.78,B,24.1,B,21.51,29.3041,77.0545
USR_372F27BA,C,23.67,B,10.45,C,24.14,B,10.03,D,18.67,C,23.69,D,10.27,B,20.54,B,10.04,C,23.0,28.524,76.0038
USR_61CAF190,D,18.29,B,16.16,B,23.87,B,16.07,D,13.9,B,22.4,B,11.74,B,21.7,C,21.47,B,24.04,14.0706,76.2394
USR_5D0C479D,A,10.92,A,8.66,A,11.44,A,5.61,A,7.4,A,10.62,B,6.3,B,11.36,A,10.98,A,10.39,23.4983,77.3314
USR_B9829883,C,17.86,C,17.27,B,20.11,B,18.29,C,18.91,C,20.34,A,10.03,C,16.49,D,15.22,A,23.35,28.6823,82.0579
USR_1741E01A,B,24.79,C,17.05,A,19.81,C,16.33,D,17.38,B,13.63,B,24.52,B,10.96,B,10.16,D,15.54,27.0273,78.6818
USR_B968133C,B,34.99,C,37.32,D,5.0,C,21.04,D,25.27,C,15.37,B,7.08,A,28.38,A,16.42,C,3.75,28.5222,81.4703
USR_B12C84E7,D,2.92,B,27.09,B,22.07,D,29.41,C,28.46,D,12.56,D,38.02,B,5.1,D,23.17,D,34.93,26.9258,79.1755
USR_A1B42542,A,7.66,D,10.57,A,9.65,B,5.5,A,9.34,A,10.86,A,5.26,A,6.24,B,7.33,A,11.35,25.9855,82.9111
USR_E3E66088,A,8.18,A,5.57,B,10.54,A,11.15,A,9.28,C,8.95,A,11.36,A,5.73,A,6.93,A,6.03,22.1598,79.7629
USR_087F5F7D,C,19.65,C,16.47,C,14.16,A,22.58,B,18.13,B,20.89,A,23.84,A,22.83,C,11.56,D,22.36,11.3151,76.4309
USR_F6148A9D,A,10.99,C,19.34,D,22.88,A,23.47,D,24.33,C,13.58,A,15.02,C,24.05,A,19.91,B,14.3,24.5023,79.2441
USR_3E6FF1A9,A,6.95,A,9.76,A,5.84,A,7.39,B,7.03,B,10.26,A,6.02,A,6.64,B,7.7,A,7.37,26.8806,80.5625
USR_AB4F7B31,B,3.82,C,34.74,C,2.03,A,3.77,D,35.68,C,16.57,D,10.8,D,4.42,D,12.53,B,30.47,12.7278,77.2587
USR_594DC642,B,16.25,C,14.47,C,14.53,B,12.35,A,14.08,B,16.67,D,17.35,B,13.45,C,15.84,A,16.18,17.0812,73.9828
USR_54977147,B,22.74,B,20.88,B,15.5,A,18.03,A,18.02,B,23.99,C,23.88,B,24.08,B,19.86,A,13.95,28.369,76.7364
USR_F875C797,C,17.22,B,21.66,B,10.69,B,22.03,B,10.53,C,13.15,B,19.0,A,16.68,B,14.93,C,24.53,20.1231,71.2705
USR_C4E6BEE4,B,14.68,B,18.38,A,12.36,C,15.31,C,17.72,C,21.87,C,11.94,D,22.62,B,20.62,C,21.18,14.0518,76.4034
USR_5D426A9F,B,20.54,C,11.44,C,16.9,A,11.53,B,20.14,C,19.67,A,23.38,A,10.01,A,18.31,B,17.09,24.7955,78.0731
USR_233CA695,A,24.09,D,18.62,B,12.87,C,24.35,C,21.52,A,17.36,D,24.88,C,20.84,B,17.57,D,24.52,14.9398,77.7359
USR_03B8E3C3,B,11.6,B,20.36,B,11.15,B,23.29,D,13.82,B,19.07,C,21.36,C,13.89,B,18.2,B,12.32,18.011,73.5664
USR_5B494238,A,13.33,B,11.72,C,23.87,B,13.78,A,21.56,A,12.13,C,11.78,A,18.04,C,12.75,C,22.08,13.8777,76.1131
USR_157B0617,B,24.36,A,14.4,B,13.57,C,19.78,B,21.59,A,23.99,B,12.6,C,19.38,C,12.85,A,18.71,17.6105,74.2002
USR_B82ABD05,B,21.8,B,22.89,B,21.12,C,13.62,B,17.16,C,20.02,B,15.88,B,16.47,B,14.23,A,13.37,25.4133,79.8169
USR_69757D84,A,23.63,A,14.08,C,16.79,B,10.99,B,18.2,A,23.75,B,10.83,D,12.28,B,18.92,B,14.87,24.5127,78.2369
USR_D6ED5E5D,A,7.21,C,5.49,A,11.62,A,9.15,A,5.6,A,9.57,A,9.14,A,9.38,A,6.74,A,8.3,18.1156,71.4363
USR_CA6182AE,B,24.36,A,20.68,B,16.94,C,23.12,A,10.7,A,22.39,B,14.19,B,20.81,B,15.87,C,21.13,27.2984,77.7204
USR_0391D3D2,C,16.94,C,20.36,B,11.15,C,16.09,A,19.42,B,15.5,C,15.41,B,10.49,C,19.85,A,11.48,20.591,72.5865
USR_F051C0BA,A,9.1,A,10.01,C,9.63,A,5.93,A,5.51,A,9.97,A,6.33,C,6.51,A,5.75,A,10.45,29.1633,77.6138
USR_7866EEC0,A,11.99,A,7.14,A,11.14,A,8.36,A,7.57,B,5.88,D,5.62,A,11.76,C,10.36,B,7.21,13.3835,78.22
USR_70F2C86D,B,21.94,B,19.86,A,12.69,B,22.97,B,18.73,B,11.44,B,18.06,B,11.42,C,19.85,A,18.47,23.008,81.0722
USR_C5A7C0DA,A,15.97,A,23.23,B,15.89,B,17.46,A,14.28,D,20.65,B,16.17,B,16.49,B,18.29,C,20.71,27.8735,77.5018
USR_10522253,B,12.74,A,13.47,A,22.23,C,24.61,A,19.92,C,13.6,B,13.47,B,20.13,D,12.85,C,15.11,14.4811,77.7231
USR_01CC2781,B,19.12,C,19.28,B,20.95,C,11.08,D,15.59,B,16.37,A,22.4,B,21.21,B,11.28,B,23.74,17.5312,73.0259
USR_C683CA55,A,30.7,D,4.82,D,9.78,C,32.26,C,17.59,C,26.95,D,34.97,C,17.25,C,4.94,A,22.42,28.3717,81.5849
USR_C65F5D2E,B,7.45,C,7.01,D,39.92,C,25.95,C,14.16,C,21.67,D,38.75,C,32.25,D,17.91,D,28.77,21.1476,80.1881
USR_D68E7FD2,A,21.57,A,19.04,A,10.81,C,10.9,A,19.26,B,14.4,B,18.35,C,16.53,A,11.73,B,13.38,27.7951,81.6266
USR_50AC5856,D,21.52,D,19.45,D,3.56,D,17.9,D,12.15,A,3.51,D,28.86,C,8.69,B,32.33,C,20.47,30.3445,75.5945
USR_B61C5C00,D,12.54,B,18.02,A,11.85,A,23.59,C,13.94,D,14.19,A,12.45,B,13.36,B,18.66,B,19.21,27.6919,81.4019
USR_4715EE3E,B,23.76,C,24.92,B,10.47,D,24.58,D,13.52,A,18.66,B,18.6,B,17.06,A,20.62,B,16.7,23.5255,77.1752
USR_C1480AB7,B,21.37,B,34.85,B,30.25,C,33.73,D,6.07,D,35.88,D,21.4,D,38.24,A,18.33,B,27.16,22.1724,80.6526
USR_307D8E6A,C,29.93,B,16.92,C,6.86,C,18.4,D,26.42,B,23.52,D,24.86,B,39.09,C,15.75,D,6.21,28.5778,76.035
USR_13489471,B,6.18,A,10.04,B,10.22,D,11.42,A,7.44,A,9.33,A,7.47,A,9.42,A,10.64,A,9.34,26.971,77.8722
USR_9ED627DC,A,5.72,A,11.0,B,6.94,A,9.42,B,11.71,A,5.07,A,5.12,A,8.41,A,9.04,B,11.7,12.7559,76.8706
USR_B9054CEF,D,38.95,C,5.69,D,5.42,C,29.51,C,27.05,C,7.29,C,2.85,C,2.83,D,29.76,D,34.59,25.3476,81.9795
USR_BF9E39E2,C,10.22,C,22.36,A,17.75,C,19.47,B,22.3,A,22.47,B,19.37,D,14.3,B,13.25,C,15.79,28.2774,81.4205
USR_4239A35B,A,8.53,A,11.59,A,5.68,A,9.55,A,9.73,A,5.14,A,9.88,A,7.82,A,11.42,A,6.13,29.5972,78.1606
USR_D701A18D,D,21.91,C,24.57,A,11.68,A,21.86,B,12.24,B,17.78,A,16.73,B,12.68,A,19.11,D,14.54,14.8557,78.3448
USR_C7EC511D,B,12.51,B,21.09,B,10.64,B,16.55,D,22.65,B,19.09,B,13.48,C,14.1,B,17.96,B,17.4,21.2031,77.7333
USR_A4BA9DFB,B,11.23,B,12.68,B,10.34,B,11.72,C,22.09,B,11.9,B,17.72,C,19.59,C,23.67,B,16.6,26.247,80.4865
USR_31CD7FE8,B,19.19,A,15.59,C,22.86,A,16.06,C,24.3,B,20.43,B,22.27,B,13.06,B,10.74,A,13.89,27.4123,75.2144
USR_01B330EC,D,11.71,B,23.13,B,14.65,D,10.8,B,15.31,A,24.96,B,18.89,A,19.99,A,22.28,B,13.63,22.8629,77.4939
USR_0484BD8D,C,17.24,B,13.64,B,24.09,A,11.92,A,14.09,A,13.58,B,19.75,B,14.93,A,20.64,D,14.69,20.6238,72.1843
USR_E0F7D70A,B,19.74,B,20.38,B,24.9,C,21.36,A,22.65,C,15.87,B,24.44,D,22.23,D,15.73,C,20.46,19.083,73.8697
USR_2F98D9BB,C,11.14,B,12.48,D,21.88,D,12.02,C,11.16,D,15.5,D,18.38,A,18.67,B,20.46,C,16.84,26.8359,76.6235
USR_2B284EBE,D,19.28,B,13.34,B,19.75,D,23.88,A,20.31,A,22.57,A,10.77,B,14.88,C,19.66,C,14.52,29.4495,78.7057
USR_72134F27,B,19.36,B,20.31,B,16.48,B,12.73,C,18.21,C,17.2,D,24.47,D,11.75,A,19.8,B,14.41,12.4554,76.5186
USR_5EBDE3E4,B,22.26,D,12.09,D,11.45,C,21.13,B,17.43,C,13.24,B,14.52,A,14.45,D,10.01,B,12.32,11.69,78.3242
USR_DAF062D5,B,35.05,B,35.16,C,5.85,A,11.36,A,38.7,B,33.66,D,12.0,D,29.75,B,3.87,A,22.47,29.7933,76.5906
USR_CE7C20E8,C,20.96,A,20.27,B,14.48,B,20.91,D,24.69,B,14.78,B,10.37,A,22.82,B,19.07,A,22.96,29.4644,77.9652
USR_7305E411,C,13.91,D,38.13,D,22.4,B,2.52,C,2.61,C,9.84,A,6.58,C,36.95,D,31.04,C,20.77,26.953,75.7786
USR_3059F744,C,9.03,B,5.37,A,9.49,A,8.87,A,6.41,A,10.33,A,8.56,A,9.02,A,10.14,A,8.39,14.7915,78.102
USR_162045A6,A,22.16,C,19.72,A,21.04,C,10.42,C,13.26,C,22.6,A,15.65,B,10.02,C,22.57,A,20.49,25.4545,79.6229
USR_33C93132,B,21.42,C,24.08,C,13.62,C,14.2,A,15.82,C,18.05,B,19.91,B,18.48,B,15.11,C,11.91,22.6359,79.5595
USR_D98F029C,D,17.03,B,24.74,B,19.1,D,15.27,B,24.07,A,13.18,B,15.03,D,16.84,C,19.5,B,21.89,22.8381,77.8715
USR_4F9F3220,A,7.92,A,5.46,A,7.23,B,6.22,A,10.86,A,10.25,A,6.27,A,8.23,A,7.12,A,6.3,13.8658,76.2877
USR_2235FD71,B,24.18,C,14.74,A,12.44,B,19.49,C,24.8,B,20.01,B,21.31,B,10.24,C,13.23,B,23.87,11.3587,77.7188
USR_7BA9A3EF,A,7.53,A,9.11,B,7.0,B,9.68,A,7.39,B,9.72,A,5.27,D,8.8,A,10.03,A,5.49,23.0029,80.3374
USR_9AF4C808,D,24.7,C,23.4,D,24.68,C,29.66,C,37.74,C,4.08,D,2.89,C,34.34,B,37.25,B,26.49,27.9197,82.6614
USR_29D1A40D,A,6.06,A,5.26,B,8.7,A,6.71,A,5.17,A,10.95,A,6.6,B,9.47,A,6.99,B,6.59,28.5004,81.0216
USR_CCFA85DF,D,20.5,D,30.93,C,16.65,C,12.69,A,28.16,B,5.22,B,17.93,B,15.55,D,7.68,C,31.37,26.1963,81.3272
USR_F24097E4,B,18.66,D,2.37,C,21.65,B,18.97,B,13.12,C,34.16,B,27.11,D,13.18,C,31.6,D,17.77,22.8226,80.7218
USR_6144D8C1,B,6.72,A,9.56,B,7.03,D,11.99,A,10.17,A,11.27,B,11.47,A,10.64,D,11.52,B,10.87,11.7658,76.8032
USR_81A373AC,A,14.99,D,11.24,B,24.88,B,11.69,C,14.07,A,24.08,B,20.7,A,16.03,C,22.61,A,10.34,27.1938,80.863
USR_D393B24F,A,5.51,A,6.32,A,6.93,A,11.59,C,5.09,C,6.66,A,10.55,D,9.62,B,10.81,B,5.39,17.8918,73.1375
USR_164DD94E,A,6.92,A,5.55,A,8.99,A,5.46,A,7.58,B,8.71,D,8.11,D,9.77,A,5.8,A,8.56,22.3585,80.3463
USR_5B32EBC4,D,7.71,A,9.76,D,10.55,A,9.97,B,6.35,A,8.54,D,10.07,A,5.21,C,10.4,A,9.54,21.7409,80.3011
USR_F729A8CA,B,18.0,A,24.77,B,10.68,C,24.13,A,17.21,A,17.27,C,23.96,A,16.71,A,12.75,B,10.9,22.3714,78.6981
USR_D80DA18F,C,4.45,D,28.45,A,33.71,D,9.13,D,34.4,D,22.79,D,38.86,D,8.77,D,30.31,C,31.6,17.9082,70.9102
USR_67B75297,C,21.98,B,11.93,B,19.27,B,11.82,C,21.46,C,13.38,B,10.48,C,23.89,D,24.08,D,24.48,22.6977,79.2625
USR_41B21C44,D,13.39,A,14.17,B,21.54,C,20.25,B,14.73,A,10.67,C,12.92,C,19.16,A,13.71,B,11.65,29.1002,76.4989
USR_59BCB205,B,13.87,A,21.65,A,19.85,B,15.77,D,12.54,A,12.61,B,13.67,A,14.41,A,19.03,B,16.93,25.512,80.2119
USR_94C30E03,C,19.22,A,24.93,B,11.49,A,10.19,B,13.91,B,15.82,A,10.08,C,13.04,B,12.35,C,20.26,21.0498,71.4453
USR_A0CDED06,A,7.44,D,10.27,A,11.65,A,6.0,A,6.37,A,7.33,A,11.43,A,8.37,B,8.85,A,9.56,28.001,76.3483
USR_C25C6259,A,14.88,C,38.09,A,11.49,A,33.01,D,24.31,C,13.3,C,7.77,A,28.39,C,5.02,C,31.73,19.7183,73.4854
USR_C11CCB7C,A,21.54,C,15.36,A,15.47,B,12.52,C,21.86,B,11.22,A,17.17,A,13.82,B,15.74,C,16.39,14.0689,77.3327
USR_5876229C,B,21.02,B,22.04,D,23.37,D,14.08,B,12.86,C,19.23,B,15.82,C,12.85,C,21.47,B,21.39,20.1201,74.6161
USR_62169690,C,11.27,D,11.96,B,17.08,B,13.53,B,18.67,D,17.41,A,19.26,A,13.13,B,17.24,A,10.05,22.2117,80.8752
USR_76640FAF,B,37.34,D,34.69,D,19.38,A,34.2,D,26.0,D,37.25,D,3.5,B,34.22,B,2.69,C,39.02,28.2624,76.7873
USR_E9AE8213,A,22.27,B,16.5,A,17.1,A,15.1,B,17.16,A,12.26,B,12.41,D,21.08,C,10.41,D,10.74,10.9779,79.4268
USR_0FA70F45,A,8.89,A,5.4,A,8.92,A,7.31,A,5.71,B,10.22,A,6.97,A,9.17,A,6.18,A,11.76,29.8168,76.3262
USR_E0FCB688,C,15.0,A,37.98,B,3.43,D,9.69,C,3.62,C,18.87,B,38.72,C,14.04,B,16.14,D,36.88,30.4293,76.2736
USR_45AE679F,B,19.41,B,17.53,B,17.65,B,18.65,B,11.32,C,17.11,C,16.07,C,14.2,A,22.9,C,12.39,27.1345,76.0668
USR_FA001907,A,8.75,A,8.42,A,11.73,A,7.24,A,11.98,A,5.06,A,8.46,A,5.29,A,5.32,B,7.04,23.2829,77.3118
USR_3F7FD703,B,17.25,C,24.4,B,13.05,C,16.49,A,17.5,D,13.34,B,16.39,A,19.88,B,17.1,D,11.9,19.0425,72.9087
USR_A0043682,A,9.1,B,8.45,B,9.06,A,6.76,B,11.6,D,8.83,A,8.42,A,5.54,C,5.93,B,6.92,24.1286,78.0703
USR_8968F3A9,C,19.28,B,19.0,B,11.53,B,11.41,C,13.94,D,16.62,C,18.88,B,11.06,C,14.75,B,15.31,28.7353,82.3222
USR_93F671EE,B,18.04,B,15.44,A,16.14,C,19.11,B,21.12,B,13.21,B,22.66,A,10.52,C,21.85,C,24.2,25.1137,80.5667
USR_83E3C0BE,B,10.73,B,13.47,B,20.38,C,21.16,C,19.46,B,22.46,B,11.38,D,10.83,C,19.66,B,22.44,11.5435,76.5077
USR_02861650,A,18.02,C,23.97,B,16.39,B,14.57,D,13.69,A,20.18,A,22.86,B,10.17,B,15.98,B,12.18,19.5059,72.5307
USR_9F7BB985,C,23.11,A,11.0,C,13.46,C,16.41,B,12.6,C,19.65,C,14.43,B,19.59,A,18.23,C,21.47,14.2009,75.7863
USR_99D0280C,D,34.02,B,33.98,D,14.88,B,26.47,D,31.26,B,38.87,C,20.97,C,33.25,C,39.24,D,34.6,14.3363,76.8373
USR_6F9E11BF,A,8.61,A,10.85,B,6.44,A,6.17,B,11.99,B,9.79,B,11.45,A,7.3,A,8.88,A,11.91,26.9593,79.6864
USR_5A402F34,D,18.54,C,19.8,A,26.74,D,33.01,D,36.98,C,22.23,C,26.34,D,37.23,C,4.11,C,6.29,28.5396,81.2419
USR_ABAB4F12,B,13.99,C,14.03,B,14.36,C,24.18,B,17.82,B,22.91,C,15.01,C,10.59,B,19.58,B,23.41,12.2358,79.3383
USR_8E8EA53F,A,6.74,A,9.36,A,7.9,A,5.29,A,9.84,A,11.08,A,6.58,D,7.0,A,10.52,A,8.63,27.105,82.6469
USR_772C62A5,A,18.34,B,11.2,A,21.99,A,17.38,C,13.68,A,14.94,A,22.95,B,22.2,B,12.43,B,19.61,25.7634,79.8252
USR_B5BAD377,D,13.55,B,23.82,A,15.22,C,22.26,B,20.34,D,11.31,B,14.66,B,22.53,C,24.24,B,23.56,27.5223,77.5731
USR_B34B7472,C,16.6,C,3.48,C,22.55,B,23.98,C,13.2,B,10.29,B,12.8,B,34.26,D,25.82,A,5.53,21.4083,80.1475
USR_F5FECB8E,B,14.32,B,15.32,C,18.69,D,14.62,B,14.22,A,14.56,B,15.08,C,19.85,B,18.19,C,22.46,19.8996,74.5494
USR_BE72B241,B,12.34,A,22.99,B,18.12,A,14.6,A,23.84,B,16.12,A,15.11,A,18.32,C,16.41,B,23.26,28.3095,78.5036
USR_CC82FEC3,C,22.13,A,13.35,A,23.53,B,24.89,B,19.42,A,11.45,B,24.29,C,11.88,A,14.22,A,23.07,28.9878,78.7899
USR_6DC3423B,A,21.97,B,15.51,A,21.77,C,18.41,B,14.41,A,15.56,B,20.45,A,10.5,C,20.07,D,23.18,22.5244,77.1294
USR_962499A9,B,8.06,A,7.56,A,11.53,A,7.47,A,8.46,B,10.2,B,7.61,A,10.13,A,6.34,A,9.0,20.5079,71.9633
USR_18407CE6,A,8.44,A,10.78,D,5.41,A,10.7,A,9.17,A,10.72,A,6.77,A,6.29,A,11.38,A,5.64,11.6726,78.1465
USR_4DF76D48,B,21.69,A,11.68,C,24.5,C,16.16,D,24.63,D,23.98,A,14.09,C,21.86,A,21.7,A,11.77,23.5052,77.5153
USR_D845C0AB,C,10.65,B,22.16,D,11.79,B,19.71,A,16.85,C,19.54,C,16.39,C,21.08,C,15.33,B,19.56,28.0718,82.44
USR_9DB01763,B,19.67,C,28.86,B,23.9,C,5.71,C,10.21,D,35.2,A,31.62,D,4.18,C,6.85,D,18.84,11.3713,76.3436
USR_C2DF66E6,B,23.34,A,21.3,B,11.0,A,17.81,A,16.68,C,12.16,C,19.01,C,18.18,A,21.7,B,14.88,20.2598,73.8409
USR_FE1B2F26,C,21.58,C,20.28,A,20.63,B,11.92,A,15.59,C,18.36,A,19.61,C,16.86,B,18.08,A,14.24,14.9035,79.003
USR_348603C1,D,23.39,C,22.06,A,15.72,B,24.37,A,17.38,B,14.25,B,15.91,B,23.8,D,24.03,B,19.29,27.3026,82.3018
USR_4FF3A20D,B,19.18,C,17.8,C,16.52,B,23.67,C,11.48,B,17.79,B,15.36,D,13.14,B,16.02,D,17.01,18.2724,72.8301
USR_814BA551,A,11.79,B,12.0,A,6.74,C,11.4,B,7.93,A,5.84,A,6.1,A,5.01,B,7.69,A,10.11,29.9571,75.5817
USR_06C4E56D,D,38.76,B,6.34,C,15.51,D,24.61,C,35.64,D,16.26,D,4.51,D,15.11,B,32.11,C,20.9,11.5199,79.5872
USR_2A356996,B,6.16,A,6.61,B,10.86,A,11.03,A,7.02,C,10.72,A,8.99,A,9.64,A,8.23,B,9.29,24.0978,77.1449
USR_6A35ADBA,C,19.42,A,20.84,C,15.98,C,10.03,B,10.08,A,20.59,D,21.36,A,11.73,C,22.25,B,12.15,26.3145,79.8954
USR_2DF12483,D,4.06,D,3.29,A,32.21,B,18.64,C,33.7,D,24.47,C,4.79,D,11.42,B,36.83,C,7.14,27.092,81.5191
USR_AEC0283B,C,11.51,B,12.96,C,11.26,C,15.12,C,21.78,B,10.33,B,19.27,B,11.59,C,20.72,B,23.55,21.2207,77.4393
USR_1CA3453E,A,6.11,A,11.74,A,7.19,A,9.56,A,11.87,A,5.87,A,7.06,A,9.79,D,7.66,A,9.5,30.5242,75.4249
USR_182D3A42,A,11.69,A,11.81,A,5.46,A,10.1,A,9.55,D,6.4,A,9.21,B,6.11,B,9.68,B,6.21,14.5256,77.2955
USR_CFEFC578,D,18.91,D,22.91,B,21.46,A,19.98,D,20.73,A,23.77,C,12.11,A,20.81,B,21.31,C,16.27,11.5052,76.63
USR_B0446891,B,23.27,A,23.72,C,21.01,D,16.9,A,16.76,B,17.87,B,20.24,B,10.43,D,21.33,C,18.45,28.6671,75.5626
USR_C84AE5F4,C,13.09,C,15.65,C,20.83,B,19.0,C,10.03,D,12.14,C,17.79,A,11.64,B,24.11,A,24.43,26.9168,76.782
USR_58630B17,B,11.76,C,16.52,C,18.99,A,17.74,D,19.29,B,12.66,C,12.2,C,14.4,C,11.99,B,21.4,13.6694,75.7926
USR_73831DFF,B,14.34,C,19.13,C,10.0,D,13.75,C,13.87,B,15.02,B,19.98,C,14.73,A,11.16,A,10.41,28.3063,78.0372
USR_BF60CB2E,B,23.86,B,22.56,B,12.76,C,18.66,A,18.85,B,14.34,B,14.25,C,14.71,B,13.23,D,14.39,27.9015,79.0969
USR_25638EDF,A,19.7,B,19.12,A,17.16,C,23.69,B,10.21,A,21.44,C,15.52,B,10.1,B,21.25,D,22.27,30.5258,79.0945
USR_3D95514E,B,5.55,A,8.38,B,9.97,B,7.63,A,11.4,A,11.78,D,9.92,A,5.62,A,6.85,A,5.49,11.814,77.2627
USR_FA8901C4,B,15.75,B,15.15,B,24.59,C,13.78,B,15.84,B,24.47,A,11.64,D,16.55,A,19.31,A,18.82,12.8745,78.7904
USR_E2A2F00D,B,11.94,A,6.21,A,5.72,A,6.12,A,7.91,D,11.25,A,7.05,B,5.41,B,9.12,B,6.11,18.8499,71.6525
USR_0F950B9F,A,8.78,A,7.88,B,6.15,A,11.15,B,5.88,A,6.04,C,5.18,A,7.16,A,11.29,B,8.7,27.9313,82.7105
USR_F1377674,B,16.66,B,16.86,C,15.59,B,13.56,B,13.55,C,16.14,B,16.31,A,17.53,B,16.43,C,20.06,27.1954,75.5871
USR_5513FD1A,B,23.2,C,13.53,B,10.36,A,21.96,A,13.88,C,21.05,B,20.6,C,14.32,A,22.95,B,21.79,13.7682,76.709
USR_5FE8FEC8,B,24.54,C,3.37,C,34.46,D,25.0,B,13.01,C,25.54,B,11.53,C,32.1,D,14.59,A,12.13,22.9453,79.8451
USR_6587BA28,A,9.02,A,6.98,A,11.94,B,11.69,A,9.74,A,7.34,A,5.17,A,5.49,A,11.7,A,10.29,30.2127,76.7284
USR_EDCBD164,B,17.21,A,10.05,B,20.19,B,17.37,A,20.55,C,18.22,B,10.21,C,21.88,A,23.97,B,12.3,27.3159,76.643
USR_1C0687D6,C,17.28,B,19.26,D,20.94,B,20.63,B,10.12,D,17.61,C,18.26,B,11.23,D,22.13,C,19.09,17.632,74.1439
USR_0D9DEC41,D,5.75,A,6.73,D,8.94,B,11.78,A,6.19,A,6.7,A,9.07,A,6.75,A,11.53,B,5.18,26.9984,77.3042
USR_844DEE3E,A,10.9,B,10.85,A,6.83,A,10.38,A,7.77,A,10.71,A,5.09,B,9.56,A,10.37,A,6.75,20.9359,74.3957
USR_0C9EFA3C,D,14.9,B,11.96,A,13.33,C,13.02,A,12.38,A,24.78,C,21.98,A,22.78,B,20.94,B,23.63,24.798,77.7286
USR_B471A62A,B,31.03,D,8.21,B,11.58,D,18.15,C,23.54,D,33.56,D,24.99,B,12.2,D,5.95,B,8.25,13.7152,75.9327
USR_FC98A6EF,C,12.84,A,15.51,B,15.17,C,24.77,B,16.42,C,19.04,B,22.26,B,17.37,A,12.52,B,21.49,12.261,76.0185
USR_00331B22,D,2.23,B,10.11,D,26.86,D,38.26,B,7.77,C,29.08,D,23.87,C,21.67,B,22.95,D,3.53,12.1904,77.9521
USR_C2ACDE75,C,36.78,D,9.49,D,32.65,C,25.59,D,29.26,D,36.45,B,4.13,C,23.27,C,28.68,B,5.35,12.8915,75.6058
USR_E88B28DB,B,19.84,B,17.18,C,18.25,C,13.87,B,18.43,B,10.16,A,11.71,C,18.69,A,10.64,A,13.61,19.3634,73.7768
USR_6A5D2975,B,19.07,C,11.19,C,17.3,C,21.81,A,21.82,C,14.16,D,10.62,B,14.42,C,10.9,B,16.46,13.6029,75.6261
USR_39415CD6,B,18.19,B,23.0,A,13.75,B,17.47,C,13.36,A,20.18,B,16.59,A,19.64,C,24.59,B,20.74,29.2892,77.2276
USR_EEC36E05,B,15.31,B,12.01,B,11.11,B,10.03,C,17.81,B,17.32,B,24.39,B,23.33,B,18.9,C,23.22,20.2212,71.4568
USR_E4B6A84B,D,14.87,D,20.37,B,20.82,C,15.54,B,13.94,C,21.43,A,11.8,C,14.24,C,20.21,B,20.47,29.5884,77.5347
USR_D649D534,D,8.47,A,10.45,A,7.79,A,10.52,D,11.38,A,11.37,A,10.46,A,10.67,B,9.38,A,11.72,28.0593,80.1715
USR_F524F5E5,B,24.64,D,21.08,A,18.54,A,14.33,B,22.9,A,10.71,D,17.54,B,13.67,B,23.06,D,19.16,21.7706,80.0014
USR_FBD4D9F6,B,20.54,C,19.72,B,19.96,A,15.37,C,20.49,D,10.61,B,11.45,B,19.31,B,19.39,B,21.76,19.1122,73.9979
USR_FCF137C7,A,9.58,A,8.37,A,6.91,B,7.7,A,7.92,A,9.61,A,6.45,A,7.1,A,8.04,A,7.97,28.7848,75.9013
USR_90FB5DCF,D,35.59,B,26.2,D,23.46,D,35.27,D,13.05,D,18.62,B,23.75,D,20.52,D,33.71,C,39.31,11.5587,76.1256
USR_88A98007,A,12.0,A,8.68,A,7.84,B,10.53,A,8.51,A,11.53,B,8.06,A,7.62,A,11.76,A,6.56,23.5849,80.8999
USR_5B0E9447,A,10.86,A,5.73,A,8.25,A,10.64,A,8.21,A,11.15,B,7.12,A,6.3,C,7.8,A,11.66,20.1109,74.6038
USR_6F1DEA34,C,10.75,B,21.75,B,22.29,B,17.63,C,15.06,A,21.81,D,15.12,B,18.19,B,13.04,B,11.27,23.2378,77.3605
USR_FC973E10,C,38.05,D,13.6,C,33.25,D,7.88,B,22.99,C,16.34,C,11.8,C,25.79,C,38.09,B,6.43,26.7915,82.703
USR_A7A2752E,B,19.28,A,22.96,C,10.2,D,12.34,C,19.36,A,18.85,A,17.91,A,23.65,B,11.52,C,22.04,24.8341,78.6387
USR_B2AC18F1,C,11.62,D,29.32,A,33.07,A,15.44,C,29.47,C,24.18,C,36.48,B,9.03,B,34.31,D,29.32,13.9147,76.5852
USR_DC514BC3,A,10.42,A,6.69,A,10.06,C,6.7,A,6.82,D,9.31,A,11.24,C,11.3,A,7.03,A,5.57,11.3309,79.2879
USR_7676974A,B,20.19,A,24.3,C,14.51,C,11.08,B,16.91,B,10.55,A,16.6,B,22.05,A,13.7,B,12.62,17.7985,73.3106
USR_971CED6D,C,6.17,D,2.33,B,7.85,B,30.29,A,27.22,B,21.25,B,3.92,D,2.65,B,36.76,D,28.74,19.5088,72.6476
USR_31088115,A,11.83,D,5.13,B,5.44,B,7.61,C,10.68,A,5.52,A,11.25,A,8.19,B,9.57,A,10.06,18.989,74.0149
USR_18FEAA8F,A,24.62,B,23.23,A,22.27,D,20.65,B,22.69,B,22.8,B,10.5,B,12.95,B,10.57,C,24.09,14.48,75.9835
USR_63A45385,B,19.11,B,18.1,B,18.79,A,14.71,A,19.35,B,19.55,A,13.2,B,14.98,C,19.67,C,23.25,11.742,75.7211
USR_FDAA2C1E,B,14.89,B,21.55,B,12.06,A,14.48,A,13.74,A,12.75,B,11.54,C,13.09,A,14.31,A,17.53,25.1923,79.0905
USR_3475A8AF,B,7.23,B,10.72,B,5.3,A,8.73,A,7.41,A,7.99,C,6.95,A,11.9,A,7.1,A,11.16,13.3674,75.7081
USR_4911CD56,C,37.88,D,20.13,B,33.8,D,15.37,A,4.86,D,32.1,C,5.61,D,28.54,B,5.03,A,35.92,26.1967,81.7758
USR_7323A06E,D,4.14,C,22.99,D,33.17,C,4.07,D,38.51,B,31.76,C,33.08,D,38.31,B,21.81,D,20.36,24.6893,80.6098
USR_212E8F19,D,11.18,A,24.53,B,22.97,C,17.22,C,22.95,B,19.25,C,17.54,C,13.72,B,12.95,C,18.69,24.2055,78.9189
USR_2D82DA23,B,7.94,A,5.27,A,11.27,C,6.84,A,8.05,A,7.73,A,8.83,B,10.73,A,9.82,A,6.17,23.6301,79.863
USR_D5F09020,D,17.09,C,36.54,C,9.62,D,10.18,B,21.72,D,31.09,A,5.08,A,35.33,C,30.58,D,4.93,18.0196,72.2894
USR_241C31C8,C,19.41,B,10.1,C,19.53,B,20.56,C,17.0,D,18.91,B,13.27,B,24.85,B,22.44,A,16.81,21.9234,77.2371
USR_B686DF44,D,13.61,D,16.27,A,16.25,D,38.15,B,32.16,C,31.85,D,9.59,A,18.66,D,4.26,C,20.44,23.8895,77.1179
USR_BBCAD664,A,9.4,A,7.03,A,10.2,C,11.52,A,11.8,A,10.58,D,9.08,B,8.83,A,9.53,A,8.75,27.0465,80.5484
USR_5361E998,A,7.62,D,23.95,C,13.54,A,18.2,B,15.67,C,26.89,C,36.23,D,29.84,B,33.68,C,22.35,27.3142,80.8257
USR_5D9023EB,B,10.94,A,9.02,A,10.48,B,11.98,A,6.84,A,7.91,D,10.27,A,7.46,B,7.93,A,10.82,23.4989,77.8779
USR_912D5846,A,13.82,D,6.27,C,30.39,D,3.66,C,5.3,B,39.23,A,4.1,B,26.78,B,38.75,D,9.14,23.9505,80.8497
USR_202B6ED8,B,12.17,B,18.05,B,21.5,B,11.75,C,17.24,C,15.72,B,14.9,B,13.9,C,15.17,A,22.74,25.7088,79.0279
USR_C38F3F26,B,8.71,A,10.82,A,7.88,B,6.55,A,11.56,A,11.18,A,11.98,B,10.18,B,5.56,A,5.57,24.9696,79.0482
USR_85A87630,A,16.25,A,22.52,B,14.45,B,19.76,A,22.12,C,17.38,B,17.32,B,23.46,A,12.6,B,15.83,27.7642,75.8669
USR_42A87B6F,C,13.75,B,17.47,A,12.32,C,13.96,A,11.47,A,14.33,C,17.24,A,14.46,A,14.39,B,15.45,30.4638,76.6837
USR_2DAE4260,A,5.43,D,8.96,A,6.36,B,8.77,B,6.93,B,5.5,A,9.68,A,10.48,A,5.46,B,9.15,11.5645,76.878
USR_3F4393D4,B,15.91,A,19.11,B,15.45,C,13.75,D,19.4,A,22.98,C,16.12,C,19.46,A,21.46,C,17.84,28.6017,78.2139
USR_DDC5A200,C,16.77,C,21.64,C,17.68,C,17.93,B,10.87,A,13.25,A,20.68,C,16.02,D,19.06,A,17.0,27.7864,82.7598
USR_323E0C0F,A,10.23,A,9.76,C,8.42,A,9.7,B,5.94,A,10.66,A,9.94,A,6.24,A,5.02,A,9.14,26.3225,79.9714
USR_FDC1998F,A,5.63,B,6.39,A,11.2,D,9.07,C,5.62,A,7.89,B,10.79,A,7.52,B,6.37,A,10.85,29.3873,75.7433
USR_AC1200D2,A,8.59,A,9.78,A,9.55,B,9.7,B,5.51,B,8.02,A,6.77,A,11.53,A,11.08,A,9.28,19.8817,74.0365
USR_51049845,A,9.7,C,8.66,A,5.02,A,9.23,A,10.86,D,9.0,C,5.87,A,7.76,A,6.33,B,9.68,25.9602,81.0262
USR_3BE7B6F2,D,11.86,D,21.71,C,26.17,C,3.68,C,6.18,C,12.26,C,33.17,D,16.97,C,32.52,C,39.36,29.4828,78.3106
USR_B3085F96,B,16.11,A,22.42,B,20.17,C,19.02,D,11.79,C,11.17,C,20.64,C,21.6,C,19.45,B,16.48,27.381,75.7467
USR_601CEA4A,B,10.7,A,15.33,D,14.37,B,11.8,B,22.56,C,15.83,B,21.11,A,13.11,D,17.32,B,13.08,23.0401,78.2749
USR_07B04971,D,15.8,B,17.97,A,12.05,A,22.02,C,20.6,B,22.62,C,24.77,C,13.73,D,17.19,B,12.96,20.4843,73.268
USR_9D35EF87,A,6.57,C,9.6,C,9.13,C,6.89,D,20.51,D,23.63,C,13.78,B,23.76,B,4.83,A,33.77,19.8159,72.0253
USR_A21CAC7C,B,21.74,C,2.2,C,20.26,C,19.58,B,12.83,C,7.4,B,14.99,D,39.8,D,39.3,D,5.92,27.7327,78.0946
USR_4EFA39FA,C,10.73,B,24.13,A,19.32,D,12.12,D,12.18,B,10.09,D,21.57,A,17.95,A,10.64,A,19.56,28.8924,78.1275
USR_A576A0BE,C,21.18,C,37.39,C,24.1,A,18.34,A,27.28,D,37.89,A,6.35,B,17.73,A,25.64,C,36.72,22.9849,79.0193
USR_400FEE87,C,33.19,C,36.79,C,10.95,C,5.62,B,37.58,D,36.12,B,25.29,B,6.41,B,35.0,C,3.2,23.1322,78.4318
USR_EE7E312D,B,10.07,B,19.93,D,17.0,C,10.06,B,17.95,B,23.07,C,18.8,A,15.76,B,11.24,B,18.18,25.9074,81.1963
USR_E15D683C,A,10.34,A,8.04,A,7.45,A,5.99,B,7.98,A,5.06,A,11.07,A,7.53,C,5.16,A,8.24,28.0635,78.6373
USR_10A7CB65,C,9.71,C,17.9,D,3.95,C,17.58,D,7.43,C,7.14,D,13.21,B,27.75,B,30.92,A,39.66,23.4704,77.0854
USR_5C511C2D,B,11.36,B,21.15,A,12.99,B,19.47,C,16.67,B,12.88,B,19.99,B,16.85,B,11.58,C,22.03,22.2427,78.2293
USR_6C55737C,A,22.22,A,21.54,B,22.36,B,20.54,C,16.0,B,15.46,D,10.3,A,12.6,A,13.12,B,15.77,25.0692,79.7752
USR_4D7F8069,B,11.31,A,14.64,B,20.85,B,24.59,C,24.82,B,23.33,C,13.63,B,19.44,D,18.87,C,13.83,12.1838,78.501
USR_1D8088C3,B,10.9,D,23.02,B,20.42,A,14.24,B,22.35,A,23.59,B,15.29,B,21.47,B,15.87,C,10.64,19.7403,72.9902
USR_07A1F3AD,A,5.7,A,11.3,B,6.87,B,10.4,A,10.15,A,7.36,A,7.74,A,9.57,B,8.95,A,10.12,30.2594,76.407
USR_DF15F941,A,15.07,B,15.81,B,16.36,A,16.58,D,15.16,A,12.56,D,13.88,C,22.5,B,14.76,C,12.31,17.2252,72.8373
USR_561770AB,A,10.31,A,7.23,A,7.79,A,6.44,B,10.47,B,10.63,B,11.62,A,11.26,B,9.72,A,8.58,24.8741,80.2725
USR_A61B5857,A,11.49,A,16.71,B,15.32,A,12.36,B,11.6,A,13.3,A,15.94,D,11.67,B,13.44,C,20.09,29.2614,78.5166
USR_AB3653EA,A,8.95,A,7.41,A,8.39,A,5.32,C,8.65,B,9.68,A,10.14,B,9.03,A,6.16,D,5.72,29.6077,77.6086
USR_FD0AB0F6,A,19.95,B,10.96,C,10.08,A,22.36,B,10.59,B,23.39,C,14.63,A,16.74,C,10.19,B,12.08,29.6247,75.75
USR_A97A496B,A,15.74,B,14.94,B,12.17,B,24.99,B,10.46,B,14.11,A,12.38,A,11.13,A,11.54,B,14.93,21.5614,77.6354
USR_8E8B5996,B,7.36,A,9.94,B,8.53,A,11.67,A,10.59,A,5.14,A,7.99,A,8.6,A,10.52,A,8.25,18.699,71.6513
USR_37DBA10F,C,24.93,B,16.44,D,14.06,B,14.38,C,10.08,B,13.36,B,15.62,C,18.74,A,23.63,C,23.21,28.4647,79.1467
USR_78343459,C,13.52,B,22.66,A,17.9,B,22.95,A,13.02,C,23.64,B,17.11,D,10.4,B,10.27,B,18.01,29.5034,76.898
USR_A2FBE404,D,13.03,B,19.38,C,12.06,A,21.34,C,13.45,B,15.28,D,21.17,A,17.15,C,11.6,C,18.12,29.0402,76.3236
USR_2B383E26,A,11.38,A,10.22,B,7.34,A,7.65,A,8.4,B,6.17,B,10.97,D,10.79,A,10.09,A,5.48,21.9536,77.6039
USR_46452400,C,24.07,C,37.99,B,8.6,B,30.25,D,9.25,C,7.78,C,20.19,B,39.9,B,12.63,B,31.37,20.3425,71.6082
USR_8B64975F,A,21.17,A,17.33,C,18.5,D,19.51,C,14.6,C,24.66,B,24.1,C,10.49,B,16.19,B,23.89,27.1167,78.69
USR_A8EDD5BA,C,19.19,A,20.69,B,21.02,B,14.25,C,20.43,B,22.43,B,15.35,A,15.15,B,11.34,C,15.93,22.7355,78.9752
USR_D6C9DC21,B,10.69,B,15.55,D,17.25,B,13.99,B,24.43,C,20.77,B,18.64,A,23.46,B,10.13,C,11.27,20.6467,73.9516
USR_41ACE29D,C,15.53,C,38.15,C,6.29,D,16.45,D,24.97,B,24.41,A,34.45,D,38.86,C,38.28,D,13.39,13.5014,78.4278
USR_B1B687CF,A,13.95,B,18.56,C,21.04,B,10.41,A,13.48,C,13.72,B,22.84,B,10.71,C,23.23,A,10.11,25.031,79.3456
USR_500ED3DC,B,13.78,A,17.92,A,19.78,B,20.63,C,12.14,C,22.98,C,21.95,C,11.59,A,24.98,B,24.03,17.1739,73.2341
USR_C8C2259C,A,16.12,C,16.91,A,10.59,A,21.72,A,11.48,A,21.65,C,15.88,B,12.41,B,19.07,B,13.84,26.3854,81.4139
USR_81F9C392,B,36.63,D,9.86,C,27.59,D,19.75,B,3.83,D,10.41,B,35.65,B,26.52,C,28.74,D,2.33,27.4091,77.3707
USR_828225C9,B,22.17,B,26.63,D,31.27,C,15.07,C,32.36,D,32.43,B,27.76,C,11.75,C,11.45,B,32.53,12.1899,79.1422
USR_F38AA073,A,6.53,B,9.71,A,8.53,A,5.67,A,6.88,D,9.32,B,5.33,B,8.3,A,11.33,A,7.07,26.2814,82.7582
USR_8B2BBB08,A,16.17,A,15.48,C,10.01,B,22.8,D,10.2,A,11.77,A,10.24,B,21.37,D,12.33,B,15.33,30.4044,76.8739
USR_D1990146,B,9.94,A,8.02,A,8.66,A,7.4,A,11.8,A,10.13,A,11.87,A,11.09,A,11.34,A,10.86,17.8563,71.9629
USR_D54CADB7,C,22.5,B,18.55,B,13.38,B,24.84,C,21.98,B,14.3,A,12.82,B,23.65,C,17.66,C,14.67,27.3997,81.0685
USR_45BBE7F6,D,26.44,C,34.9,A,19.91,D,17.7,C,3.77,D,32.88,C,29.34,D,11.11,A,31.12,D,18.97,25.7102,79.0448
USR_19A94D9C,C,15.5,C,21.95,C,12.61,B,13.15,D,13.15,A,20.72,C,10.07,B,21.89,B,16.02,B,23.37,27.4355,81.9703
USR_841D8C20,D,24.88,B,13.33,B,19.14,A,22.78,B,20.31,B,18.95,B,19.85,C,23.7,A,13.23,B,20.5,29.7804,78.1257
USR_0D8E0BD0,A,7.43,A,11.54,A,5.73,A,8.84,A,9.03,B,7.3,A,6.74,B,5.96,A,11.62,B,8.45,20.3345,72.7537
USR_C9F44C42,B,18.44,D,10.49,C,21.51,B,14.99,C,21.76,B,17.8,C,10.22,C,14.88,B,24.87,C,21.84,19.7439,72.129
USR_F8E8FACD,A,19.34,C,10.19,C,11.7,B,16.21,A,10.62,A,19.63,A,24.77,B,17.98,C,16.49,C,13.69,14.5262,76.8655
USR_E3EED17B,D,22.55,A,14.61,B,10.91,B,17.48,D,23.13,B,22.83,B,16.91,A,21.8,C,23.63,D,11.79,21.5491,80.4627
USR_1B5B49D1,D,24.36,B,16.69,B,19.25,B,19.86,B,10.84,B,20.74,B,11.83,C,24.84,B,10.12,B,20.08,30.1649,76.2693
USR_DE38486D,D,39.22,D,29.77,B,28.56,C,31.67,B,12.55,D,12.48,D,16.36,A,16.72,D,38.66,A,13.68,23.9389,80.5112
USR_55D484CB,C,38.12,D,12.5,C,2.12,A,4.59,C,38.4,C,38.87,B,21.08,D,4.2,B,31.13,D,21.66,26.7896,76.1825
USR_F02817AA,A,23.0,C,17.99,B,24.24,A,13.91,A,22.91,D,19.6,A,20.61,B,19.43,B,13.84,C,23.21,28.8557,76.0415
USR_98510C62,D,10.49,B,22.56,A,17.13,C,24.77,A,23.88,D,15.67,B,18.18,B,20.11,C,19.72,B,11.66,12.5101,77.4786
USR_BF7960D8,D,12.57,B,28.57,C,3.49,B,39.62,D,10.65,B,25.23,C,38.21,A,12.49,B,21.38,D,18.02,22.9212,79.3967
USR_0593F9CB,C,10.71,D,18.83,B,17.8,C,14.75,A,13.47,B,18.73,A,12.88,D,17.67,B,10.15,B,10.84,21.7898,79.8799
USR_FD9A49BF,B,22.61,A,20.93,A,21.82,B,15.84,B,15.6,D,17.0,C,12.2,C,23.75,A,20.82,A,16.5,28.3366,77.4611
USR_D3D40CB2,D,11.89,C,38.72,D,17.46,C,36.44,B,13.77,B,6.97,B,17.34,D,26.35,C,25.45,D,8.96,30.2315,77.255
USR_A79AAF08,B,10.43,C,11.62,A,13.55,A,20.78,B,24.59,B,22.4,B,17.76,A,24.34,A,24.11,C,21.64,12.7943,77.9476
USR_21C4FC7D,D,12.78,D,6.53,D,20.43,D,9.76,C,20.44,D,4.61,D,11.18,C,32.53,D,8.73,A,13.37,11.3558,78.1465
USR_04F8302A,B,13.57,B,16.65,C,17.39,A,21.66,B,18.35,C,18.59,B,20.21,C,20.21,A,22.33,B,15.73,24.0689,79.1971
USR_40A7FE30,D,31.01,C,13.21,B,28.85,D,7.52,D,10.0,B,19.8,B,24.1,C,29.14,D,32.05,A,26.45,28.0917,81.02
USR_6096CAE7,B,12.06,A,16.63,B,17.5,D,19.16,B,14.32,A,16.55,A,23.36,D,17.51,B,14.48,D,18.58,27.5426,81.7241
USR_159E0DCB,A,5.9,B,10.91,B,11.31,A,6.49,A,9.05,B,10.86,B,9.25,C,11.56,D,10.04,A,11.04,17.4754,72.2222
USR_A70B4A42,D,12.13,C,17.62,D,24.55,B,20.46,D,10.09,A,19.87,A,12.94,B,16.74,A,14.3,A,21.44,23.1483,79.0071
USR_3F04A655,B,5.35,D,11.44,A,6.77,B,7.22,A,7.07,A,5.48,A,8.38,B,11.52,A,7.12,C,6.07,14.6973,78.8718
USR_A1596375,B,11.99,B,22.64,C,14.3,B,19.23,D,10.08,C,12.04,C,22.96,B,20.28,B,11.31,C,21.2,27.0248,82.0926
USR_745BEE39,D,6.93,A,9.42,A,8.94,A,6.41,A,8.87,A,5.61,A,10.73,A,9.13,A,10.29,A,10.03,23.1298,79.4774
USR_DCA2B8AA,C,21.45,B,12.64,C,24.49,B,22.1,A,23.38,A,16.14,B,23.08,B,23.09,C,20.01,A,15.01,28.4631,77.6745
USR_73C83F11,D,15.97,B,23.74,B,21.85,B,12.85,D,11.36,B,16.49,C,21.76,B,14.01,B,19.82,B,13.18,14.1985,76.9749
USR_4E887147,B,14.56,A,17.09,B,11.94,B,15.99,D,20.87,C,11.6,D,12.13,C,10.4,C,12.49,C,24.67,18.9151,72.3391
USR_AB4C2E2D,A,29.84,D,16.38,A,35.33,D,34.76,D,11.5,C,31.96,C,33.79,C,31.17,C,31.1,B,32.28,28.5139,81.3299
USR_9BF8D586,B,13.91,B,17.76,C,11.52,D,14.82,D,18.96,B,12.19,D,11.58,B,20.73,B,19.35,B,12.69,29.4518,78.3402
USR_24D7E672,B,16.82,B,21.93,B,21.41,B,23.65,B,13.77,A,16.06,A,16.82,B,14.43,B,16.24,A,22.39,28.837,77.4857
USR_01814AD1,B,23.2,D,14.99,B,16.63,B,12.73,C,12.75,B,10.86,C,14.16,A,24.02,B,14.0,B,15.67,13.4747,77.7131
USR_CB809E60,A,10.92,B,22.71,B,24.9,B,12.76,B,18.92,D,14.24,D,20.56,B,17.43,A,18.02,C,10.22,17.337,72.9888
USR_A6A213AF,B,17.71,C,11.51,D,20.64,A,11.8,B,24.59,A,17.35,B,24.27,A,24.62,A,17.7,B,18.85,21.7452,79.0831
USR_F78B2E1B,B,24.07,B,19.15,B,20.03,C,16.89,A,15.14,C,13.63,D,23.88,C,15.26,C,17.82,B,10.92,12.6054,79.0337
USR_A58809AC,B,34.87,A,3.83,D,8.11,C,37.71,B,37.8,D,15.74,C,22.19,C,18.5,D,8.79,C,10.16,12.1979,76.4069
USR_7C9B6C22,A,5.72,A,8.68,A,9.14,B,5.43,A,6.35,A,7.35,A,11.75,B,8.99,A,7.04,A,10.27,27.1599,82.5386
USR_7EFC0666,B,12.2,B,23.48,A,21.16,B,20.62,A,10.87,D,16.29,C,19.55,D,10.77,B,13.99,A,13.5,18.5159,73.2152
USR_204262E4,D,31.45,C,25.89,D,8.62,A,22.41,D,34.13,D,10.32,B,37.41,B,13.03,C,8.53,D,30.89,13.4612,77.601
USR_9DE967F8,C,4.89,C,13.42,C,24.42,C,30.84,C,30.04,D,2.9,C,29.98,D,17.81,D,23.78,D,18.13,27.922,81.2202
USR_0AFFA792,B,23.48,A,21.6,B,21.13,D,16.63,D,15.84,A,16.0,D,21.93,D,20.24,D,18.14,B,23.6,27.2982,78.6607
USR_21C55D97,A,5.09,B,11.36,A,9.14,A,11.86,D,7.42,A,6.22,A,8.9,A,8.6,A,5.55,A,7.0,22.7795,77.298
USR_29E6A6C5,A,21.89,B,11.88,B,11.56,A,18.97,A,14.99,B,19.4,C,10.55,C,16.65,A,12.8,A,23.72,14.8436,77.7329
USR_B734928E,A,5.58,A,9.37,A,9.43,C,7.48,A,6.05,A,7.82,A,11.67,C,8.57,A,10.88,A,11.39,22.9689,80.2329
USR_A7815783,D,10.57,A,6.62,B,6.0,A,5.37,A,6.24,A,5.31,B,6.4,A,8.8,B,9.18,A,5.71,27.0336,76.4893
USR_8FDE8549,A,8.12,A,11.0,B,9.39,A,5.14,B,7.45,B,6.6,C,7.43,A,7.53,D,9.9,A,10.02,26.4699,79.4677
USR_8CE910FC,B,11.28,A,8.5,A,8.44,A,5.02,A,11.42,A,10.44,B,5.76,A,11.31,A,8.09,A,8.71,20.9027,72.095
USR_FA67A895,A,15.51,A,19.75,D,13.15,A,15.51,B,21.18,C,17.02,B,10.19,A,14.99,B,18.27,C,19.88,19.4918,73.6049
USR_3CBBD2AB,A,21.03,B,17.29,C,23.06,B,10.9,B,16.11,C,12.69,A,23.95,A,15.04,D,24.78,A,15.51,23.6878,78.4297
USR_41BAF5AF,A,7.79,A,8.69,A,9.98,A,7.97,B,6.77,A,5.46,D,10.15,B,8.14,A,6.15,A,5.68,28.2995,76.8834
USR_129BC910,D,17.84,C,11.03,C,32.41,A,25.44,D,3.98,B,10.86,D,30.63,D,20.42,D,12.8,D,26.82,27.5647,75.2736
USR_37FCCF48,D,17.96,B,19.22,A,11.36,C,15.41,B,11.18,B,20.12,C,21.79,B,12.85,B,22.83,D,10.73,11.0123,76.5208
USR_EA3BCDF0,C,24.47,B,10.96,C,21.49,B,23.41,C,15.85,A,16.79,A,15.31,D,24.42,A,17.54,A,19.47,26.8552,76.7287
USR_D8EC4661,B,12.64,C,11.48,B,15.06,C,13.93,A,10.46,B,21.69,B,13.15,C,17.11,A,18.44,C,10.6,24.3739,79.529
USR_F0D421EB,A,32.77,D,11.71,D,25.3,D,30.91,D,39.12,B,39.33,B,10.99,C,19.23,D,26.28,A,36.88,20.9166,79.4067
USR_76A212DC,A,10.95,A,5.08,A,11.5,A,7.01,A,8.11,A,5.63,A,7.78,A,8.13,B,6.05,A,11.74,29.9833,75.7472
USR_A5EFC51F,A,17.64,B,18.55,C,14.61,C,18.84,B,14.07,B,19.33,B,13.53,B,12.78,D,11.58,B,24.45,14.9426,76.4906
USR_F6E7BBF8,B,19.85,A,15.32,B,18.28,A,13.46,B,14.1,B,13.14,A,11.14,A,19.01,B,18.84,A,13.45,10.9821,77.328
USR_1BB82D3B,A,6.12,B,9.08,A,8.9,A,10.81,A,5.36,A,9.66,A,11.3,A,6.46,B,5.17,A,9.26,22.1234,78.0045
USR_0A789E2C,C,17.46,D,6.79,A,25.21,B,30.89,C,31.16,A,4.57,C,26.88,C,15.29,C,12.34,A,8.38,27.9927,78.4214
USR_0F641FC4,B,12.71,A,20.79,B,15.48,B,12.83,C,21.04,B,15.23,A,21.26,A,10.26,B,24.67,C,24.28,21.2356,80.7199
USR_69663BEC,A,11.71,A,6.79,B,9.24,A,6.05,A,5.82,A,8.34,A,8.69,A,9.33,A,10.1,D,11.87,12.2647,76.3821
USR_F47AB1E5,A,11.79,A,5.99,A,8.63,A,9.61,A,9.09,A,11.46,D,11.32,A,6.08,A,11.76,B,5.64,25.3514,78.9942
USR_5AA0DF4E,A,10.0,C,22.78,A,12.17,B,22.88,C,21.75,B,24.54,C,18.73,C,24.93,C,11.29,A,15.18,19.5657,73.8882
USR_215F3DE2,A,13.7,A,17.16,B,15.44,B,14.63,B,16.26,B,16.66,C,20.23,A,12.1,B,22.87,A,18.05,13.0648,76.4934
USR_067BE38D,C,18.71,C,24.84,B,12.99,B,24.94,A,17.0,B,22.91,D,19.37,B,15.3,B,12.7,B,17.89,21.0095,74.8023
USR_F793A5F3,B,16.99,D,8.09,C,26.4,D,4.04,C,25.77,C,30.67,D,34.97,C,17.36,A,24.44,D,35.99,17.7977,71.889
USR_C3D11F1D,A,10.0,A,5.38,A,10.85,A,5.71,A,9.55,A,11.37,D,8.1,A,5.97,A,9.29,D,7.15,21.2933,79.4246
USR_87A1FEAD,A,22.35,C,22.8,B,13.83,B,22.4,C,23.81,C,11.1,B,19.55,D,19.16,B,15.35,A,19.47,19.8699,71.4312
USR_7D1A09D7,A,39.98,B,26.27,B,32.07,D,3.04,D,31.36,A,35.09,C,4.78,D,16.54,A,21.9,C,26.03,21.1192,77.1087
USR_18623A7C,C,18.78,B,17.18,B,12.29,B,20.76,B,22.61,C,18.21,B,12.58,C,22.29,A,16.96,C,14.71,14.1878,75.8088
USR_B84DE303,A,19.73,C,21.72,C,23.55,B,14.75,C,14.43,B,10.7,B,24.66,B,24.73,C,14.2,C,13.34,28.1661,78.1368
USR_EECE0FEF,A,20.0,C,15.94,B,15.74,D,23.6,A,18.66,D,20.26,D,10.61,A,16.84,C,17.73,B,13.96,29.2827,75.3015
USR_F87944B5,A,22.92,A,23.77,C,20.41,C,19.56,C,16.74,B,13.2,B,23.86,A,11.72,A,12.48,B,22.65,23.3305,79.8641
USR_A07BF3B9,D,11.33,D,29.24,A,5.56,B,10.71,D,30.16,D,12.36,B,26.57,C,25.23,B,36.7,B,36.65,27.3214,79.5967
USR_AFB5D26C,D,13.79,C,35.01,D,6.23,D,20.07,D,6.72,A,6.37,C,17.78,C,8.24,D,11.65,B,32.8,22.1392,78.329
USR_15C27709,C,30.96,D,8.53,C,15.79,A,3.47,D,36.77,B,5.27,B,19.41,D,13.57,D,4.58,D,11.72,29.6236,76.49
USR_2C117AF1,C,23.52,B,20.9,B,15.1,D,13.39,C,23.21,B,14.95,C,15.22,A,24.59,C,19.6,A,16.9,28.7755,76.1515
USR_0AD7FEE9,A,21.95,B,19.4,B,23.26,A,15.13,D,24.28,B,10.46,B,24.14,A,20.73,B,20.57,D,10.73,14.0271,76.1902
USR_41D6A746,A,7.6,A,7.62,A,9.53,A,9.81,A,5.86,A,8.62,A,9.89,A,9.51,A,5.08,A,9.27,29.6028,78.4259
USR_DD9B963D,B,11.17,A,5.76,D,6.65,A,11.9,B,10.25,B,7.0,A,9.34,A,5.29,A,11.91,D,9.33,25.0116,82.2311
USR_A11A9024,A,16.5,B,37.18,A,4.82,B,18.07,A,4.73,A,23.25,D,4.8,D,24.87,D,19.13,C,7.26,25.9334,81.8588
USR_C12A3EA4,B,14.1,B,21.32,B,11.74,A,19.71,B,11.35,B,13.12,C,14.37,A,19.26,B,15.99,B,20.67,22.7252,80.7639
USR_02B9DB20,C,10.67,A,7.36,A,10.45,A,9.35,A,6.78,A,6.03,B,11.89,A,9.66,A,8.21,B,5.69,26.6661,77.1978
USR_0B2A13BF,A,9.49,A,10.21,A,9.57,A,7.62,C,9.48,A,7.49,B,10.52,A,6.77,A,5.76,C,10.3,20.2847,74.4063
USR_B4040FEC,A,7.99,B,8.58,A,7.75,A,10.84,A,8.93,A,11.21,A,6.04,A,7.16,B,9.52,A,9.03,23.5359,80.4583
USR_2C98750F,B,16.2,C,19.61,C,19.76,C,14.44,B,19.35,B,21.49,B,21.95,A,16.61,C,24.27,A,14.0,18.854,73.4979
USR_B2A4F1BD,A,10.9,B,22.56,B,19.31,A,22.27,B,21.4,B,12.42,A,12.72,C,24.25,C,14.24,C,12.79,27.5035,82.1771
USR_9D557FF1,B,17.78,C,21.89,B,19.28,C,24.13,C,14.7,B,10.48,B,18.7,A,21.64,C,18.34,B,12.4,20.5007,72.2143
USR_CFBBF001,B,5.23,A,7.24,A,11.24,A,11.98,B,5.53,A,5.66,A,7.05,A,7.52,B,6.14,B,11.84,22.0717,79.4335
USR_73DD9759,D,29.63,A,38.48,D,19.14,C,11.57,C,9.67,A,3.07,B,34.76,B,21.23,D,18.22,C,31.97,14.7403,77.6606
USR_58E2FACD,A,9.29,A,8.25,B,11.61,A,10.57,A,9.75,B,10.78,A,7.18,B,7.61,A,10.54,A,7.62,27.2929,75.2531
USR_21D37D80,A,17.43,C,22.97,B,24.56,A,11.23,C,21.05,B,11.47,B,16.26,D,12.58,A,23.7,C,22.37,24.3496,79.6424
USR_EE189BEB,B,22.9,C,17.74,A,12.23,C,18.43,B,19.98,B,13.41,C,18.08,D,13.45,A,17.15,A,11.45,13.3853,76.5157
USR_EE9A2920,D,31.48,C,33.81,C,17.69,D,19.35,C,5.3,B,38.89,C,12.39,D,17.91,A,39.32,D,37.59,29.938,76.2209
USR_F32FC08C,B,16.2,B,20.43,B,12.58,C,17.17,B,23.1,D,10.89,B,22.61,C,13.6,A,21.91,B,19.04,14.2731,77.3949
USR_50FEB3A6,C,24.27,B,21.97,C,17.94,B,10.31,C,15.05,A,20.84,B,10.71,B,20.73,C,17.25,A,12.98,21.6217,81.0098
USR_B6254EDA,A,11.78,A,11.4,C,6.47,B,6.25,B,11.45,B,9.33,A,5.35,B,6.57,A,7.33,C,6.61,18.9078,72.3639
USR_CB0109E7,C,22.63,C,16.09,B,15.51,C,19.5,A,21.09,B,24.06,D,13.04,D,11.74,C,20.57,B,22.7,20.797,71.8807
USR_244AB6A0,B,13.31,B,14.03,A,19.98,B,14.34,C,23.81,C,22.99,D,24.08,C,20.56,A,11.34,C,21.48,11.6794,76.389
USR_8AB91B29,A,17.76,B,19.17,B,12.04,B,12.15,D,19.64,C,21.6,A,23.64,A,14.41,B,24.68,B,13.44,12.5376,78.2443
USR_C7E0485A,A,15.32,B,23.22,A,19.61,A,17.19,B,19.64,D,16.37,C,10.78,C,13.0,B,17.33,C,12.57,11.5171,79.1778
USR_9D35E23F,C,16.97,B,11.58,C,22.01,D,17.25,A,15.19,D,10.79,A,11.48,B,20.41,B,18.49,C,23.52,18.3743,71.759
USR_F7DBDB19,B,15.4,B,21.78,A,11.78,A,23.37,C,14.92,B,18.28,B,13.0,B,23.56,B,23.26,C,20.96,23.659,80.3347
USR_C0644266,D,22.03,B,20.52,C,19.69,C,21.95,A,15.47,A,18.99,A,12.27,B,24.0,D,14.13,C,12.16,30.0342,77.6277
USR_4FF7FCA2,D,2.42,D,12.01,C,8.18,D,13.8,D,25.57,D,18.0,C,17.65,D,34.39,A,18.2,D,29.87,14.8397,77.2193
USR_0491E345,A,5.73,A,8.23,B,11.95,A,10.72,A,5.91,D,8.45,B,7.3,B,5.14,A,6.91,B,8.12,19.0603,72.008
USR_6FAB0643,B,14.04,A,21.66,A,13.11,C,20.75,B,21.56,D,22.69,B,19.96,C,21.01,C,18.36,B,18.01,30.3404,75.9305
USR_238BB6C6,C,31.86,C,2.63,D,38.63,A,26.99,D,32.82,D,11.33,C,3.95,C,10.78,D,8.22,D,27.89,27.6958,78.5737
USR_C00A84F0,A,5.61,A,11.02,A,10.4,A,10.47,B,6.19,B,9.21,A,10.97,A,6.58,A,8.44,A,6.86,24.2958,81.0771
USR_F804AD43,B,20.82,B,17.51,A,15.18,B,16.69,B,20.56,B,23.45,B,24.58,B,10.05,B,23.26,D,12.23,14.9138,78.7294
USR_2395699C,B,8.27,A,9.56,A,6.21,A,7.48,C,7.75,B,5.13,A,10.68,B,11.87,A,11.66,A,5.32,17.174,72.8957
USR_2CE02539,C,19.0,A,11.95,C,19.47,C,7.27,A,36.57,C,7.12,B,37.52,C,38.34,C,23.0,C,29.86,11.8181,76.6252
USR_C759F0B8,A,14.06,B,23.04,A,20.66,B,21.07,C,11.79,A,16.48,A,16.27,A,15.91,A,12.0,D,18.0,11.5925,77.4504
USR_8FA24BF9,A,5.59,A,10.39,A,5.58,C,6.8,A,5.81,A,6.61,A,8.17,A,11.24,A,11.77,A,8.68,30.4291,78.4387
USR_EE34D7DD,C,8.13,B,6.1,B,8.62,B,9.67,A,11.85,A,6.62,A,10.43,D,11.47,B,7.55,A,7.26,25.823,82.2203
USR_1BBFEF6A,B,16.66,B,17.99,C,23.3,B,21.25,B,11.36,A,19.45,A,11.62,A,20.24,C,10.56,B,22.27,21.6923,77.3389
USR_F93EC5D1,A,11.03,D,8.74,A,10.5,A,7.49,A,8.11,D,11.11,A,10.55,B,9.85,A,6.83,A,9.93,28.0135,82.8548
USR_6163648D,A,11.54,A,7.26,A,7.13,B,11.09,B,5.13,B,10.94,A,10.9,A,6.33,A,11.29,C,7.51,20.1385,71.654
USR_DC7FE3C5,B,12.64,A,20.57,D,16.8,C,17.61,B,23.35,A,11.03,A,11.79,A,13.86,A,22.07,B,21.51,27.6801,78.8001
USR_DDF129BD,C,22.8,C,13.61,A,16.65,C,20.91,B,19.41,A,20.46,C,23.84,C,23.36,B,23.75,B,12.21,27.6165,77.8301
USR_C9C1F0FA,B,22.95,B,17.26,B,12.9,C,22.22,D,11.35,B,21.77,B,13.57,B,18.56,B,15.64,A,23.42,26.5743,82.6198
USR_2A45FB5C,B,23.24,A,22.75,B,24.94,A,20.17,B,16.86,B,15.7,D,23.93,B,22.71,C,15.69,C,14.77,26.7738,78.338
USR_CAEB9492,A,19.08,B,22.08,B,21.49,C,22.54,A,15.64,B,15.94,A,18.28,B,20.68,C,12.12,A,20.02,12.9095,78.0878
USR_E01DB3B2,C,26.87,C,30.48,D,9.67,D,26.34,D,16.67,D,22.4,B,23.46,A,10.04,D,24.85,C,31.11,21.3937,80.5747
USR_2309ED68,A,9.24,A,11.2,A,5.01,A,8.81,A,7.16,A,8.53,A,5.16,B,8.76,A,6.49,C,8.23,14.8963,79.0895
USR_13F07F95,C,33.51,C,4.67,D,28.72,D,6.2,B,16.96,C,21.55,C,18.88,C,17.62,D,31.33,B,17.8,21.4923,77.0802
USR_3524F617,B,13.97,A,6.66,D,2.1,C,27.36,A,19.99,C,19.95,C,29.14,B,22.59,C,18.5,D,27.36,20.9474,74.8619
USR_7A125C71,B,14.12,C,15.4,D,20.82,B,19.8,C,22.46,B,22.51,C,13.95,C,10.08,C,13.16,B,20.41,19.5086,72.9433
USR_D10279FD,B,10.85,D,11.63,B,14.1,B,20.83,A,21.53,A,14.55,B,13.75,B,17.55,B,21.06,C,12.62,11.5842,77.8157
USR_028ECE02,D,24.36,A,15.08,D,22.61,B,16.82,B,12.29,C,12.26,C,22.6,B,13.86,B,23.64,D,17.99,27.8232,79.1108
USR_3D3C1005,C,14.35,D,20.73,D,11.72,A,21.23,D,34.05,D,12.85,B,3.23,C,33.03,C,25.42,A,14.37,19.253,71.3689
USR_7D6DFB3D,B,12.2,A,23.25,B,24.43,B,13.68,B,19.25,C,21.77,A,13.86,A,14.25,D,19.54,C,15.07,19.2164,73.2807
USR_F4A5A3E3,B,17.29,B,11.2,C,10.68,B,24.77,A,11.89,B,15.47,B,13.15,A,13.15,C,11.34,A,14.16,26.4816,81.4374
USR_97F2076E,A,18.06,C,16.76,C,24.57,B,13.04,B,22.72,A,17.27,C,16.28,C,12.19,C,17.3,B,18.68,13.2107,78.4204
USR_0CF8288B,D,21.01,B,10.75,B,39.74,D,19.31,D,30.06,A,37.55,B,39.4,C,21.75,C,20.78,D,17.88,17.7851,70.8759
USR_8F34C11F,B,21.17,B,14.39,A,10.33,B,24.53,A,15.09,C,10.16,C,14.01,C,18.76,B,18.95,B,20.3,24.4042,78.1655
USR_70AE85AC,C,21.86,C,17.69,B,20.0,B,10.04,B,22.26,B,10.51,C,10.63,A,22.65,A,17.56,B,17.91,12.1222,76.3875
USR_C6BE9D2B,A,10.77,C,19.69,B,14.12,A,15.62,C,16.45,B,14.06,B,14.54,B,23.28,C,14.62,A,17.03,21.5934,77.2933
USR_45CFC29A,C,13.51,C,23.39,B,17.4,D,19.67,B,21.15,D,15.34,A,18.38,D,19.43,A,12.09,A,22.67,12.1008,78.27
USR_3F46F971,C,18.73,C,24.87,B,21.56,C,16.22,D,19.06,B,11.42,A,10.96,B,23.78,A,21.88,B,23.03,30.0326,77.9069
USR_05C42B21,B,7.74,A,5.65,A,10.48,A,10.72,A,9.4,A,11.3,B,5.08,B,5.33,A,11.29,D,11.52,28.3376,76.7859
USR_5147AE25,A,11.7,A,6.29,A,10.08,A,9.85,A,6.57,A,10.96,A,11.78,A,8.06,A,6.97,A,9.33,11.1637,78.3302
USR_89F34A97,B,19.52,B,14.86,D,21.0,C,20.55,C,16.64,A,15.41,A,21.74,B,18.45,B,15.66,D,17.14,18.3605,74.1554
USR_3D276D48,B,5.7,D,11.62,A,11.6,B,8.43,A,10.31,A,5.43,A,5.4,A,5.17,B,10.52,A,9.53,27.9848,82.5043
USR_20186602,B,10.45,D,9.88,D,25.88,C,23.28,D,27.15,A,25.22,D,8.68,C,2.57,A,11.93,B,18.55,24.7064,78.4446
USR_730F39C4,C,16.71,A,23.04,A,24.96,C,15.47,B,14.27,C,22.01,D,21.62,B,16.5,B,24.34,B,18.91,25.2329,79.6346
USR_6F3DD0AC,B,11.14,B,10.12,B,23.54,B,21.93,B,20.22,B,10.8,B,19.72,C,20.99,C,12.82,A,19.58,19.4656,73.4559
USR_63ACE79C,C,17.1,D,18.11,A,14.42,A,19.54,B,11.17,C,11.61,C,18.99,A,13.89,D,11.03,D,21.73,24.208,78.6522
USR_9FB510E7,B,15.9,B,18.98,B,22.28,A,13.05,B,11.25,B,10.24,A,17.55,C,15.6,B,20.93,A,14.67,27.341,81.1594
USR_86C55EBF,B,19.05,D,16.2,A,21.53,A,14.59,B,16.86,B,20.31,C,10.48,B,20.18,C,18.6,D,24.63,19.1363,74.419
USR_7CD0994E,B,13.79,C,10.41,B,20.39,A,24.56,B,23.82,B,10.02,A,17.78,C,18.55,B,18.45,B,22.02,21.1835,78.9571
USR_1DCF2E8C,B,24.64,B,12.77,D,21.16,C,10.68,C,18.47,B,21.92,B,15.79,B,22.99,B,11.28,B,23.57,29.8256,78.0424
USR_FB1FDE7A,B,13.37,B,22.33,B,21.73,B,17.14,A,22.93,A,22.73,C,24.09,B,24.45,B,10.01,C,17.46,13.3899,75.8984
USR_AFC549EC,A,5.11,A,7.1,B,6.87,A,10.49,B,6.59,A,7.04,C,5.9,D,5.37,B,10.9,B,11.03,29.1607,76.9858
USR_D14D6A54,A,10.79,D,10.17,B,21.54,C,21.85,C,12.94,B,20.92,C,20.3,A,14.29,B,22.28,C,19.86,24.9179,82.3558
USR_DF4EFF7A,A,18.96,B,20.84,A,16.04,B,14.09,B,22.44,B,13.18,B,15.53,B,21.26,C,10.96,C,20.43,28.3203,76.6925
USR_9F647ECC,A,11.24,A,8.98,A,5.99,A,7.76,A,9.3,D,9.17,A,8.8,B,6.47,C,11.64,B,7.84,21.9802,78.208
USR_6810184D,A,8.82,B,10.71,C,11.85,A,10.97,D,9.83,A,5.27,C,9.93,B,7.18,A,5.41,A,10.81,24.3507,77.432
USR_1FFC27D3,A,11.48,D,23.45,C,19.04,B,10.71,B,23.29,B,18.91,B,20.75,A,21.23,A,16.44,C,24.23,21.8908,79.0801
USR_22EC24FB,A,10.51,A,20.1,B,21.61,B,14.24,C,14.67,C,16.77,C,24.0,C,18.0,D,22.16,B,15.61,14.9273,78.9018
USR_15C0CB82,B,7.02,D,37.57,C,14.32,D,20.45,B,30.62,C,27.09,C,8.99,D,5.32,D,5.71,B,26.91,14.8841,78.5263
USR_1D7FE98E,C,4.68,C,3.13,B,3.03,B,16.55,D,10.37,A,27.76,A,18.23,D,33.95,D,22.6,C,9.92,26.7821,80.9019
USR_CE7642C3,D,5.31,B,8.57,A,5.67,B,6.49,B,8.05,A,6.58,B,7.16,A,10.2,A,6.44,B,10.73,27.0812,80.8791
USR_75C44567,A,8.2,D,6.78,A,6.58,B,6.95,A,11.43,A,6.38,B,9.98,A,7.55,B,7.61,A,10.67,27.7169,78.2137
USR_099D62DC,D,11.83,A,16.76,B,17.9,B,24.42,B,16.96,D,15.92,B,18.13,A,22.19,A,13.34,A,20.14,27.0799,77.104
USR_4D1C1FE6,B,8.58,A,18.33,C,23.26,B,39.6,C,27.7,C,20.59,A,16.17,A,3.22,D,7.67,C,6.26,14.6698,78.6884
USR_67AF38A8,B,15.94,D,36.22,C,28.69,D,8.04,C,19.84,C,7.29,A,12.85,D,6.45,D,7.92,B,28.73,18.1381,72.9913
USR_9E2E14C2,B,17.96,B,23.65,A,23.5,C,10.83,D,15.77,B,14.87,B,19.61,A,18.99,D,22.82,C,22.65,27.3689,77.166
USR_CC0CF613,A,6.95,C,9.51,C,14.11,D,18.99,D,37.05,B,19.15,C,31.13,D,14.01,A,3.04,D,4.08,27.1962,82.103
USR_D0341486,B,18.02,C,19.03,B,18.95,B,17.2,B,22.02,B,13.43,B,11.55,D,14.16,D,13.96,D,21.82,28.0695,82.7796
USR_05C46B73,D,10.7,A,8.21,B,8.51,B,6.09,A,7.73,A,6.49,A,8.29,A,5.6,A,10.73,A,5.79,28.5427,79.7836
USR_DC45BD89,A,13.75,B,22.47,D,15.06,B,19.0,B,19.0,C,17.54,B,13.94,B,11.78,A,14.21,A,22.73,19.7389,74.1128
USR_34D14821,A,7.54,A,11.64,D,8.3,A,11.25,A,9.14,A,6.34,A,6.38,A,9.44,A,9.34,A,6.52,25.8055,81.6408
USR_CE935814,A,9.4,C,10.06,B,14.72,C,27.66,C,10.81,C,35.24,C,2.42,C,29.04,A,11.0,A,37.33,12.2597,79.4585
USR_F585FB65,B,24.04,C,19.43,A,20.4,C,21.74,C,11.36,B,23.81,C,23.65,B,19.62,C,19.49,A,16.45,28.4898,78.8917
USR_EE9EE871,D,3.53,D,8.75,D,4.12,C,22.11,C,10.27,B,6.67,A,35.8,A,29.57,D,20.23,B,33.53,18.0483,73.2376
USR_3DBC05B6,D,20.08,B,11.76,C,24.39,C,20.45,A,17.64,C,13.38,B,16.86,A,10.95,A,12.13,B,22.04,18.3896,71.184
USR_4ACCD3BA,B,22.33,D,16.62,C,12.99,C,19.34,D,20.93,A,23.06,B,15.44,B,14.97,B,24.65,A,22.54,20.1319,73.3176
USR_09532FBC,A,10.47,A,21.75,C,20.1,C,16.91,C,18.22,B,14.77,B,20.43,A,21.23,C,14.86,B,12.89,27.2988,78.4597
USR_BA0F63AE,D,19.12,B,16.61,C,23.48,B,16.9,C,16.86,A,12.11,A,15.9,A,10.97,C,20.86,D,15.05,29.3229,76.7086
USR_B2EBFB6D,A,18.82,D,24.97,D,18.18,B,24.13,C,22.62,B,12.43,C,11.53,B,21.13,D,15.44,A,24.55,19.8295,72.317
USR_373C5C10,B,12.92,A,10.13,B,17.65,A,17.36,B,12.19,A,18.84,C,10.88,B,21.34,B,23.23,A,18.1,12.3911,76.7749
USR_F6F2D31F,C,13.16,D,21.46,C,15.2,C,20.72,C,15.2,C,12.17,D,5.18,C,5.47,D,13.91,D,25.26,11.5394,78.4649
USR_3B33E077,B,7.23,A,10.46,A,9.42,A,8.1,B,5.04,A,5.34,A,5.31,A,7.61,B,11.92,D,6.37,27.3412,79.9459
USR_124D8547,C,15.73,A,19.95,B,10.36,B,24.26,A,12.85,B,11.83,C,13.09,B,15.68,C,13.68,B,15.41,26.1063,82.3988
USR_21C55780,C,18.82,B,24.91,B,14.59,D,10.88,B,12.14,A,16.62,A,18.57,A,24.14,C,20.47,B,10.0,14.8342,79.2239
USR_8706BE6B,B,18.98,B,10.9,D,22.59,C,20.89,A,10.14,D,19.63,B,13.7,A,12.13,B,14.5,C,11.81,26.9775,80.6265
USR_465BB65C,C,5.82,B,29.32,C,21.03,D,22.24,C,28.29,D,10.68,B,18.3,B,6.73,B,33.17,D,37.91,13.7035,78.821
USR_0AF2E3F8,B,20.57,C,16.7,B,13.09,C,14.22,D,13.7,D,18.7,B,13.52,C,12.16,B,21.55,B,16.43,28.4992,82.1185
USR_0AFEACD2,B,8.8,A,6.07,A,8.47,A,5.05,A,6.25,A,10.36,A,10.92,A,10.97,A,5.88,A,8.04,20.2575,70.9391
USR_10D4B8F3,C,13.62,D,23.34,C,12.86,A,20.14,C,20.16,C,17.94,D,14.45,D,16.64,C,10.27,A,19.28,21.4145,77.8337
USR_085F263E,A,9.56,A,11.6,A,8.36,B,10.63,A,6.22,A,7.7,A,6.97,A,7.42,B,7.93,B,5.65,27.722,77.627
USR_7F0B6A8D,B,13.03,B,18.02,A,21.88,A,12.74,A,10.3,B,17.05,A,17.84,B,10.97,B,18.82,A,20.24,18.7456,74.7954
USR_C513735D,A,14.55,B,19.0,C,14.65,D,13.59,B,11.78,C,17.23,B,15.9,A,15.58,D,21.21,A,11.38,28.2526,78.7102
USR_8F8865C1,B,19.29,A,16.7,B,23.26,A,17.06,D,12.77,A,12.96,B,14.15,B,12.05,A,20.66,D,13.29,14.084,78.1707
USR_E7164084,C,16.71,C,21.19,A,15.42,D,11.94,B,14.4,B,17.74,D,15.63,A,11.79,B,18.82,C,13.71,23.3422,78.4757
USR_45B70DD5,B,22.73,B,13.26,A,23.05,B,19.92,B,20.61,B,22.44,C,20.21,B,21.94,B,19.22,B,24.42,26.0445,82.3266
USR_368641D3,B,12.14,C,10.57,B,17.1,A,24.23,B,23.35,B,10.44,B,10.99,A,13.48,B,12.22,B,22.93,28.2292,80.2994
USR_E309B5F7,D,32.86,D,16.8,B,19.88,B,21.93,D,17.26,B,4.13,D,25.2,A,35.73,D,11.12,D,10.97,30.337,78.6713
USR_91B861CE,B,11.21,C,17.7,B,22.57,A,10.9,D,18.53,C,20.05,B,19.78,A,22.7,B,22.88,B,23.56,23.8164,80.7914
USR_957254DE,A,9.54,C,10.95,B,10.62,A,11.52,A,6.05,A,9.96,A,6.99,A,7.16,A,9.68,A,6.25,25.5802,81.8651
USR_0643DD00,A,24.81,B,18.75,B,10.75,B,12.33,C,24.37,B,14.06,C,24.19,B,21.29,B,22.24,B,13.44,28.766,81.9985
USR_8911C866,D,23.6,C,22.24,A,11.67,B,20.68,B,13.83,C,17.91,B,23.57,B,14.62,C,21.26,A,12.32,19.8613,74.7118
USR_C6E91169,D,29.92,B,2.98,D,15.22,B,16.39,C,33.68,B,24.23,D,13.52,D,24.81,D,30.42,C,8.13,26.1733,79.7543
USR_4CAA25C5,B,19.67,C,13.72,A,18.68,B,22.94,B,10.19,B,23.3,B,17.26,B,10.61,C,13.8,C,17.13,22.9132,80.6936
USR_F3CBECBF,D,38.03,C,17.76,C,19.2,C,11.11,D,3.73,B,27.31,D,26.76,C,16.9,C,30.45,C,24.95,18.1879,73.8033
USR_794522CC,D,13.1,D,15.84,B,4.98,A,4.73,C,34.07,A,26.57,D,3.63,B,19.86,A,13.5,D,31.39,12.6234,76.2281
USR_CC85EB2C,B,22.26,C,9.66,D,27.85,B,39.12,C,17.63,B,16.06,D,39.97,C,7.65,C,27.75,D,16.12,21.5378,77.4524
USR_725B49F1,D,5.16,A,11.62,A,9.15,A,11.33,B,7.71,A,7.45,A,10.84,B,9.35,A,7.14,A,10.14,22.562,79.2205
USR_72ACD586,A,11.43,A,9.92,B,8.15,A,9.35,A,6.15,A,9.7,A,6.74,A,6.02,A,11.24,A,6.0,13.5651,77.117
USR_13BC4A49,B,15.82,A,10.4,B,18.81,B,17.53,A,20.86,A,20.66,B,19.39,B,24.2,B,22.0,B,16.51,29.2231,77.9067
USR_394C3CB4,C,10.13,C,13.14,A,22.29,D,20.03,B,20.17,B,18.0,A,23.36,B,14.94,C,10.68,C,24.52,18.3523,70.982
USR_FB298599,C,7.21,A,8.92,A,10.94,B,8.53,A,5.58,A,8.36,D,10.75,A,6.53,A,9.34,B,10.78,27.2451,79.0932
USR_80F793BD,B,22.68,B,15.58,A,19.88,D,20.2,B,14.14,C,10.7,D,15.75,C,20.7,B,10.09,D,18.89,26.0932,81.6472
USR_22784967,A,23.23,C,11.71,A,18.02,B,19.44,B,18.58,B,15.62,B,11.03,B,10.92,C,22.53,C,24.36,18.5286,72.6739
USR_084A31B5,C,23.02,C,18.18,B,14.0,D,12.52,A,17.18,C,20.88,C,13.4,B,17.99,C,20.12,B,15.08,12.7053,77.4111
USR_5CD3C340,D,15.75,D,34.98,B,31.98,D,35.28,B,38.1,C,10.93,D,7.44,C,16.45,C,38.1,C,19.09,28.1229,79.6278
USR_9BD16376,B,17.1,B,23.17,B,21.54,B,19.62,C,10.76,D,16.86,A,18.14,C,10.78,B,10.31,B,21.65,29.6491,76.2061
USR_C7BC1577,A,11.54,A,10.12,A,5.62,A,6.22,A,10.97,A,7.25,A,6.28,B,9.11,A,7.29,A,7.88,25.0188,82.365
USR_E6C55F5B,C,37.48,C,19.2,D,14.13,D,3.04,A,36.31,A,38.2,D,14.51,B,4.41,C,4.74,B,18.32,13.734,77.0188
USR_0C10146E,C,30.98,A,13.0,B,11.83,B,15.19,D,17.42,C,15.23,C,12.82,B,25.68,C,26.26,C,27.36,28.4738,81.6846
USR_CC4635CA,C,34.46,C,32.28,B,18.82,D,27.13,D,15.44,D,27.03,B,16.78,B,23.75,B,6.09,D,17.86,10.9711,79.4054
USR_C2E94310,D,20.86,D,13.25,C,15.6,B,12.25,D,19.61,A,21.69,A,13.46,B,15.0,B,12.29,B,12.67,18.5162,71.1307
USR_8C6783F0,A,8.21,A,5.8,D,7.56,A,6.65,A,7.43,A,5.28,A,11.06,A,10.13,A,11.21,A,7.82,14.7321,78.0641
USR_381419CC,C,11.68,D,21.85,B,20.1,B,19.75,D,11.16,A,21.05,D,18.48,A,12.37,B,17.11,B,11.37,27.3073,77.5347
USR_B2E995F9,B,10.89,A,7.02,B,11.42,A,6.07,A,10.97,A,5.15,A,11.46,A,11.67,A,7.06,A,5.6,17.7732,74.5063
USR_3C4610C4,B,9.17,A,8.93,B,5.3,A,5.3,A,8.22,A,6.94,A,6.24,A,7.16,A,6.41,A,8.77,28.7873,76.873
USR_714EC66A,A,16.14,C,24.99,B,11.1,B,15.01,B,18.53,C,16.04,D,21.05,A,15.63,C,10.67,B,21.07,21.0843,77.7511
USR_BABD5FFD,A,20.56,A,14.95,B,20.24,C,17.65,B,10.08,B,21.7,C,21.5,D,19.73,D,18.08,A,13.8,28.6012,79.8287
USR_09871515,B,12.86,D,12.04,A,19.85,B,16.69,B,15.55,D,15.83,B,17.59,B,19.04,A,21.56,B,19.37,18.5571,73.4299
USR_E5BABD6D,D,22.02,B,12.26,B,24.93,A,16.08,B,20.51,A,15.33,C,15.74,B,23.5,B,17.35,C,17.6,14.0601,77.8059
USR_15C10B5B,D,16.28,C,19.98,A,10.36,B,24.12,B,16.5,A,19.5,C,10.7,A,10.25,A,14.24,C,16.07,21.5161,80.2978
USR_BCA22D2B,C,37.63,C,13.13,C,19.88,C,26.67,D,35.41,D,14.8,D,19.1,C,11.61,D,33.83,C,3.41,25.3717,80.6209
USR_D28FCFC4,C,15.0,C,11.61,A,23.55,A,16.34,A,11.67,C,21.48,A,11.53,B,20.13,C,14.48,A,23.85,14.6728,76.1041
USR_3A009F62,D,6.38,B,10.36,B,11.71,A,10.07,A,10.27,A,6.79,A,7.36,B,5.86,B,8.83,B,5.27,23.448,77.7423
USR_12063434,D,14.38,C,30.97,D,32.21,C,30.33,D,11.18,D,10.22,D,37.02,D,4.2,C,32.38,C,17.19,23.623,77.6776
USR_72727842,B,10.63,B,17.06,B,20.37,A,19.27,B,17.54,D,14.4,C,16.36,C,12.77,B,20.01,B,18.51,11.7106,76.7815
USR_C5501E87,C,11.19,C,14.8,B,13.24,B,21.35,D,18.38,C,15.32,C,10.52,B,24.25,C,12.85,A,13.72,27.7785,81.9231
USR_FD57F7A1,A,12.07,B,24.22,C,24.63,B,13.98,A,13.79,B,10.63,B,17.93,B,24.22,B,17.49,A,15.02,21.2436,80.121
USR_7854B69C,C,17.11,B,39.82,C,19.05,D,25.92,C,38.36,B,12.28,D,15.79,D,15.42,B,12.09,D,20.05,18.2806,74.4455
USR_8D7BB713,C,17.21,A,22.66,A,18.98,A,17.74,C,11.32,B,18.0,A,21.71,B,21.0,B,23.92,B,19.54,25.1584,80.7836
USR_3A2F7611,B,19.26,C,17.59,D,17.72,A,12.53,D,19.23,B,14.2,A,22.45,B,20.7,B,18.64,B,13.45,23.2778,79.7518
USR_FE0A723E,A,14.36,A,10.54,A,11.09,B,17.06,A,18.91,C,14.59,D,14.89,A,23.74,C,19.95,B,14.88,27.8549,76.4813
USR_E4D7B231,B,13.41,D,4.97,B,20.29,C,37.04,D,12.0,C,23.68,B,30.86,C,38.28,B,8.34,D,8.17,17.2707,71.051
USR_A6FFD5E6,B,11.36,B,14.99,B,16.71,A,23.39,A,21.11,D,24.84,C,22.78,A,12.06,B,11.08,A,20.41,18.3476,70.8966
USR_9F7793C1,B,10.65,C,24.78,B,10.14,A,21.57,B,15.91,C,23.09,B,21.76,A,10.57,B,17.54,A,18.22,20.6849,72.2423
USR_875C66C9,C,24.05,C,17.46,A,13.78,B,12.96,A,14.17,C,13.73,B,16.85,B,15.82,B,17.17,B,22.2,18.3437,74.8213
USR_8305E24C,B,16.57,A,20.6,B,13.34,C,19.45,B,21.7,C,18.75,A,12.31,C,24.93,C,20.26,D,10.34,11.3432,77.9163
USR_F66F1B10,B,15.88,C,11.49,D,7.14,D,22.25,A,14.01,C,24.63,C,18.69,C,16.06,B,15.34,D,25.36,17.898,71.1575
USR_79061CCF,C,13.15,A,11.06,B,18.37,C,23.53,A,14.67,B,19.71,A,12.71,B,11.39,C,10.8,D,11.91,30.5902,76.7157
USR_7A78B8C4,B,13.72,A,22.58,B,15.49,A,20.62,A,14.79,B,17.86,B,24.58,D,21.2,B,13.26,B,15.92,17.2942,72.9332
USR_162FE56D,A,10.44,A,7.45,A,7.81,A,10.75,A,5.19,A,7.09,A,7.55,B,10.84,A,8.05,A,9.47,28.296,75.2689
USR_7741063B,A,5.05,A,7.08,A,11.44,A,7.68,A,5.75,A,8.46,A,6.89,A,6.41,A,10.74,B,5.07,17.6124,72.7713
USR_9807C6EA,A,11.8,A,8.04,B,9.13,B,7.32,C,8.28,A,5.8,B,11.16,B,11.41,B,10.82,A,9.31,27.2743,80.6203
USR_2F096683,B,17.59,D,15.76,C,9.26,D,22.82,D,33.78,C,10.17,B,15.45,D,16.18,C,35.85,C,19.72,18.7388,71.8594
USR_D8F70CF3,A,8.24,B,5.7,A,6.89,A,8.32,A,10.83,A,8.14,A,9.18,B,5.19,A,8.02,A,8.24,27.5733,75.4674
USR_BA03F07A,C,38.77,C,30.72,D,26.26,A,23.03,B,17.46,D,27.91,D,36.13,D,34.69,C,22.71,C,6.3,28.1833,82.1585
USR_E52D6F4C,D,12.02,B,18.21,B,11.64,C,21.69,B,10.58,A,17.56,C,21.07,C,14.3,B,15.87,C,18.1,22.9375,80.5504
USR_186DEBEB,A,11.07,A,9.31,A,10.2,A,7.13,A,11.95,A,11.75,B,9.38,B,9.37,A,6.99,C,6.26,25.1373,79.7971
USR_BFEA882D,D,3.39,C,9.48,A,33.9,D,27.14,B,27.61,C,25.81,C,2.46,D,6.23,D,30.65,C,23.03,23.5857,78.7668
USR_3481DB93,A,11.06,A,9.73,B,7.13,B,6.38,A,9.49,A,7.71,A,5.05,A,8.94,A,8.03,A,5.49,28.141,76.0566
USR_ECA0D78D,B,23.23,A,19.77,B,16.38,A,17.97,B,16.05,C,17.1,A,19.09,C,19.75,A,19.36,B,24.29,27.2795,79.0791
USR_96B1D9E0,D,11.93,C,12.29,D,8.17,C,29.93,B,21.26,B,21.23,B,24.82,C,14.17,D,20.78,B,34.0,27.3303,78.9299
USR_0C9ED5BF,A,9.52,B,8.5,A,5.73,A,5.63,C,10.48,A,7.32,D,7.17,B,9.16,A,11.08,A,6.14,27.8138,79.1898
USR_AB3F9B46,A,15.62,A,20.07,C,11.47,B,23.3,C,12.29,B,19.68,C,14.11,C,20.77,C,24.68,B,12.8,24.1343,79.7179
USR_55ED4B40,A,8.38,A,10.58,A,10.94,A,6.63,A,5.56,A,7.29,A,10.39,A,6.96,A,9.8,B,6.48,28.8171,81.2217
USR_E37EF678,D,22.87,B,13.33,A,19.4,B,23.59,B,15.14,C,13.07,C,15.11,D,13.99,D,10.1,A,10.73,30.4019,78.1735
USR_FAF3566A,A,9.42,A,10.87,A,8.16,A,6.85,A,8.5,B,7.52,D,9.56,A,8.32,A,8.14,B,11.98,12.3408,77.5101
USR_3F345DBA,A,8.27,A,9.15,B,8.23,A,7.51,C,5.93,C,6.45,A,6.81,B,8.5,A,9.58,A,5.0,25.4267,80.5146
USR_0D66CEE6,A,17.41,C,22.91,B,21.6,B,22.69,A,17.05,B,12.03,A,11.33,B,10.99,C,15.36,B,17.12,26.7152,82.7737
USR_214F8DE9,B,16.43,B,22.19,B,20.15,A,16.13,A,17.11,D,14.33,B,16.52,D,17.37,D,14.56,B,22.71,18.1337,72.9599
USR_1BD438C8,A,15.25,D,22.65,C,22.45,A,18.2,C,13.18,B,10.52,B,13.24,A,16.34,B,14.73,C,14.79,18.1345,74.56
USR_4D2F07E6,D,8.08,C,31.01,D,34.39,C,24.51,C,29.06,D,18.89,D,27.05,B,2.75,C,32.5,D,36.94,12.8878,78.5453
USR_FCA562AA,C,17.36,B,14.54,C,13.35,D,13.1,B,24.89,B,14.57,C,17.65,A,15.48,A,14.17,B,21.92,20.3116,72.1362
USR_9FA460E6,A,16.38,A,24.28,A,20.47,B,20.49,A,13.6,D,19.12,B,19.71,B,21.69,D,14.0,B,21.46,12.8075,76.1871
USR_71940B8C,A,17.89,D,18.73,B,20.41,C,16.25,B,23.62,A,17.96,B,21.13,A,20.11,A,18.0,D,18.64,28.8686,78.0179
USR_105D0BF5,A,7.79,A,10.79,A,10.56,B,8.2,A,7.57,A,9.1,A,5.02,B,7.67,B,9.33,A,10.31,28.8248,77.8059
USR_D3897425,A,10.35,A,12.48,C,22.4,A,13.1,A,16.2,A,24.02,B,11.46,C,17.86,C,14.93,C,21.28,13.8809,75.8459
USR_09336D2E,C,19.21,B,20.2,A,19.05,C,21.06,B,30.34,C,24.27,D,18.4,D,32.67,D,17.42,C,26.74,30.2176,79.1324
USR_CD107B95,B,21.77,A,19.2,B,11.43,A,20.67,A,22.31,D,21.95,A,13.35,A,16.71,B,19.22,C,17.94,28.3541,81.0842
USR_A208EF0B,C,24.86,D,12.02,B,14.51,C,22.3,C,20.58,B,15.62,A,17.2,B,16.49,B,10.73,C,23.27,28.0126,77.6867
USR_CF77713E,B,17.36,A,24.13,A,24.19,A,24.55,B,21.23,B,24.37,B,23.61,C,24.38,A,17.28,D,12.59,22.5144,80.0159
USR_97E55F53,C,6.8,B,24.27,C,28.22,A,26.77,D,19.2,C,11.06,D,31.98,D,39.24,C,8.36,D,23.73,18.7379,71.2288
USR_3B875ACB,D,10.96,A,18.89,C,18.43,D,10.69,D,7.18,C,9.62,D,16.68,B,15.27,D,28.1,D,35.77,21.8844,79.5526
USR_E45AD139,D,24.03,D,15.76,A,12.36,B,10.34,A,15.35,A,13.67,A,17.08,C,18.03,B,13.32,C,12.59,25.3578,81.2481
USR_51D2EA09,B,19.36,D,23.47,C,24.43,B,20.24,C,24.74,B,12.45,B,19.91,B,11.09,B,15.14,B,18.64,26.8306,81.2231
USR_C9C3F462,B,11.94,B,6.26,A,7.82,A,8.98,B,7.67,A,10.78,A,6.28,A,5.77,C,6.72,B,5.44,17.8414,74.8604
USR_39E3F004,A,7.47,B,9.9,A,9.4,A,7.96,A,10.5,A,6.77,D,11.15,A,6.92,A,10.42,A,7.03,29.638,77.9047
USR_2788F697,A,24.2,A,13.57,B,21.92,B,13.68,B,10.64,B,13.84,A,10.62,B,11.64,B,16.97,D,24.04,14.1674,78.7642
USR_03821319,A,17.86,B,20.51,A,13.12,B,19.34,A,24.66,C,11.01,B,13.21,B,16.42,B,21.88,C,15.27,12.7841,78.853
USR_02BCC7EE,C,17.99,A,10.61,D,14.49,A,19.59,C,23.06,A,18.14,C,15.96,A,18.96,A,10.58,B,20.0,18.6528,71.8035
USR_6DCB69E1,D,10.85,B,24.51,A,17.72,A,23.15,B,18.83,B,15.41,A,10.59,B,22.09,A,13.14,B,19.54,28.6265,82.6936
USR_10B6D03A,D,23.9,C,21.88,B,15.25,B,21.91,B,21.68,B,20.99,A,22.67,C,21.73,B,15.12,C,24.09,13.6351,77.1866
USR_4D4E35FD,B,22.53,A,16.39,A,21.81,D,17.36,B,19.73,B,15.92,A,24.4,B,24.33,B,21.24,C,24.31,19.9811,70.9588
USR_AA1CE574,C,28.9,B,13.19,A,23.78,B,7.75,B,21.17,A,14.4,D,13.54,D,2.28,B,12.15,B,4.66,26.5645,80.4889
USR_D38F3F21,A,14.05,B,12.84,B,17.97,B,13.62,D,24.47,A,12.43,A,13.71,B,11.42,A,22.44,B,24.55,21.8205,77.3875
USR_E24F8608,A,12.55,B,18.74,A,12.35,C,19.51,C,23.93,B,12.36,A,10.84,B,19.41,A,21.66,A,19.61,14.1354,75.7293
USR_04E32DCC,B,13.19,A,24.11,C,11.62,B,13.4,C,10.02,B,21.53,C,16.82,B,15.44,A,16.5,C,23.54,24.055,78.3623
USR_E2336CE0,C,19.66,D,38.32,D,27.4,C,20.08,D,10.68,C,20.55,D,19.64,D,5.63,D,17.48,D,26.16,19.0781,70.9962
USR_B29029D7,D,29.29,D,18.19,D,11.07,D,15.77,D,21.09,C,29.55,B,31.87,D,35.63,D,16.66,D,21.26,27.3825,78.8869
USR_B6835614,B,5.45,C,16.73,A,9.97,A,6.04,C,25.51,D,2.77,C,18.45,C,14.71,B,13.44,D,17.08,20.925,71.8022
USR_7D29E780,B,24.5,B,20.53,B,24.75,B,21.93,C,20.65,B,18.53,B,12.31,B,12.4,D,21.94,C,18.45,27.8118,82.858
USR_B629C4B7,A,12.28,B,22.77,B,10.4,A,23.1,B,22.92,B,13.31,B,23.95,B,16.31,B,22.74,C,16.69,25.202,79.5607
USR_0B50085A,D,27.71,C,31.76,D,3.66,D,34.89,C,12.83,B,15.6,B,12.11,C,20.49,D,25.35,A,17.98,26.6423,78.8234
USR_F734CBCA,A,5.16,A,8.56,A,11.61,A,8.02,A,8.12,A,5.65,A,11.13,B,11.16,A,7.96,A,5.46,13.9812,76.9379
USR_46C8BC8D,A,7.18,A,10.87,A,9.9,C,5.23,A,5.9,B,8.04,B,11.59,A,8.9,A,5.65,A,8.36,22.7764,79.5795
USR_798C3685,B,11.26,A,22.03,C,12.37,A,15.3,B,16.76,B,12.58,B,15.61,B,16.19,B,10.39,C,15.26,21.6718,80.138
USR_0E45D56F,D,15.83,D,16.26,D,36.11,D,9.06,D,24.73,A,39.25,D,39.05,D,17.36,D,37.82,C,26.16,14.2403,76.6462
USR_5098EE40,B,7.95,A,5.84,A,10.86,C,5.68,A,10.84,A,11.63,A,8.57,D,10.86,C,6.36,B,9.01,27.9361,82.4684
USR_D8A88C8B,C,20.92,B,13.6,B,13.08,D,18.23,B,10.0,A,18.05,D,12.16,B,14.74,B,23.96,A,24.09,17.2784,72.9727
USR_0226E197,A,6.62,A,5.04,A,5.4,A,10.03,A,5.87,A,11.19,C,9.77,D,9.66,B,10.49,A,8.12,13.3153,78.0908
USR_7BA272FC,C,22.93,A,13.45,B,18.02,B,21.41,C,15.05,B,13.38,A,10.66,B,10.84,C,11.19,B,20.97,27.6746,82.3946
USR_0EF7BCEE,D,39.02,C,12.04,D,25.83,C,28.61,C,38.15,D,25.97,D,7.2,C,15.29,D,36.48,D,3.32,23.6384,77.1182
USR_43C2A02C,B,20.54,C,22.04,D,19.2,B,18.38,A,11.47,A,17.31,C,18.63,B,21.16,B,21.7,C,15.92,23.0074,79.353
USR_B674EDC6,D,35.15,B,23.62,D,26.43,B,31.68,C,6.36,D,20.36,C,39.54,C,14.03,C,39.73,D,5.07,26.8047,81.4146
USR_F57969F9,D,19.84,B,28.78,C,21.08,A,27.38,A,16.89,D,32.15,B,30.38,B,36.0,C,17.07,B,22.74,19.5918,74.2871
USR_066C0600,C,22.86,C,11.4,C,14.61,B,24.65,A,17.76,A,21.27,A,14.73,B,23.78,C,24.96,B,14.45,29.3423,77.7925
USR_8D84CBCA,A,11.72,C,5.79,B,10.94,A,11.75,C,9.58,D,5.3,A,9.61,A,11.31,A,7.93,B,9.39,25.0365,81.6196
USR_D96B0D3A,A,8.04,A,6.24,A,8.32,B,8.68,D,8.31,B,7.01,B,9.32,B,9.25,A,5.35,A,9.4,21.3408,79.5508
USR_9EE36DDE,B,18.04,C,16.0,D,24.93,B,15.78,C,12.04,B,16.73,C,12.0,A,12.65,B,15.78,B,23.65,26.6162,82.876
USR_BACE8FDB,A,6.75,A,6.84,A,8.37,A,5.29,A,9.89,A,6.63,C,5.61,A,10.03,A,8.33,B,11.07,21.5199,78.8396
USR_BFA16A73,A,16.03,C,22.13,D,18.98,A,15.17,B,11.92,B,20.29,B,22.29,A,10.82,B,10.74,A,12.27,28.9425,77.6802
USR_2155B42E,B,24.16,D,39.63,B,34.05,C,28.64,D,3.63,B,9.14,D,37.62,D,38.43,D,31.2,C,19.2,17.7993,74.5664
USR_31E16935,A,15.44,B,15.13,A,11.18,B,11.7,B,15.13,B,12.47,A,13.22,A,11.66,B,15.48,B,13.86,27.5855,75.8574
USR_C49D8ABE,B,23.89,D,13.38,D,12.62,B,24.05,C,23.38,B,19.78,A,13.6,A,18.47,A,19.6,B,14.28,26.9884,77.2899
USR_792C0083,A,24.65,C,21.93,B,23.7,C,24.25,B,11.11,B,24.35,D,15.25,A,23.02,C,10.47,A,19.59,13.0797,76.0397
USR_10747982,D,20.73,C,15.68,B,6.01,A,31.52,B,32.14,C,11.41,D,24.78,C,6.13,D,34.98,C,34.55,21.3278,79.6742
USR_0A36EDF3,C,10.42,B,10.89,B,12.67,D,15.98,B,23.81,A,11.41,A,11.17,C,16.75,B,12.26,C,16.98,26.7385,79.0343
USR_DAB6EC0C,B,18.0,B,24.56,A,21.33,D,19.98,D,20.23,C,10.42,A,12.05,A,16.23,A,23.86,C,21.51,25.4844,82.3762
USR_2FFC02A9,D,17.35,B,13.06,B,14.83,D,23.66,C,14.54,B,12.22,B,20.23,D,24.81,B,20.77,B,17.78,29.038,75.4633
USR_6AD0F8B0,C,18.38,B,24.97,D,12.4,A,23.19,C,10.32,D,10.4,B,20.07,B,11.57,D,20.49,A,18.61,26.9138,78.6816
USR_989A8EDE,B,10.01,C,6.85,C,10.52,C,20.09,D,27.25,C,23.02,D,24.05,B,13.71,B,13.8,B,9.82,24.1271,78.9872
USR_F3012FBA,A,6.66,A,6.45,B,5.61,A,9.12,C,11.53,A,9.52,A,5.95,A,11.6,B,9.06,A,6.77,21.4864,77.1781
USR_32D4A787,C,13.97,D,12.59,C,13.17,B,17.28,B,23.0,A,24.11,A,19.12,A,12.9,C,14.06,B,17.62,17.3671,74.0373
USR_D4DCC09F,B,13.94,D,12.96,A,16.33,C,24.94,C,17.23,B,20.35,A,14.9,B,17.35,C,15.33,B,24.16,13.2874,78.8493
USR_703A6160,B,34.24,C,3.3,D,8.56,B,11.44,A,29.88,A,17.43,A,25.24,B,12.07,D,35.98,B,3.39,19.5153,74.257
USR_DE098354,A,11.88,C,6.59,A,11.31,A,11.32,A,5.68,A,7.03,A,11.2,A,11.78,B,9.78,C,7.51,26.469,79.5733
USR_11BCF6AD,C,23.23,C,15.95,A,12.52,A,21.36,B,23.88,B,13.93,B,12.35,D,14.19,B,18.27,B,10.99,25.99,81.7889
USR_DEA9EBE2,A,24.08,C,14.54,A,24.02,B,16.81,A,20.64,C,14.95,B,23.67,A,14.92,A,16.11,C,23.02,23.6214,77.7934
USR_56E0AC1B,A,20.25,B,21.65,B,10.27,B,16.77,D,24.91,A,16.07,D,12.68,A,17.96,B,16.11,B,13.78,27.8768,81.1927
USR_828D44B5,A,7.9,B,6.23,A,7.68,A,9.74,B,5.27,A,8.58,A,9.9,A,11.69,A,7.22,A,11.48,14.9342,78.5347
USR_0EA9D946,B,15.11,B,19.49,B,16.02,B,17.41,A,16.3,C,15.05,B,14.59,B,24.23,C,11.03,B,13.62,28.2684,80.6638
USR_D373B4B1,A,6.65,B,5.11,A,7.43,A,8.88,A,9.04,A,7.27,D,8.25,A,10.32,A,7.85,B,8.89,29.9213,77.4751
USR_4D056473,A,17.87,D,11.99,D,16.97,B,13.17,B,10.42,C,20.0,B,24.73,B,16.88,D,22.89,B,11.12,28.6973,76.6625
USR_8CB5F969,B,16.12,D,20.52,B,17.51,C,16.15,B,22.89,A,14.86,A,13.96,C,20.82,C,15.62,C,17.64,26.9248,79.3616
USR_B0EDD55E,A,11.91,B,14.01,B,16.55,C,13.57,C,14.19,B,14.29,B,11.96,B,12.67,B,13.12,B,24.0,25.8012,80.523
USR_E3BEF987,A,6.8,A,5.86,A,11.18,A,11.28,A,10.45,A,5.42,A,6.25,B,6.67,A,6.15,A,9.11,29.2766,76.2632
USR_611085D2,B,20.63,A,19.11,C,15.9,C,18.68,B,15.68,B,17.4,C,24.58,C,19.61,D,12.45,B,20.14,27.717,80.9271
USR_7AB9B193,A,5.69,D,30.83,C,13.23,C,35.53,C,12.37,D,38.58,C,38.8,C,5.24,D,33.93,D,12.98,21.2425,80.3681
USR_005E432B,A,16.88,C,12.6,C,16.67,C,17.53,B,10.22,B,15.07,D,16.63,C,14.82,A,16.6,B,23.86,26.8926,76.0947
USR_E3F5A387,A,7.58,B,7.82,D,9.77,B,11.36,A,10.73,A,5.14,A,7.94,A,7.82,A,6.86,B,9.82,11.2151,77.1195
USR_F326EEAB,D,37.13,B,34.97,C,15.89,C,18.79,C,30.99,B,17.88,D,10.25,B,6.17,D,8.46,A,7.97,11.2175,79.1049
USR_3928FBD0,C,23.78,C,11.61,B,16.07,B,17.14,A,18.14,A,10.18,B,11.51,C,23.75,D,11.73,B,19.03,17.6936,71.6364
USR_FED025EF,A,7.91,A,11.79,B,7.94,A,7.87,A,6.11,B,10.96,D,9.76,A,7.56,A,11.36,A,11.8,12.7166,76.4571
USR_C75011AE,C,11.02,A,16.91,B,17.69,B,21.66,D,19.5,B,11.14,B,23.56,A,13.66,B,21.31,C,13.7,30.5632,76.901
USR_7AF2BD14,D,18.49,B,17.4,B,17.52,B,11.66,C,17.82,B,13.1,B,24.37,C,17.71,A,23.8,C,14.53,20.8484,74.4111
USR_5E4836C1,B,13.8,C,13.62,C,13.23,D,18.55,B,14.84,B,24.71,A,21.56,C,16.24,A,17.09,D,19.26,12.6374,75.7274
USR_AEA379BC,C,16.87,B,17.73,A,13.7,B,21.67,B,22.53,A,23.49,C,15.58,B,24.13,B,10.76,C,22.4,11.7813,78.1786
USR_9DF9FD23,A,18.08,C,23.79,A,21.61,B,17.45,A,21.26,A,21.05,A,12.95,B,13.83,B,10.38,A,24.31,28.2579,78.1169
USR_8CFF6E12,C,15.45,B,14.42,A,20.34,C,16.7,C,18.93,B,12.51,A,13.83,B,13.24,C,12.5,B,14.36,27.9208,82.8084
USR_36998833,A,11.61,A,7.93,A,9.32,A,7.66,A,5.47,A,7.05,A,11.79,A,6.72,A,8.9,B,7.04,28.8482,78.53
USR_7530CACA,B,15.21,B,23.29,B,14.32,A,24.03,C,16.09,B,24.85,C,19.77,C,18.15,B,19.39,B,21.84,17.7506,73.6662
USR_0886D273,C,18.75,B,14.32,C,15.74,D,20.27,A,19.85,A,14.44,A,11.42,C,17.61,B,24.16,B,16.57,24.5921,77.3896
USR_E12ADE35,D,14.05,C,12.88,C,35.9,C,12.9,B,22.72,D,28.73,D,32.84,D,20.59,C,15.96,D,19.1,27.1247,81.389
USR_ED4C18CD,A,25.0,B,20.05,B,23.28,A,22.09,A,18.96,C,12.44,C,22.38,A,16.14,B,20.62,B,14.13,18.72,72.7805
USR_1B0AEACB,B,23.92,A,19.1,C,13.91,A,11.14,D,14.17,B,14.67,D,11.31,C,20.92,A,20.34,C,22.07,13.1729,78.0645
USR_AC98DA5D,B,7.42,B,5.59,A,11.65,A,7.81,A,8.93,A,6.38,B,10.23,B,11.46,B,11.78,B,9.97,17.3038,74.5998
USR_483BB372,D,11.12,C,13.66,B,34.6,D,27.79,B,32.75,D,23.16,D,16.3,C,34.45,D,5.16,D,3.56,25.5322,80.5163
USR_5C3D3EC6,A,11.35,D,10.56,A,8.44,A,9.21,A,5.98,A,11.94,A,9.86,A,10.5,A,5.5,A,11.15,18.5825,74.5344
USR_59DFEBF1,C,10.33,B,24.99,A,17.27,C,15.35,B,22.72,A,23.68,B,21.84,C,19.31,B,11.09,B,24.82,11.949,76.3475
USR_2E074496,A,6.67,A,6.76,A,5.56,B,8.88,C,6.34,A,11.83,B,5.14,A,7.93,A,12.0,B,8.31,23.3073,78.7435
USR_9C055E27,A,11.0,B,11.42,A,17.33,B,21.29,D,19.96,B,16.36,C,20.17,B,23.31,B,20.75,A,23.59,24.8176,80.9262
USR_7E21414A,B,11.67,A,6.13,A,5.21,A,5.59,A,11.24,B,8.5,A,7.04,A,10.41,C,11.68,A,11.52,11.8293,78.6722
USR_CF4043B2,A,10.75,A,10.1,A,11.28,B,8.19,A,10.21,A,8.69,A,10.23,C,9.28,B,11.29,A,11.16,26.2704,79.0748
USR_045E4826,A,34.28,C,34.35,B,8.35,A,27.84,B,3.72,D,22.9,D,38.72,D,10.34,B,34.9,B,18.86,20.3732,71.8871
USR_40EB760B,A,21.44,B,13.87,D,16.41,B,16.43,C,19.54,C,11.09,B,21.62,B,11.22,C,12.01,C,11.47,27.542,80.2678
USR_202EB74E,A,23.54,A,20.25,C,24.21,A,15.1,B,12.34,C,16.82,B,13.17,A,23.74,B,15.05,B,16.35,17.8904,73.3322
USR_20322B95,C,19.48,B,18.46,A,13.33,A,17.76,B,23.62,A,17.41,A,17.25,D,11.76,C,16.03,A,11.94,17.112,72.5297
USR_E7AE2E83,A,19.49,A,23.45,A,19.31,B,24.82,D,12.06,C,11.93,A,15.92,A,14.91,B,21.89,A,10.56,23.5612,81.0475
USR_7AFD4ED1,B,23.42,C,20.7,C,24.56,A,14.35,B,16.54,C,19.43,A,10.05,B,17.22,A,21.16,D,23.69,25.8296,82.3719
USR_7BA5CAED,C,34.84,C,15.83,D,32.48,C,17.77,D,28.94,D,38.66,C,15.47,B,38.79,B,6.78,D,35.44,20.9371,79.2491
USR_176B2E86,D,17.76,C,24.5,C,12.49,B,24.72,D,18.22,A,10.37,C,16.19,D,15.87,B,21.41,A,15.38,17.5476,73.884
USR_87592561,A,10.4,A,5.37,A,6.52,A,9.6,A,6.98,A,8.84,B,11.06,A,8.51,A,5.65,A,7.99,21.3401,80.7524
USR_4E0247A7,D,32.18,B,21.4,D,8.78,B,10.59,A,29.68,C,34.98,C,26.7,D,6.25,B,28.61,C,26.15,17.8297,73.6151
USR_730C6B23,C,21.88,B,18.17,A,19.78,D,21.96,B,13.43,B,20.5,B,24.15,C,14.75,C,12.9,B,24.42,19.2713,72.6858
USR_87388E68,B,11.78,B,16.79,B,18.1,C,15.55,D,22.21,B,19.79,A,21.08,C,16.21,C,24.8,A,19.99,26.4643,79.1766
USR_D383E707,B,24.57,C,18.76,C,23.39,A,16.39,B,14.98,D,22.96,D,21.24,C,17.08,B,13.9,A,11.4,28.8606,76.7564
USR_9EFCA1F8,A,11.02,A,8.97,A,5.91,D,6.31,A,6.89,A,6.26,A,5.44,A,6.1,A,5.19,A,7.73,29.1513,78.1915
USR_B669A669,A,18.08,A,23.57,D,10.94,A,13.56,C,21.11,B,18.02,A,17.41,C,18.97,C,11.12,D,21.52,29.1738,78.5849
USR_6511A85A,B,11.29,B,15.25,C,20.97,C,21.32,A,18.75,B,19.9,A,19.04,A,11.98,D,21.98,B,12.52,13.818,76.9114
USR_401F493C,C,12.4,C,33.88,B,9.47,C,24.08,C,37.84,D,12.45,D,6.44,C,15.57,B,17.04,C,17.62,27.1701,77.3908
USR_5B44A43F,A,18.46,B,18.58,A,13.2,D,10.9,C,15.48,D,19.75,B,21.78,B,21.74,D,21.03,A,14.9,25.5179,79.9774
USR_39269DC3,D,14.95,A,23.15,B,23.02,B,18.18,A,24.53,A,20.39,A,14.68,C,15.01,C,10.88,C,23.28,22.1354,79.1026
USR_F11130BA,A,23.89,B,14.88,B,15.99,B,16.66,A,24.7,C,20.26,B,12.37,B,11.28,A,24.61,B,12.85,26.1112,80.7348
USR_7CED191B,C,25.28,D,23.77,D,34.47,D,2.66,C,5.21,D,16.94,D,31.57,B,35.37,D,22.58,D,26.81,29.0355,78.6254
USR_89005F39,B,5.78,A,6.07,A,5.09,A,11.92,A,11.33,B,10.31,A,11.14,A,5.87,A,11.75,A,5.94,22.6226,77.6024
USR_D83EC263,A,7.88,A,5.85,A,11.78,B,5.1,B,6.99,A,5.71,A,9.54,A,11.48,A,8.36,A,11.71,19.1125,73.3171
USR_B7F227EA,C,13.4,B,10.18,B,24.74,A,23.9,C,23.1,C,15.37,B,22.58,B,18.98,B,10.08,C,24.7,25.8559,81.9858
USR_F3C5B5E7,B,23.22,B,20.56,B,15.05,A,18.18,C,14.91,A,21.52,A,16.78,D,12.35,C,22.4,A,21.59,13.594,76.701
USR_D2DCC917,A,20.97,B,22.81,B,23.61,B,23.11,D,16.39,B,22.72,B,17.15,C,23.69,B,13.87,D,14.71,12.6452,75.9257
USR_9E339A9F,A,13.09,B,12.21,D,17.94,B,18.57,A,16.66,D,22.83,C,15.64,C,19.72,C,24.7,A,15.64,29.7341,77.417
USR_83672616,B,11.37,A,19.42,B,23.68,D,24.99,B,22.43,D,20.24,A,13.44,D,14.21,C,18.11,B,10.73,22.5946,77.3063
USR_7FD1DE74,B,13.53,A,13.15,C,22.11,B,17.47,A,22.01,B,10.61,B,24.5,C,23.02,B,20.42,D,18.6,20.6454,72.2067
USR_64643F87,B,19.8,A,16.54,B,12.58,B,15.43,B,16.27,B,22.81,C,13.71,A,20.13,B,17.26,C,24.68,23.5673,80.1466
USR_F191D25C,A,5.15,A,11.54,B,9.71,A,9.74,A,5.94,A,9.74,B,7.15,A,8.81,B,9.72,A,10.44,26.949,75.5694
USR_921B42B8,B,24.52,C,11.29,D,15.79,B,22.73,A,12.13,A,10.78,C,23.78,B,13.47,A,12.03,C,17.66,20.3617,74.4623
USR_70B5996A,D,8.49,A,9.02,A,11.84,A,11.02,A,10.17,B,10.71,B,5.15,A,10.48,A,10.18,B,10.39,27.7638,81.0224
USR_E0307263,A,14.66,A,23.68,A,10.1,C,14.06,B,12.25,B,20.46,C,17.47,A,22.53,A,17.78,A,10.23,28.4618,82.2405
USR_C92856A1,B,20.26,A,28.6,D,8.91,C,7.61,B,35.54,C,34.46,D,28.65,D,30.8,B,7.92,B,10.67,14.8198,77.1067
USR_1A58323B,C,13.46,C,5.83,D,15.93,D,9.38,B,33.15,B,12.86,D,34.48,C,10.92,B,16.63,D,30.79,30.4301,76.3936
USR_88E23C21,A,14.34,C,12.62,C,16.1,B,24.05,C,18.0,A,11.05,B,13.43,D,11.08,B,10.09,A,12.58,14.3714,76.6885
USR_0C338F06,C,21.13,B,10.76,B,17.44,C,12.57,A,36.51,D,39.11,B,18.58,C,34.51,C,31.27,D,2.36,27.2535,79.2919
USR_144923A1,A,7.17,A,8.45,A,9.61,A,7.72,A,7.84,D,6.06,A,11.44,A,10.38,A,8.31,A,6.22,20.1086,71.1716
USR_351697DB,B,17.48,B,19.51,B,23.18,A,22.15,B,19.45,B,15.22,A,20.84,A,14.89,B,15.78,B,11.57,14.8469,79.1159
USR_348C3045,D,10.3,A,11.6,A,13.43,B,12.01,B,13.55,B,24.72,B,20.7,B,11.9,B,14.03,C,14.94,26.9808,80.9232
USR_7DAA943F,B,38.41,D,14.97,B,17.47,A,24.72,B,27.81,D,30.94,D,19.86,A,16.77,C,26.35,C,8.83,27.4763,80.9405
USR_7A837D57,A,17.99,A,22.01,B,13.43,B,11.04,A,24.42,B,15.84,D,14.55,B,11.84,B,13.99,A,23.74,20.2889,71.4988
USR_59B69ACE,C,21.03,D,18.42,B,23.58,C,11.31,D,21.72,C,10.88,B,23.66,C,18.91,A,21.34,B,10.51,18.5725,72.8494
USR_E14FEBE6,D,23.87,A,3.09,C,29.1,D,31.29,A,39.77,A,32.73,D,33.17,A,37.18,B,21.91,A,9.78,19.3649,74.7096
USR_9C24367F,C,16.31,C,17.11,A,21.11,B,13.0,C,14.03,B,16.06,D,19.17,B,21.04,B,10.64,C,22.91,26.8577,75.5912
USR_3AFEEA0D,A,8.82,C,6.66,A,11.43,A,7.35,A,6.23,A,9.32,A,10.99,A,6.43,A,5.13,A,9.41,25.4439,79.1348
USR_CB059568,D,20.71,C,17.23,A,12.9,A,24.52,B,16.16,C,13.42,C,19.52,C,21.51,C,16.2,A,24.49,14.6787,78.087
USR_A742DC5C,A,20.24,B,12.63,B,16.89,B,15.97,C,17.59,A,24.88,B,21.3,B,22.06,B,20.2,B,23.26,20.0926,71.385
USR_F782BDAC,C,21.0,D,20.27,A,17.48,A,16.82,B,18.3,D,11.34,C,24.58,A,23.34,C,13.04,A,24.11,21.0044,74.7347
USR_38488623,B,11.28,A,7.51,D,30.93,D,18.66,D,29.35,D,36.91,D,8.93,A,28.01,C,8.17,A,35.09,25.3052,79.0329
USR_09DACB59,D,11.1,D,30.54,B,2.3,D,37.21,D,32.48,D,14.09,C,31.69,B,22.8,D,33.38,C,19.07,22.0816,77.8659
USR_D90E655E,C,21.27,C,14.92,A,24.01,B,11.45,D,18.02,C,14.27,D,16.07,A,15.4,B,24.6,A,14.46,24.7053,78.065
USR_81D70E70,A,6.36,C,5.72,A,11.11,A,11.61,A,8.21,B,9.67,A,8.95,A,5.73,A,11.38,D,6.55,26.6911,79.9481
USR_D3A8DCDE,B,18.55,D,19.55,B,10.77,C,14.2,A,12.06,B,20.67,A,16.03,B,16.67,A,14.73,B,24.1,12.3852,78.2187
USR_584027B0,B,15.36,C,15.32,B,16.43,A,17.14,B,14.19,B,24.72,B,10.68,C,11.09,C,21.77,A,13.8,27.6017,79.6351
USR_C82B6ADF,C,13.77,B,17.69,C,12.87,B,14.35,B,18.92,C,23.83,C,16.22,A,15.98,B,13.24,A,12.27,13.8998,77.2304
USR_9A5FAEB6,B,23.49,B,11.48,B,14.39,A,16.85,A,21.81,B,24.8,A,24.03,B,15.43,C,23.73,B,17.62,29.6386,77.7807
USR_1EB85780,D,22.26,D,12.58,D,15.93,D,19.8,D,33.3,D,38.18,D,22.91,C,12.37,B,27.21,C,21.9,27.3773,78.8263
USR_EA3BCB99,B,15.4,B,23.26,A,23.68,A,10.75,A,24.94,D,20.43,B,18.15,C,11.54,D,22.3,C,19.73,14.7753,78.6037
USR_E1CBDA99,A,9.35,D,36.6,C,20.64,D,23.19,D,5.83,D,6.56,D,18.45,B,19.83,C,26.24,D,21.79,18.1179,72.6268
USR_FBF6445E,A,8.73,A,11.02,A,7.37,A,6.21,A,9.36,A,11.16,A,11.81,A,7.55,A,11.26,A,5.97,11.6113,75.6128
USR_AA1D6CC3,B,8.92,A,6.79,A,10.47,A,7.64,A,11.85,A,10.96,B,8.04,A,7.75,A,9.74,A,5.6,27.2442,76.8371
USR_E9F6F901,A,8.59,A,5.29,A,7.06,B,10.56,C,8.26,B,6.46,B,6.55,D,7.61,A,10.39,A,9.33,17.6621,72.4548
USR_52A63A05,B,12.03,A,11.6,B,15.91,C,18.98,D,13.46,C,19.94,C,22.22,D,14.89,B,14.69,D,24.26,13.1901,79.5105
USR_EC2521E1,A,19.35,B,10.86,B,13.05,A,11.94,A,19.49,C,16.15,D,10.43,B,22.0,B,13.81,C,20.27,22.6653,80.688
USR_1358BFFD,B,18.34,B,12.04,B,22.86,C,11.83,B,12.35,B,13.42,A,18.07,A,19.77,D,21.64,A,17.42,29.1716,76.702
USR_CA923A81,B,11.77,D,24.41,C,11.57,B,14.91,B,18.44,B,22.14,A,20.34,A,12.02,B,24.6,C,22.29,18.2599,71.636
USR_30A16D96,A,7.66,A,5.75,D,2.01,D,11.56,A,16.62,D,19.65,A,21.29,A,15.6,D,27.23,D,23.66,17.8905,73.2531
USR_98C8C976,A,24.47,A,13.39,A,17.2,C,12.37,C,13.17,B,18.14,C,13.72,A,17.05,C,17.18,D,11.05,12.4545,79.0932
USR_DD70B86D,A,11.14,C,21.46,D,21.75,C,17.14,D,24.25,A,20.97,D,24.47,B,14.91,B,10.93,B,12.4,20.5354,72.8691
USR_1671A53B,C,21.63,B,16.07,D,18.36,A,10.75,D,12.72,A,24.85,A,10.72,A,22.98,B,24.97,B,17.54,12.7885,77.2021
USR_369C9D77,C,13.63,C,19.29,A,15.33,C,17.73,C,10.26,B,13.69,B,23.45,B,22.44,A,17.9,B,21.33,18.7513,73.5873
USR_3B7A4A42,A,24.58,B,22.79,C,14.85,D,23.59,B,11.05,B,13.34,A,16.41,B,13.23,A,19.41,A,17.78,24.5894,80.0443
USR_529A1833,B,14.67,B,10.0,D,10.49,B,15.28,C,15.52,C,19.04,D,13.86,A,15.68,A,15.95,B,11.6,27.3463,75.8181
USR_F01AD7E2,A,23.45,A,21.5,C,12.11,A,15.37,C,20.88,B,19.11,A,14.33,D,19.17,C,18.21,B,21.55,17.9076,72.1037
USR_F80B2671,D,2.75,C,31.84,D,12.93,B,2.08,D,22.42,C,29.65,D,38.88,D,35.06,C,16.2,D,8.16,30.2544,78.5171
USR_B8821D0D,A,24.79,A,24.32,D,15.56,C,23.3,B,24.93,B,23.39,D,24.81,C,12.99,B,21.33,A,22.3,17.7427,72.8724
USR_08F1BFED,C,17.2,A,19.51,C,24.24,B,12.97,D,19.66,B,24.34,C,14.15,B,24.94,C,15.89,D,17.5,29.155,77.8716
USR_5B1D1A0B,A,37.24,C,4.38,D,26.66,D,5.59,B,33.01,C,29.55,C,24.65,B,28.37,D,12.77,C,5.07,19.2524,73.3349
USR_5CDB006C,C,17.48,B,14.46,B,16.3,B,16.55,C,12.97,A,17.69,B,18.92,B,10.8,A,23.08,D,12.5,27.3261,77.2543
USR_E9D0D113,A,16.64,A,23.86,A,17.47,C,19.78,A,12.45,C,18.83,A,10.33,B,14.03,A,18.16,B,17.16,28.4829,78.1194
USR_109E4066,C,10.79,D,10.92,D,2.27,B,36.84,D,13.16,D,24.38,A,15.23,D,26.62,B,37.57,B,23.66,27.1367,79.8797
USR_F0A4D509,C,21.09,B,13.58,C,20.72,B,15.28,A,17.01,D,17.42,C,22.77,C,24.33,A,22.4,C,24.26,25.5807,79.8413
USR_02C8FDFE,B,39.13,B,16.87,C,2.98,B,31.64,D,11.14,C,20.75,C,8.16,B,10.3,C,11.77,D,17.43,30.2321,76.3033
USR_F4507A74,D,17.39,A,21.88,B,11.74,B,19.74,C,15.55,B,13.76,A,22.39,B,20.29,B,22.59,B,12.65,22.946,77.2608
USR_8C43D489,D,18.07,C,8.21,D,11.81,B,36.68,A,23.54,C,9.36,B,18.23,D,16.11,B,3.13,D,6.24,25.5744,79.3279
USR_EC400E0B,B,22.74,B,16.97,A,24.81,A,19.37,B,13.37,C,24.55,A,13.83,C,13.75,A,23.7,B,12.07,12.1556,76.1946
USR_98B85D9E,C,24.17,B,23.22,D,18.48,A,12.57,B,16.59,A,10.22,A,17.6,A,11.15,B,14.59,A,17.49,27.2259,78.6807
USR_CD664139,A,9.02,A,6.71,A,6.42,A,8.62,B,5.94,C,11.01,A,11.56,A,10.93,A,5.66,A,7.26,24.9059,80.1475
USR_2152D5E8,A,28.65,D,19.27,D,17.54,C,37.12,D,4.58,D,37.82,D,12.73,A,4.78,C,23.58,D,25.54,23.1868,79.2157
USR_DB59BF3D,D,26.34,C,18.19,D,7.57,B,34.21,A,27.22,D,25.2,A,21.52,C,2.79,D,33.45,B,36.02,18.0833,72.3776
USR_30BE26F2,D,29.59,D,29.76,C,29.45,D,14.0,B,38.36,C,37.26,D,8.9,D,26.53,B,13.05,C,9.31,11.9765,76.6599
USR_9EE87E36,A,15.33,A,18.35,A,16.72,B,18.83,A,22.33,B,13.59,A,12.36,C,17.91,A,19.28,A,13.15,27.9535,78.9853
USR_45C87C32,D,24.7,C,16.16,A,17.06,B,13.38,B,23.07,C,17.76,A,10.06,C,17.46,D,20.33,A,16.4,21.6106,77.9939
USR_008F43B4,B,5.91,B,10.86,B,9.46,A,8.74,A,5.32,A,7.42,A,5.2,A,6.42,B,10.94,C,8.6,13.551,78.9555
USR_68AC7033,D,8.32,D,28.72,C,39.05,C,35.56,C,26.26,B,6.25,D,28.49,B,26.93,C,27.03,C,36.39,26.8647,76.8445
USR_93FFC463,C,8.54,A,7.49,C,7.78,C,8.52,D,8.05,B,8.56,D,10.52,A,5.98,D,11.02,A,8.7,18.1467,74.7505
USR_F4964015,C,19.09,B,18.74,B,24.13,A,16.8,A,23.21,B,21.27,B,12.05,D,10.54,B,17.65,A,16.36,23.3955,79.6783
USR_F1161C88,B,20.3,C,15.88,B,10.24,C,23.2,C,14.62,B,22.45,A,13.5,B,23.84,D,24.62,A,18.08,20.0935,72.0252
USR_DBBACF63,C,20.64,D,21.27,B,13.86,A,15.92,A,11.46,A,20.49,A,24.31,A,11.04,B,10.97,B,17.73,27.8841,79.0367
USR_05E7A6B3,A,9.15,D,5.4,A,8.92,A,7.54,C,8.51,A,9.66,A,7.58,A,7.9,B,7.74,D,10.52,20.6443,74.7126
USR_7744DDCC,B,12.9,B,16.15,C,17.35,B,19.42,C,13.44,C,24.42,C,19.3,A,23.47,A,24.14,C,12.9,27.1997,75.4009
USR_2CA73206,B,23.81,A,16.28,B,16.91,A,13.89,B,14.99,B,18.53,C,21.2,B,10.68,A,19.61,C,18.96,21.9064,80.3623
USR_BED33D23,A,18.46,D,24.14,B,23.43,C,14.14,A,21.43,C,11.93,B,13.06,A,24.28,D,16.99,B,23.42,19.2138,72.5303
USR_3A469471,A,2.37,D,23.75,D,2.23,C,15.79,B,21.45,C,15.93,C,8.21,C,19.36,D,15.9,B,4.37,26.195,81.6309
USR_488AF7D6,B,10.54,A,9.1,A,6.16,D,11.07,B,10.22,A,6.89,A,11.96,A,8.62,A,6.74,A,6.47,25.8024,80.5943
USR_C03AD418,C,20.56,C,15.2,A,13.38,A,11.82,B,17.55,B,10.48,A,14.38,C,11.87,C,19.28,C,13.16,23.1545,79.4873
USR_ADE5F59B,A,19.06,A,22.86,B,23.88,C,14.83,A,23.71,C,23.24,C,24.42,C,13.88,C,14.38,B,11.3,27.8335,80.4961
USR_9C02EFF7,C,12.96,D,10.46,C,6.58,B,32.58,C,20.42,A,17.69,D,22.48,D,3.4,C,24.21,B,14.88,28.513,75.6853
USR_041AB559,B,19.27,B,24.32,C,15.73,A,12.35,A,11.04,C,10.87,A,15.29,A,10.62,B,15.49,B,23.01,14.1199,77.4746
USR_7FDFC076,A,14.26,D,19.54,B,19.1,C,11.06,B,14.69,C,12.31,B,19.1,A,13.52,C,20.24,B,15.61,26.93,76.0758
USR_4A0340BC,C,18.46,A,10.41,B,12.15,C,15.69,A,23.77,C,18.33,D,18.89,B,12.56,A,17.23,C,21.73,30.0619,77.1498
USR_5B3EBBF3,A,11.01,A,11.31,C,5.42,A,11.67,A,11.91,A,6.95,A,5.05,A,6.8,A,9.73,A,6.77,26.2067,82.7563
USR_22C2577D,C,11.27,D,38.31,B,27.92,D,32.73,D,9.73,C,29.96,B,9.86,A,2.31,A,23.48,D,5.92,27.1171,79.3196
USR_4CD76101,B,11.99,D,16.71,D,23.51,B,20.42,B,20.05,B,20.77,C,24.74,A,18.38,B,23.21,C,15.96,18.8667,71.9952
USR_CE1B2AC6,B,13.08,A,10.88,C,23.15,B,10.73,A,22.47,D,10.53,B,22.63,A,18.56,B,13.02,B,14.76,14.4824,75.6444
USR_3035D0FD,C,23.28,D,10.49,C,20.46,B,15.56,A,18.84,B,11.97,C,18.31,A,21.02,B,20.34,B,14.18,28.2033,77.7988
USR_E4751CE2,B,10.97,B,17.47,D,15.35,C,15.32,A,11.17,B,23.71,C,16.64,C,14.29,C,24.44,B,19.18,23.0872,78.9456
USR_CC71B6A8,B,20.72,A,15.14,C,20.8,B,18.54,B,14.83,B,14.91,B,20.73,D,11.78,B,22.1,B,19.92,25.3118,79.7457
USR_18080290,C,16.98,C,20.03,A,18.04,A,18.02,B,24.13,B,13.63,D,23.85,C,18.94,C,19.4,B,14.58,26.1006,81.8965
USR_56E967BC,B,39.62,D,12.05,C,31.12,C,9.61,C,25.28,D,11.25,A,4.66,D,11.22,D,35.34,D,33.15,27.4935,75.735
USR_67879A28,B,20.75,A,23.79,B,21.89,A,19.37,A,14.77,D,16.29,C,22.8,A,11.17,B,18.84,A,19.07,26.6534,82.4923
USR_7F0607A9,B,6.98,A,8.68,B,10.1,B,10.55,B,11.71,A,11.13,A,9.0,A,7.85,A,8.46,D,10.21,11.3444,76.9602
USR_4D8B8C9B,B,10.22,B,15.17,B,22.51,B,16.86,A,12.23,B,10.63,C,17.76,A,23.32,B,15.62,C,11.47,13.5145,79.5537
USR_1E487E20,B,10.64,B,17.22,A,23.66,B,15.78,A,14.02,A,18.23,B,22.88,B,24.67,B,18.04,A,23.83,27.0293,81.6191
USR_8CDCD808,B,23.13,B,13.79,A,20.01,B,14.23,B,18.82,A,13.91,A,16.15,C,21.58,A,16.36,B,18.31,19.8708,74.8013
USR_17D88594,A,20.28,D,18.13,B,24.94,C,24.91,A,17.1,C,17.46,C,22.85,A,12.64,B,14.01,C,12.01,26.6856,79.8951
USR_FC78D0FF,A,12.07,B,10.92,A,11.44,B,13.23,C,10.52,B,20.71,B,18.82,B,22.5,C,21.45,A,23.6,20.6783,74.0049
USR_66EEEABD,A,23.1,C,14.84,B,14.29,D,20.11,B,24.22,A,21.29,A,19.3,D,20.64,B,23.4,B,20.59,27.8797,80.2113
USR_64F84473,C,12.73,C,16.64,B,14.65,C,16.24,B,17.45,B,15.73,C,15.04,C,17.58,A,23.01,B,11.56,13.2479,77.6599
USR_E4B226BA,C,35.77,B,9.5,C,25.14,D,30.68,D,38.02,A,21.94,D,24.1,D,32.48,C,25.2,D,17.37,21.5817,78.7811
USR_75DFE179,C,13.3,B,15.12,B,19.51,B,16.77,B,15.57,B,17.85,B,11.62,B,20.97,C,20.2,B,17.66,19.4773,72.3368
USR_6DB3B0A1,B,24.99,A,21.33,C,11.24,B,18.56,B,11.17,C,16.61,B,16.39,C,12.84,C,21.98,A,20.4,27.6006,76.8752
USR_50D6F5E4,B,14.96,C,22.34,A,13.94,C,14.93,C,19.3,A,14.22,B,20.44,C,14.99,B,21.93,B,18.88,27.191,77.0002
USR_D29C1A2D,A,5.33,A,6.61,A,10.99,A,8.2,A,9.07,B,6.76,D,9.26,A,8.66,A,6.73,A,10.98,24.8977,80.1115
USR_692444A7,B,5.17,B,30.48,B,16.61,B,4.75,D,20.8,D,5.57,C,34.34,D,14.73,D,25.57,B,3.11,13.0789,78.1128
USR_8A3F7F8E,A,9.99,B,7.19,A,8.97,A,8.61,A,5.44,A,7.53,D,11.73,A,10.28,A,5.73,A,9.65,30.0512,76.8641
USR_E6C518C0,B,11.1,B,23.28,A,22.39,B,12.55,A,23.47,A,15.92,B,11.93,A,19.96,C,16.29,B,12.26,29.7739,77.4896
USR_49258860,B,21.76,B,13.55,A,10.72,C,15.72,A,17.51,A,20.07,C,11.19,C,23.95,A,12.0,B,10.69,24.477,80.4295
USR_6C1EA73B,A,20.71,A,16.86,C,13.52,B,12.81,B,10.61,C,11.84,D,18.62,B,22.38,C,22.1,B,20.76,12.4159,76.8732
USR_3BC83491,C,36.16,A,24.88,B,16.58,D,11.28,D,39.61,C,9.75,A,21.67,D,25.3,D,6.14,D,31.69,30.0662,75.3999
USR_0A4D0B63,A,12.2,A,11.2,B,11.64,B,16.46,B,13.59,B,23.03,C,22.56,B,24.6,C,14.66,A,24.53,18.3834,71.8611
USR_BD625F90,D,26.81,B,15.13,A,35.69,C,15.37,A,34.45,D,30.2,B,17.4,A,21.96,D,17.77,D,34.29,24.3184,77.1779
USR_3A997209,B,21.95,A,20.9,B,23.18,A,13.76,B,24.61,B,15.1,B,13.98,A,12.67,C,24.14,B,19.51,24.2156,80.3178
USR_3BC53FB9,A,8.87,A,10.85,A,6.17,A,7.65,A,7.45,A,5.79,A,9.41,B,6.82,A,9.15,D,11.65,22.5599,78.5712
USR_82D709C5,C,13.98,B,18.47,A,13.01,B,14.8,C,22.7,B,10.68,A,16.63,C,11.98,A,11.04,B,16.13,11.5405,79.2647
USR_FA709F89,C,18.92,D,24.94,A,12.79,A,10.37,D,19.42,C,12.79,B,24.15,B,15.36,B,10.49,A,16.03,24.3931,79.8634
USR_1FA12BE6,A,6.64,A,8.16,A,8.3,A,10.43,A,9.08,A,9.51,A,7.76,A,8.22,A,9.03,D,7.23,12.2369,78.8014
USR_23E61EF6,C,20.63,C,10.22,A,16.48,C,14.88,C,18.57,D,24.61,B,19.98,A,12.04,C,23.94,D,13.02,11.688,77.3102
USR_EB3DE7A7,D,36.38,B,19.75,B,14.64,B,19.18,D,33.89,D,37.18,D,24.07,D,8.49,B,39.18,C,33.68,21.2945,80.0921
USR_63B9295E,B,16.08,B,14.8,A,16.76,B,20.82,B,14.84,B,24.19,A,23.03,B,17.18,C,20.18,C,17.75,14.0998,77.4505
USR_1CBB0489,A,14.9,B,11.44,B,22.92,A,13.26,B,13.21,B,24.33,A,10.49,C,10.97,B,24.33,C,21.25,14.9552,76.6605
USR_856D3CEF,C,13.73,C,10.82,B,7.34,B,7.04,D,20.78,D,9.15,C,26.5,C,11.02,C,36.48,A,37.94,24.9504,82.0234
USR_3A414CE4,A,9.3,A,6.51,A,7.7,A,8.91,A,6.61,A,9.18,A,5.9,A,7.82,A,11.67,B,7.11,26.6921,76.1215
USR_4E2D4158,C,5.21,A,7.19,A,5.22,B,8.43,B,9.82,B,9.07,A,6.51,B,6.85,B,7.18,A,6.75,14.0793,79.433
USR_AB4A19E2,A,13.32,B,20.08,B,31.3,D,34.76,D,13.81,D,10.64,D,34.06,D,10.6,D,27.32,D,38.71,17.6918,74.3034
USR_6B98AF33,B,14.74,C,11.3,A,18.57,B,24.98,B,17.76,A,17.86,A,11.65,C,20.75,D,12.05,B,11.21,27.6039,77.062
USR_C076373A,B,20.2,A,17.41,B,13.28,C,22.74,B,20.81,C,17.0,B,22.91,A,10.19,A,17.81,D,13.22,14.586,79.3045
USR_D8B6B2A1,C,9.62,D,37.0,A,30.74,A,15.4,B,24.07,C,26.7,C,37.89,D,32.55,C,21.77,C,22.52,11.7381,76.9162
USR_C14E4524,C,14.85,C,13.99,A,21.12,C,16.68,D,11.88,B,24.46,C,13.5,C,10.1,C,21.02,C,16.08,14.5171,78.4548
USR_6FA712A4,C,2.57,D,32.45,D,38.05,D,25.36,D,11.75,B,15.68,A,39.8,D,31.35,A,22.4,D,22.95,20.1641,73.1304
USR_2F102CCC,A,6.01,A,6.21,B,6.52,A,10.85,A,7.48,A,9.09,A,10.46,A,8.97,A,11.25,B,8.07,25.4515,80.4271
USR_9EB17742,B,10.75,B,14.64,B,17.44,B,14.61,D,17.29,B,19.34,A,11.45,B,15.48,D,16.41,C,19.84,17.8293,72.3001
USR_179767DD,C,12.64,C,13.13,C,13.48,C,17.85,A,10.5,C,22.5,C,24.02,A,21.32,A,10.17,B,17.42,26.8489,80.5751
USR_CAF0A472,B,16.95,B,11.44,B,12.65,D,17.69,C,18.58,B,21.27,C,21.36,B,21.49,C,10.46,B,13.3,28.3867,76.0736
USR_DB3E8CD1,B,18.49,A,13.34,C,14.64,B,23.35,B,20.3,A,22.39,B,20.88,A,17.37,B,16.23,B,14.83,19.1819,73.7723
USR_554BE9B5,B,15.23,A,10.94,B,16.48,C,10.5,A,12.29,B,19.93,C,22.32,B,15.58,A,17.14,A,19.0,11.5401,78.8618
USR_F1F6285F,A,15.15,A,18.43,B,15.3,C,19.39,C,24.82,A,15.55,A,10.1,B,15.55,A,15.79,B,12.11,18.6107,72.9056
USR_EA8A16E8,B,14.05,C,19.13,B,12.21,C,23.22,B,21.09,B,24.29,A,12.83,A,18.04,A,21.31,C,12.59,13.8318,78.4814
USR_2901A89B,B,13.01,B,22.44,C,10.81,B,20.72,A,20.83,C,19.83,A,20.72,A,23.41,A,23.2,B,22.83,11.9954,76.8887
USR_3BCADE7F,B,24.05,C,12.7,B,17.84,C,18.2,C,18.8,A,18.77,B,15.95,B,11.33,B,17.91,B,19.31,14.6394,79.4799
USR_41B7C23F,A,7.41,A,5.44,B,7.67,A,9.95,B,9.88,A,10.55,A,11.05,A,9.92,D,8.2,A,11.99,28.1138,76.4313
USR_924728D5,B,10.88,A,8.9,A,5.61,A,11.0,A,5.56,A,5.22,A,11.97,A,9.02,A,5.43,A,10.65,11.9177,77.4499
USR_F8826CF3,A,8.02,A,9.92,C,8.2,A,8.06,A,6.12,D,9.44,B,11.34,D,6.45,B,11.51,B,5.54,25.4155,82.6501
USR_C86A9C91,C,23.09,B,10.31,A,16.95,A,11.15,A,10.69,C,11.24,A,22.21,B,16.04,B,10.3,C,23.12,27.5644,79.0835
USR_0456ECF8,D,5.08,B,5.64,A,11.87,A,10.88,A,10.01,A,9.06,A,8.42,A,9.93,A,11.06,A,8.99,28.3163,79.9638
USR_A48613F9,D,39.97,D,20.4,C,27.13,C,38.08,B,34.76,D,3.56,C,7.76,D,37.87,C,14.05,A,26.45,11.7249,79.3527
USR_D4F509F7,A,14.23,A,12.6,B,24.87,C,24.71,B,15.37,C,21.36,B,12.83,C,22.9,B,14.67,A,11.04,24.887,81.7285
USR_D0DE9716,D,24.99,C,19.77,B,16.45,A,15.59,C,13.93,B,24.75,B,12.78,D,11.42,D,17.22,B,11.37,18.4219,71.1214
USR_36544B4E,A,6.58,B,9.28,B,7.9,A,6.69,A,7.66,A,11.27,A,11.19,B,7.12,A,8.6,A,7.77,21.6383,79.2119
USR_46E8BEDF,B,21.07,D,18.61,B,24.27,A,17.83,A,14.32,B,17.15,D,14.5,C,18.75,A,20.17,B,22.03,28.7802,82.4266
USR_E5176767,A,8.47,A,7.0,D,9.1,A,6.87,B,9.97,A,7.21,B,6.72,A,6.18,A,6.91,A,5.52,26.1391,80.1469
USR_863AE447,A,21.96,B,17.34,B,15.93,A,21.53,B,20.85,B,23.71,B,24.75,C,24.46,C,18.6,C,15.82,25.0006,82.562
USR_320FCCDB,A,13.17,B,12.21,C,21.51,A,12.68,B,18.42,C,20.19,D,14.46,C,22.43,C,12.25,C,12.07,11.1512,76.623
USR_02E5CD45,A,13.32,B,14.49,C,13.86,B,11.93,B,23.05,A,22.42,B,20.02,D,22.6,C,14.47,B,12.98,14.7466,75.8072
USR_911504BB,A,15.21,C,19.89,A,16.33,A,14.9,B,17.77,B,11.15,B,24.43,B,21.82,D,23.66,C,17.98,21.7548,80.5253
USR_E9D883F1,A,24.72,D,10.23,B,24.29,B,15.49,B,12.86,C,10.43,C,21.46,B,10.83,C,23.03,D,17.21,22.3968,79.3028
USR_28A0C9FF,C,25.55,D,7.06,B,27.2,B,28.11,B,6.98,A,28.99,A,3.09,C,35.78,C,17.51,D,17.81,25.8074,79.6294
USR_E116422D,C,24.0,C,15.43,C,13.67,B,20.03,B,22.86,B,17.18,C,17.44,B,23.39,B,22.87,A,18.08,27.5658,79.9183
USR_323AD69A,C,15.58,C,19.08,A,14.83,B,23.73,B,22.3,B,24.52,B,19.53,B,19.75,C,21.83,A,22.67,22.8099,79.2012
USR_E7178409,A,11.63,A,7.76,A,8.46,B,10.9,B,8.73,A,11.49,B,8.44,A,11.06,A,7.84,B,7.06,23.4668,78.9692
USR_F60BD58F,B,21.62,A,18.56,A,24.93,A,18.65,A,15.91,A,14.59,B,21.62,B,22.42,D,15.2,B,11.05,27.6304,76.5188
USR_8423C58A,D,15.97,A,14.43,B,15.63,C,17.2,C,15.56,B,15.65,B,24.4,A,10.75,B,24.8,B,14.88,29.1389,76.6974
USR_000CD785,C,20.71,C,27.33,D,16.92,D,7.73,B,24.96,D,11.26,D,35.41,C,6.83,B,2.84,C,29.74,22.821,78.2337
USR_1C7DDD7D,C,5.33,B,9.5,A,5.67,A,10.75,A,8.06,A,10.45,B,9.37,A,6.69,A,10.5,A,7.55,27.3082,81.8925
USR_CB25ED6C,C,21.08,D,20.74,D,16.82,A,22.7,C,20.24,B,24.66,B,15.17,B,14.96,B,13.62,B,17.35,22.7875,78.5754
USR_14B6FFBC,A,6.68,A,7.93,A,10.97,A,10.36,A,6.97,A,10.85,A,5.78,B,6.75,A,9.28,A,7.62,26.0854,82.0139
USR_4B214DDD,A,5.63,A,8.19,A,6.98,A,11.69,A,11.67,A,10.59,B,8.47,A,6.47,B,7.96,A,7.77,18.5163,74.6442
USR_31B76EAA,C,36.23,C,21.0,C,8.41,A,18.73,B,35.66,B,39.65,C,27.39,D,28.97,D,27.69,C,18.01,26.808,75.838
USR_3BCC11D6,A,19.11,C,11.21,B,20.33,B,22.69,B,10.72,C,13.24,C,15.2,B,17.48,D,12.44,A,11.27,25.0484,81.794
USR_CCF08D82,B,13.02,C,20.61,D,19.05,A,23.51,C,24.39,C,11.27,A,15.75,B,13.31,A,22.84,C,19.96,22.3142,79.035
USR_FAA75688,B,17.76,C,13.91,B,11.44,A,24.19,A,10.49,C,19.31,B,18.96,B,10.06,A,21.97,C,14.85,23.4734,78.7426
USR_AB2B319F,B,13.9,C,19.26,B,24.28,A,22.03,C,21.06,B,23.97,A,12.23,A,17.04,B,22.29,B,24.91,25.3976,80.529
USR_4813B8E4,C,13.8,C,21.54,B,18.88,B,14.46,B,17.78,B,18.36,D,18.62,B,19.91,D,21.23,B,21.24,18.0631,73.3453
USR_B05CDD5A,D,27.59,D,32.38,C,28.96,C,20.1,D,4.94,A,21.79,D,34.13,C,36.87,A,10.27,B,21.94,12.8875,77.8635
USR_84264B48,B,12.49,C,22.02,C,10.12,B,16.8,D,13.02,C,11.63,C,14.59,A,21.49,A,17.83,C,21.29,17.0923,72.2016
USR_82E437AB,B,21.43,B,15.6,A,19.94,B,18.45,A,20.59,D,13.64,B,22.32,A,17.88,B,20.97,D,10.99,25.0738,82.0735
USR_9C76BB10,B,13.09,B,21.54,A,12.79,D,13.82,D,15.13,B,14.75,B,11.75,B,19.48,C,18.55,A,24.96,21.1585,80.9674
USR_3AD74976,A,10.37,A,9.83,B,8.34,A,7.27,A,9.77,A,7.67,A,7.06,A,9.44,A,10.7,A,7.32,13.4351,75.9345
USR_F4622B45,B,14.66,C,17.52,B,19.39,A,21.32,C,24.0,C,20.3,C,17.65,C,10.27,A,22.38,B,12.75,18.1973,74.8347
USR_78E8F34B,B,13.37,A,19.28,D,23.56,D,11.41,B,10.53,A,23.28,A,17.86,D,16.48,B,24.06,B,15.43,28.0801,75.4225
USR_86C0EC59,D,22.27,C,11.31,A,20.4,A,22.53,B,24.4,C,21.64,B,23.31,A,24.39,B,16.83,A,15.52,25.3488,82.2815
USR_929EC6E4,B,19.18,A,22.21,A,11.13,A,23.72,B,17.16,C,16.14,B,22.44,B,16.73,B,21.61,B,11.21,11.8526,77.6393
USR_7667E284,B,23.97,B,13.62,B,23.27,B,11.88,B,16.78,D,18.48,A,21.52,B,18.89,A,20.62,A,17.11,21.6531,79.563
USR_6296DEA7,C,10.86,B,21.13,A,19.23,B,11.74,A,20.03,B,13.58,B,10.2,C,10.1,B,16.44,A,19.43,12.9316,75.8662
USR_9B71D4C7,B,14.19,B,21.72,A,24.1,B,14.06,A,12.29,B,19.34,A,15.39,C,13.65,C,21.04,A,20.45,19.0544,72.5056
USR_FBF1F3EA,A,12.03,A,11.41,D,11.31,B,19.26,C,17.44,B,14.28,B,20.46,C,13.92,B,24.22,B,13.73,14.0969,76.0614
USR_40D5CC4D,C,10.88,B,16.48,A,18.88,C,24.06,B,15.64,C,21.96,C,11.98,B,14.65,B,22.91,A,14.97,11.9229,79.2568
USR_8D8A0041,B,8.48,A,6.53,A,6.59,A,11.02,A,6.08,A,10.44,A,9.97,A,8.23,D,7.55,A,8.11,26.257,80.4792
USR_6880E06A,B,23.58,B,21.47,C,17.99,B,16.43,D,14.52,B,15.86,A,18.42,B,11.24,B,23.26,A,11.21,19.8751,73.344
USR_51B400B9,C,17.35,B,21.04,A,12.18,C,16.71,B,24.91,B,16.75,C,20.04,D,18.13,C,15.45,A,23.22,28.4491,79.6119
USR_C31974B9,A,18.76,D,19.67,C,21.12,B,12.7,B,17.99,B,17.73,D,13.41,C,24.45,A,21.06,C,24.8,21.581,80.8413
USR_4C4E2F02,C,6.53,A,35.64,C,21.46,D,31.06,D,18.36,C,34.4,D,4.41,C,4.75,D,15.58,A,11.17,26.1113,81.7865
USR_3E4608A8,C,27.01,B,20.67,C,39.85,C,15.0,D,13.92,A,11.35,D,9.98,C,39.45,B,33.25,D,28.47,12.034,79.391
USR_7C3F837C,A,8.25,C,5.54,A,9.65,A,9.51,B,9.0,D,6.14,A,7.9,B,7.45,A,6.33,A,11.61,12.5453,77.8182
USR_3827CB69,B,7.38,D,7.57,B,8.0,D,7.62,A,6.34,A,10.22,A,7.6,B,5.99,A,11.63,A,10.24,12.3712,79.2504
USR_C82EC15C,B,12.68,C,20.26,B,21.86,C,11.79,B,22.94,A,10.13,C,11.75,B,16.8,C,10.14,C,22.54,22.5448,79.3399
USR_412ECB16,B,24.0,B,21.9,C,15.3,B,24.8,C,11.42,A,15.75,B,21.58,C,17.1,B,17.94,C,20.81,26.5147,80.2003
USR_5DAD2B40,C,9.12,A,8.53,A,7.07,B,11.0,A,10.41,A,10.56,A,7.48,A,10.37,A,9.04,A,9.16,29.4751,77.8804
USR_BBB97133,A,17.73,C,10.49,D,13.97,B,13.78,A,17.64,D,17.07,A,16.53,C,14.93,B,14.91,A,14.71,17.3435,70.9898
USR_EA605EFC,B,34.09,B,25.88,A,7.54,A,32.86,D,13.02,C,30.99,C,17.37,C,39.77,D,17.94,C,2.56,12.839,79.3368
USR_DA9D9324,B,21.71,C,17.95,B,10.37,C,11.76,B,20.41,A,12.27,C,12.17,A,18.98,A,10.72,C,16.75,27.5998,79.0273
USR_37A858F8,C,20.59,D,8.1,D,23.27,C,12.45,C,9.62,B,24.2,D,5.36,C,32.65,A,25.17,D,20.83,22.5855,78.6394
USR_6FCC0AC0,A,7.99,D,10.97,A,5.34,A,8.29,A,10.08,A,9.99,A,5.16,A,10.68,A,8.07,A,7.91,24.2432,80.1628
USR_5B2DC2D0,B,16.69,C,16.27,B,10.76,C,14.29,C,12.61,B,21.29,D,10.78,C,12.57,A,17.58,C,16.92,29.222,79.1619
USR_7120E82A,B,19.69,B,19.82,B,22.93,B,19.64,B,11.6,C,20.28,D,10.33,A,23.76,B,17.51,D,20.31,24.912,82.3991
USR_873638AD,D,16.32,C,6.95,C,39.65,D,16.73,D,23.99,D,19.32,D,26.84,D,6.7,C,20.37,C,7.94,25.203,79.8106
USR_22522540,A,11.17,B,10.85,D,13.07,A,12.43,B,24.86,A,22.82,C,11.11,B,21.13,C,18.82,C,18.68,27.7341,81.905
USR_3BCB00BD,B,20.82,B,15.81,B,12.03,C,24.49,B,19.97,B,15.63,B,22.4,D,24.81,C,17.69,D,17.62,12.6344,77.7717
USR_A0FD7145,B,15.04,B,18.24,A,20.78,B,13.31,B,16.17,A,13.62,C,13.85,B,11.19,B,13.1,B,21.57,14.7681,79.0344
USR_B87DF9A6,C,22.19,C,14.61,B,22.19,B,21.23,A,18.2,B,12.96,D,23.53,B,21.47,B,14.08,C,23.68,28.5358,77.1235
USR_25D70AF2,B,13.52,C,16.49,B,17.44,C,21.99,B,12.43,C,19.94,B,24.66,C,10.61,C,13.33,A,16.37,27.2246,79.3579
USR_019F19F8,B,12.87,C,13.01,B,16.04,B,21.54,B,23.37,C,16.36,B,12.59,B,22.39,A,23.86,B,21.83,24.737,78.9575
USR_0429C263,C,18.11,C,22.43,A,11.37,A,22.94,D,20.83,B,22.97,C,19.21,B,15.63,D,12.37,B,21.29,22.3787,79.7286
USR_9253511B,A,23.88,D,18.06,A,24.16,B,24.19,B,13.74,D,18.13,C,24.0,C,20.91,B,16.16,B,10.1,26.6829,76.7018
USR_2BE85C33,A,9.06,A,9.4,A,6.49,A,10.52,A,5.36,A,6.14,A,10.84,A,5.94,A,7.3,B,10.44,29.7726,77.1937
USR_A2DAFB1E,B,11.2,B,11.79,C,20.93,B,23.5,B,12.61,B,24.63,C,14.83,B,16.59,C,20.52,B,24.11,30.5165,76.2781
USR_4AD05E9D,C,24.41,A,16.71,C,14.95,B,21.36,B,13.09,A,10.52,C,23.69,C,22.77,B,15.81,B,24.23,14.3783,78.9727
USR_73E1CD91,A,9.03,A,9.65,D,7.88,A,9.11,A,8.76,A,9.29,A,7.66,A,6.02,A,12.0,A,6.72,11.5777,79.2804
USR_30057320,B,7.4,A,7.72,A,10.85,B,7.89,A,8.56,A,7.8,A,10.67,A,10.82,A,8.21,A,10.49,18.3009,73.6396
USR_F044081A,A,23.87,C,22.54,C,12.28,A,11.29,C,18.81,B,17.96,B,11.93,B,23.44,B,20.09,B,23.94,23.176,80.3585
USR_18D44F7A,B,10.5,B,23.15,B,23.24,B,15.66,B,17.33,D,13.03,A,15.37,B,14.13,C,14.09,C,10.7,12.744,77.6294
USR_B6ED21CD,C,22.2,C,21.75,C,13.8,D,24.56,B,20.4,A,14.71,B,12.6,A,13.34,B,19.65,B,23.78,19.1961,74.3532
USR_20C83413,C,11.07,B,18.66,D,11.09,B,18.44,D,16.11,A,13.38,B,15.94,D,21.8,B,17.2,A,21.48,25.2577,80.1271
USR_C81AFD73,D,33.54,D,28.02,B,21.73,C,17.16,C,23.03,D,36.29,C,12.38,D,38.08,C,23.66,C,37.55,27.5983,82.1402
USR_21E0EFC3,C,24.72,D,10.53,A,13.63,B,16.73,A,16.77,B,13.95,A,20.08,A,23.01,B,14.69,B,17.83,20.2731,71.9064
USR_3D60330B,C,10.6,B,19.43,C,23.96,C,20.72,C,13.97,A,24.25,C,20.63,B,24.01,B,20.82,B,23.57,27.1032,82.1373
USR_18B99BA5,A,10.24,B,19.85,B,17.86,A,21.99,C,10.53,A,12.34,A,20.66,B,18.96,B,21.06,B,24.21,25.8235,80.6594
USR_EA9AAA48,C,22.08,A,10.16,A,18.98,C,24.85,C,16.04,B,21.75,A,23.44,A,17.35,D,24.9,B,16.41,19.264,72.2418
USR_E091DFC4,B,12.08,C,17.76,C,12.72,D,10.57,C,16.12,C,22.77,C,16.39,B,18.81,C,12.89,B,10.2,24.2115,77.4969
USR_20CC0437,C,6.88,B,21.36,C,21.02,C,30.42,C,30.53,A,10.29,C,24.8,B,9.88,A,37.56,B,3.36,27.1881,77.0697
USR_69C3635C,B,16.79,B,13.26,C,18.0,B,21.25,B,10.97,D,20.3,A,11.67,A,16.71,B,11.02,B,14.08,22.0372,78.943
USR_0DBEF135,D,33.39,B,13.18,C,4.11,D,15.74,D,5.65,D,15.68,C,14.74,A,14.64,A,36.74,A,20.78,30.0737,77.8978
USR_20FEDB9C,A,23.42,C,16.19,A,10.62,A,16.51,B,20.99,B,20.7,B,17.8,C,23.48,B,14.21,C,21.45,24.4924,77.491
USR_2790AF89,A,21.41,B,20.08,A,11.19,A,24.52,B,17.54,B,11.03,A,18.01,B,18.28,B,13.21,A,22.65,24.2685,78.325
USR_C2F4CF47,C,23.06,B,24.83,D,10.99,A,15.22,B,24.52,B,22.57,B,11.56,A,20.45,C,11.17,B,11.3,19.446,72.5775
USR_1C95B124,C,34.67,D,29.18,D,8.15,D,2.88,C,30.52,D,32.21,C,22.89,B,36.28,D,26.28,D,11.7,18.1081,73.2248
USR_6DE42C50,D,19.57,C,28.28,D,19.63,A,6.13,D,23.87,B,6.91,B,35.15,C,27.65,B,25.41,D,21.0,29.2197,77.2939
USR_FFC71068,B,11.41,B,17.98,C,23.81,B,18.73,C,21.98,C,13.01,D,11.31,A,10.99,A,21.74,C,15.14,29.6653,75.8455
USR_22BDB0B4,A,5.01,B,7.63,D,5.95,B,8.67,A,5.73,B,6.73,A,5.47,A,6.63,D,10.12,C,10.8,27.8105,81.3492
USR_00B18DFE,A,11.43,A,5.43,A,10.68,B,5.46,D,8.0,A,8.69,A,9.38,C,7.47,A,5.56,A,8.79,20.8182,72.4815
USR_A0DC3E06,B,32.07,C,25.72,C,7.53,C,23.18,B,11.8,D,8.87,B,4.28,A,23.04,D,10.07,C,25.35,18.6284,74.6724
USR_B3128FE6,A,20.95,D,15.69,B,20.17,A,21.36,C,20.18,C,20.47,D,19.12,C,12.77,C,16.24,B,11.11,25.6414,79.9237
USR_CCE8E519,D,16.13,D,12.23,D,13.27,C,21.76,A,24.98,B,21.64,C,18.77,B,18.9,C,18.79,B,14.25,30.235,76.8286
USR_36D29302,B,21.98,C,21.18,B,22.77,A,13.32,A,23.02,D,12.94,B,17.79,B,16.55,C,21.89,B,21.6,24.8795,80.7384
USR_40C5B1C0,A,17.11,A,11.96,B,23.67,A,20.79,A,18.05,D,14.92,A,22.57,B,12.55,B,12.42,B,24.06,25.6564,81.103
USR_19FC7668,C,5.56,D,14.55,C,12.91,D,11.53,B,24.24,B,26.53,C,7.35,C,20.91,D,33.0,C,24.12,12.1866,78.4654
USR_14528A64,A,7.03,A,5.16,A,9.42,A,9.82,B,5.3,A,8.38,A,9.91,A,7.59,A,5.39,A,9.28,29.2887,75.7705
USR_85471120,B,15.18,A,22.33,D,18.62,A,10.73,B,14.5,B,24.63,C,21.74,C,14.34,C,22.43,B,12.12,26.5474,82.4909
USR_7822D25A,C,34.32,B,16.46,D,20.97,C,13.93,C,27.71,A,23.03,D,27.36,D,30.58,C,21.59,C,15.03,17.1009,74.3188
USR_0478779C,B,15.09,A,10.78,B,21.46,C,22.33,A,13.38,B,12.45,D,12.74,A,20.33,A,21.44,C,13.9,12.9063,79.1368
USR_9627B514,B,16.03,A,21.25,B,17.25,B,23.03,B,20.2,C,13.69,B,10.73,B,21.18,B,15.13,B,22.85,14.4461,77.3211
USR_7DA7E544,D,13.25,D,10.56,D,3.96,D,28.4,B,14.34,C,16.56,C,29.56,D,12.57,D,36.22,D,7.51,12.0087,77.5877
USR_37A91A31,A,5.45,B,10.63,C,10.22,A,5.76,A,10.65,A,9.79,A,7.38,A,8.72,A,8.56,A,5.29,13.0995,75.9007
USR_C671D414,B,24.14,C,20.33,B,16.62,C,24.02,B,20.34,C,14.74,A,16.49,A,19.54,D,24.66,B,12.79,22.3354,77.141
USR_C7BF8079,B,10.16,C,24.75,B,12.52,C,16.45,C,22.68,D,12.81,B,14.1,B,11.62,B,23.28,A,17.41,17.3568,71.5213
USR_2E80AA59,C,20.1,C,21.8,C,24.07,A,20.45,A,12.46,D,19.16,A,21.81,A,16.02,B,12.69,A,17.16,17.4911,72.1149
USR_B377E314,A,7.98,B,5.35,A,5.65,A,6.44,A,10.32,A,5.15,A,10.75,A,8.1,B,10.85,A,8.27,30.2465,76.8143
USR_077C0380,C,22.0,C,14.82,C,17.34,D,18.85,B,11.82,B,22.54,C,11.19,C,20.43,C,23.84,B,17.69,18.6076,73.7925
USR_C0619493,B,22.15,C,15.48,B,15.02,A,23.55,C,23.64,A,11.28,B,14.04,D,15.87,B,12.25,B,15.24,13.2151,78.1296
USR_FE880F5D,B,8.26,B,7.82,A,10.32,A,5.16,A,11.39,D,10.89,B,9.66,A,11.03,A,6.49,A,8.43,27.0248,79.1824
USR_5D4B77E5,B,4.02,C,11.0,D,4.01,D,2.29,C,25.58,D,30.21,C,8.5,A,16.97,C,28.24,C,17.87,13.5352,76.0816
USR_BBD09070,C,23.4,A,23.59,C,18.67,B,24.46,B,10.09,A,13.54,C,21.89,C,18.61,C,14.07,C,24.53,14.9481,77.6552
USR_9AB9B0BC,B,5.16,A,5.65,A,9.55,A,10.06,B,10.98,A,9.21,A,9.51,A,9.57,A,6.99,A,10.14,14.3942,78.0357
USR_33188BF6,B,8.01,B,5.58,A,6.63,A,8.5,A,9.16,B,10.23,B,10.37,A,6.49,A,5.31,A,11.13,12.0514,78.3518
USR_544ABD7E,A,5.56,A,8.0,D,9.41,B,10.2,A,10.11,A,10.92,A,9.7,A,10.22,A,7.01,A,6.93,29.7248,76.0484
USR_A1874740,B,11.49,A,21.51,C,12.66,D,20.59,C,23.7,B,23.4,B,12.69,C,19.18,D,15.18,B,13.07,26.0376,82.7684
USR_B069B1E1,A,9.88,A,10.03,B,11.6,B,6.16,B,10.33,B,11.32,A,6.97,A,11.03,A,6.68,B,11.31,20.6194,74.261
USR_A84ADAC7,A,6.38,A,8.77,A,7.86,A,10.67,A,5.61,B,10.44,C,8.35,A,9.19,A,10.14,B,7.04,22.5275,80.6368
USR_BAE145EF,A,5.93,B,7.95,A,10.43,D,6.67,A,9.92,A,6.84,A,10.6,A,5.3,B,7.75,A,10.11,27.2484,75.3391
USR_ACCBCBF1,C,24.59,D,19.69,D,15.88,C,13.79,B,24.27,B,19.09,A,19.41,B,10.6,B,19.09,B,10.83,21.4005,79.9418
USR_1DA67598,A,24.06,A,22.09,A,22.54,B,20.9,B,23.3,B,16.75,A,19.83,A,17.6,C,22.44,C,22.47,18.5825,73.8706
USR_9A1578FC,B,15.92,C,20.57,B,15.95,B,15.47,D,20.97,B,18.75,A,12.66,B,21.64,A,14.98,B,19.99,12.6026,78.553
USR_302BB6A1,C,13.11,C,13.54,B,10.5,B,16.59,B,19.89,B,12.21,B,12.27,C,18.26,C,10.13,B,16.23,11.3366,79.0442
USR_B7CA79F0,B,10.73,B,6.17,B,9.17,A,5.11,D,7.8,A,9.24,A,9.94,A,10.94,B,5.62,B,9.82,17.2627,71.2781
USR_244E7EC2,D,4.75,C,39.09,B,13.56,B,7.93,D,35.17,D,38.93,C,4.76,C,34.04,D,5.22,D,4.8,14.4898,77.0
USR_B874D00B,A,10.32,B,10.98,A,6.67,A,5.27,B,11.8,A,9.69,A,8.36,A,9.56,A,7.76,A,6.61,18.905,72.2541
USR_2171E59C,A,5.89,B,5.84,B,10.15,A,11.66,D,6.06,B,6.87,B,11.38,A,7.33,A,10.1,A,10.69,18.0324,72.5062
USR_0228404E,A,6.07,A,6.69,A,9.63,A,6.57,A,5.92,A,9.91,D,7.23,A,9.41,B,10.87,B,10.65,25.9659,79.77
USR_52C3DCF8,B,14.62,A,22.38,B,14.39,B,13.09,D,13.66,B,10.92,A,15.76,C,24.28,B,22.27,C,18.37,28.9447,77.5081
USR_672A2C1F,C,16.25,A,19.6,D,21.7,C,23.85,A,23.13,A,17.41,B,24.59,C,11.92,C,14.62,B,19.93,11.3261,77.7749
USR_AA2B29B2,B,12.41,C,17.02,C,17.46,B,11.17,A,13.84,A,13.51,A,15.39,B,15.5,B,10.04,A,19.11,25.8196,81.6912
USR_F9D50ED1,D,23.17,B,13.43,C,24.32,D,17.86,A,14.27,A,11.78,A,16.43,B,17.42,A,18.85,D,12.59,27.1144,77.8426
USR_36E27F96,B,11.7,B,11.04,B,18.73,B,14.97,C,19.02,C,21.08,B,20.17,B,14.79,C,20.49,D,22.56,11.3279,78.6918
USR_04D1F186,C,19.89,B,20.93,A,15.65,A,19.67,C,17.26,C,21.5,D,17.87,A,16.81,B,11.98,A,11.21,17.3893,71.8746
USR_AB5362D3,D,18.14,C,31.05,C,32.13,B,3.18,A,2.39,D,31.36,B,27.41,C,35.53,D,3.32,D,18.69,28.6642,78.7345
USR_6EB0826F,C,25.59,D,16.65,D,4.59,D,19.4,C,31.02,B,3.76,C,38.81,B,18.99,D,8.83,D,26.97,13.0928,77.5304
USR_B8422BF7,D,8.67,A,10.68,A,10.37,A,7.4,A,10.09,A,10.72,B,11.66,C,8.59,A,5.59,B,9.84,19.2694,72.9184
USR_2CAB8081,B,14.41,C,15.73,D,21.55,C,21.63,D,24.29,C,15.78,A,13.07,B,17.38,C,24.42,B,14.01,27.1576,78.2976
USR_C80FBC77,B,8.88,B,11.5,A,11.86,A,5.7,A,7.27,A,5.38,B,6.4,B,9.28,B,11.99,A,6.38,18.3127,72.7445
USR_4D6461EE,B,22.08,C,17.92,D,15.71,B,18.75,C,22.69,D,19.66,D,23.23,B,12.17,A,21.51,D,20.5,12.0401,78.2537
USR_B7530FD4,C,10.29,C,22.85,D,20.91,C,13.14,A,20.88,D,18.02,B,21.26,B,14.68,B,15.12,C,20.77,23.7341,79.4947
USR_03778287,A,29.02,C,3.76,C,9.93,B,27.99,D,7.31,C,22.97,C,10.21,D,32.17,C,11.1,D,9.67,22.0451,80.47
USR_C730F0E4,A,7.69,A,10.22,A,6.41,A,6.73,A,5.8,A,6.93,A,5.46,B,7.99,A,6.33,A,7.77,24.34,79.8258
USR_F7F34797,B,21.05,C,16.68,B,24.15,D,19.09,A,15.0,B,17.69,A,17.63,B,15.27,D,10.1,C,23.03,18.9672,73.5081
USR_1C3974E1,B,24.69,A,26.29,D,3.46,D,33.65,D,21.37,B,14.41,D,10.86,A,15.79,D,7.33,D,22.3,23.2532,78.0786
USR_7674E133,A,8.13,A,9.76,B,10.45,A,11.55,B,7.83,A,7.38,B,11.54,D,6.88,A,10.1,B,11.03,23.0553,78.1667
USR_74CDB650,B,36.58,A,28.87,A,20.36,C,9.76,A,7.61,D,10.42,C,21.98,C,19.4,C,39.23,C,19.59,23.1529,79.8567
USR_DCFC1ACF,C,10.94,A,14.96,C,23.49,D,14.2,B,24.26,B,18.72,C,18.32,B,19.37,D,23.77,C,15.67,20.9063,73.1398
USR_8B24E445,A,11.77,A,10.2,C,23.06,D,24.83,B,18.24,B,13.0,A,12.59,B,18.49,B,14.97,C,16.83,12.508,77.9665
USR_B54EBE67,A,12.69,C,24.14,B,24.47,C,18.2,C,23.53,B,17.54,A,20.29,B,13.28,B,18.28,C,21.14,13.6737,77.0571
USR_C7DF4328,A,8.05,A,10.53,A,9.37,A,8.8,B,8.42,A,9.89,A,7.28,A,7.74,A,9.2,A,9.23,24.8652,82.9371
USR_A140EA20,B,32.32,A,17.95,C,18.4,A,13.99,A,34.97,C,10.88,B,13.89,D,36.73,D,31.48,D,4.79,23.6867,77.3095
USR_426C9779,C,16.67,B,10.46,C,23.88,A,13.2,B,10.15,A,11.78,A,12.68,B,10.87,B,17.7,A,11.01,20.635,71.4323
USR_027DE189,A,11.37,A,9.99,A,5.82,A,9.01,A,11.86,B,8.29,A,8.04,D,7.11,D,6.07,A,5.29,27.3634,75.7171
USR_7E0CA694,A,18.36,A,23.89,B,14.07,B,21.02,A,13.47,B,15.42,A,18.81,A,19.49,B,18.54,C,24.78,11.1863,79.267
USR_6D4C5CDD,C,17.44,B,11.73,A,11.6,B,11.12,B,24.59,A,15.09,C,14.77,C,13.28,A,21.08,B,11.94,25.0553,81.8744
USR_EB353BB8,B,23.29,D,16.78,C,23.06,B,23.12,B,10.24,B,16.66,B,21.13,B,16.95,A,13.58,A,10.26,11.0671,78.8828
USR_3EBDA1B1,C,17.28,C,10.64,A,12.38,A,11.66,B,16.75,B,11.31,C,11.19,D,13.05,D,15.46,A,20.45,22.9985,80.1146
USR_37FF0308,B,24.22,A,19.07,C,23.33,B,14.11,B,15.76,B,14.03,B,21.33,C,24.17,B,23.63,B,17.5,19.2291,73.3058
USR_B1B8E6C5,A,23.6,C,13.59,A,15.61,A,10.68,C,17.12,C,17.44,B,17.8,B,21.02,A,19.58,C,19.3,25.9036,80.7184
USR_9A99E41F,A,24.68,B,20.3,A,16.58,A,12.75,B,24.12,C,11.83,B,24.0,B,24.07,A,15.37,B,22.08,14.3474,75.822
USR_BD795FC2,B,10.5,C,11.26,B,16.94,B,11.38,D,19.72,B,23.52,A,14.67,D,21.04,C,17.56,C,23.18,28.5268,76.6468
USR_492F7610,B,32.34,C,27.73,B,24.6,C,15.51,C,4.46,D,29.97,B,35.62,D,35.0,C,7.87,C,11.66,17.9801,71.3548
USR_EE737048,A,6.38,B,7.62,C,8.65,A,9.45,D,7.14,A,10.71,D,6.64,A,8.04,A,5.29,A,10.8,19.6422,73.3804
USR_D0C442D1,A,9.37,B,8.17,A,10.61,D,10.37,B,5.08,D,11.37,C,8.4,A,10.24,C,11.04,B,7.66,24.9965,81.0875
USR_6470428C,D,17.67,B,18.48,C,17.16,A,17.5,C,10.46,D,24.42,C,19.9,C,14.16,C,22.6,D,22.22,21.6275,78.4561
USR_48134282,D,23.11,C,6.0,D,24.45,D,39.44,D,27.69,D,10.79,B,32.28,B,23.2,D,11.59,C,34.98,27.3062,76.1441
USR_1FF491A7,C,18.1,D,37.95,D,21.81,D,12.48,C,4.34,C,9.2,B,4.53,B,32.04,D,12.86,D,34.12,18.1103,72.4861
USR_8BFA0CCF,A,23.91,C,18.71,B,18.62,A,18.24,A,15.7,B,20.27,B,10.88,B,10.93,B,14.93,C,14.76,18.8822,72.9185
USR_D0D208AF,C,15.97,D,23.79,A,24.61,B,12.8,A,20.43,B,21.98,B,17.76,C,14.29,B,18.1,A,11.38,26.6538,81.35
USR_87229555,A,8.82,A,5.95,A,6.53,A,8.9,A,9.76,A,10.26,A,7.39,A,11.7,A,6.4,D,9.72,27.0534,81.6984
USR_B043742D,C,28.2,D,19.84,C,30.04,B,9.83,C,34.17,D,25.98,C,28.76,A,7.37,B,28.27,D,16.85,11.3528,78.4658
USR_0740D16E,C,34.2,A,7.55,B,16.72,C,16.31,D,6.67,C,35.34,C,18.88,A,6.85,D,34.13,D,24.81,29.7843,76.8553
USR_9F8168F9,B,10.11,A,12.33,C,10.64,D,12.7,A,17.18,B,13.12,C,17.07,A,20.6,C,19.36,C,23.69,11.858,76.3658
USR_2A6927B2,D,10.8,A,22.37,C,24.85,D,10.51,C,4.0,A,30.77,D,34.72,C,28.3,D,25.94,C,12.88,26.5066,80.2221
USR_30D97B21,A,18.1,A,13.52,C,24.2,C,22.15,D,18.98,A,10.48,B,17.54,B,22.88,C,18.96,C,22.55,20.9241,78.7843
USR_F8DFCC6E,B,31.13,B,38.35,B,20.37,C,19.95,D,33.27,D,27.17,B,13.84,B,25.5,C,12.33,D,29.01,27.8395,78.967
USR_79DB8FD4,C,17.81,D,24.88,B,20.6,A,10.54,A,19.6,B,24.27,A,21.85,C,20.99,B,17.27,A,21.07,28.6487,80.4389
USR_A4F38EB6,C,15.39,B,17.89,C,13.7,B,22.13,D,17.16,C,24.04,B,16.64,A,15.96,B,16.05,B,18.53,14.0887,77.9777
USR_DEEFB387,A,10.47,B,12.96,B,17.43,C,20.5,A,12.61,B,14.34,B,12.78,C,23.1,C,23.49,B,23.55,11.9409,77.268
USR_0F667C9D,A,13.89,C,16.53,B,12.79,B,19.87,A,24.12,B,23.61,C,10.71,B,21.86,B,14.71,A,18.28,18.1345,73.9147
USR_1CB46CFF,A,5.64,B,10.12,A,7.52,A,5.54,A,11.92,A,9.19,B,6.36,A,7.7,A,10.72,A,8.77,26.3202,81.417
USR_309E57EF,B,12.77,B,19.48,B,22.93,B,21.41,A,13.21,A,16.48,C,10.6,B,16.61,D,24.09,A,10.12,21.4457,78.0427
USR_F00F5E2A,A,10.38,A,6.33,B,11.67,A,9.34,A,6.38,C,7.19,B,6.67,A,9.09,C,7.55,C,11.77,28.3013,81.3108
USR_29A91B9A,A,9.36,A,8.9,A,10.41,D,5.74,A,5.37,A,9.95,A,11.71,A,6.96,A,5.72,D,7.67,11.6187,76.4382
USR_9D464BC8,A,7.95,A,6.12,A,6.27,A,8.3,A,9.42,A,10.09,A,11.32,B,9.15,A,9.3,A,9.43,30.1771,75.3212
USR_92BF7BF2,C,12.65,C,21.66,B,15.84,D,15.61,B,11.29,C,19.57,B,16.89,B,17.88,C,15.6,B,18.5,21.1792,80.8698
USR_8F1CE579,A,24.71,D,17.01,D,14.86,D,12.18,B,14.83,B,19.66,B,16.52,B,14.33,A,16.39,B,21.13,23.7042,80.5667
USR_E57372BE,B,6.58,B,8.14,B,7.1,C,7.44,A,7.33,B,6.14,A,9.62,A,6.26,A,8.05,A,8.58,27.8402,82.6889
USR_4005B08A,B,14.46,B,14.34,A,15.28,A,22.32,A,18.23,B,17.36,A,11.62,C,19.22,B,17.25,C,16.14,14.405,79.5273
USR_2FF68ACF,D,13.12,B,23.26,B,29.64,C,35.1,D,5.51,D,8.56,A,13.81,B,5.73,D,30.78,C,26.48,14.1662,76.9625
USR_2C48C91A,B,23.36,A,20.95,B,20.8,A,16.65,A,19.96,C,16.4,A,10.87,B,19.34,C,15.32,C,12.34,23.5954,79.5183
USR_19E6184C,A,8.56,A,5.53,A,8.97,A,6.76,A,8.15,A,11.61,A,10.89,A,6.99,A,9.96,A,8.19,19.1439,73.7092
USR_56266054,B,10.9,D,31.56,C,2.16,D,19.3,D,25.28,C,11.16,D,27.47,D,39.38,C,16.36,C,26.1,24.2306,78.2874
USR_559D7387,C,23.58,D,2.56,C,33.67,A,34.09,D,39.62,B,7.06,C,8.26,D,16.34,C,2.28,D,5.79,25.6853,82.8806
USR_CE2AD1C2,A,8.27,A,8.56,B,9.31,A,8.11,A,6.46,A,8.62,A,8.25,B,10.15,A,9.75,A,5.28,27.2917,77.1321
USR_5F820633,A,19.92,D,14.4,B,22.18,B,16.85,C,11.91,D,18.85,A,22.57,A,13.05,B,10.18,D,24.66,13.0661,78.4226
USR_A2976157,B,19.22,C,16.94,B,10.74,B,24.74,C,21.36,B,16.13,B,19.16,D,18.35,C,22.6,B,24.66,23.1475,78.725
USR_D481AAA8,B,14.44,B,11.83,B,24.57,C,23.95,A,24.52,B,18.84,D,24.5,A,19.38,A,12.8,B,17.65,19.8936,72.3568
USR_CE97D145,C,28.98,A,12.63,B,8.35,B,27.15,A,6.1,B,24.73,D,14.36,A,36.77,B,23.79,C,24.74,29.2852,77.4509
USR_E925F387,C,16.27,C,19.12,B,21.89,C,24.01,B,10.84,B,24.2,B,19.06,B,10.27,C,15.68,B,15.34,14.0484,77.4089
USR_1D0FEE10,A,10.47,A,7.73,A,10.44,B,10.84,A,10.46,A,9.19,A,8.71,D,8.84,A,11.07,A,6.7,11.5263,78.8838
USR_7309E10A,D,33.54,C,21.35,D,21.26,C,3.49,C,34.89,D,34.27,D,7.12,A,20.32,C,12.07,B,2.63,18.4391,73.5296
USR_6AFC8EC0,A,10.16,A,11.4,A,10.96,C,8.84,A,11.02,A,8.31,A,9.14,B,8.93,A,7.39,A,11.62,21.9117,77.2832
USR_BF5588E8,C,16.75,D,22.33,C,19.0,B,4.17,D,2.18,D,29.73,C,14.37,A,16.96,C,6.68,C,3.79,25.0097,80.79
USR_732F28E6,C,15.61,A,12.18,B,15.4,B,16.7,A,14.0,A,11.1,D,10.37,B,11.39,B,14.65,B,21.07,18.0529,72.4113
USR_926A0F0A,B,15.85,A,14.42,A,16.07,C,23.58,A,20.34,D,24.81,A,12.08,A,21.62,B,17.79,D,10.77,20.3268,74.093
USR_BCD6D097,C,22.7,B,18.01,B,23.77,D,13.37,C,14.17,A,13.03,B,12.14,C,20.33,C,17.07,C,22.04,26.778,78.6505
USR_21DDC9D0,B,18.81,B,10.58,A,11.57,B,23.31,A,13.73,B,20.5,B,18.28,B,23.67,D,23.98,A,24.44,24.5398,77.5104
USR_BA36AACE,B,15.3,C,16.35,B,4.5,D,20.16,D,2.1,C,2.31,B,13.12,C,33.17,D,38.36,D,22.6,23.2684,80.7031
USR_D91277EF,A,7.62,A,10.23,B,7.51,B,9.38,A,6.18,B,10.84,A,9.73,A,6.61,A,8.82,A,8.82,30.4891,75.7288
USR_3CA18DF9,B,11.47,B,17.88,B,10.29,A,13.06,A,13.91,C,19.15,B,21.58,B,23.56,A,19.39,B,18.54,21.6181,77.7624
USR_B67AEC9A,D,23.52,A,20.68,A,10.45,C,20.11,C,21.76,C,13.88,B,20.96,B,21.1,B,18.98,C,23.05,27.9054,82.2198
USR_A5EF02D6,B,14.59,B,15.34,C,22.51,C,13.54,A,22.61,A,23.28,C,22.06,C,17.35,C,17.13,A,22.1,26.8699,78.9479
USR_181DBB8C,B,13.11,D,10.02,B,24.88,C,24.08,B,13.55,B,17.18,B,21.16,A,20.92,A,15.3,C,17.05,22.9362,80.1365
USR_1D2268B7,A,18.39,D,14.9,A,19.53,B,24.31,A,10.88,A,18.37,B,11.43,B,19.9,B,17.43,A,12.63,26.6152,82.894
USR_B5D97CED,C,10.15,A,12.17,C,14.31,C,16.32,A,14.55,C,20.47,B,21.82,A,16.35,B,10.65,B,19.33,18.4282,71.91
USR_5069CF13,B,11.59,A,39.26,D,36.13,B,8.74,B,3.34,B,38.2,C,12.21,B,21.51,B,26.7,B,30.07,30.4996,76.7487
USR_0C639645,D,12.32,B,19.57,B,20.76,D,13.75,B,16.99,C,12.85,B,17.29,D,24.09,A,14.75,B,24.46,18.1809,72.0747
USR_AE9F0E8C,A,11.28,B,6.16,B,11.42,A,10.14,A,7.42,A,7.27,A,5.53,A,7.64,A,10.16,A,10.47,28.0832,76.3132
USR_70089D7E,A,8.4,A,11.37,B,5.48,C,9.58,A,5.33,A,8.37,A,6.85,A,5.17,B,10.0,A,11.26,27.4419,76.3516
USR_504208F8,D,33.89,D,16.2,D,2.45,D,21.7,B,15.92,D,19.61,B,35.22,C,33.84,D,26.36,C,3.86,22.13,79.3612
USR_C2A860FF,B,13.54,B,23.93,B,23.8,A,24.2,B,13.51,A,16.42,B,14.3,A,12.67,B,11.56,C,24.98,23.87,77.5356
USR_27ACE8F8,B,23.55,A,15.98,C,24.66,A,12.66,B,24.81,D,11.57,A,23.41,A,19.9,B,12.99,C,20.43,27.8917,82.1857
USR_2D9AB23C,B,10.85,C,17.07,A,22.93,A,18.17,C,11.41,C,16.04,B,18.0,A,17.23,D,14.71,A,16.7,20.1177,74.5213
USR_CD343CDA,D,12.54,B,24.19,B,15.48,D,17.61,B,20.04,C,13.17,B,21.41,B,23.36,D,20.91,C,19.1,27.8257,77.5991
USR_1C3C392D,B,18.29,B,18.2,D,22.36,B,16.99,B,15.83,C,17.55,C,20.09,C,21.92,C,22.92,C,15.34,21.0877,80.0706
USR_DF9A3F7C,B,23.69,B,23.31,C,18.36,B,23.57,B,16.71,D,19.85,A,17.31,B,16.64,B,18.0,B,15.49,26.2854,82.831
USR_CC41994F,B,9.91,C,11.36,A,7.76,A,7.85,A,11.42,A,7.22,A,7.45,A,8.51,B,10.14,A,8.56,13.2335,78.2851
USR_B88F3B27,D,5.8,B,7.12,B,5.33,A,8.42,B,5.45,A,10.93,A,5.64,A,11.03,A,11.27,A,7.82,14.5397,78.5044
USR_B64A5536,C,23.61,A,21.18,B,10.09,A,23.7,D,17.04,B,10.38,C,16.86,C,22.5,A,12.7,B,13.02,23.3797,77.8336
USR_91891D33,A,23.43,B,23.93,C,21.53,A,14.88,B,14.16,B,23.84,B,23.17,B,23.97,C,10.8,D,14.99,14.3649,78.1306
USR_23E7A0EC,D,20.33,D,21.34,A,14.23,A,18.03,A,11.65,D,14.94,A,22.5,B,24.0,B,24.59,A,10.58,12.579,76.181
USR_EE183CE1,D,11.26,C,18.09,A,20.45,A,10.45,B,22.83,B,16.23,B,11.79,C,16.39,A,15.97,C,15.57,28.53,79.4842
USR_7AD0D40C,A,10.61,A,5.67,A,11.36,A,8.32,A,7.76,C,9.32,A,11.32,A,7.02,A,8.12,A,10.98,14.1918,75.6902
USR_A474F25C,C,11.09,D,17.39,D,27.54,C,10.37,D,11.92,C,29.14,B,6.61,D,8.02,D,30.33,D,36.28,11.9515,75.7671
USR_98583CAD,C,11.94,A,5.44,A,8.93,A,10.55,A,7.2,A,5.02,B,9.82,A,5.46,A,11.99,A,8.34,14.9669,78.3523
USR_F15DCAC3,B,9.2,D,11.81,C,29.96,B,33.94,D,13.3,D,24.99,A,16.4,B,13.58,C,12.68,C,37.55,26.771,80.5112
USR_5CC3DC4B,A,23.13,A,10.57,B,20.08,B,16.86,B,13.21,B,20.05,C,19.32,D,22.76,C,10.35,B,23.21,11.1524,76.1307
USR_36496D3E,A,11.33,B,15.0,A,18.7,A,24.08,A,24.38,A,16.69,A,23.68,A,23.56,B,14.07,B,11.09,19.0106,73.3066
USR_6AFFFFBD,B,21.8,B,23.21,A,18.87,D,12.91,C,16.51,B,16.22,C,11.58,A,12.58,A,23.71,C,16.24,27.7703,77.5022
USR_696E1BBC,C,17.22,C,34.31,C,19.39,B,12.15,D,9.48,A,10.94,D,37.4,D,15.04,C,26.85,B,8.6,28.051,80.1241
USR_A08A21C5,C,14.38,A,23.99,B,14.28,C,21.06,D,17.45,B,14.05,A,24.8,C,19.06,A,12.13,B,14.84,11.1192,76.88
USR_9CFCBBFB,A,11.18,B,5.93,A,7.06,A,5.35,C,5.02,A,11.8,C,9.33,A,9.78,A,9.24,B,10.72,21.186,80.8857
USR_CCD28E5A,B,10.54,D,16.67,D,23.75,C,18.36,B,18.34,C,10.02,A,17.44,B,10.94,B,24.04,C,11.93,22.5775,77.2639
USR_0F5C5E4C,C,15.35,A,23.83,D,23.18,D,20.03,B,14.16,A,20.43,C,12.19,C,16.99,C,16.18,A,20.23,14.1658,76.6555
USR_19E56D59,A,7.8,A,8.75,B,11.25,A,5.41,A,8.97,A,8.22,A,10.36,A,7.21,A,6.29,A,10.69,19.2638,72.0449
USR_7C986711,B,21.76,C,18.79,D,23.26,A,24.86,C,21.55,C,20.14,B,24.45,C,10.25,A,18.99,C,13.06,28.0044,79.5078
USR_CA5DB7A8,C,20.3,C,22.91,C,24.49,D,15.31,D,22.59,D,12.09,A,10.86,A,16.22,C,10.13,A,22.47,18.8774,70.9024
USR_ED132AFE,D,23.41,B,18.42,B,16.63,C,19.8,B,14.27,D,16.16,A,10.92,D,17.9,B,17.0,C,15.94,24.5878,80.6804
USR_2784BD30,B,29.01,A,27.73,D,38.68,D,34.48,D,38.1,A,17.72,C,27.54,D,38.71,A,18.04,B,15.47,29.1073,76.7466
USR_5BF85879,C,27.86,C,28.04,D,28.38,A,19.43,A,7.58,B,34.36,B,24.29,A,5.52,D,31.44,B,31.87,18.8861,71.535
USR_2C76059B,D,18.3,B,17.6,D,19.35,B,23.53,C,17.84,A,23.89,B,18.66,B,20.08,D,15.0,A,18.06,25.3454,79.9846
USR_46EA4F59,C,22.76,B,14.78,C,16.65,A,21.18,B,23.64,A,13.58,C,11.81,B,24.21,C,17.18,C,10.53,27.3283,77.9623
USR_A06955CD,C,26.68,C,8.03,D,14.32,B,23.91,C,5.01,C,33.14,A,11.04,C,30.28,C,14.84,D,24.46,30.3063,77.7333
USR_2061FBEC,A,7.54,A,10.82,A,6.06,B,11.14,A,9.16,A,6.25,A,9.2,A,11.79,A,6.67,A,7.56,24.1514,78.2858
USR_32342559,D,15.67,B,16.04,C,15.89,C,20.48,A,21.36,C,16.27,C,22.66,B,21.05,A,12.52,B,12.46,11.0624,76.1316
USR_ED97CFBF,D,19.37,C,25.53,D,22.88,B,38.11,D,7.46,C,3.91,D,18.89,C,4.61,D,2.76,D,34.68,30.5883,75.4721
USR_67EAD916,A,7.78,A,6.85,A,9.82,A,10.18,B,8.97,D,7.67,A,11.02,A,9.25,A,10.69,A,8.59,18.9888,72.8864
USR_EDAF7D27,C,19.7,C,21.93,A,19.1,B,16.7,A,10.22,C,11.31,C,16.1,B,20.35,B,10.01,B,19.53,21.8092,81.0175
USR_607A1758,A,11.02,A,7.76,A,7.02,A,8.42,A,7.46,A,6.03,A,11.9,A,5.72,A,9.14,A,10.95,27.6446,79.1938
USR_7800FD30,A,8.5,A,7.3,D,7.06,A,7.27,A,6.95,C,10.23,A,7.61,A,10.02,B,10.32,C,10.93,14.655,75.6061
USR_0E465E8B,D,35.09,D,2.7,D,39.21,C,28.96,C,16.33,D,34.01,C,26.21,B,29.64,C,16.89,C,32.25,20.3542,72.3627
USR_80C05134,B,14.8,C,2.71,B,30.81,B,33.38,A,20.58,D,39.07,C,27.39,D,3.86,B,17.14,D,17.41,25.4587,82.2848
USR_171CB52D,B,10.64,B,16.66,B,15.19,A,17.88,A,18.98,D,13.14,B,23.42,D,18.5,A,14.1,C,17.85,29.6243,76.4784
USR_389E9773,A,24.15,B,12.01,D,11.44,C,16.28,A,24.71,D,19.83,A,10.51,B,21.69,B,17.6,C,17.84,25.0022,82.7797
USR_E83C55D0,C,12.3,A,20.18,B,22.22,B,16.32,B,19.19,C,11.01,A,22.98,A,24.34,B,15.87,B,16.54,26.955,75.8366
USR_1925802F,B,12.19,B,15.08,A,13.53,B,18.89,B,24.36,B,12.15,B,19.8,B,22.6,B,15.46,C,11.53,19.6388,74.2166
USR_DE3E9BB8,D,10.64,D,19.19,C,17.21,D,15.39,B,22.96,A,19.18,A,22.12,B,14.67,A,20.1,C,19.74,26.7499,80.9647
USR_CCEDAD1F,C,22.01,B,10.37,C,10.76,B,11.7,B,24.63,A,24.96,C,12.75,A,19.07,D,10.5,A,11.99,28.8541,79.0109
USR_2AD146FD,C,10.36,A,8.62,A,8.75,A,9.27,B,6.04,A,8.33,A,9.89,B,6.21,A,9.91,A,11.37,21.5847,81.0115
USR_FA2E121A,A,12.34,B,23.61,B,18.45,D,18.54,B,12.33,D,18.29,D,16.45,D,22.29,D,21.05,C,10.92,29.3062,77.475
USR_DDC0498D,B,16.35,C,21.0,B,14.86,B,23.64,D,16.62,C,21.83,C,12.47,B,24.63,B,14.91,B,17.97,18.1951,72.019
USR_6AC57D7E,A,11.99,B,11.18,B,10.14,D,16.74,D,23.47,B,13.61,B,20.77,A,18.55,B,24.02,B,16.91,28.6405,78.1418
USR_FF8F6EE2,B,15.41,C,19.16,B,21.23,C,23.71,C,21.81,B,15.96,B,18.68,C,11.79,A,21.1,D,21.21,23.5977,77.6448
USR_079E25A8,D,10.31,A,35.59,C,5.95,D,20.07,C,25.68,D,4.45,C,27.9,D,14.93,D,4.43,C,16.61,14.5299,78.0734
USR_6C4DBDCA,A,13.18,D,10.68,C,19.78,D,15.41,C,23.71,C,11.55,B,16.85,B,17.47,B,15.67,B,12.39,29.0377,78.6154
USR_3B5E30C1,A,25.15,D,13.23,C,33.5,D,20.56,D,2.31,A,16.92,D,23.47,C,22.96,D,21.94,C,31.84,22.6849,77.7581
USR_4716F8D8,C,14.09,B,39.95,D,13.24,C,8.71,C,31.38,A,20.41,B,25.99,D,36.42,C,13.27,C,11.16,26.9694,80.5834
USR_CF018449,B,18.22,B,14.88,C,17.12,A,12.66,C,17.34,B,18.22,B,10.9,B,18.86,A,15.29,B,23.31,14.3281,78.2353
USR_1684D792,D,10.49,D,12.24,D,39.65,D,6.19,D,4.75,D,5.56,D,18.88,C,9.17,B,13.72,C,37.97,23.8575,80.3576
USR_8D25D07D,A,15.89,D,13.58,D,11.51,D,20.83,A,11.82,B,17.47,C,16.14,C,21.76,B,24.25,A,22.46,25.6064,80.1386
USR_E4574F7A,C,21.66,A,25.0,B,21.95,C,21.6,B,18.88,A,19.82,C,23.01,D,23.27,B,10.12,D,18.67,27.3677,79.2126
USR_56B74B33,B,20.14,C,10.37,C,16.16,A,13.2,A,14.67,B,14.03,A,16.05,A,16.05,B,19.81,C,11.49,27.9312,82.0459
USR_5BB38123,A,10.63,A,22.9,B,24.85,C,23.23,A,10.62,C,17.05,A,14.48,B,22.44,B,11.81,A,15.42,26.7741,78.5081
USR_827878CB,D,14.45,C,10.72,D,31.88,D,11.53,C,20.46,D,27.95,D,17.09,D,10.45,D,38.85,B,26.34,27.2709,81.6497
USR_B7970BD8,C,14.32,A,24.14,D,19.61,B,14.54,B,17.82,B,10.68,B,24.97,B,15.54,A,18.06,C,22.37,26.6849,78.5011
USR_0ED82F15,D,19.62,D,31.86,C,22.03,C,12.65,C,36.71,D,9.31,C,16.5,C,39.08,C,28.49,D,16.82,14.2096,76.9151
USR_A41B8C90,C,11.79,C,18.65,B,11.62,A,13.14,D,22.0,A,19.36,C,24.04,B,19.23,D,12.73,A,13.53,22.9181,80.4625
USR_C7604B39,C,11.13,B,19.13,C,12.26,B,16.84,B,24.53,C,21.65,D,18.3,B,12.78,B,12.88,B,23.23,17.757,73.2624
USR_42293195,B,19.07,C,13.66,B,12.91,A,10.12,B,16.74,C,19.15,C,12.16,C,22.52,B,15.68,C,18.18,28.2106,79.3703
USR_D2A7D0EA,A,8.84,B,9.13,A,6.65,A,6.08,A,5.11,D,8.59,A,11.36,A,8.27,A,11.7,A,8.7,26.1298,80.4013
USR_93392FE4,A,11.81,B,23.14,C,21.5,A,18.64,C,13.51,B,18.09,B,15.7,C,13.05,C,24.15,C,21.09,26.7344,80.8022
USR_DB373E39,D,10.42,A,20.92,C,12.57,A,17.53,C,17.1,B,10.8,A,21.2,B,20.63,C,23.13,B,23.96,28.0978,75.4939
USR_95B4E664,C,13.42,D,29.47,D,9.42,B,31.79,B,19.76,D,8.24,C,39.56,C,6.48,D,16.64,D,20.47,14.8327,75.7185
USR_E7025DB9,B,31.08,B,5.02,D,13.06,D,21.47,B,30.14,A,29.52,B,6.93,D,6.44,C,29.07,C,26.03,19.1817,71.9025
USR_77C6FF11,A,14.82,A,10.74,C,10.67,B,22.26,A,20.87,C,17.35,C,14.75,A,18.0,B,20.38,B,14.78,22.579,79.0639
USR_AAB0AB02,A,8.62,B,9.35,A,10.62,A,8.91,A,11.28,A,6.74,A,8.41,A,8.32,A,6.76,A,11.38,18.0429,72.0449
USR_E0E53DE4,B,20.69,B,23.17,D,11.02,B,19.17,A,15.39,A,23.97,A,21.42,B,14.26,A,14.7,C,23.86,11.0655,78.5963
USR_1B5F2D8B,A,14.67,B,18.87,B,13.98,B,20.6,B,10.56,A,21.9,C,16.82,A,22.7,A,17.36,B,15.17,29.9316,77.8437
USR_2CC1D7EB,B,15.6,B,20.77,B,24.12,A,13.69,A,23.66,B,17.44,A,13.21,A,23.45,C,11.82,C,16.75,25.1717,82.228
USR_3E3B1B8A,C,32.33,B,16.31,B,6.24,B,37.96,D,6.12,C,11.87,D,17.51,D,26.59,C,28.6,C,15.03,13.772,79.1706
USR_C025BE9E,D,18.32,A,20.17,B,16.52,A,11.81,C,15.28,A,19.27,D,17.15,B,17.89,C,20.65,A,16.33,12.3431,79.442
USR_C5E1436A,A,5.46,B,7.01,A,9.83,A,7.45,A,5.68,C,5.52,A,9.03,A,5.92,A,11.67,D,5.3,11.5145,76.2608
USR_6FCFF395,B,27.89,D,29.2,C,29.86,C,11.83,D,37.31,D,38.77,D,9.55,C,29.71,D,36.44,D,25.59,22.9191,77.4581
USR_FD6BBEC1,C,8.75,B,5.39,C,28.49,D,10.91,C,39.68,D,2.97,B,7.92,D,13.56,B,16.68,A,19.24,27.7316,81.4409
USR_1AFC9847,B,22.44,B,12.13,D,12.67,B,10.26,C,10.15,C,21.97,B,20.1,B,22.29,B,14.88,C,23.4,27.2183,82.3467
USR_360A287F,B,39.83,D,16.57,C,23.6,B,35.66,D,37.1,C,18.36,B,15.05,D,8.86,B,20.39,A,26.37,23.8725,79.3356
USR_2C30F7A5,B,22.05,B,15.14,C,17.9,B,16.0,C,15.72,C,17.94,A,11.14,C,12.2,C,12.43,A,16.87,23.7952,80.7955
USR_CADF7E48,A,8.22,A,6.86,A,7.38,B,7.85,A,5.11,A,8.84,B,10.89,B,7.86,A,5.02,B,10.86,17.3221,74.4201
USR_D48BFEAD,C,21.44,B,21.8,C,22.44,B,12.31,A,22.0,B,13.6,B,14.13,A,21.77,C,23.67,B,23.1,30.3259,78.3412
USR_7901B26C,B,23.29,D,39.21,C,36.41,D,33.29,D,6.77,C,20.52,B,34.94,D,15.0,B,9.74,A,21.87,26.981,75.8603
USR_7FC6888D,C,13.88,A,24.75,B,15.01,C,22.13,D,12.56,C,23.84,B,20.96,C,17.43,C,23.48,B,17.89,20.1179,72.8742
USR_E913BB96,A,10.06,A,13.93,B,17.32,B,20.23,D,24.67,B,18.17,C,19.38,C,16.4,A,13.06,B,14.26,24.0196,80.121
USR_CAF96D83,B,15.3,B,11.39,B,19.04,C,19.04,C,11.79,C,10.84,A,12.23,A,20.06,A,18.02,B,22.68,28.0525,78.9732
USR_802E3373,D,26.6,D,16.54,C,9.19,D,15.18,D,13.41,B,5.0,C,28.2,D,36.65,C,27.27,C,29.75,13.0432,75.6086
USR_4604ECBA,C,23.66,B,22.67,A,23.11,B,12.81,B,13.95,B,17.06,B,13.14,B,18.9,C,21.43,B,15.07,26.8298,82.2408
USR_8D25110F,B,17.75,B,13.34,B,22.92,C,21.22,B,10.01,A,12.15,B,10.08,B,24.52,B,14.69,C,23.15,19.2719,71.764
USR_D87EEFFE,B,14.19,C,21.93,D,15.29,B,23.47,D,19.17,B,24.33,C,12.63,C,10.22,C,19.77,C,16.13,28.8881,77.8421
USR_37BAAF7A,A,12.0,A,11.19,B,21.75,B,16.87,B,24.99,B,24.37,D,13.77,B,12.33,B,17.7,A,14.53,29.8307,75.3667
USR_42F1E906,A,9.79,A,9.25,B,9.71,A,7.58,B,8.23,A,10.17,A,7.29,A,6.6,B,11.62,A,9.86,26.6452,81.1383
USR_67F0CC8A,A,5.49,A,7.56,A,8.89,D,11.95,A,9.8,A,8.65,A,11.64,A,9.35,A,6.41,A,10.59,11.0005,78.6521
USR_1758333B,A,21.34,B,18.36,C,15.7,C,13.47,C,11.77,A,20.9,D,10.78,A,20.79,B,13.53,B,14.16,28.766,77.4412
USR_5CD41252,B,8.59,A,8.9,B,5.92,A,8.86,A,5.22,B,10.75,A,8.03,A,5.25,D,8.51,C,5.25,23.67,77.207
USR_9B60540C,B,10.02,B,10.93,C,15.47,A,16.3,D,18.93,B,16.03,A,11.97,C,14.78,B,24.17,A,12.49,14.1485,78.6437
USR_0A820F34,B,35.29,D,6.73,C,4.3,B,16.05,D,31.27,C,23.99,C,11.66,D,32.86,D,29.37,D,21.98,21.1923,80.2566
USR_DB47001A,C,23.38,A,20.5,D,23.51,A,23.38,A,13.06,C,19.43,B,24.0,B,23.36,A,14.14,B,21.3,22.6896,77.3385
USR_6ED348B7,C,16.03,B,15.62,C,20.04,A,24.16,C,23.6,C,20.39,D,22.77,B,22.24,A,23.24,C,22.48,18.1855,74.6182
USR_AEA9F0AE,A,21.52,B,12.39,B,20.97,D,11.8,A,19.6,A,14.12,D,20.45,C,10.38,B,11.39,B,22.7,23.7891,77.2762
USR_2C5F70FB,A,20.24,A,17.92,B,24.95,C,23.86,D,10.96,A,15.44,A,23.56,D,10.66,C,12.83,B,21.29,28.4357,75.5225
USR_95409E9D,B,17.01,C,23.56,A,21.8,B,11.45,C,15.84,B,20.91,B,19.56,B,20.3,D,14.83,C,16.66,26.96,79.6385
USR_5E40F483,A,20.18,B,12.21,B,20.03,B,16.88,B,17.6,A,18.91,A,24.92,B,14.7,D,17.02,B,23.74,26.9752,81.0195
USR_E928EF2F,B,15.43,B,24.99,B,15.56,C,10.53,B,11.31,B,21.15,A,11.51,A,16.9,A,21.64,C,11.49,12.9189,76.3685
USR_9C7FD43C,C,8.48,C,23.15,B,35.42,C,4.51,B,8.73,D,16.48,D,11.42,A,6.06,B,8.5,C,22.28,13.8923,77.4171
USR_A17EF5B2,A,5.97,B,5.92,B,9.29,A,10.15,A,5.68,A,9.57,B,11.09,A,5.79,A,6.69,B,10.55,12.764,78.1108
USR_BA00C38C,B,22.55,B,25.57,B,31.27,C,24.88,D,21.46,B,33.37,B,30.04,C,17.66,C,4.45,D,21.66,28.8319,81.9653
USR_B5E4B81A,A,6.99,A,7.25,B,10.89,A,9.52,A,6.33,B,10.88,A,11.28,A,7.32,A,11.45,A,10.54,11.1134,78.3481
USR_BF7008A6,A,8.54,D,26.27,B,3.7,D,5.74,B,13.4,B,23.75,A,32.45,C,2.33,D,17.64,A,3.03,20.4368,71.8663
USR_006C51BF,B,15.93,A,18.94,B,15.73,D,11.9,A,22.08,A,15.38,C,15.01,B,22.3,C,18.89,A,15.42,19.9178,73.5652
USR_58CCEEA1,C,20.74,A,14.35,B,16.89,C,24.2,A,10.27,A,10.86,B,23.85,C,20.68,B,17.07,B,23.42,28.2221,82.3455
USR_88723A9D,A,24.06,A,17.2,D,17.0,A,19.8,B,13.32,D,22.14,C,10.72,B,15.48,C,14.26,D,15.01,28.0127,81.1363
USR_B84EFD5C,A,10.61,B,17.53,B,19.48,B,15.42,B,16.21,A,18.12,B,17.2,C,18.11,A,18.06,A,15.82,28.8517,75.8477
USR_2A6F8C15,C,13.54,C,17.65,A,18.66,D,17.34,B,23.03,C,21.16,C,15.61,C,24.65,C,12.26,B,19.02,30.574,78.8735
USR_77906D05,B,11.3,B,24.87,A,17.36,B,22.44,B,23.6,B,12.51,A,15.23,C,10.3,B,12.97,C,18.81,19.2366,73.0593
USR_4C7F8D66,A,14.05,B,18.45,B,13.23,B,24.28,A,11.68,D,23.68,D,18.54,B,23.42,B,15.01,A,11.92,28.179,77.5419
USR_CB4490FE,A,5.19,A,8.45,A,7.85,A,11.24,A,9.89,A,7.52,A,5.61,A,5.05,A,5.05,A,5.49,14.2494,78.6984
USR_87D1205C,A,21.03,C,31.02,B,20.09,D,29.15,C,22.39,B,24.5,D,14.38,D,6.34,D,19.8,C,38.55,23.5061,78.3128
USR_B1608A6C,B,23.73,B,18.99,A,18.63,B,18.33,A,24.94,C,17.88,B,16.62,B,16.7,A,10.46,C,10.77,28.4634,81.8689
USR_AC5B25C4,B,18.43,B,14.59,B,19.33,C,23.41,A,22.01,B,15.82,C,16.65,A,15.36,A,16.33,C,13.27,27.2995,82.7362
USR_F465B862,B,13.66,C,16.42,C,12.55,A,22.31,A,10.42,B,11.71,A,11.19,B,12.6,B,15.1,B,16.26,23.9902,79.7469
USR_A7908B7B,D,17.72,D,20.74,A,22.72,C,23.41,D,19.87,B,20.96,B,21.77,C,10.13,D,18.54,D,17.78,22.7491,78.7791
USR_B228BB83,B,22.65,A,22.82,B,21.74,C,12.96,B,13.54,A,11.12,A,23.2,D,19.55,A,12.68,B,12.41,26.8226,80.2631
USR_A420D601,C,18.74,B,19.41,C,22.84,B,15.06,B,22.9,A,20.68,B,19.57,B,17.63,B,19.93,B,19.39,18.9695,73.3515
USR_3B9095D3,A,17.11,B,10.66,B,24.23,B,21.18,D,18.02,C,20.35,A,13.04,B,19.41,B,16.92,C,10.25,19.8719,71.1162
USR_0AFC914F,D,2.56,B,39.81,C,20.48,D,10.38,A,25.82,C,15.12,A,11.31,C,32.43,B,3.13,D,2.66,27.6848,78.5716
USR_BC20E5CC,A,11.75,D,7.39,A,10.75,A,7.25,A,6.48,D,7.81,A,6.74,A,10.45,A,10.87,B,9.83,13.8976,77.3853
USR_2F7A2B49,D,24.9,B,20.31,B,16.73,A,13.17,C,13.17,D,24.74,B,21.73,B,10.78,B,15.13,A,16.87,12.3901,76.9315
USR_264099D8,C,13.38,B,18.57,C,16.35,C,11.33,B,23.07,A,22.04,A,12.88,C,18.84,C,22.65,C,21.06,19.4762,72.6086
USR_99643872,A,9.41,A,5.28,B,8.68,B,10.51,A,10.54,A,11.46,B,11.79,A,5.74,A,8.05,B,8.01,17.3051,71.3206
USR_D3A62559,C,12.94,B,10.44,A,16.68,A,12.49,B,20.19,B,24.22,C,12.87,A,23.53,D,18.67,A,12.54,17.5342,71.4507
USR_A1DD0213,A,23.28,C,11.58,D,23.76,B,11.79,A,21.23,A,13.78,C,15.15,B,13.03,A,21.54,B,11.38,30.2449,76.9679
USR_F1E3A021,B,15.56,A,24.04,C,13.78,B,21.91,B,18.7,C,17.54,C,13.95,A,19.77,A,14.73,D,16.93,17.1856,74.3244
USR_8570E9EE,B,34.24,B,29.87,B,26.17,B,15.37,B,5.41,C,35.81,C,8.93,B,20.29,D,20.47,D,7.23,17.101,74.7061
USR_4708195F,B,11.47,B,21.9,B,11.16,A,14.39,A,14.16,D,12.5,C,20.54,B,14.12,B,19.65,C,11.02,13.5457,78.8395
USR_0C6E486C,C,3.68,D,4.27,D,8.76,D,12.7,D,39.18,C,39.78,A,17.77,B,37.39,B,12.27,C,13.33,25.5735,80.2623
USR_7855C227,B,14.85,B,19.85,B,16.37,C,22.94,C,15.43,C,23.05,A,16.31,B,17.39,D,17.37,C,19.62,26.4856,81.8012
USR_C67D5902,B,16.81,B,24.0,A,12.49,D,17.92,C,23.56,C,14.12,A,16.07,C,12.45,B,19.08,C,13.12,29.5194,76.0542
USR_9674069A,B,6.48,A,10.15,C,9.53,D,8.29,B,8.13,B,7.91,A,9.39,B,8.47,A,6.63,C,6.55,21.1263,79.6823
USR_9E0AF81A,D,21.09,A,11.19,B,22.85,A,13.02,B,16.07,C,17.21,B,15.56,B,15.4,B,21.36,C,16.97,30.2441,76.5835
USR_AF88DEF6,C,10.04,D,14.9,A,20.77,B,21.23,B,21.07,A,14.49,B,23.9,A,14.83,B,15.89,C,18.8,24.1453,77.2341
USR_CD9CA41B,A,11.9,A,9.76,A,8.41,A,11.61,A,7.33,A,6.86,A,8.43,B,11.02,A,7.39,A,11.36,21.891,77.9018
USR_ECDCABCC,A,6.57,A,10.65,A,10.81,A,6.68,C,11.76,D,6.46,A,10.17,A,5.42,A,5.04,D,6.38,27.4117,75.8047
USR_0C63194B,A,38.33,A,31.92,A,25.2,C,12.58,C,20.99,B,33.14,B,21.83,D,38.03,D,13.41,B,6.35,27.9371,82.8543
USR_01256D38,B,19.55,B,11.84,D,17.0,D,23.23,A,18.88,A,24.94,A,17.59,B,17.98,C,10.39,B,21.52,27.017,81.8045
USR_867C4321,B,12.75,B,17.76,D,22.28,B,17.38,B,22.46,B,19.34,C,22.42,C,16.55,B,14.41,B,14.32,14.022,75.7394
USR_156D5AFB,B,15.44,A,15.02,A,14.38,A,12.79,A,24.06,A,10.87,B,22.94,C,23.02,B,15.41,C,15.0,28.8898,77.504
USR_ACFB997E,B,2.76,D,30.2,A,29.06,B,3.97,C,23.58,D,27.7,D,30.48,C,5.98,D,10.7,D,9.46,12.5302,75.8099
USR_E0B7BA0B,D,2.82,C,22.74,D,17.21,D,13.49,D,39.3,A,26.65,D,4.45,A,21.11,B,37.98,A,7.98,14.069,76.1921
USR_22F05644,B,11.39,A,14.77,B,15.65,C,10.58,A,14.58,B,11.95,C,12.93,B,10.87,C,19.3,B,20.67,13.0289,78.4517
USR_9207889E,D,16.36,D,24.6,B,13.62,A,32.39,C,15.75,D,12.9,C,21.41,D,7.09,C,34.54,D,28.51,26.5445,82.0992
USR_F9C35F98,B,9.36,B,5.49,A,5.55,D,5.23,B,10.38,A,9.94,B,7.85,A,9.03,A,9.79,D,9.83,23.3921,80.0758
USR_09099236,B,24.86,A,17.64,B,20.11,A,11.46,C,23.9,B,15.81,B,21.16,B,24.37,B,19.35,B,21.48,18.4196,73.2262
USR_56E13EF8,B,10.86,A,7.93,A,9.97,A,9.87,A,6.28,A,11.32,A,6.15,A,7.58,A,6.13,B,7.75,13.7738,75.6845
USR_DE9B2E6E,A,5.41,A,9.77,A,6.03,A,5.21,A,11.16,A,10.14,C,10.71,D,7.28,A,9.43,A,9.89,25.4253,82.3496
USR_72D0D6BB,C,10.03,A,15.19,C,12.93,D,22.21,C,19.95,C,16.0,D,18.99,C,19.73,B,23.26,B,24.87,22.7024,80.2071
USR_970F9DAD,A,20.46,C,20.93,B,10.5,A,21.6,B,13.5,C,22.5,B,23.49,A,21.81,C,17.16,B,17.54,21.6851,78.1977
USR_008F9F15,D,26.8,C,14.32,B,2.6,C,9.73,B,6.82,D,5.82,D,16.02,D,11.47,D,32.31,C,4.29,28.0419,75.6479
USR_9AE72CF4,B,15.89,B,11.98,B,11.56,B,21.92,D,22.53,A,24.36,B,13.09,C,18.71,B,21.56,D,22.54,19.4922,72.9164
USR_595727AA,A,16.03,B,10.26,A,24.41,A,13.57,D,18.71,B,19.74,A,15.95,B,13.27,D,10.44,B,10.95,18.3181,72.3909
USR_578E5757,A,8.01,A,10.3,A,11.78,A,6.4,C,9.45,B,6.99,B,8.46,A,10.6,B,5.6,A,10.54,19.3044,74.2418
USR_8FF528BC,D,13.03,B,12.99,B,20.5,B,17.57,A,16.71,B,22.44,B,18.5,A,19.2,B,17.44,B,18.67,22.3817,79.3109
USR_A2661202,A,13.69,C,16.67,A,20.41,C,16.0,B,20.13,C,10.8,B,22.5,B,12.03,B,16.85,B,14.83,14.7254,78.2728
USR_EE6A4C9F,B,22.18,D,12.53,C,20.08,C,12.65,B,24.88,C,19.06,B,21.21,B,20.9,B,18.07,A,17.96,13.759,76.537
USR_920C920D,A,23.32,C,10.45,B,23.6,B,12.82,C,23.06,C,24.85,A,22.99,A,10.96,B,16.07,C,24.66,12.4264,79.3155
USR_48C6C5CF,A,5.39,A,9.46,A,6.51,A,5.68,A,7.66,D,6.77,A,7.75,A,9.96,A,10.67,B,11.37,18.9707,72.6005
USR_3C88F0D5,C,8.49,A,10.2,A,7.85,A,8.25,A,8.26,A,5.54,A,8.86,B,7.4,A,6.61,B,11.62,18.6874,74.1972
USR_E15A5706,A,7.9,A,5.23,A,9.17,A,9.37,A,6.75,A,7.94,A,10.21,A,10.06,B,9.19,B,5.09,28.0454,79.0197
USR_0FF64326,B,24.75,A,24.31,C,22.17,D,10.41,A,19.77,A,10.47,A,13.64,C,17.65,B,23.61,C,12.23,22.089,80.5789
USR_442E3144,A,21.74,C,15.1,D,18.93,A,20.19,A,12.83,A,16.95,B,23.04,A,19.42,D,15.28,B,16.03,12.2454,78.4339
USR_59CC002C,D,17.76,D,20.62,A,16.66,B,17.43,B,11.6,B,20.55,C,19.87,B,15.73,B,13.98,D,21.06,20.2103,70.8938
USR_45D357E4,B,24.44,C,14.91,A,12.3,C,21.76,B,23.77,D,13.92,C,22.87,C,10.02,C,24.44,B,21.43,23.0796,77.7537
USR_A125A00C,A,20.98,B,19.42,B,11.1,D,11.73,B,20.8,C,11.26,B,24.32,C,22.15,A,21.37,B,15.89,17.099,73.8823
USR_8097DD84,A,17.7,C,14.15,B,22.77,C,20.71,D,16.55,B,18.51,C,16.51,B,23.2,B,21.07,A,15.88,23.752,77.3813
USR_6D51F0FC,B,18.08,C,12.4,A,21.67,B,10.08,C,12.31,A,22.35,B,21.2,A,23.3,C,12.24,B,10.69,13.7076,78.4174
USR_8A952E5E,C,10.67,D,14.05,C,14.28,C,15.19,B,21.07,A,22.81,B,21.4,C,19.43,B,19.45,C,15.29,18.9577,72.2745
USR_82B5F270,A,10.61,C,7.05,B,9.03,A,11.27,A,8.5,A,7.32,A,8.93,B,7.72,D,10.88,A,9.85,12.7718,78.8759
USR_7FDD271C,D,17.46,B,17.16,C,22.22,B,21.27,B,15.18,C,13.16,B,14.79,B,24.15,B,11.46,B,23.98,11.5576,76.0278
USR_B945276A,D,4.62,A,28.03,B,12.48,C,4.48,D,37.69,A,37.89,B,34.18,D,3.84,C,27.93,A,26.21,14.5268,79.2126
USR_8155B183,A,11.61,B,16.26,B,12.16,B,17.33,A,11.73,B,19.39,B,18.22,A,20.2,A,21.49,D,20.21,28.5425,80.2526
USR_99B30CD5,A,7.85,A,7.03,A,5.26,A,5.11,B,10.83,D,7.58,D,5.89,A,10.65,A,11.31,A,8.97,28.2416,76.3654
USR_164101A4,D,24.33,C,16.99,B,20.1,C,18.99,C,12.52,B,22.34,A,13.18,B,12.25,B,17.59,B,15.21,21.6607,80.2811
USR_E14762A2,C,16.68,A,13.76,A,18.62,B,22.84,C,24.9,B,17.73,A,15.8,B,14.03,D,19.2,A,10.01,19.3118,73.8621
USR_9ED9964E,C,23.17,B,18.19,C,13.51,B,15.41,A,22.83,C,21.85,B,13.71,C,23.11,C,16.23,A,23.83,18.9567,72.3182
USR_D6587984,B,23.53,A,19.41,A,24.65,B,19.66,A,17.64,A,19.36,C,11.58,B,13.84,B,24.85,B,15.4,18.7376,73.9749
USR_5C7C527D,B,23.17,A,12.6,A,13.87,A,21.44,B,10.04,A,22.53,A,21.87,B,21.98,C,19.75,C,13.93,30.3999,77.7512
USR_B0C351CB,B,10.86,B,23.64,B,20.43,C,14.06,C,21.34,C,11.81,C,13.31,C,16.15,A,20.89,C,17.87,11.453,78.627
USR_97749E63,A,20.55,B,15.06,C,13.32,D,10.39,B,13.9,C,17.72,C,11.22,A,18.05,B,12.44,B,11.84,25.565,79.4446
USR_F7F701F3,A,18.36,C,21.92,B,22.24,D,15.97,B,23.31,B,22.01,B,19.7,B,17.26,A,18.43,B,21.09,28.6468,82.7984
USR_E8BD72E8,A,18.67,B,11.44,C,22.11,A,16.02,C,18.17,A,23.71,A,17.31,A,24.51,D,15.64,B,23.42,23.0414,77.7802
USR_00A4071A,B,36.21,D,26.09,D,20.27,C,36.51,C,37.32,A,14.4,D,14.28,C,2.29,C,25.24,D,10.63,27.833,77.8994
USR_50A80DFC,A,11.25,A,8.76,A,9.35,D,7.62,A,6.93,A,8.98,B,7.51,A,6.3,A,8.2,A,5.27,23.4182,80.5469
USR_BE2A6A78,A,27.55,C,11.34,C,11.96,D,25.28,B,8.76,D,24.91,D,39.42,D,26.62,D,14.23,D,5.62,26.9236,80.3268
USR_D82A3085,C,35.6,B,30.67,C,19.57,D,37.53,A,8.74,C,35.33,A,3.01,D,31.69,D,20.87,D,36.5,24.5802,77.823
USR_99579EAC,A,8.64,B,5.83,A,10.03,A,11.82,A,6.43,A,7.51,D,8.95,B,6.14,A,11.6,A,8.56,21.1474,79.5329
USR_24EC116C,B,17.12,B,13.4,D,22.63,C,12.79,C,12.97,A,13.65,C,21.95,B,15.54,C,16.18,B,23.96,22.8385,77.1856
USR_8F171821,A,20.32,C,18.19,C,19.32,B,23.9,B,14.99,B,20.33,B,21.76,A,10.06,A,18.74,C,10.19,27.267,78.4451
USR_7F738069,C,20.7,D,11.55,B,22.47,C,11.08,B,18.32,B,20.39,B,11.73,A,18.32,B,12.43,C,10.56,13.1863,76.8195
USR_80D3BA91,C,36.32,D,16.1,B,15.73,D,4.77,B,20.68,D,22.98,C,38.62,D,25.36,A,28.5,B,26.27,20.1534,71.2858
USR_D056E46F,D,16.81,A,11.69,B,14.52,D,16.39,B,19.23,A,20.71,B,10.57,B,19.14,B,15.77,A,21.35,23.488,78.0556
USR_E423643F,B,14.02,B,18.47,B,15.98,B,15.51,A,21.6,A,12.02,C,17.82,A,22.07,C,14.33,A,15.16,29.4888,77.6392
USR_7EDC58DE,C,37.74,B,12.28,D,11.94,C,2.77,D,18.39,D,35.78,A,12.87,C,3.4,C,35.84,D,14.74,21.6769,77.218
USR_56F41FCB,B,19.29,C,19.0,C,15.03,A,18.46,A,17.87,C,24.21,C,22.06,B,23.29,C,10.84,B,16.73,12.824,76.5776
USR_D8D7CD65,D,15.78,D,29.43,A,29.63,D,34.75,B,13.05,D,2.8,C,27.33,C,2.16,B,29.28,A,26.16,26.5538,81.7105
USR_41A8628E,D,5.99,B,6.72,A,5.58,B,5.13,A,11.06,B,11.81,A,11.77,A,10.58,B,9.41,A,10.03,28.5239,81.299
USR_33A9EB2C,A,17.98,A,17.59,A,11.03,D,13.34,C,17.16,B,23.56,C,16.41,C,18.12,A,24.41,A,18.37,17.5863,71.3223
USR_6D0173CF,A,9.9,B,9.76,A,7.73,A,5.41,C,8.51,B,6.65,C,6.97,A,8.66,A,7.48,A,9.54,20.9265,78.2708
USR_8AE20816,C,12.12,D,24.47,D,15.69,B,33.83,B,13.04,D,13.04,C,20.85,D,20.62,C,9.78,D,35.81,13.6479,79.4591
USR_BBEFCD4C,B,3.88,D,34.57,D,7.73,D,3.08,B,7.55,D,8.5,D,34.38,A,27.23,C,4.76,A,25.25,29.9146,79.1805
USR_D907B4FE,C,4.77,B,15.57,B,38.79,C,3.16,B,14.78,D,2.13,D,3.1,D,31.86,C,34.09,C,38.35,26.709,77.4502
USR_8697B466,B,10.86,B,11.54,C,10.24,D,15.49,B,22.63,B,19.04,A,14.81,B,16.16,A,21.74,D,13.05,29.6543,78.9024
USR_BABA9E5D,D,18.79,B,22.38,C,10.68,C,17.22,A,16.65,A,24.06,A,17.26,B,14.48,A,17.96,B,17.07,11.3076,77.0956
USR_FE0A84AB,A,18.93,A,13.11,A,15.81,B,23.18,A,12.34,B,22.32,A,22.49,A,15.81,B,12.08,C,20.06,29.8089,75.2728
USR_B08101F3,B,24.29,C,20.64,A,13.82,C,21.87,B,14.54,B,11.59,C,20.42,C,22.91,C,16.32,A,11.36,26.4216,79.5655
USR_2B867065,B,19.94,B,15.84,B,12.22,C,23.84,A,11.14,A,10.84,C,14.72,B,10.61,D,21.05,D,21.04,14.3042,78.7549
USR_92EBA4D0,A,7.03,A,10.26,A,6.74,A,8.04,A,6.33,A,6.5,B,8.29,A,11.21,A,9.2,A,8.46,26.5361,82.1742
USR_17EED281,C,27.62,D,29.73,D,37.53,C,33.52,D,22.73,A,33.86,A,24.36,C,15.8,D,17.94,A,28.08,17.5231,73.8362
USR_1F7907CA,B,35.36,B,23.2,B,38.64,C,11.34,B,6.28,C,2.79,D,11.22,D,4.14,D,34.86,A,34.15,25.7964,80.9736
USR_18350949,C,21.66,A,11.98,C,19.4,A,24.27,B,21.28,B,13.1,C,24.84,A,20.21,B,14.55,B,21.02,17.2617,73.98
USR_D006B9B8,C,12.45,D,17.36,D,18.46,B,10.97,B,10.96,B,20.36,A,21.12,D,15.34,A,10.44,D,20.18,22.6964,79.6483
USR_B9A96225,C,11.4,A,19.99,B,19.39,A,18.91,A,22.27,C,15.06,C,11.9,C,23.06,D,19.44,C,14.3,30.0373,77.6408
USR_1C184914,D,28.32,B,24.31,D,15.67,A,19.21,C,27.53,D,2.82,D,31.89,B,2.18,C,35.05,D,8.83,26.2536,82.6698
USR_3AA49FDD,C,28.98,B,13.97,D,31.07,D,19.03,A,25.68,A,39.63,B,31.0,D,7.24,C,31.46,B,15.35,21.0143,78.9279
USR_754572EF,C,19.85,A,12.67,B,14.95,B,18.41,C,16.47,C,21.81,C,22.24,C,18.84,D,21.55,A,20.7,22.0561,79.8236
USR_5BA510B2,A,6.0,A,10.45,D,8.5,A,6.63,C,8.06,A,10.41,A,7.25,A,8.03,A,7.89,D,11.62,29.0616,77.6682
USR_04317E5D,D,31.24,B,2.07,C,31.73,D,33.03,C,17.14,D,30.72,D,2.86,C,33.54,D,10.63,C,39.43,14.0069,77.2444
USR_38EBEC51,B,20.69,D,11.51,B,15.52,A,20.48,C,21.89,C,21.45,B,16.16,B,12.67,C,19.47,B,18.48,21.9365,79.5623
USR_33C39576,C,21.5,C,21.55,B,10.47,A,23.52,A,16.98,B,23.41,C,15.0,C,24.65,B,12.29,B,24.53,14.5418,76.3083
USR_690D05FB,A,20.0,A,22.49,B,24.82,B,19.37,B,21.46,C,20.84,B,16.1,B,23.17,C,17.44,C,19.38,13.2625,77.5636
USR_91642567,A,11.3,A,10.13,A,8.63,A,5.04,B,5.36,B,7.76,B,9.33,B,7.67,D,5.53,A,6.35,27.9127,76.2615
USR_C604F1A7,B,13.41,D,27.41,A,16.17,D,4.54,A,27.24,C,2.16,A,4.07,C,21.52,B,34.07,C,36.32,22.1963,77.8389
USR_67AC29BC,C,6.51,A,7.6,A,6.29,A,5.91,A,8.12,B,8.57,A,11.23,B,5.56,A,7.83,A,10.5,18.7952,71.5203
USR_2FF277E5,C,15.74,B,22.61,A,13.97,B,24.26,B,13.96,A,23.52,B,19.36,C,23.7,B,16.78,B,16.45,23.0798,78.1325
USR_A9E45BA8,C,7.27,C,26.11,D,20.94,D,3.58,B,39.75,A,11.37,C,2.25,C,14.76,D,14.59,B,20.59,17.1947,72.1252
USR_5B7CF538,C,12.18,A,20.46,B,10.78,B,13.32,B,22.63,A,18.76,B,10.98,A,19.26,B,19.65,B,24.3,19.4523,71.8815
USR_DF4C2AE5,A,8.46,A,8.12,B,7.52,A,11.39,C,9.0,A,6.77,A,8.09,A,9.1,A,10.5,B,11.43,28.3226,77.715
USR_E67D86FA,D,25.28,D,7.81,A,22.55,C,11.4,A,39.68,C,30.88,D,33.81,C,21.11,D,16.14,C,25.7,27.6587,82.6697
USR_6EA657F2,C,23.62,C,17.41,B,16.52,C,15.93,C,11.93,B,15.9,A,11.49,A,13.14,A,24.41,C,20.36,28.5844,77.9898
USR_89B82170,A,6.66,A,5.44,A,9.65,A,8.75,A,9.27,A,7.63,A,9.39,C,5.99,A,9.26,A,7.1,25.6914,79.6017
USR_7ACCCD61,B,18.29,B,15.84,A,11.72,C,10.32,B,16.46,B,23.88,B,10.98,D,22.82,C,18.25,B,11.44,23.4329,78.1424
USR_7577AF34,B,21.03,C,22.93,C,11.49,C,12.99,A,20.64,A,21.08,B,20.78,D,24.08,A,10.51,D,24.61,11.6577,79.2909
USR_0FC0E7EB,A,15.32,C,12.7,A,23.98,B,17.94,B,13.16,A,17.36,B,17.3,B,10.41,A,10.8,A,11.68,22.5743,80.6239
USR_10293578,A,8.48,A,6.78,D,9.5,B,9.92,B,9.17,A,11.16,C,6.43,D,6.4,A,5.13,A,6.45,12.2822,78.3081
USR_0474FB9A,B,10.47,B,8.8,D,6.07,A,9.75,A,11.15,A,5.88,A,10.75,A,8.92,A,6.95,A,9.36,26.7415,79.2573
USR_0FDBD2C6,A,20.77,B,15.08,B,15.65,C,22.7,A,10.35,D,16.35,B,15.78,A,16.8,B,24.91,C,17.45,25.6964,79.1417
USR_90979A58,D,20.04,D,31.22,A,19.27,B,32.53,C,13.34,C,37.38,D,39.78,D,26.98,A,28.17,C,25.97,25.7193,79.9557
USR_73CB1A80,A,9.66,A,5.92,A,5.31,A,10.7,D,9.95,B,5.56,A,7.05,A,10.91,D,8.7,B,9.55,18.0123,74.7498
USR_A0DB6556,C,17.44,A,34.11,D,14.85,D,16.59,C,25.84,A,29.02,C,15.92,C,7.92,B,12.76,D,23.82,27.1011,77.3349
USR_28036458,A,11.85,D,5.77,A,10.53,A,6.85,A,10.96,A,9.07,A,8.15,A,10.55,A,7.78,A,9.81,29.6182,76.6969
USR_79CFE8F8,B,15.73,B,18.79,D,16.0,A,19.44,A,20.22,B,13.51,B,17.19,A,10.74,A,21.82,A,10.72,11.6878,79.3158
USR_1E9A6F91,A,22.68,B,24.62,D,14.87,A,15.72,B,12.6,A,24.73,B,15.61,D,19.86,C,13.74,B,14.53,24.5299,79.515
USR_0FBFC34B,A,18.09,C,15.89,C,13.4,A,12.51,A,17.03,B,21.43,B,14.29,A,10.94,C,21.77,B,22.96,27.6387,82.1951
USR_A81CF37D,A,9.21,B,9.35,D,10.98,C,5.79,A,11.74,B,5.1,B,5.34,A,10.72,A,5.89,A,8.13,24.3809,78.4012
USR_B3899ED0,A,11.49,A,9.5,A,8.31,A,5.97,A,10.55,C,8.73,A,6.64,A,7.38,B,7.13,A,10.67,27.0354,76.384
USR_AF1C4BEB,A,31.82,B,6.49,B,25.99,B,29.05,C,26.23,C,29.65,C,17.88,C,31.2,D,16.26,D,17.45,11.8653,79.5054
USR_6B4DF7F0,C,5.66,A,11.35,A,9.52,B,11.84,A,9.6,B,7.32,A,5.92,B,5.36,A,6.6,A,5.34,26.052,81.4624
USR_6FB533B9,A,6.82,B,9.32,B,6.62,A,7.62,A,5.73,A,6.33,A,6.58,A,9.07,A,6.31,B,6.15,22.3521,77.9036
USR_28BB9338,B,20.51,B,11.26,B,12.39,A,22.7,C,23.91,B,13.85,C,17.31,A,12.69,B,18.18,C,16.83,19.0953,74.5832
USR_CF21F88F,D,21.52,B,19.22,D,13.91,B,12.7,C,18.34,B,20.18,B,16.8,C,14.54,B,21.34,B,16.48,27.9441,76.6057
USR_652D23A3,D,19.92,B,32.35,C,14.48,A,26.38,D,34.87,A,21.74,B,38.9,B,11.6,C,23.23,C,17.46,19.277,73.179
USR_5BAB1B5C,D,24.58,B,20.61,C,17.34,D,24.9,C,12.86,B,20.67,A,17.32,C,24.89,C,20.8,A,24.51,25.7556,82.5758
USR_26464F51,A,10.24,D,13.87,C,10.68,B,19.12,C,20.52,A,23.04,B,11.31,B,17.53,B,13.69,A,20.18,21.151,77.6664
USR_6A1AB27E,D,28.51,C,32.83,B,2.58,A,24.76,B,5.74,B,3.3,D,5.25,A,17.18,D,30.87,D,10.14,27.2511,76.2067
USR_BB5A486A,D,7.52,B,29.36,D,12.34,B,37.81,A,3.6,A,25.25,D,16.09,D,34.01,D,29.21,C,6.07,27.9836,80.9532
USR_E5891E2F,D,21.0,D,12.14,C,33.21,B,13.96,A,34.56,A,34.62,D,15.53,D,26.54,D,6.49,D,24.3,22.6108,80.2851
USR_7EE670E8,D,10.29,D,19.47,B,16.43,B,18.62,B,18.58,A,10.23,A,13.42,B,13.1,A,23.51,C,21.94,14.3441,77.2632
USR_CB7A1696,B,11.37,B,21.89,B,13.5,C,22.04,B,15.74,D,19.58,C,13.54,D,14.27,C,23.72,B,17.81,12.0506,75.9678
USR_233BF48C,D,26.24,D,23.29,D,19.51,C,25.96,B,35.2,B,25.53,B,37.63,D,14.43,C,39.45,D,21.04,12.9701,77.3548
USR_D60F2F60,B,11.9,A,11.12,D,12.34,B,12.57,B,11.99,C,24.74,C,19.26,B,17.61,C,17.54,A,13.89,27.824,80.634
USR_5240B94E,C,23.03,C,22.66,B,17.83,C,18.98,A,11.16,B,23.31,B,24.43,B,21.67,C,17.87,C,19.2,24.5417,77.1009
USR_97719C2A,C,22.66,B,20.83,B,24.04,A,20.51,B,17.44,B,14.57,A,23.41,A,14.16,D,23.24,A,15.24,25.6418,79.7162
USR_35F154F2,C,16.53,A,22.57,A,17.99,C,13.6,B,22.23,B,11.9,B,22.27,B,18.86,B,10.24,B,13.35,28.6092,79.5038
USR_CAB78248,A,10.08,A,7.16,A,5.11,A,11.69,C,9.09,B,5.24,A,7.77,B,10.07,B,11.28,A,9.53,27.5295,82.8506
USR_05042463,A,11.5,A,14.51,B,12.23,B,15.42,B,19.53,B,17.62,A,14.15,C,16.41,B,19.15,B,12.4,14.2868,76.4175
USR_4847F841,C,19.82,A,14.81,B,17.8,B,12.06,C,18.83,A,18.99,B,14.96,A,18.49,D,17.09,B,13.68,18.7777,74.7086
USR_2CCDDD98,D,15.69,B,22.17,C,18.88,B,11.33,A,15.81,B,21.35,C,16.65,B,23.09,A,19.36,A,10.52,23.4133,78.0821
USR_38833D62,C,20.66,B,16.36,B,14.89,C,12.87,B,19.47,C,16.43,B,14.59,B,11.89,B,20.74,C,23.77,21.7294,79.4257
USR_8FFDA19B,B,15.57,B,18.19,B,21.2,B,24.15,A,10.81,B,24.95,D,13.03,D,19.84,C,16.78,B,14.61,23.1262,78.6618
USR_E72384EC,A,11.35,C,22.75,C,17.21,C,20.96,B,20.58,C,13.74,C,23.37,D,19.05,A,23.01,C,23.32,18.2826,72.9419
USR_99C3B826,C,17.12,B,11.24,B,16.08,B,21.73,A,18.1,A,11.49,C,12.51,A,14.64,C,16.46,A,11.04,28.4081,82.8323
USR_07A6662C,A,10.65,A,7.36,A,11.58,A,9.21,D,5.62,A,6.75,A,9.83,B,6.62,A,11.92,D,9.69,12.207,75.6638
USR_CEC1FB87,A,14.72,A,16.81,A,16.41,D,14.8,B,14.55,C,13.08,C,14.18,A,13.82,C,14.08,D,20.32,19.8388,72.6907
USR_95E4938E,A,11.15,B,10.98,A,6.62,D,8.64,A,11.09,B,5.03,A,11.02,C,10.81,A,10.02,A,9.33,23.4276,79.1384
USR_2695F0A7,C,22.69,B,23.58,C,20.42,B,20.56,A,18.73,B,11.41,B,17.82,B,12.1,B,19.57,D,19.73,13.2743,79.4903
USR_EF5E2C65,B,11.62,B,18.0,C,19.46,B,24.56,A,10.95,B,22.75,D,13.12,A,15.54,B,16.79,A,14.44,27.4294,80.5299
USR_11D195D4,C,16.29,C,24.93,B,11.22,A,23.65,D,17.72,B,21.92,C,17.6,B,10.46,A,17.82,C,14.87,11.7923,76.8426
USR_8F55AC42,D,35.64,D,16.53,C,31.11,D,37.76,A,39.89,D,6.29,D,24.84,D,36.94,C,35.8,C,30.65,14.3843,75.8091
USR_D81E6B30,B,24.17,C,13.15,B,16.07,A,23.42,A,19.92,C,13.69,A,18.91,B,23.17,B,22.51,B,17.07,18.7561,73.8485
USR_FBECB274,A,12.13,C,17.19,B,14.67,B,22.82,B,10.35,B,23.47,B,20.51,C,12.41,A,15.47,B,17.38,27.7791,80.3811
USR_C1CFB477,D,15.26,A,12.18,C,16.8,D,14.58,A,18.26,C,15.78,C,14.82,B,16.39,B,22.77,C,22.16,25.7975,80.6077
USR_C8CE4E02,B,8.27,B,8.15,A,7.37,A,7.94,B,7.32,A,10.56,A,9.37,D,9.85,A,10.61,B,10.84,23.2536,78.7137
USR_695695DB,C,24.86,A,18.02,B,32.0,D,31.74,B,19.84,D,25.56,B,39.19,B,4.27,D,9.45,D,19.11,18.2755,72.4966
USR_3B55CBA5,A,23.89,A,12.08,D,21.12,C,19.64,A,13.57,A,11.57,C,11.9,B,22.1,D,18.0,C,14.35,30.5863,75.3676
USR_B8D33398,A,10.25,A,8.23,A,11.24,B,9.9,B,10.63,A,10.33,A,7.29,A,8.38,B,6.81,C,6.71,27.1942,76.9247
USR_957F1A67,C,24.31,C,14.09,B,18.96,A,20.42,A,24.5,D,2.65,C,29.81,D,31.86,C,18.96,B,5.59,19.7433,71.4596
USR_281C650E,B,13.74,B,17.26,A,20.96,A,10.02,A,17.65,B,19.8,B,12.26,D,23.68,C,19.29,B,17.29,26.0719,81.6319
USR_833C12AE,A,12.95,B,20.14,B,14.07,B,22.9,B,11.69,B,24.21,C,10.46,A,23.15,B,22.13,B,16.32,22.5349,78.6464
USR_1643D857,C,22.28,B,20.92,A,23.89,C,15.73,B,15.85,B,21.11,C,20.26,B,14.04,A,14.66,B,19.44,22.934,79.2144
USR_9F5B0D30,C,24.32,C,14.52,A,17.31,B,13.71,C,13.99,C,17.35,B,15.29,A,21.16,C,18.22,C,15.97,29.4583,76.6608
USR_1FA203A0,A,5.26,A,11.53,A,5.76,A,11.63,D,5.78,C,5.35,B,10.94,A,6.69,B,11.26,B,7.03,27.7985,75.7069
USR_D049ED6E,B,15.48,B,22.93,B,13.92,C,22.47,A,22.38,B,12.69,D,17.06,A,21.46,D,12.95,B,22.08,23.9987,78.4989
USR_ECE09C29,A,22.79,C,23.51,C,24.58,B,16.72,A,16.82,D,15.56,A,19.86,B,12.49,D,24.56,C,15.22,28.612,76.9676
USR_CDF3239B,A,5.89,B,10.4,B,11.38,A,7.21,A,5.19,A,6.46,A,6.93,A,6.0,B,8.5,A,8.12,27.1258,76.2415
USR_8E00351D,A,11.07,B,10.64,A,5.57,C,8.77,A,6.68,A,5.81,A,5.9,A,10.91,D,8.26,A,11.16,29.7953,76.2115
USR_920D7C8A,A,24.24,B,22.42,A,18.21,B,24.32,A,10.25,B,18.59,D,11.78,B,15.88,A,22.16,B,20.63,27.1927,78.9927
USR_A92A7CB9,A,24.78,D,10.3,D,22.41,C,19.26,B,17.53,B,24.96,B,24.1,A,19.6,A,13.34,B,14.79,12.8366,78.8773
USR_2F26480F,D,23.84,C,8.81,D,21.58,D,25.53,D,6.16,D,28.87,D,12.78,D,23.71,A,31.82,C,30.75,17.6703,73.9209
USR_00C5A121,B,16.12,B,15.69,D,13.09,A,14.32,B,11.93,B,10.8,C,17.14,B,11.79,C,12.12,D,13.82,28.7085,80.3899
USR_34D80684,C,13.24,D,36.66,C,6.63,D,34.44,B,16.31,D,3.02,D,2.49,C,28.14,C,37.23,D,6.86,23.4063,80.2749
USR_84D11FFB,D,9.79,D,27.04,D,8.7,D,15.94,B,21.33,C,6.03,A,21.71,D,18.79,D,22.96,C,20.08,14.8843,78.9739
USR_26EF17B2,B,21.38,B,19.03,B,11.7,B,14.36,A,23.6,C,13.38,C,22.51,C,14.44,B,12.29,B,20.5,26.5945,81.2132
USR_579535B1,D,31.82,D,3.46,C,13.34,D,12.68,C,18.27,C,12.06,D,27.28,B,10.32,C,18.29,B,32.1,28.4015,76.2899
USR_A14874DE,B,16.71,B,20.28,A,22.23,B,15.91,C,22.39,C,20.37,B,21.47,C,13.4,A,23.77,C,23.55,18.0976,71.5164
USR_7D0B0272,B,23.56,B,17.08,D,16.98,D,17.19,B,16.85,B,10.5,C,23.79,B,23.55,B,18.14,B,23.64,18.9606,71.1332
USR_2E7C833E,C,22.19,D,36.44,D,29.31,B,27.11,C,9.5,C,2.93,D,14.57,C,11.28,D,3.3,C,8.47,19.9661,72.5748
USR_6D2B4B16,A,11.78,D,20.38,D,11.89,D,25.4,D,8.82,D,10.03,B,7.77,D,32.09,A,21.91,B,12.95,14.863,79.4522
USR_89C65349,D,11.16,A,13.89,C,12.6,B,10.56,B,14.05,B,18.2,A,19.68,A,17.11,A,22.47,B,21.3,25.314,79.113
USR_4F2D07A5,B,14.01,D,13.9,D,15.34,C,15.84,B,21.48,B,11.36,C,24.13,A,10.8,A,14.95,A,19.57,23.3372,77.5926
USR_63A9EBAB,C,13.5,B,19.12,A,14.97,B,18.85,A,17.19,A,17.77,D,20.24,B,23.78,A,13.07,A,15.32,12.6984,79.394
USR_967C6670,C,21.1,B,12.6,A,22.22,B,18.02,B,14.96,A,14.66,B,20.01,A,18.23,A,22.52,C,22.86,14.0909,78.5653
USR_F9CF5AF2,A,22.58,A,13.22,B,22.73,C,17.0,A,14.18,A,20.05,B,16.66,A,16.16,B,16.3,B,11.57,17.3076,70.8897
USR_96E2C7EA,B,18.36,C,18.72,C,22.3,C,13.77,B,11.77,C,17.97,C,21.3,D,23.29,D,10.2,A,19.03,28.1572,79.2839
USR_B8A54621,B,14.67,A,20.09,D,13.47,B,10.76,C,12.89,D,11.41,D,20.96,C,24.63,D,15.7,C,21.64,29.0749,77.614
USR_E99DF5A3,C,22.41,A,12.35,D,12.76,A,11.08,B,15.93,B,11.68,B,17.73,A,10.55,A,17.8,A,11.02,14.4007,77.9956
USR_21F3197D,B,34.38,B,34.73,A,28.01,C,34.04,D,22.03,B,7.43,D,11.93,C,37.78,C,24.07,D,12.72,13.6367,76.1709
USR_E1E635BF,B,28.69,B,31.22,D,12.68,B,31.45,B,7.2,D,10.93,C,9.21,D,17.86,B,4.74,D,21.54,25.555,82.7247
USR_66F242FE,C,33.81,D,20.42,B,33.72,C,25.05,B,10.09,D,24.25,B,18.48,B,8.57,B,15.54,D,22.98,25.9949,81.8446
USR_7998818A,C,20.66,A,20.93,A,16.29,B,11.5,B,12.73,C,23.33,A,16.89,B,22.28,B,19.2,A,10.74,20.0531,73.0618
USR_ACBEC599,A,10.63,A,7.16,B,11.74,A,10.79,A,7.37,B,10.04,A,9.19,A,8.2,B,5.16,A,6.53,10.9967,76.9456
USR_920D0155,C,19.53,A,12.37,B,2.53,B,19.9,B,2.55,D,18.05,D,32.7,C,37.05,B,27.71,D,15.4,27.1034,79.2868
USR_DE7C30A1,C,10.5,D,15.85,D,20.69,C,33.42,C,16.76,D,18.95,D,28.72,D,23.13,D,2.71,D,32.91,19.5369,74.4585
USR_48791EAA,C,23.34,D,3.88,A,29.57,B,16.4,B,14.68,B,36.87,D,11.45,C,5.65,A,13.47,D,4.06,12.7642,77.4178
USR_549F4F5D,A,6.59,A,6.66,A,5.52,A,11.75,B,5.4,A,5.27,B,6.62,B,8.98,A,8.59,A,11.63,22.653,79.6586
USR_D965DF15,A,6.66,A,8.38,A,8.44,A,8.09,D,6.25,B,6.03,A,7.94,D,7.58,A,5.36,A,5.85,26.483,80.3823
USR_B97324F7,B,19.22,A,22.5,C,19.12,D,21.81,C,17.4,C,19.95,C,18.23,B,11.11,C,12.11,A,10.51,17.3266,73.4126
USR_7FDDC943,A,5.48,A,5.82,A,8.58,B,5.96,A,10.8,A,6.84,A,6.86,A,5.92,D,8.83,A,7.24,20.2706,74.3153
USR_7D0A5DC8,C,16.75,C,24.11,A,21.83,B,15.93,A,10.22,C,11.73,A,16.94,C,14.07,B,11.76,A,10.96,20.8136,74.745
USR_DE7D26F7,A,5.69,A,5.87,A,9.64,A,8.16,B,9.19,B,6.09,B,5.2,A,7.73,A,10.51,A,8.8,22.2903,80.752
USR_B8580FA6,A,24.21,C,22.73,B,15.63,B,17.1,B,13.12,B,18.26,B,22.97,B,14.54,B,22.78,B,10.96,21.7225,80.9629
USR_8E9D4347,D,4.99,D,19.64,C,8.02,B,38.95,B,21.83,D,27.43,D,15.84,D,38.11,C,32.39,D,14.59,22.9274,78.1926
USR_BA826756,C,21.78,B,16.07,B,23.13,A,16.19,B,16.45,B,12.97,A,21.79,C,11.14,C,24.94,D,19.32,25.2571,82.7818
USR_A8ACAF96,C,34.45,C,10.77,C,31.56,B,36.04,D,28.01,C,29.61,C,34.6,D,23.44,D,7.49,D,2.6,14.9478,76.6608
USR_5FE373F4,A,7.88,A,8.49,A,11.1,A,10.39,A,6.55,B,6.05,C,9.32,B,8.6,A,7.3,B,5.75,19.9221,72.0829
USR_B9BFBDDE,A,21.88,A,15.29,B,12.93,B,12.79,C,11.45,A,10.81,B,11.69,C,12.15,B,20.17,B,22.54,13.2176,76.1471
USR_CA22A897,B,18.41,B,14.37,C,13.08,A,22.33,D,11.34,B,14.88,B,10.04,A,17.7,B,14.75,A,16.09,14.6868,79.4895
USR_6F38D520,B,12.36,B,11.61,A,20.53,C,14.9,B,11.73,B,20.93,C,18.41,A,24.17,C,21.83,B,23.1,26.3454,79.2264
USR_4AF63AE4,B,24.01,A,22.59,A,19.93,D,12.4,A,12.25,B,22.76,B,10.63,A,17.5,B,17.13,A,24.6,17.882,71.8082
USR_D5619E80,A,6.0,A,5.01,A,5.47,D,5.91,A,7.22,A,10.0,A,10.62,A,11.49,A,10.58,A,5.64,18.2056,73.3996
USR_05F36509,A,16.41,A,17.33,B,20.86,A,17.74,B,19.95,B,20.37,A,24.15,B,17.32,D,20.43,A,15.43,29.6626,79.0395
USR_477A2876,A,11.59,B,6.38,A,11.54,D,9.01,A,7.91,B,11.82,A,8.35,A,7.25,A,5.03,B,9.66,27.5018,76.6193
USR_683897FA,A,11.5,D,7.4,A,11.75,A,9.54,A,7.03,A,6.07,A,6.09,A,8.05,A,6.23,A,11.88,28.4959,82.8068
USR_B4ECFC43,C,36.1,B,26.38,D,29.31,B,16.68,D,33.64,A,32.45,D,18.06,B,34.22,A,21.4,C,36.5,28.7515,80.0994
USR_1D557160,B,24.41,A,13.06,D,19.53,C,11.54,A,16.64,C,16.92,C,18.69,A,15.9,C,15.77,C,23.05,30.535,77.0266
USR_D044BABE,A,16.95,A,18.92,B,22.23,B,14.69,C,20.12,C,11.08,C,12.75,C,19.12,B,19.12,B,16.49,27.8447,80.1998
USR_6E4137F1,B,10.2,A,7.33,A,5.48,A,11.49,A,5.18,B,11.54,A,9.64,A,9.02,A,8.19,A,11.42,22.0139,78.7102
USR_82CC67CE,C,10.59,D,21.33,B,3.51,D,32.77,B,19.99,C,2.46,A,8.46,D,29.53,B,23.14,A,23.68,27.1299,81.1232
USR_D3BD1452,A,23.99,B,22.41,D,14.57,B,19.54,A,17.66,A,20.0,C,18.64,C,12.19,A,22.86,A,10.08,23.5637,77.8822
USR_DDCC6DE1,A,9.48,A,6.54,C,5.46,A,6.84,B,6.42,A,11.4,B,10.91,A,7.15,A,11.15,A,10.33,29.3564,77.5361
USR_D63626F7,A,6.97,A,7.76,A,5.54,A,7.96,A,7.88,A,10.76,B,9.96,A,10.68,A,9.72,B,11.72,11.6727,76.2099
USR_E415A376,C,34.39,B,21.24,A,17.71,D,27.72,B,3.38,B,6.93,B,35.9,C,26.83,D,3.05,D,16.5,17.8277,72.5577
USR_C4FA0A6D,A,15.86,B,16.46,C,14.48,B,13.0,B,21.05,B,24.78,A,19.95,B,21.99,B,20.76,A,22.16,11.4031,78.1185
USR_61210C82,B,18.78,B,11.65,A,20.27,C,19.97,B,10.3,B,15.4,C,17.33,A,23.42,B,11.9,B,24.54,26.1867,79.2911
USR_A28EDA2D,B,24.5,C,18.88,B,17.99,C,24.33,A,12.09,A,11.61,B,22.61,C,13.17,D,15.83,B,23.92,25.3636,82.4225
USR_3F62A993,A,5.8,A,7.1,C,11.55,D,11.38,A,7.19,A,9.49,A,5.57,D,11.84,A,10.66,A,8.44,28.3816,77.2418
USR_78E8D0AB,C,14.72,B,16.68,B,20.03,C,12.08,D,18.02,A,10.74,C,11.12,A,20.02,B,20.56,C,11.78,11.3859,77.5912
USR_AFFD30D0,B,23.99,C,16.03,A,22.34,B,23.27,B,24.01,C,20.12,C,10.03,D,20.95,D,11.3,B,13.06,22.1912,79.7321
USR_D4828ED0,C,10.69,A,6.51,A,5.78,C,11.29,A,5.01,D,9.83,B,11.33,A,7.74,A,10.29,A,9.02,20.885,71.1294
USR_F04BE9C5,B,15.25,C,13.01,B,19.84,C,12.93,C,16.1,D,15.63,A,13.32,B,22.81,A,24.71,B,15.65,25.9456,81.7536
USR_8FAAA535,B,14.86,B,16.56,B,18.53,A,23.86,B,21.58,A,16.44,A,17.91,D,16.59,D,11.87,B,10.26,25.4265,79.7673
USR_1889EEFA,A,11.57,A,10.38,A,6.25,A,10.79,A,9.18,A,5.12,B,6.05,A,9.2,A,5.32,A,11.84,28.9387,78.8578
USR_6562C3CC,C,5.44,D,32.1,A,16.3,C,26.76,D,13.39,B,8.83,D,4.38,D,37.58,B,29.8,D,18.86,20.6085,74.5952
USR_E7C15120,B,19.24,B,13.44,C,21.57,A,16.94,D,21.69,B,24.48,D,23.77,B,13.12,D,14.68,C,17.98,20.1684,72.7553
USR_23175EBC,C,10.96,B,11.65,D,21.88,C,21.13,B,14.02,D,22.16,A,11.91,B,12.38,C,24.64,D,21.88,30.3338,75.3208
USR_A0F5FF68,A,21.72,D,23.31,B,15.31,B,17.59,D,24.74,B,12.98,B,24.53,B,22.96,B,14.55,B,14.73,11.2726,78.4812
USR_0A8E9F51,C,2.18,D,18.14,D,33.64,D,5.08,C,36.05,B,19.33,C,29.21,B,20.73,D,24.3,D,36.28,12.9302,79.0944
USR_84DC025A,B,9.1,A,8.91,A,10.44,B,11.21,B,6.41,A,11.29,A,10.04,A,11.5,A,5.92,A,5.41,24.4899,77.2148
USR_77915F40,A,12.56,B,15.87,C,16.85,B,23.23,D,15.58,D,22.58,C,24.43,A,18.46,B,15.5,B,15.93,29.0596,78.7661
USR_F7332152,A,23.16,B,20.81,C,10.9,B,16.8,C,21.29,B,23.33,A,10.32,B,23.04,B,11.56,A,22.05,23.8378,79.2744
USR_946F00CF,C,13.34,D,19.39,D,15.73,B,24.75,B,23.51,B,10.41,B,20.91,A,20.0,A,18.63,C,21.55,26.6524,75.5386
USR_F9046D31,A,10.16,B,22.95,D,23.4,A,10.28,C,20.12,B,14.93,C,12.92,A,18.53,D,16.03,B,23.03,21.2796,80.6252
USR_E1A410A3,B,11.08,A,11.38,A,7.64,A,6.56,C,6.64,A,6.97,B,10.82,A,10.01,B,7.44,A,9.1,30.1746,77.1926
USR_A1573E87,C,15.76,B,13.62,B,27.64,C,3.64,C,11.17,B,11.53,B,35.3,A,22.5,D,13.83,C,29.06,18.4766,71.2278
USR_E61A5F02,B,14.01,B,24.38,C,24.68,A,19.1,B,11.34,C,24.3,C,23.89,B,23.44,D,11.04,B,14.44,21.0985,79.3275
USR_1AD0AAF0,C,20.04,C,20.87,C,11.84,A,12.39,C,23.16,B,11.19,B,13.14,B,17.15,D,21.97,A,13.08,18.7173,74.111
USR_B827A893,A,13.7,B,21.14,D,11.28,A,23.85,A,21.23,C,15.64,C,21.51,B,18.56,B,20.46,A,22.08,28.4855,79.1824
USR_BC3EFD39,A,5.87,A,8.86,A,5.94,A,6.49,A,6.96,A,9.76,A,10.48,A,6.15,A,7.06,A,10.99,28.2422,79.2208
USR_79271547,A,19.05,D,18.39,C,13.46,B,11.92,A,20.5,A,24.97,B,18.16,B,21.15,C,16.62,A,16.16,13.1519,77.7403
USR_DB6F1061,C,11.42,C,17.57,B,22.36,B,10.71,B,10.28,B,20.55,B,23.98,D,15.9,C,15.23,C,11.0,28.9106,76.2186
USR_159A134F,C,23.52,B,17.83,C,13.69,D,19.85,C,19.48,B,10.73,B,23.57,D,11.0,B,11.33,B,22.04,28.3268,82.7889
USR_337519F9,D,18.21,D,7.5,B,13.78,B,17.35,D,19.6,C,7.88,D,27.51,B,9.78,B,26.56,C,17.44,17.8344,71.6789
USR_DBAF8989,C,28.75,B,36.2,A,25.34,A,18.93,C,5.89,C,8.38,D,35.71,D,26.09,B,16.48,D,21.01,18.2896,73.8107
USR_B4F3CE3B,D,28.66,D,24.29,C,17.71,D,23.65,C,3.64,C,25.13,D,22.45,D,34.78,B,38.76,C,18.09,20.5622,74.4262
USR_37045422,C,30.42,A,23.16,D,7.19,B,12.99,D,5.82,C,34.41,D,39.99,A,39.17,C,39.77,B,7.08,24.3457,77.3791
USR_C3E1861E,D,18.99,B,24.69,A,17.75,D,20.81,B,11.22,B,23.72,B,15.04,B,22.61,A,23.41,A,15.44,11.4397,79.3459
USR_6E581EE5,B,24.62,C,24.06,D,14.37,A,10.68,A,23.65,B,22.86,B,21.17,A,23.83,C,10.22,B,21.33,26.8839,77.7662
USR_CF843586,D,16.61,D,21.13,D,5.78,D,8.19,D,11.83,C,29.43,D,28.59,D,39.54,D,9.62,D,4.32,26.5813,81.1203
USR_4F05C4BC,B,15.42,B,20.31,B,20.98,B,20.3,B,11.39,C,17.17,B,11.2,B,19.93,B,11.17,C,12.48,23.7725,80.1145
USR_3F9EDCC1,A,11.77,A,7.07,B,10.65,A,11.19,A,10.99,A,7.03,A,8.5,A,7.19,A,8.3,A,9.95,14.4451,75.7889
USR_43015696,C,19.14,C,22.31,C,17.72,C,17.37,C,10.63,C,16.41,B,19.28,C,23.93,A,13.32,A,16.92,20.0144,71.9876
USR_946C7833,D,23.66,C,16.62,B,16.09,C,16.78,D,21.69,C,20.16,B,21.45,B,18.67,A,22.58,A,12.33,27.4347,80.3295
USR_17D58498,B,12.29,A,12.43,A,22.2,B,21.67,C,16.97,B,12.69,A,20.66,B,18.58,A,17.31,D,17.93,19.9325,73.4386
USR_EE63B8D7,B,27.39,D,18.83,C,11.76,C,8.63,D,20.76,A,22.48,D,30.76,B,24.12,B,37.32,C,34.76,19.7328,74.5381
USR_FB72DEDF,B,23.57,B,13.74,C,22.19,B,23.91,B,23.1,B,16.42,B,22.77,B,13.33,B,14.44,A,12.46,19.9219,73.378
USR_1C65B39D,A,10.08,B,8.11,A,10.07,B,8.77,D,5.93,A,7.19,A,7.87,A,7.51,A,7.11,A,8.04,27.3456,82.8056
USR_15E07031,C,17.68,B,20.35,D,15.68,A,13.73,B,13.41,B,18.53,C,22.68,B,24.04,C,11.45,B,19.08,26.9061,75.967
USR_E9CF87D1,C,12.91,B,14.79,D,10.74,D,19.57,D,16.18,B,20.6,B,14.09,B,12.98,A,10.2,A,15.92,13.5853,77.8912
USR_BDB2D532,B,22.7,C,14.6,B,10.23,A,15.81,D,16.39,C,22.37,B,20.89,B,14.72,A,13.21,C,14.95,29.4665,77.5873
USR_0DF1C2B1,B,12.09,B,16.62,C,17.72,C,23.5,D,10.89,A,10.15,B,23.08,B,24.81,C,20.1,A,17.31,28.4674,75.9959
USR_287CABF7,C,15.49,A,14.36,D,21.38,A,20.81,C,19.83,B,23.84,C,16.48,B,21.18,A,22.6,B,20.09,27.3385,78.6872
USR_62AC8D42,A,9.52,A,6.29,B,5.51,C,7.3,A,7.82,A,10.69,A,9.29,A,6.08,A,9.23,B,7.91,24.7666,80.5506
USR_10987D65,D,23.82,C,16.95,C,20.85,C,20.32,C,18.02,A,21.8,B,14.26,D,11.61,B,16.74,D,12.09,17.6911,71.2443
USR_E725C621,A,14.41,A,19.04,C,10.54,A,10.39,A,15.52,D,21.28,B,17.84,D,14.0,B,20.28,C,13.92,28.4726,78.972
USR_F15DC42B,A,10.29,C,16.94,A,23.41,C,19.26,A,23.91,B,18.13,C,21.77,A,14.76,B,23.36,A,12.92,14.444,79.5718
USR_3B72D717,A,5.34,A,5.88,A,8.07,B,11.43,D,11.84,B,11.84,D,5.32,A,9.03,A,9.41,B,7.89,12.657,75.6798
USR_E2F80B50,B,36.65,A,29.53,D,11.53,D,29.67,B,36.09,C,27.09,D,12.19,D,16.78,C,34.54,A,12.24,25.6231,79.127
USR_1825BAD6,B,13.66,C,19.35,A,16.15,B,21.47,A,16.23,B,10.57,B,12.95,A,10.31,B,10.16,B,15.06,23.7841,79.1555
USR_193AEFA5,B,19.91,C,14.97,D,21.6,C,22.99,A,18.34,B,14.29,C,15.14,B,16.52,C,16.05,D,23.28,21.8411,78.0779
USR_B10F9DC9,B,17.81,C,20.09,C,20.95,B,14.12,B,16.51,B,21.34,A,24.99,A,11.92,A,21.49,B,12.58,12.5939,76.697
USR_249FD02B,C,12.27,B,15.24,B,17.35,B,15.14,C,13.62,C,13.09,B,23.59,C,20.49,B,14.77,A,21.67,18.6674,73.0858
USR_493A60E4,C,20.53,C,11.33,C,14.69,A,17.44,A,12.28,A,21.02,B,17.53,A,22.39,B,17.19,D,22.23,22.7353,80.5406
USR_1ABADF16,B,22.81,C,19.28,A,21.29,B,13.6,C,19.74,A,21.55,B,12.01,B,14.92,B,15.65,C,10.4,25.9426,79.9808
USR_53A5B4E2,C,12.43,C,15.38,C,12.55,B,15.28,B,16.19,B,13.76,A,12.09,A,18.85,B,19.81,C,18.65,24.0798,80.7418
USR_974F5200,C,21.89,A,15.3,D,10.9,B,12.76,B,13.2,B,21.49,C,16.09,B,17.38,B,11.05,B,13.79,14.4568,76.0772
USR_EF4683C8,C,22.65,C,24.85,C,19.46,A,17.81,A,22.42,A,16.21,A,21.73,C,14.18,B,19.34,D,20.28,29.1226,78.5486
USR_C3C60E93,B,16.59,C,20.52,B,10.35,B,16.43,B,24.74,B,16.98,B,22.83,B,21.18,B,14.28,A,11.97,22.7128,78.8578
USR_9170C9DA,A,7.64,A,10.76,A,11.66,B,7.22,A,6.92,A,8.11,A,6.72,A,11.96,B,5.47,A,8.04,28.0539,79.2842
USR_85B79632,B,17.59,A,23.89,A,9.43,C,12.73,D,14.82,C,5.25,D,34.17,D,21.04,C,28.3,C,35.25,29.4134,75.6881
USR_53DD62B5,C,9.61,C,11.71,D,4.25,C,11.35,D,28.07,D,28.73,B,30.18,B,17.28,B,12.4,D,3.01,27.1507,80.421
USR_FCC755ED,A,11.54,B,11.36,D,10.9,A,7.39,A,9.85,D,11.77,B,8.56,B,5.44,A,8.84,A,6.32,24.8905,80.4811
USR_9C7F7786,D,25.79,C,38.55,C,4.53,C,28.3,D,13.37,D,10.48,C,6.1,D,28.16,C,33.4,C,14.42,19.6925,73.1946
USR_57EC6B7D,C,14.22,B,24.68,C,22.04,A,18.31,B,24.29,C,14.18,D,20.86,B,10.95,A,22.24,D,10.07,21.214,80.1743
USR_C0FD3EC0,B,12.68,C,10.63,D,23.93,A,14.59,B,22.76,A,20.8,A,13.21,B,15.46,A,16.53,B,13.74,27.4241,76.5435
USR_07CB81E0,A,11.03,C,10.47,A,7.18,A,5.82,C,9.1,A,7.36,A,5.89,A,8.89,A,6.3,A,7.64,13.0934,79.0593
USR_87B3AB04,A,6.02,A,7.95,A,10.98,A,11.6,A,11.29,B,8.05,A,6.11,A,10.43,B,11.43,B,10.21,28.2597,76.5026
USR_2CF21257,A,29.29,C,21.09,C,38.46,B,29.8,B,2.93,C,34.08,C,9.74,C,6.21,B,7.4,C,33.64,27.7759,81.6563
USR_F0CB8D5F,A,11.58,A,5.37,B,9.73,D,8.59,A,10.37,B,9.37,A,11.64,A,8.71,B,8.41,A,9.38,30.2205,77.1959
USR_00761C08,D,18.37,C,19.97,D,29.33,C,17.15,C,2.09,D,23.36,C,7.11,D,17.98,D,7.23,C,2.22,13.6267,75.6071
USR_CD6A6EB2,D,3.3,C,18.89,D,18.93,D,21.89,B,8.04,D,33.48,C,26.69,D,21.62,B,19.19,D,23.76,27.3511,78.1219
USR_6F51F239,C,17.59,D,19.82,B,19.23,B,18.61,B,19.45,C,13.57,C,18.99,A,15.89,A,18.2,C,17.29,26.2908,81.4364
USR_174DB87E,C,14.37,D,12.04,B,16.65,B,20.63,B,16.57,A,23.79,A,20.79,A,10.41,B,14.04,A,12.02,26.3893,81.6283
USR_1ECE0993,B,13.69,C,20.52,B,19.65,A,15.21,B,18.09,B,18.1,B,15.13,D,22.63,B,17.4,A,17.72,23.8139,80.7266
USR_01229EBD,C,19.92,A,10.83,B,14.03,A,18.08,B,11.49,B,16.81,B,21.64,B,18.03,B,17.04,B,24.79,19.0063,71.957
USR_2B7ACD24,D,21.87,A,10.06,B,24.3,A,14.04,B,17.24,C,19.45,A,20.58,A,13.01,D,22.43,A,12.08,27.7369,78.3161
USR_4225496A,B,22.24,A,16.72,C,20.32,B,12.9,B,14.22,B,18.01,C,16.62,D,10.55,C,13.89,C,19.11,17.7491,72.3588
USR_7362124D,C,17.42,B,10.75,C,12.79,B,24.05,C,22.18,A,12.94,A,16.98,B,24.29,B,11.36,C,19.04,23.5748,80.3123
USR_13EDA35C,A,9.54,B,5.75,A,11.31,A,7.65,B,8.06,A,7.8,A,6.74,A,9.76,A,5.14,A,5.52,14.412,77.6624
USR_663788A1,C,24.51,D,29.77,D,29.84,C,34.74,B,31.72,B,20.44,D,31.13,B,26.78,D,27.62,B,37.04,23.5238,79.2326
USR_CDE78BBA,B,23.72,A,17.18,D,24.55,C,22.52,C,10.98,B,14.29,A,19.75,A,14.53,B,13.28,B,21.49,30.1736,78.183
USR_A58D7C37,C,17.19,D,12.81,B,13.3,B,13.83,D,17.17,D,11.64,A,13.7,D,14.12,B,13.04,C,21.31,17.6967,71.1508
USR_945A91AB,D,23.5,C,22.14,B,18.77,B,20.46,C,24.16,D,10.37,B,14.75,A,10.04,C,21.11,A,16.89,20.5778,72.769
USR_E7D5B6C4,A,5.25,A,8.12,B,9.34,A,8.53,C,11.11,C,10.81,A,5.5,A,6.56,B,6.11,A,7.48,23.9888,77.1101
USR_B960BE4E,A,11.53,C,20.88,A,22.65,B,16.64,B,10.72,B,21.42,A,22.13,A,24.72,A,11.77,B,16.58,13.0562,78.9351
USR_CCDFC503,B,20.56,C,24.01,C,19.51,D,14.42,B,21.13,B,18.73,A,16.01,B,16.98,D,16.2,C,21.67,11.7554,78.0247
USR_B7404D16,B,12.11,C,19.52,B,21.82,B,11.1,C,20.92,B,16.93,C,13.08,B,20.39,C,10.29,C,22.91,21.6453,80.5925
USR_929B67F2,B,3.12,C,18.83,D,28.87,C,5.58,C,19.46,D,30.09,D,25.41,D,34.9,D,3.64,D,27.76,29.36,76.1584
USR_EC7E1D08,B,13.16,A,16.91,D,31.1,C,3.05,B,21.22,C,13.24,D,37.46,C,15.52,D,10.96,D,22.6,19.3141,72.7605
USR_31223CE4,D,5.34,C,5.55,A,8.64,B,6.17,A,7.38,A,9.26,A,8.59,B,8.97,D,8.46,B,7.26,22.8773,80.7048
USR_D367C69F,A,14.55,C,17.35,A,22.51,A,19.76,B,19.52,B,10.54,A,21.01,D,17.63,C,12.76,B,20.73,26.9201,79.6928
USR_B973A7DF,A,19.32,A,22.09,C,19.46,C,18.17,C,20.67,B,13.24,A,20.12,B,13.64,B,11.46,B,24.89,17.6164,71.2948
USR_D913FEED,A,6.49,A,10.72,C,11.43,A,8.33,B,6.93,A,10.19,A,10.46,D,5.55,A,10.7,A,6.34,28.2689,81.9668
USR_474C63BA,B,21.69,B,18.18,C,19.26,C,11.49,C,14.21,C,21.4,B,19.39,C,14.18,A,13.91,A,23.9,18.7932,72.3898
USR_5D860149,B,38.3,D,33.53,D,2.6,C,17.73,D,33.69,D,19.43,A,10.97,A,8.42,D,7.41,C,35.4,27.3281,77.5696
USR_0823DDC6,B,24.93,B,23.11,A,20.16,B,12.41,B,14.75,B,21.65,B,20.4,A,17.31,B,22.77,B,21.21,25.6282,80.2615
USR_499FB6CA,A,24.45,B,21.35,A,15.17,B,19.72,B,12.21,A,18.01,C,15.8,B,10.38,B,18.15,B,11.38,19.8979,72.9586
USR_7058D7DC,D,10.25,A,14.77,C,10.41,C,15.51,B,20.96,A,17.77,A,10.86,A,12.0,C,22.31,B,18.03,12.2774,76.696
USR_9C4AD0B0,C,31.33,C,3.4,A,25.1,C,29.21,D,9.21,A,17.85,D,38.67,B,17.14,A,14.36,D,14.9,26.5485,79.3709
USR_0095B040,B,12.47,B,17.01,A,23.25,B,22.29,B,10.11,A,12.0,C,16.68,B,13.14,A,24.87,C,22.06,12.2952,76.8268
USR_99B04667,C,23.29,B,23.3,B,19.04,B,21.5,B,18.07,A,16.62,B,17.31,B,24.11,C,13.17,B,17.22,26.8446,78.8938
USR_F3971616,A,6.59,A,7.83,A,9.96,B,6.69,A,7.79,A,9.47,D,9.64,A,11.63,A,9.1,A,6.88,14.383,76.7964
USR_FA652A72,D,14.13,B,21.06,B,20.52,C,16.66,A,24.69,A,16.57,D,14.48,A,14.92,B,16.31,B,24.01,11.1333,75.8061
USR_FEDEE2C8,D,10.69,D,32.29,C,2.8,D,36.53,C,34.79,B,18.23,D,27.4,D,14.03,B,25.02,D,6.8,27.9482,75.8401
USR_225E7085,B,12.1,C,24.05,C,13.12,A,12.92,C,23.38,D,16.76,B,12.78,C,17.38,B,21.08,A,13.14,28.6702,78.9705
USR_35F7A5A3,D,23.74,B,26.99,D,22.58,D,31.51,B,28.14,D,33.75,D,29.31,B,30.03,D,24.83,C,3.5,18.3532,73.3584
USR_75C7DDAB,C,16.87,B,20.25,A,13.87,A,23.64,B,15.37,B,18.45,C,24.23,C,11.49,A,24.18,A,19.93,21.843,80.724
USR_AEE3D4AC,A,10.49,B,10.77,A,9.15,C,6.63,A,11.63,A,6.93,A,6.34,A,7.61,A,5.76,A,7.48,30.1624,76.5784
USR_4B63918E,C,19.37,B,14.98,C,18.45,B,11.77,D,15.93,A,12.22,B,21.45,B,22.81,C,17.22,C,17.43,27.841,80.1881
USR_D3781FB3,B,6.06,A,6.31,A,9.45,B,7.45,A,9.83,A,9.14,B,8.75,A,5.73,A,9.41,A,5.24,13.5193,76.1599
USR_15CB8083,B,17.83,C,21.8,C,11.94,C,17.76,A,10.04,C,20.52,A,24.71,A,23.81,D,11.19,B,19.7,23.0252,78.1127
USR_B82D86E6,A,6.64,B,10.95,B,7.67,A,6.95,A,9.26,A,7.25,A,9.15,A,5.34,A,9.34,A,11.71,18.5293,72.3563
USR_61DB9300,B,9.61,A,6.83,A,5.2,B,5.36,B,7.81,C,11.62,D,10.78,A,6.88,A,6.02,B,11.03,12.7181,78.9385
USR_61221239,C,11.61,B,24.26,C,13.3,A,18.53,B,21.32,A,19.2,B,11.71,A,16.48,C,15.36,A,20.78,18.5458,72.7302
USR_E92807E7,B,21.85,B,15.9,A,13.83,B,10.88,D,16.78,D,16.27,D,10.98,A,24.82,B,16.75,A,23.28,29.1755,77.8075
USR_E584956C,A,5.55,C,11.4,B,9.01,A,6.36,D,11.32,B,9.08,A,8.68,A,6.86,B,6.62,A,9.82,18.4657,72.0554
USR_DC8FBFED,C,12.74,A,39.07,D,21.91,D,17.47,B,6.57,D,3.66,B,4.4,D,29.04,C,13.31,C,24.7,29.5777,75.8966
USR_4CFD0A06,C,21.56,B,19.38,C,3.67,B,31.2,C,24.58,D,14.39,D,10.61,B,17.5,C,2.18,A,4.2,13.5064,76.8133
USR_6C84B597,B,12.06,C,18.42,C,21.93,C,23.83,A,11.4,C,21.4,A,13.51,C,22.57,C,21.21,B,22.63,14.5444,78.3148
USR_CAAB7B1B,A,6.78,A,11.97,A,6.45,A,11.22,A,11.4,A,11.51,B,9.26,A,7.69,A,6.57,A,11.99,26.3188,79.611
USR_01C5ADFD,C,21.52,A,19.69,B,17.56,A,21.49,C,20.35,A,17.53,B,23.93,B,10.63,B,13.08,B,16.1,14.7573,76.0736
USR_9F67FF60,D,6.24,D,5.49,C,7.91,A,3.59,C,7.93,D,20.4,D,16.09,C,30.64,C,4.04,D,5.56,20.3576,74.7469
USR_641E3D25,B,19.62,A,22.64,C,10.25,B,15.75,C,24.31,C,11.92,C,17.22,C,23.0,B,15.05,A,17.04,22.3483,81.0491
USR_7054F44E,B,16.34,B,11.99,C,17.42,A,15.95,B,14.79,A,17.05,B,12.66,A,15.96,A,20.31,B,24.85,17.5538,73.3889
USR_69BA87C1,A,13.77,D,18.43,C,19.19,A,17.51,A,11.48,C,13.8,B,21.95,A,18.31,C,10.24,B,20.87,25.5727,82.829
USR_AFC7704F,B,11.73,C,12.82,A,17.33,B,15.79,B,17.9,B,18.29,A,12.28,B,18.45,A,24.73,D,22.12,24.6417,79.9037
USR_8D027507,A,7.17,C,9.52,A,8.52,A,8.76,A,10.12,A,5.73,D,5.38,B,5.4,A,10.16,A,6.36,25.5659,80.4434
USR_B0EC91D7,D,17.8,B,29.32,D,11.6,D,18.07,A,32.3,A,12.03,C,20.58,D,29.5,C,7.79,C,18.88,23.8174,80.6606
USR_E04876F2,B,20.2,D,18.46,B,24.01,D,13.92,B,22.32,B,21.02,C,20.22,B,10.83,B,10.47,A,21.19,25.7236,80.1601
USR_044816F0,A,8.04,B,11.76,A,11.72,A,10.94,D,5.18,A,5.68,A,10.16,A,11.97,A,8.07,A,11.5,20.0749,73.3493
USR_81B90627,B,21.45,C,21.99,B,10.81,C,14.28,B,11.81,A,19.34,C,11.46,A,19.02,D,14.99,A,20.5,21.8477,80.3289
USR_22C6DB4E,A,9.81,B,5.05,A,5.93,C,10.34,A,8.73,C,10.74,A,9.88,D,9.45,B,11.94,A,9.36,26.8835,82.016
USR_57B3C98A,A,11.64,A,22.88,B,17.24,A,20.92,B,16.57,D,17.32,B,22.47,B,19.82,B,23.73,B,11.35,17.9258,73.567
USR_45BB210A,C,18.24,B,12.82,B,21.6,A,14.57,B,10.43,B,17.32,D,18.37,B,10.93,C,24.81,C,16.43,27.4493,78.4221
USR_C01EE335,A,7.35,A,7.09,A,5.46,A,7.96,A,5.5,A,9.37,B,8.12,A,6.7,A,5.08,B,9.35,20.6255,71.0946
USR_956A9F71,D,33.1,A,30.84,C,7.93,D,34.45,D,8.15,D,12.3,C,14.79,B,38.28,B,32.18,C,34.37,21.5062,77.1755
USR_E3D24F6E,C,16.79,B,22.82,C,20.57,B,18.53,B,17.58,A,10.66,B,14.04,B,22.61,A,22.36,B,23.05,12.5561,77.275
USR_DC1D0175,C,28.64,D,36.72,C,23.57,A,20.8,C,8.02,D,23.95,D,6.07,D,21.57,B,20.73,D,6.08,20.183,71.6965
USR_78A283F1,A,6.19,B,11.07,A,6.09,A,5.9,B,8.32,A,7.35,A,10.76,A,5.57,A,10.98,A,8.4,25.8305,80.7432
USR_CE74424A,A,10.6,A,24.62,C,21.59,D,24.82,A,14.79,C,19.93,A,13.4,A,14.78,B,17.04,A,13.56,21.495,78.6825
USR_4B1CCD3A,D,6.06,A,10.57,A,9.88,A,7.76,B,8.26,A,10.79,A,9.71,C,6.83,A,6.27,A,7.96,17.9111,73.6669
USR_544FDA67,B,11.5,A,13.45,A,11.85,C,12.84,B,23.24,C,12.83,A,16.08,B,16.4,B,15.94,C,15.45,27.682,81.1418
USR_A982ED28,B,11.38,C,13.84,A,21.0,B,18.88,A,18.4,A,17.76,B,20.46,B,12.12,B,24.46,B,20.97,26.6236,75.7452
USR_5257B46D,B,12.82,C,19.77,C,21.39,B,12.99,A,14.67,B,13.01,B,22.57,A,10.41,A,15.34,B,18.71,25.6819,79.486
USR_72C17686,A,11.06,B,11.31,D,20.38,A,12.96,C,17.85,B,11.09,B,15.14,B,17.2,A,10.62,C,16.03,24.7433,77.8585
USR_C3076B7C,B,18.2,A,23.79,B,17.36,B,10.22,B,19.9,B,24.9,B,16.31,B,16.6,A,18.49,C,14.94,12.6256,79.1287
USR_1F5CD7F7,D,25.9,D,9.75,B,5.67,C,34.37,C,11.64,D,19.79,B,20.11,C,21.56,C,35.42,C,13.39,27.3893,80.633
USR_15243279,B,17.61,B,18.48,C,11.87,D,10.15,B,23.88,C,10.16,B,21.62,A,15.22,D,11.86,A,24.4,29.1087,78.5341
USR_35F1EEB6,A,11.7,B,10.04,A,6.06,A,8.04,A,8.85,B,6.41,B,5.2,A,10.5,B,5.32,A,6.3,12.4887,77.8277
USR_E7E3DCB1,A,8.03,A,9.26,A,8.52,A,8.52,A,5.68,B,6.41,C,9.65,A,7.96,A,10.77,A,9.06,20.2604,70.977
USR_146ACEF1,A,34.54,C,13.46,C,2.25,D,30.66,D,27.84,C,25.23,C,27.87,C,9.89,D,30.9,C,30.26,12.3879,76.1266
USR_4168A2D1,C,33.56,A,39.08,D,37.26,D,19.53,D,9.42,C,32.37,B,4.85,A,5.11,D,20.22,B,29.35,22.353,77.6143
USR_578834F9,A,8.45,B,6.3,A,10.51,D,10.17,A,5.6,B,6.52,C,8.85,C,5.08,C,5.84,A,7.16,17.6119,71.9208
USR_62730009,A,10.44,C,9.26,B,6.09,A,5.26,A,5.51,B,7.2,B,7.35,A,5.9,A,10.17,B,6.08,17.1555,71.9987
USR_C3329611,B,29.67,A,37.1,C,10.26,C,12.14,C,22.65,D,15.29,D,13.65,A,11.92,D,36.97,D,39.99,27.0306,78.1649
USR_3CF7367B,B,24.7,A,10.47,A,21.03,B,21.12,B,21.5,C,16.39,B,10.62,B,11.61,B,22.92,D,10.93,17.4452,71.0093
USR_F90B6D6C,C,21.83,B,10.02,B,11.54,B,13.73,C,16.87,B,10.18,C,17.53,D,15.12,B,13.49,C,18.89,26.5838,80.8414
USR_E85E4304,B,19.33,B,12.17,C,13.85,D,22.97,B,14.01,C,22.14,A,16.56,A,13.83,A,19.99,B,22.27,22.8185,80.4304
USR_B45DC669,B,31.21,C,21.15,C,10.74,D,18.7,D,34.81,B,34.82,D,39.33,D,32.47,D,28.61,B,16.46,13.0622,76.1662
USR_CF721258,B,13.61,C,22.17,C,11.8,B,15.4,C,17.6,A,19.32,B,16.42,A,18.33,B,12.61,C,20.82,20.3883,73.7216
USR_FAF41B1A,C,18.37,B,10.88,A,13.59,C,10.32,A,16.13,C,10.3,D,10.23,A,24.9,B,14.03,C,23.46,19.5653,72.4029
USR_7469A6F5,A,38.21,D,2.59,B,31.92,C,38.86,C,8.06,B,23.33,C,37.1,C,38.16,D,8.03,C,32.52,11.3631,79.1757
USR_F21D6D3E,A,22.8,B,16.22,D,12.69,C,24.79,C,15.53,B,14.53,A,19.28,C,24.12,D,23.92,B,22.68,29.24,79.096
USR_000E50F7,A,14.18,B,13.02,A,24.95,B,15.58,A,23.14,B,18.22,B,10.7,D,11.15,B,23.35,D,20.32,24.4948,80.441
USR_0362DFA5,B,12.77,C,18.27,B,19.11,D,21.26,B,12.29,D,20.59,B,16.96,D,23.59,D,20.24,B,22.98,21.8477,77.9032
USR_3DFF9CBC,B,23.53,B,17.46,A,15.03,D,18.14,C,18.61,A,10.78,D,14.02,B,11.76,A,10.2,B,18.72,24.1014,79.4501
USR_15DF94B1,B,10.92,A,7.7,A,7.02,A,6.19,A,11.37,D,10.58,A,9.52,A,5.61,A,6.58,A,6.66,12.4099,76.458
USR_C36FB5D6,D,13.94,B,10.36,B,18.94,B,17.68,C,23.86,B,11.91,C,10.83,D,15.33,B,19.27,B,16.68,26.906,78.8293
USR_F39FE64C,C,23.59,B,21.45,C,22.4,A,17.21,B,21.26,D,14.22,B,19.23,B,12.14,D,15.24,B,22.3,21.2701,77.3196
USR_B825B205,A,12.28,C,23.6,B,13.67,A,10.86,B,20.21,B,18.25,A,17.41,A,13.01,C,17.14,A,23.94,11.5772,77.4543
USR_00593884,D,27.96,C,22.67,D,35.28,D,2.98,D,16.66,D,20.16,A,32.01,D,24.0,B,35.57,C,8.53,27.7247,76.4912
USR_CEFEA32E,D,38.18,B,25.91,D,11.67,C,31.92,C,28.62,D,36.02,C,4.8,D,19.38,B,25.05,D,9.39,12.6284,77.9443
USR_8473451F,B,10.66,A,8.86,A,11.9,A,7.12,A,6.23,A,11.1,B,7.57,A,6.87,B,11.1,D,5.14,24.0811,80.8588
USR_17D78096,A,16.29,D,12.37,B,16.49,A,14.54,B,10.56,A,16.06,C,19.38,B,23.07,C,18.22,C,22.82,20.0424,71.6885
USR_FA934D2B,D,14.53,A,22.17,C,24.07,A,16.35,A,17.7,B,13.91,C,15.17,C,11.52,D,24.94,A,16.04,29.5661,76.2901
USR_3894168C,B,6.67,A,5.96,A,10.57,A,6.88,C,5.62,B,10.37,A,11.93,A,7.96,A,7.73,A,8.92,19.2238,72.5632
USR_ED245826,C,20.42,B,32.72,B,37.52,B,32.73,B,7.69,B,5.91,D,24.09,D,8.65,D,38.13,B,25.05,26.5112,79.8596
USR_C63EAE4F,D,13.49,D,23.74,D,4.24,D,14.28,D,9.34,D,34.26,C,3.63,B,18.98,D,20.76,C,35.71,20.6804,73.8258
USR_26FC9196,A,8.84,A,9.34,A,7.58,A,6.11,A,10.86,A,9.91,B,10.64,B,11.34,B,6.08,A,11.11,21.9813,79.0334
USR_14BCBF70,A,9.6,B,7.85,B,11.93,A,8.0,A,6.44,A,11.94,B,10.52,A,6.67,D,7.74,A,5.24,21.8252,78.6973
USR_89C83EC4,C,18.96,B,12.68,C,18.61,A,13.91,A,15.2,A,11.94,C,20.01,B,12.01,B,15.96,A,22.91,27.009,77.0044
USR_49A679C7,C,32.77,D,32.17,B,11.07,C,14.62,D,31.92,B,13.54,B,27.29,D,12.26,A,20.72,C,2.38,27.0832,78.3883
USR_9AC477F8,B,15.92,B,11.54,B,12.64,D,12.28,D,24.62,C,21.74,A,13.15,B,24.18,C,13.48,A,15.05,23.9891,79.6318
USR_CCC11770,B,35.66,C,8.94,C,4.42,D,11.4,B,28.22,C,5.85,D,29.88,D,36.39,C,5.52,B,6.41,25.9258,81.8591
USR_43CF3295,A,6.69,A,11.51,A,11.68,A,9.07,A,10.2,A,11.1,A,5.16,A,5.63,A,8.2,A,8.48,12.3232,78.9805
USR_C0D5DBB4,B,10.61,B,9.61,D,7.71,A,10.26,D,10.93,A,7.1,B,7.62,A,7.78,B,10.98,B,11.21,22.3158,77.1974
USR_084F25D2,B,24.07,B,21.03,B,10.95,B,11.88,A,13.89,A,11.54,C,10.61,A,21.75,A,15.59,C,16.16,13.1807,78.3542
USR_AE8E8306,B,18.6,C,12.6,C,14.67,C,17.66,A,22.86,B,14.93,B,20.74,B,17.98,B,15.53,A,18.36,17.4074,73.7911
USR_8E60A383,A,7.66,A,6.63,A,11.2,D,6.85,C,7.77,A,7.81,B,6.58,B,5.39,A,7.51,A,8.38,20.3595,74.238
USR_126EC8B2,A,18.4,C,12.71,B,23.67,B,12.5,B,22.21,B,21.76,A,14.71,C,19.91,A,19.38,A,15.67,24.5652,78.9794
USR_8C425F4D,C,20.68,C,14.78,B,14.53,C,17.05,C,17.37,A,21.54,A,19.42,C,10.78,A,13.39,C,11.0,12.1981,76.808
USR_3FC95CED,B,8.72,A,6.02,A,11.39,A,6.66,A,8.9,B,11.46,A,10.7,A,5.99,A,10.82,A,10.9,12.0651,78.9078
USR_FD7C3016,A,13.04,A,17.06,A,22.91,C,21.44,D,11.18,B,22.26,D,19.5,C,16.16,B,17.02,B,19.07,28.9893,77.3012
USR_29E76D3D,A,22.08,B,13.64,C,16.58,D,16.67,A,22.4,C,15.71,C,11.74,A,19.74,B,21.41,A,12.82,24.6645,78.3651
USR_ECA41906,A,10.76,A,7.99,B,10.71,A,5.56,C,6.82,A,5.63,B,10.01,A,10.03,A,5.87,A,9.27,18.0342,71.0033
USR_2C37AC75,B,10.96,A,13.07,A,22.56,C,20.25,B,13.52,B,23.8,C,21.24,C,10.3,C,17.07,C,22.54,30.0042,78.5149
USR_3E49D657,B,9.2,A,6.6,B,10.94,A,7.93,A,11.16,A,11.64,B,11.34,A,10.19,A,10.24,A,9.05,28.5701,77.209
USR_A3B82415,C,22.78,B,14.03,B,17.68,C,21.2,C,23.78,A,12.88,B,10.57,B,21.23,A,20.01,B,17.49,20.6613,71.5499
USR_B32B8BA2,C,23.39,C,26.75,C,39.79,B,17.44,D,17.91,C,11.85,D,35.26,C,20.16,C,12.05,B,4.88,24.7834,80.232
USR_E62F9406,B,12.23,A,10.7,B,14.92,B,22.68,B,12.55,B,12.19,C,13.64,D,15.04,C,21.93,C,20.87,30.4326,76.9583
USR_5AD6D367,B,20.85,C,10.89,A,22.45,D,20.0,A,10.44,B,10.89,B,16.12,B,20.93,C,19.75,B,15.78,30.0765,75.9937
USR_01D0048B,A,6.39,C,6.5,A,11.12,A,7.84,C,10.97,A,5.49,A,9.16,A,9.6,A,10.45,A,11.49,30.2474,77.7727
USR_30A14217,A,5.86,B,7.31,A,5.73,C,11.57,A,6.08,A,7.48,B,10.05,D,10.6,B,7.96,A,6.37,17.9222,71.292
USR_DC5B57BC,A,10.26,A,11.76,A,7.73,C,5.4,A,11.71,A,5.02,A,7.41,A,8.37,A,11.46,A,6.26,20.8569,74.2013
USR_4A90E9D0,D,12.51,C,17.1,D,27.75,B,31.85,D,14.64,A,26.08,D,38.37,C,12.87,D,28.12,A,4.57,26.7592,82.3478
USR_A98F9B43,D,38.72,D,3.57,A,39.69,B,29.92,D,11.07,C,10.68,D,18.24,A,2.84,C,34.46,A,34.03,27.7879,79.8831
USR_A568CA02,C,5.43,C,9.14,C,23.39,D,25.5,D,13.62,C,20.71,D,11.64,D,36.4,B,12.06,A,32.51,28.6957,79.4508
USR_B0686667,A,9.78,A,5.47,A,5.53,A,10.13,A,8.59,C,10.82,A,8.18,A,6.1,A,5.66,A,6.77,30.0557,76.3783
USR_4E7F310C,D,20.98,A,4.46,D,29.24,C,18.88,D,29.27,A,2.99,A,32.09,C,21.71,D,8.89,D,31.5,29.5887,78.9599
USR_F7A381CF,A,11.85,B,23.75,B,11.42,D,19.74,B,18.73,B,17.22,C,19.68,A,19.44,B,13.51,A,17.6,11.8265,77.5123
USR_69E54A0B,B,16.12,B,16.94,B,24.73,A,14.03,A,24.01,A,15.46,B,12.81,C,12.37,C,15.78,B,24.91,28.3616,81.8781
USR_570CDE47,A,20.25,D,23.73,C,23.36,D,16.59,C,16.93,C,11.57,C,18.5,B,19.95,C,16.62,A,24.89,21.5909,77.8374
USR_1F9ED4B5,A,6.7,A,11.01,A,11.24,A,10.8,A,9.74,D,8.65,B,5.69,A,9.99,A,5.76,A,5.47,19.0836,72.5144
USR_87F1DC44,A,14.06,C,15.12,B,13.17,B,19.91,C,15.05,B,20.95,D,17.72,A,16.43,D,23.06,B,10.91,30.3255,78.7463
USR_7BE92227,B,7.28,A,8.43,A,5.76,A,7.26,A,6.58,A,10.52,A,9.42,D,5.52,A,10.07,A,11.09,30.1903,77.96
USR_DC8CAAE5,A,21.02,B,19.35,B,18.68,B,24.52,B,15.35,D,19.82,C,22.68,C,24.89,B,14.57,A,10.07,13.0293,79.3907
USR_6559E377,B,10.15,D,11.35,B,10.43,C,16.13,B,17.28,B,20.21,C,12.06,C,17.6,B,14.63,B,11.84,29.5021,78.8003
USR_4B73801E,B,16.67,C,35.75,C,34.26,D,16.21,D,13.31,D,35.11,C,12.08,A,9.33,D,35.69,D,3.91,27.8563,77.6644
USR_5AAE9453,B,24.58,B,14.6,D,19.91,B,11.38,D,24.07,D,12.48,A,24.36,C,21.63,B,21.09,C,13.03,27.5064,75.6532
USR_A379344A,D,37.68,C,28.27,D,37.69,D,30.13,D,5.65,B,27.67,C,9.45,C,30.7,C,7.53,D,24.23,12.7162,77.156
USR_B6BAD8ED,C,22.24,A,11.63,B,13.74,B,12.56,D,16.59,A,16.73,B,14.55,B,10.53,B,18.22,B,20.52,27.3716,80.226
USR_EC5BB270,D,19.81,B,8.25,C,36.35,A,22.09,B,38.76,D,26.11,C,30.36,B,21.64,D,25.21,B,5.77,25.0155,80.1219
USR_994B110F,C,32.54,A,36.11,D,9.09,A,5.44,D,21.1,B,23.09,C,14.02,D,24.68,D,25.34,C,2.5,25.5876,79.2466
USR_55A592F8,B,18.26,C,11.27,A,15.41,B,10.79,A,24.3,B,17.07,A,20.18,A,17.14,C,16.57,A,21.99,24.5101,77.5704
USR_8739180F,A,6.0,C,33.55,B,23.65,B,23.71,B,3.42,A,9.97,B,13.65,D,27.24,B,21.29,A,39.0,14.5343,76.4136
USR_75B61B9B,D,11.85,D,3.06,C,4.5,A,16.67,B,26.24,D,15.27,D,12.04,C,14.73,B,28.68,C,29.86,17.1201,74.6692
USR_67092406,B,24.52,B,14.33,A,14.4,B,16.14,C,18.54,A,22.8,A,13.99,B,19.53,A,21.79,C,22.37,12.9325,77.6216
USR_FEBC186D,B,13.65,D,16.74,A,20.93,D,21.89,D,14.23,A,11.42,B,14.0,B,10.21,B,12.34,B,10.28,12.4295,77.1962
USR_5BC75524,D,9.71,B,6.45,A,9.84,A,8.24,B,6.56,A,8.05,B,11.12,A,7.49,A,7.35,A,11.23,11.151,78.8615
USR_AFE74FEC,C,17.55,D,37.31,C,27.05,C,16.99,C,35.37,D,34.63,B,36.85,A,8.34,A,10.38,D,31.44,26.442,81.2584
USR_9B3269FC,C,22.97,B,15.62,A,13.15,B,21.51,B,12.51,C,15.7,D,12.86,D,13.31,A,13.6,B,24.73,26.4776,80.4979
USR_08F80168,B,12.03,C,20.49,A,18.16,A,14.03,B,16.18,B,15.82,C,17.46,C,10.07,B,24.87,B,20.49,27.7446,76.6708
USR_1C4F8660,B,14.68,A,15.01,B,18.07,D,16.41,A,15.64,B,18.6,A,11.24,D,15.43,C,10.62,B,10.24,18.1961,73.8501
USR_D7ED6981,C,5.81,A,6.37,A,5.83,A,9.4,A,10.3,A,6.98,D,9.14,B,5.55,A,11.43,A,7.32,11.6318,77.9498
USR_E78C6634,A,9.7,C,5.68,C,8.39,C,7.09,A,8.94,B,7.73,A,11.2,B,5.06,A,5.81,A,5.45,20.5196,73.4587
USR_1D4C75A2,C,15.52,B,18.39,D,20.95,C,10.77,D,20.34,A,16.59,B,24.6,B,11.89,C,18.88,D,10.55,24.6703,77.6548
USR_5402CBB7,B,20.19,B,13.4,B,24.72,B,22.06,A,16.51,D,22.7,C,16.56,D,17.36,B,15.46,B,24.17,23.8266,78.9788
USR_0AD64203,B,10.09,B,23.29,C,23.48,A,24.36,C,17.82,B,18.93,C,17.75,C,17.42,B,23.7,B,15.12,26.8465,80.1229
USR_8887739D,B,24.97,D,10.23,B,23.27,C,18.88,C,11.72,C,11.97,B,11.17,B,13.97,D,24.5,B,18.42,14.3425,76.508
USR_653B9FE0,C,18.74,A,21.58,A,21.46,C,15.13,B,16.67,B,21.51,C,15.9,B,17.61,B,12.46,B,23.38,28.3037,81.1866
USR_0D53FEB9,C,23.53,C,33.68,C,29.91,A,31.01,B,20.4,D,10.24,D,16.56,A,3.7,D,24.64,B,29.15,26.5767,79.2631
USR_66267FCC,C,9.32,A,10.66,A,7.51,A,11.5,A,5.82,A,11.1,B,5.27,A,10.23,A,7.89,A,8.57,13.1572,76.2427
USR_E3AA76E7,C,24.21,B,15.53,C,10.84,C,21.75,B,17.88,B,11.84,B,11.74,B,24.25,B,21.85,B,24.67,24.7648,77.1309
USR_CB087055,D,5.45,A,8.54,A,8.74,A,6.16,A,5.43,A,9.74,A,5.03,B,10.91,D,7.48,A,5.76,18.3728,72.8742
USR_79858278,B,15.3,B,16.89,A,15.17,C,18.45,B,20.18,B,13.73,B,22.48,B,24.73,B,15.54,A,20.88,26.3899,79.4877
USR_34AACE96,C,12.08,C,13.92,C,21.25,B,15.49,A,20.25,C,13.91,A,20.88,B,12.63,C,10.64,D,24.4,18.5327,74.6711
USR_9EF31261,C,25.44,B,16.98,D,32.46,C,4.87,D,30.45,C,22.56,D,5.36,B,30.01,D,32.16,A,8.71,25.9766,82.7673
USR_30388BDA,A,8.53,A,10.68,B,5.36,A,8.12,B,7.46,A,10.12,B,5.14,A,8.6,A,8.44,D,8.32,28.4327,76.6806
USR_528020A7,A,9.06,A,8.55,D,9.11,A,5.83,A,11.84,A,8.11,A,6.73,A,9.02,A,5.45,A,8.78,26.545,82.2511
USR_346E43F5,C,15.61,A,20.39,D,22.09,C,24.09,B,17.32,A,20.33,B,23.38,B,15.54,B,14.56,D,17.5,12.0491,75.8545
USR_1C55AF18,C,19.14,B,15.16,C,15.8,C,17.92,C,22.25,A,24.77,A,19.77,C,14.09,B,24.93,B,14.78,27.6518,79.1046
USR_4FC1E7C0,B,24.99,B,13.46,C,20.63,B,17.62,C,19.74,A,23.45,A,22.04,D,18.42,D,14.58,A,16.12,21.4167,81.0253
USR_C8A3F0A3,B,24.47,B,13.97,A,14.06,C,21.26,A,13.92,B,12.35,D,20.05,B,20.15,B,18.68,C,12.45,28.1342,80.7835
